brand,title,product_type,tags,handle,product_url,price_min_inr,price_max_inr,option_names,variants,num_images,image_urls,created_at,updated_at
Crompton,Cromdeco - Glass Cylinder,Professional Indoor Commercial,"Auditoriums, Bespoke Deco Lights, Breakout Zones, Cafeteria, Decorative Suspended, Edu Cafeteria, MD Cafeteria, product-bespoke-deco-lights, product-cromdeco, product-indoor, Reception Area",professional-lighting-glass-cylinder,https://www.crompton.co.in/products/professional-lighting-glass-cylinder,0.0,0.0,Title,Default Title :: SKU=None :: ₹0.00,5,https://cdn.shopify.com/s/files/1/0715/1704/5040/files/Indoor_Glasscylinder-ProductImage.webp?v=1787052805 | https://cdn.shopify.com/s/files/1/0715/1704/5040/files/Indoor_Glasscylinder-ApplicationImage.webp?v=1787052805 | https://cdn.shopify.com/s/files/1/0715/1704/5040/files/PDP_Indoor-GlassCylinder1.webp?v=1787052806 | https://cdn.shopify.com/s/files/1/0715/1704/5040/files/PDP_Indoor-GlassCylinder2.webp?v=1787052806 | https://cdn.shopify.com/s/files/1/0715/1704/5040/files/PDP_Indoor-GlassCylinder3.webp?v=1787052806,2026-08-18T17:03:23+05:30,2026-09-08T08:56:46+05:30
Crompton,Cromdeco - Fabric Square,Professional Indoor Commercial,"Auditoriums, Bespoke Deco Lights, Breakout Zones, Cafeteria, Corridors, Decorative Suspended, Edu Cafeteria, MD Auditoriums, MD Cafeteria, MD Corridors, product-bespoke-deco-lights, product-cromdeco, product-indoor, Reception Area",professional-lighting-cromdeco-fabric-square,https://www.crompton.co.in/products/professional-lighting-cromdeco-fabric-square,0.0,0.0,Title,Default Title :: SKU=None :: ₹0.00,5,https://cdn.shopify.com/s/files/1/0715/1704/5040/files/Indoor_Fabricsquare-ProductImage.webp?v=1787052803 | https://cdn.shopify.com/s/files/1/0715/1704/5040/files/Indoor_Fabricsquare-ApplicationImage.webp?v=1787052803 | https://cdn.shopify.com/s/files/1/0715/1704/5040/files/PDP_Indoor-FabricSquare1.webp?v=1787052804 | https://cdn.shopify.com/s/files/1/0715/1704/5040/files/PDP_Indoor-FabricSquare2.webp?v=1787052804 | https://cdn.shopify.com/s/files/1/0715/1704/5040/files/PDP_Indoor-FabricSquare3.webp?v=1787052803,2026-08-18T17:03:21+05:30,2026-09-08T08:56:46+05:30
Crompton,Cromdeco - Fabric Dome,Professional Indoor Commercial,"Auditoriums, Bespoke Deco Lights, Breakout Zones, Cafeteria, Corridors, Decorative Suspended, Edu Cafeteria, MD Auditoriums, MD Cafeteria, MD Corridors, product-bespoke-deco-lights, product-cromdeco, product-indoor, Reception Area",professional-lighting-cromdeco-fabric-dome,https://www.crompton.co.in/products/professional-lighting-cromdeco-fabric-dome,0.0,0.0,Title,Default Title :: SKU=None :: ₹0.00,5,https://cdn.shopify.com/s/files/1/0715/1704/5040/files/Indoor_Fabricdome-ProductImage.webp?v=1787052801 | https://cdn.shopify.com/s/files/1/0715/1704/5040/files/Indoor_Fabricdome-ApplicationImage.webp?v=1787052801 | https://cdn.shopify.com/s/files/1/0715/1704/5040/files/PDP_Indoor-FabricDome1.webp?v=1787052802 | https://cdn.shopify.com/s/files/1/0715/1704/5040/files/PDP_Indoor-FabricDome2.webp?v=1787052802 | https://cdn.shopify.com/s/files/1/0715/1704/5040/files/PDP_Indoor-FabricDome3.webp?v=1787052801,2026-08-18T17:03:19+05:30,2026-09-08T08:56:46+05:30
Crompton,Cromdeco - Fabric Cylinder,Professional Indoor Commercial,"Auditoriums, Bespoke Deco Lights, Breakout Zones, Cafeteria, Corridors, Decorative Suspended, Edu Cafeteria, MD Auditoriums, MD Cafeteria, MD Corridors, product-bespoke-deco-lights, product-cromdeco, product-indoor, Reception Area",professional-lighting-cromdeco-fabric-cylinder,https://www.crompton.co.in/products/professional-lighting-cromdeco-fabric-cylinder,0.0,0.0,Title,Default Title :: SKU=None :: ₹0.00,5,https://cdn.shopify.com/s/files/1/0715/1704/5040/files/Indoor_Fabriccylinder-ProductImage.webp?v=1787052799 | https://cdn.shopify.com/s/files/1/0715/1704/5040/files/Indoor_Fabriccylinder-ApplicationImage.webp?v=1787052799 | https://cdn.shopify.com/s/files/1/0715/1704/5040/files/PDP_Indoor-FabricCylinder1.webp?v=1787052800 | https://cdn.shopify.com/s/files/1/0715/1704/5040/files/PDP_Indoor-FabricCylinder2.webp?v=1787052800 | https://cdn.shopify.com/s/files/1/0715/1704/5040/files/PDP_Indoor-FabricCylinder3.webp?v=1787052800,2026-08-18T17:03:17+05:30,2026-09-08T08:56:46+05:30
Crompton,Cromdeco - Wood Dome,Professional Indoor Commercial,"Auditoriums, Bespoke Deco Lights, Breakout Zones, Cafeteria, Corridors, Decorative Suspended, Edu Cafeteria, MD Auditoriums, MD Cafeteria, MD Corridors, product-bespoke-deco-lights, product-cromdeco, product-indoor, Reception Area",professional-lighting-cromdeco-wood-dome,https://www.crompton.co.in/products/professional-lighting-cromdeco-wood-dome,0.0,0.0,Title,Default Title :: SKU=None :: ₹0.00,5,https://cdn.shopify.com/s/files/1/0715/1704/5040/files/Indoor_Wooddome-ProductImage.webp?v=1787052798 | https://cdn.shopify.com/s/files/1/0715/1704/5040/files/Indoor_wooddome-AI.webp?v=1787052798 | https://cdn.shopify.com/s/files/1/0715/1704/5040/files/PDP_Indoor-WoodDome1.webp?v=1787052798 | https://cdn.shopify.com/s/files/1/0715/1704/5040/files/PDP_Indoor-WoodDome2.webp?v=1787052798 | https://cdn.shopify.com/s/files/1/0715/1704/5040/files/PDP_Indoor-WoodDome3.webp?v=1787052798,2026-08-18T17:03:15+05:30,2026-09-08T08:56:46+05:30
Crompton,Cromdeco - Wood Cylinder,Professional Indoor Commercial,"Auditoriums, Bespoke Deco Lights, Breakout Zones, Cafeteria, Corridors, Decorative Suspended, Edu Cafeteria, MD Auditoriums, MD Cafeteria, MD Corridors, product-bespoke-deco-lights, product-cromdeco, product-indoor, Reception Area",professional-lighting-cromdeco-wood-cylinder,https://www.crompton.co.in/products/professional-lighting-cromdeco-wood-cylinder,0.0,0.0,Title,Default Title :: SKU=None :: ₹0.00,5,https://cdn.shopify.com/s/files/1/0715/1704/5040/files/Indoor_Woodcylinder-ProductImage.webp?v=1787052796 | https://cdn.shopify.com/s/files/1/0715/1704/5040/files/Indoor_woodcylinder-AI_1.webp?v=1787052796 | https://cdn.shopify.com/s/files/1/0715/1704/5040/files/PDP_Indoor-WoodCylinder1.webp?v=1787052796 | https://cdn.shopify.com/s/files/1/0715/1704/5040/files/PDP_Indoor_-_Wood_Cylinder-2.webp?v=1787052796 | https://cdn.shopify.com/s/files/1/0715/1704/5040/files/PDP_Indoor-WoodCylinder3.webp?v=1787052796,2026-08-18T17:03:13+05:30,2026-09-08T08:56:46+05:30
Crompton,Cromdeco - Wire Hexa,Professional Indoor Commercial,"Auditoriums, Bespoke Deco Lights, Breakout Zones, Cafeteria, Corridors, Decorative Suspended, Edu Cafeteria, MD Auditoriums, MD Cafeteria, MD Corridors, product-bespoke-deco-lights, product-cromdeco, product-indoor, Reception Area",professional-lighting-cromdeco-wire-hexa,https://www.crompton.co.in/products/professional-lighting-cromdeco-wire-hexa,0.0,0.0,Title,Default Title :: SKU=None :: ₹0.00,5,https://cdn.shopify.com/s/files/1/0715/1704/5040/files/Indoor_Wirehexa-ProductImage.webp?v=1787052794 | https://cdn.shopify.com/s/files/1/0715/1704/5040/files/Indoor_wirehexa-AI.webp?v=1787052794 | https://cdn.shopify.com/s/files/1/0715/1704/5040/files/PDP_Indoor-WireHexa1.webp?v=1787052794 | https://cdn.shopify.com/s/files/1/0715/1704/5040/files/PDP_Indoor-WireHexa2.webp?v=1787052794 | https://cdn.shopify.com/s/files/1/0715/1704/5040/files/PDP_Indoor-WireHexa.webp?v=1787052794,2026-08-18T17:03:11+05:30,2026-09-08T08:56:46+05:30
Crompton,Cromdeco - Wire Bell,Professional Indoor Commercial,"Auditoriums, Bespoke Deco Lights, Breakout Zones, Cafeteria, Corridors, Decorative Suspended, Edu Cafeteria, MD Auditoriums, MD Cafeteria, MD Corridors, product-bespoke-deco-lights, product-cromdeco, product-indoor, Reception Area",professional-lighting-cromdeco-wire-cone,https://www.crompton.co.in/products/professional-lighting-cromdeco-wire-cone,0.0,0.0,Title,Default Title :: SKU=None :: ₹0.00,5,https://cdn.shopify.com/s/files/1/0715/1704/5040/files/Indoor_Wirecone-ProductImage.webp?v=1787052792 | https://cdn.shopify.com/s/files/1/0715/1704/5040/files/Indoor_wirecone-AI.webp?v=1787052792 | https://cdn.shopify.com/s/files/1/0715/1704/5040/files/PDP_Indoor-WireCone1_dd63febe-18b6-4dd9-a88b-32103dbe1581.webp?v=1787052792 | https://cdn.shopify.com/s/files/1/0715/1704/5040/files/PDP_Indoor-WireCone2-17.webp?v=1787052792 | https://cdn.shopify.com/s/files/1/0715/1704/5040/files/PDP_Indoor-WireCone.webp?v=1787052792,2026-08-18T17:03:09+05:30,2026-09-08T08:56:46+05:30
Crompton,Cromdeco - Wire Pendant,Professional Indoor Commercial,"Auditoriums, Bespoke Deco Lights, Breakout Zones, Cafeteria, Corridors, Decorative Suspended, Edu Cafeteria, MD Auditoriums, MD Cafeteria, MD Corridors, product-bespoke-deco-lights, product-cromdeco, product-indoor, Reception Area",professional-lighting-wire-pendant,https://www.crompton.co.in/products/professional-lighting-wire-pendant,0.0,0.0,Title,Default Title :: SKU=None :: ₹0.00,5,https://cdn.shopify.com/s/files/1/0715/1704/5040/files/Indoor_CromdecoWirePendant-ProductImage_0332840a-958b-4922-9c5d-654d6f0bed3f.webp?v=1787052790 | https://cdn.shopify.com/s/files/1/0715/1704/5040/files/Indoor_wire-AI_ebb94b49-a1b9-44e4-9c41-3104efc2138b.webp?v=1787052789 | https://cdn.shopify.com/s/files/1/0715/1704/5040/files/PDP_Indoor-WirePendant1.webp?v=1787052790 | https://cdn.shopify.com/s/files/1/0715/1704/5040/files/PDP_Indoor-WirePendant2.webp?v=1787052790 | https://cdn.shopify.com/s/files/1/0715/1704/5040/files/PDP_Indoor-WirePendant3.webp?v=1787052790,2026-08-18T17:03:07+05:30,2026-09-08T08:56:46+05:30
Crompton,Cromdeco - Metal Pendant,Professional Indoor Commercial,"Auditoriums, Bespoke Deco Lights, Breakout Zones, Cafeteria, Corridors, Decorative Suspended, Edu Cafeteria, MD Auditoriums, MD Cafeteria, MD Corridors, product-bespoke-deco-lights, product-cromdeco, product-indoor, Reception Area",professional-lighting-cromdeco-metal-pendant,https://www.crompton.co.in/products/professional-lighting-cromdeco-metal-pendant,0.0,0.0,Title,Default Title :: SKU=None :: ₹0.00,5,https://cdn.shopify.com/s/files/1/0715/1704/5040/files/Indoor_Metalpendant-ProductImage.webp?v=1787052787 | https://cdn.shopify.com/s/files/1/0715/1704/5040/files/Indoor_Metalpendant-ApplicationImage.webp?v=1787052788 | https://cdn.shopify.com/s/files/1/0715/1704/5040/files/PDP_Indoor-MetalPendant1.webp?v=1787052788 | https://cdn.shopify.com/s/files/1/0715/1704/5040/files/PDP_Indoor-MetalPendant2.webp?v=1787052788 | https://cdn.shopify.com/s/files/1/0715/1704/5040/files/PDP_Indoor-MetalPendant3.webp?v=1787052789,2026-08-18T17:03:05+05:30,2026-09-08T08:56:46+05:30
Crompton,Cromdeco - Metal Heritage,Professional Indoor Commercial,"Auditoriums, Bespoke Deco Lights, Breakout Zones, Cafeteria, Corridors, Decorative Suspended, Edu Cafeteria, MD Auditoriums, MD Cafeteria, MD Corridors, product-bespoke-deco-lights, product-cromdeco, product-indoor, Reception Area",professional-lighting-cromdeco-metal-heritage,https://www.crompton.co.in/products/professional-lighting-cromdeco-metal-heritage,0.0,0.0,Title,Default Title :: SKU=None :: ₹0.00,5,https://cdn.shopify.com/s/files/1/0715/1704/5040/files/Indoor_Metalheritage-ProductImage.webp?v=1787052786 | https://cdn.shopify.com/s/files/1/0715/1704/5040/files/Indoor_Metalheritage-ApplicationImage.webp?v=1787052786 | https://cdn.shopify.com/s/files/1/0715/1704/5040/files/PDP_Indoor-MetalHeritage1.webp?v=1787052786 | https://cdn.shopify.com/s/files/1/0715/1704/5040/files/PDP_Indoor-MetalHeritage2.webp?v=1787052787 | https://cdn.shopify.com/s/files/1/0715/1704/5040/files/PDP_Indoor-MetalHeritage3.webp?v=1787052786,2026-08-18T17:03:03+05:30,2026-09-08T08:56:46+05:30
Crompton,Cromdeco - Metal Cone,Professional Indoor Commercial,"Auditoriums, Bespoke Deco Lights, Breakout Zones, Cafeteria, Corridors, Decorative Suspended, Edu Cafeteria, MD Auditoriums, MD Cafeteria, MD Corridors, product-bespoke-deco-lights, product-cromdeco, product-indoor, Reception Area",professional-lighting-cromdeco-metal-cone,https://www.crompton.co.in/products/professional-lighting-cromdeco-metal-cone,0.0,0.0,Title,Default Title :: SKU=None :: ₹0.00,5,https://cdn.shopify.com/s/files/1/0715/1704/5040/files/Indoor_Metalcone-ProductImage_39e45780-fd32-46db-8b9e-2d45aa5a9e34.webp?v=1787052783 | https://cdn.shopify.com/s/files/1/0715/1704/5040/files/Indoor_Metalcone-ApplicationImage_b9262077-160d-44f3-94a6-bca5846ecd41.webp?v=1787052783 | https://cdn.shopify.com/s/files/1/0715/1704/5040/files/PDP_Indoor-MetalCone1.webp?v=1787052784 | https://cdn.shopify.com/s/files/1/0715/1704/5040/files/PDP_Indoor-MetalCone2.webp?v=1787052784 | https://cdn.shopify.com/s/files/1/0715/1704/5040/files/PDP_Indoor-MetalCone3.webp?v=1787052784,2026-08-18T17:03:01+05:30,2026-09-08T08:56:46+05:30
Crompton,Cromdeco - Metal Bell,Professional Indoor Commercial,"Auditoriums, Bespoke Deco Lights, Breakout Zones, Cafeteria, Corridors, Decorative Suspended, Edu Cafeteria, MD Auditoriums, MD Cafeteria, MD Corridors, product-bespoke-deco-lights, product-cromdeco, product-indoor, Reception Area",professional-lighting-cromdeco-metal-bell,https://www.crompton.co.in/products/professional-lighting-cromdeco-metal-bell,0.0,0.0,Title,Default Title :: SKU=None :: ₹0.00,5,https://cdn.shopify.com/s/files/1/0715/1704/5040/files/Indoor_Metalbell-ProductImage.webp?v=1787052781 | https://cdn.shopify.com/s/files/1/0715/1704/5040/files/Indoor_Metalbell-ApplicationImage.webp?v=1787052781 | https://cdn.shopify.com/s/files/1/0715/1704/5040/files/PDP_Indoor-MetalBell1.webp?v=1787052782 | https://cdn.shopify.com/s/files/1/0715/1704/5040/files/PDP_Indoor-MetalBell2.webp?v=1787052782 | https://cdn.shopify.com/s/files/1/0715/1704/5040/files/PDP_Indoor-MetalBell3.webp?v=1787052782,2026-08-18T17:02:59+05:30,2026-09-08T08:56:46+05:30
Crompton,Cromdeco - Metal Dome,Professional Indoor Commercial,"Auditoriums, Bespoke Deco Lights, Breakout Zones, Cafeteria, Corridors, Decorative Suspended, Edu Cafeteria, MD Auditoriums, MD Cafeteria, MD Corridors, product-bespoke-deco-lights, product-cromdeco, product-indoor, Reception Area",professional-lighting-cromdeco-metal-dome,https://www.crompton.co.in/products/professional-lighting-cromdeco-metal-dome,0.0,0.0,Title,Default Title :: SKU=None :: ₹0.00,5,https://cdn.shopify.com/s/files/1/0715/1704/5040/files/Indoor_Metaldome-ProductImage.webp?v=1787052779 | https://cdn.shopify.com/s/files/1/0715/1704/5040/files/Indoor_Metaldome-ApplicationImage.webp?v=1787052779 | https://cdn.shopify.com/s/files/1/0715/1704/5040/files/PDP_Indoor-MetalDome1.webp?v=1787052780 | https://cdn.shopify.com/s/files/1/0715/1704/5040/files/PDP_Indoor-MetalDome2.webp?v=1787052780 | https://cdn.shopify.com/s/files/1/0715/1704/5040/files/PDP_Indoor-MetalDome3.webp?v=1787052780,2026-08-18T17:02:57+05:30,2026-09-08T08:56:46+05:30
Crompton,Cromdeco - Ring Type Square,Professional Indoor Commercial,"Auditoriums, Bespoke Deco Lights, Breakout Zones, Cafeteria, Corridors, Decorative Suspended, Edu Cafeteria, MD Auditoriums, MD Cafeteria, MD Corridors, product-bespoke-deco-lights, product-cromdeco, product-indoor, Reception Area",professional-lighting-cromdeco-square-ring,https://www.crompton.co.in/products/professional-lighting-cromdeco-square-ring,0.0,0.0,Title,Default Title :: SKU=None :: ₹0.00,5,https://cdn.shopify.com/s/files/1/0715/1704/5040/files/Indoor_ringsquare.webp?v=1787052777 | https://cdn.shopify.com/s/files/1/0715/1704/5040/files/Indoor_Cromdeco-RingTypeSqaure-1.webp?v=1787052778 | https://cdn.shopify.com/s/files/1/0715/1704/5040/files/PDP_Indoor-RingSqaure1.webp?v=1787052778 | https://cdn.shopify.com/s/files/1/0715/1704/5040/files/PDP_Indoor-RingSqaure2.webp?v=1787052778 | https://cdn.shopify.com/s/files/1/0715/1704/5040/files/PDP_Indoor-RingSqaure3.webp?v=1787052778,2026-08-18T17:02:55+05:30,2026-09-08T08:56:46+05:30
Crompton,Cromdeco - Ring Type Triangle,Professional Indoor Commercial,"Auditoriums, Bespoke Deco Lights, Breakout Zones, Cafeteria, Corridors, Decorative Suspended, Edu Cafeteria, MD Auditoriums, MD Cafeteria, MD Corridors, product-bespoke-deco-lights, product-cromdeco, product-indoor, Reception Area",professional-lighting-cromdeco-triangle-ring,https://www.crompton.co.in/products/professional-lighting-cromdeco-triangle-ring,0.0,0.0,Title,Default Title :: SKU=None :: ₹0.00,5,https://cdn.shopify.com/s/files/1/0715/1704/5040/files/Indoor_ringtriangle.webp?v=1787052775 | https://cdn.shopify.com/s/files/1/0715/1704/5040/files/Indoor_ringtriangle-AI.webp?v=1787052775 | https://cdn.shopify.com/s/files/1/0715/1704/5040/files/PDP_Indoor-RingTraingle1.webp?v=1787052776 | https://cdn.shopify.com/s/files/1/0715/1704/5040/files/PDP_Indoor-RingTraingle2.webp?v=1787052776 | https://cdn.shopify.com/s/files/1/0715/1704/5040/files/PDP_Indoor-RingTraingle3.webp?v=1787052776,2026-08-18T17:02:53+05:30,2026-09-08T08:56:46+05:30
Crompton,Cromdeco - Ring Type Hexagon,Professional Indoor Commercial,"Auditoriums, Bespoke Deco Lights, Breakout Zones, Cafeteria, Corridors, Decorative Suspended, Edu Cafeteria, MD Auditoriums, MD Cafeteria, MD Corridors, product-bespoke-deco-lights, product-cromdeco, product-indoor, Reception Area",professional-lighting-cromdeco-hexagon-ring,https://www.crompton.co.in/products/professional-lighting-cromdeco-hexagon-ring,0.0,0.0,Title,Default Title :: SKU=None :: ₹0.00,5,https://cdn.shopify.com/s/files/1/0715/1704/5040/files/Indoor_ringhexagon.webp?v=1787052774 | https://cdn.shopify.com/s/files/1/0715/1704/5040/files/Indoor_ringhexagon-AI.webp?v=1787052773 | https://cdn.shopify.com/s/files/1/0715/1704/5040/files/PDP_Indoor-RingHexa1.webp?v=1787052774 | https://cdn.shopify.com/s/files/1/0715/1704/5040/files/PDP_Indoor-RingHexa2.webp?v=1787052774 | https://cdn.shopify.com/s/files/1/0715/1704/5040/files/PDP_Indoor-RingHexa3.webp?v=1787052774,2026-08-18T17:02:51+05:30,2026-09-08T08:56:46+05:30
Crompton,Cromdeco - Ring Type Circular,Professional Indoor Commercial,"Auditoriums, Bespoke Deco Lights, Breakout Zones, Cafeteria, Corridors, Decorative Suspended, Edu Cafeteria, MD Auditoriums, MD Cafeteria, MD Corridors, product-bespoke-deco-lights, product-cromdeco, product-indoor, Reception Area",professional-lighting-cromdeco-circular-ring,https://www.crompton.co.in/products/professional-lighting-cromdeco-circular-ring,0.0,0.0,Title,Default Title :: SKU=None :: ₹0.00,5,https://cdn.shopify.com/s/files/1/0715/1704/5040/files/Indoor_Ringcircle-ProductImage.webp?v=1787052771 | https://cdn.shopify.com/s/files/1/0715/1704/5040/files/Indoor_Ringcircle-ApplicationImage.webp?v=1787052771 | https://cdn.shopify.com/s/files/1/0715/1704/5040/files/PDP_Indoor-RingCircle1.webp?v=1787052772 | https://cdn.shopify.com/s/files/1/0715/1704/5040/files/PDP_Indoor-RingCircle2.webp?v=1787052772 | https://cdn.shopify.com/s/files/1/0715/1704/5040/files/PDP_Indoor-RingCircle3.webp?v=1787052772,2026-08-18T17:02:49+05:30,2026-09-08T08:56:46+05:30
Crompton,Cromdeco - Full Glow Square,Professional Indoor Commercial,"Auditoriums, Bespoke Deco Lights, Breakout Zones, Cafeteria, Corridors, Decorative Suspended, Edu Cafeteria, MD Auditoriums, MD Cafeteria, MD Corridors, product-bespoke-deco-lights, product-cromdeco, product-indoor, Reception Area",professional-lighting-cromdeco-square-full-glow,https://www.crompton.co.in/products/professional-lighting-cromdeco-square-full-glow,0.0,0.0,Title,Default Title :: SKU=None :: ₹0.00,5,https://cdn.shopify.com/s/files/1/0715/1704/5040/files/Indoor_Fullglowsquare-ProductImage.webp?v=1787052769 | https://cdn.shopify.com/s/files/1/0715/1704/5040/files/Indoor_Fullglowsquare-ApplicationImage.webp?v=1787052769 | https://cdn.shopify.com/s/files/1/0715/1704/5040/files/PDP_Indoor-FullSquare1.webp?v=1787052770 | https://cdn.shopify.com/s/files/1/0715/1704/5040/files/PDP_Indoor-FullSquare2.webp?v=1787052770 | https://cdn.shopify.com/s/files/1/0715/1704/5040/files/PDP_Indoor-FullSquare3.webp?v=1787052770,2026-08-18T17:02:47+05:30,2026-09-08T08:56:46+05:30
Crompton,Cromdeco - Full Glow Triangle,Professional Indoor Commercial,"Auditoriums, Bespoke Deco Lights, Breakout Zones, Cafeteria, Corridors, Decorative Suspended, Edu Cafeteria, MD Auditoriums, MD Cafeteria, MD Corridors, product-bespoke-deco-lights, product-cromdeco, product-indoor, Reception Area",professional-lighting-cromdeco-triangle-full-glow,https://www.crompton.co.in/products/professional-lighting-cromdeco-triangle-full-glow,0.0,0.0,Title,Default Title :: SKU=None :: ₹0.00,5,https://cdn.shopify.com/s/files/1/0715/1704/5040/files/Indoor_Fullglowtraingle-ProductImage.webp?v=1787052767 | https://cdn.shopify.com/s/files/1/0715/1704/5040/files/Indoor_Fullglowtriangle-ApplicationImage.webp?v=1787052767 | https://cdn.shopify.com/s/files/1/0715/1704/5040/files/PDP_Indoor-FullTraingle1.webp?v=1787052768 | https://cdn.shopify.com/s/files/1/0715/1704/5040/files/PDP_Indoor-FullTraingle2.webp?v=1787052768 | https://cdn.shopify.com/s/files/1/0715/1704/5040/files/PDP_Indoor-FullTraingle3.webp?v=1787052768,2026-08-18T17:02:45+05:30,2026-09-08T08:56:46+05:30
Crompton,Cromdeco - Full Glow Hexagon,Professional Indoor Commercial,"Auditoriums, Bespoke Deco Lights, Breakout Zones, Cafeteria, Corridors, Decorative Suspended, Edu Cafeteria, MD Auditoriums, MD Cafeteria, MD Corridors, product-bespoke-deco-lights, product-cromdeco, product-indoor, Reception Area",professional-lighting-cromdeco-hexagon-full-glow,https://www.crompton.co.in/products/professional-lighting-cromdeco-hexagon-full-glow,0.0,0.0,Title,Default Title :: SKU=None :: ₹0.00,5,https://cdn.shopify.com/s/files/1/0715/1704/5040/files/Indoor_Fullglowhexagon-ProductImage.webp?v=1787052765 | https://cdn.shopify.com/s/files/1/0715/1704/5040/files/Indoor_Fullglowhexagon-ApplicationImage.webp?v=1787052766 | https://cdn.shopify.com/s/files/1/0715/1704/5040/files/PDP_Indoor-FullHexa1.webp?v=1787052765 | https://cdn.shopify.com/s/files/1/0715/1704/5040/files/PDP_Indoor-FullHexa2.webp?v=1787052766 | https://cdn.shopify.com/s/files/1/0715/1704/5040/files/PDP_Indoor-FullHexa3.webp?v=1787052766,2026-08-18T17:02:43+05:30,2026-09-08T08:56:46+05:30
Crompton,Cromdeco - Full Glow Circular,Professional Indoor Commercial,"Auditoriums, Bespoke Deco Lights, Breakout Zones, Cafeteria, Corridors, Decorative Suspended, Edu Cafeteria, MD Auditoriums, MD Cafeteria, MD Corridors, product-bespoke-deco-lights, product-cromdeco, product-indoor, Reception Area",professional-lighting-cromdeco-circular-full-glow,https://www.crompton.co.in/products/professional-lighting-cromdeco-circular-full-glow,0.0,0.0,Title,Default Title :: SKU=None :: ₹0.00,5,https://cdn.shopify.com/s/files/1/0715/1704/5040/files/Indoor_Fullglowcircle-ProductImage.webp?v=1787052759 | https://cdn.shopify.com/s/files/1/0715/1704/5040/files/Indoor_Fullglowcircle-ApplicationImage.webp?v=1787052759 | https://cdn.shopify.com/s/files/1/0715/1704/5040/files/PDP_Indoor-FullCircle1.webp?v=1787052760 | https://cdn.shopify.com/s/files/1/0715/1704/5040/files/PDP_Indoor-FullCircle2.webp?v=1787052760 | https://cdn.shopify.com/s/files/1/0715/1704/5040/files/PDP_Indoor-FullCircle3.webp?v=1787052760,2026-08-18T17:02:37+05:30,2026-09-08T08:56:46+05:30
Crompton,Dlyt,Professional Indoor Commercial,"Administrative Offices, application-datacenters, application-education, application-healthcare, application-indoor, application-modern-office, Applications, Cabins, Classrooms & Lecture Halls, Co-Working Spaces, Conference / Training Rooms, Corridors & Staircases, Data Corridors, DC Corridors, Diagnostic Labs, Dialysis / Chemo / Day Care, Downlighters, Edu Auditoriums, Emergency Dept, Executive Cabins, Laboratories, Libraries, Main Lobby / Reception, Meeting Rooms, Offices / Records / Billing, OPD/Examination Rooms, Open Workstations, Patient Rooms/Wards, product-downlighters, product-ind, product-indoor, Seminar Halls, Staff Rooms, Waiting Areas/Nursing Stations",professional-lighting-dlyt,https://www.crompton.co.in/products/professional-lighting-dlyt,0.0,0.0,Type,R :: SKU=None :: ₹0.00 | S :: SKU=None :: ₹0.00,6,https://cdn.shopify.com/s/files/1/0715/1704/5040/files/Indoor_Dlyt_R_-_Product_Image.webp?v=1787052759 | https://cdn.shopify.com/s/files/1/0715/1704/5040/files/Indoor_Dlyt-_Application_Image.webp?v=1787052758 | https://cdn.shopify.com/s/files/1/0715/1704/5040/files/PDP_Indoor-DLYT1.webp?v=1787052758 | https://cdn.shopify.com/s/files/1/0715/1704/5040/files/Indoor_Dlyt-Surface-ApplicationImage.webp?v=1787052759 | https://cdn.shopify.com/s/files/1/0715/1704/5040/files/PDP_Indoor-DLYT3.webp?v=1787052757 | https://cdn.shopify.com/s/files/1/0715/1704/5040/files/Indoor_Dlyt_S_-_Product_Image.webp?v=1787052759,2026-08-18T17:02:35+05:30,2026-09-08T08:56:46+05:30
Crompton,Soniva Pro,Professional Solar,"All In One, application-solar-all-in-one, application-solar-lighting, Applications, Bridges, Campuses & Institutions, Flyovers, Parks & Public Spaces, Pathways & Walkways, product-all-in-one, product-solar-lighting, Rural Roads, Sol Highways & Expressways",professional-lighting-soniva-pro,https://www.crompton.co.in/products/professional-lighting-soniva-pro,0.0,0.0,Title,Default Title :: SKU=None :: ₹0.00,5,https://cdn.shopify.com/s/files/1/0715/1704/5040/files/Solar_SonivaPro-ProductImage_0056edf2-435a-4d01-aa5e-7290cbbacb29.webp?v=1787052748 | https://cdn.shopify.com/s/files/1/0715/1704/5040/files/Solar_SonivaPro-ApplicationImage_5af3f555-aaf2-40a2-8edb-5a29edc448e7.webp?v=1787052748 | https://cdn.shopify.com/s/files/1/0715/1704/5040/files/PDP_Solar_SonivaPro1.webp?v=1787052750 | https://cdn.shopify.com/s/files/1/0715/1704/5040/files/PDP_Solar_SonivaPro2.webp?v=1787052750 | https://cdn.shopify.com/s/files/1/0715/1704/5040/files/PDP_Solar_SonivaPro3.webp?v=1787052749,2026-08-18T17:02:25+05:30,2026-09-08T08:56:46+05:30
Crompton,Soniva Neo,Professional Solar,"All In One, application-solar-all-in-one, application-solar-lighting, Applications, Bridges, Campuses & Institutions, Flyovers, Parks & Public Spaces, Pathways & Walkways, product-all-in-one, product-solar-lighting, Rural Roads, Sol Highways & Expressways",professional-lighting-soniva-neo,https://www.crompton.co.in/products/professional-lighting-soniva-neo,0.0,0.0,Title,Default Title :: SKU=None :: ₹0.00,5,https://cdn.shopify.com/s/files/1/0715/1704/5040/files/Solar_SonivaNeo-ProductImage_7cb95969-bebd-4788-8965-e99bc5108a2a.webp?v=1787052746 | https://cdn.shopify.com/s/files/1/0715/1704/5040/files/Solar_SonivaNeo-ApplicationImage_251bb11d-23c5-45c3-b25e-aee35cef04b3.webp?v=1787052746 | https://cdn.shopify.com/s/files/1/0715/1704/5040/files/PDP_Solar_SonivaNeo1_b244fdb9-244d-4ee5-b5a8-099200fc2118.webp?v=1787052749 | https://cdn.shopify.com/s/files/1/0715/1704/5040/files/PDP_Solar_SonivaNeo2_b4727d42-6ced-478b-b221-0058bbcf9969.webp?v=1787052749 | https://cdn.shopify.com/s/files/1/0715/1704/5040/files/PDP_Solar_SonivaNeo3_fa4156b6-aeb5-40f5-ba2e-e26b83e528f8.webp?v=1787052748,2026-08-18T17:02:23+05:30,2026-09-08T08:56:46+05:30
Crompton,Quartz+,Professional Indoor Commercial,"Downlighters, product-downlighters, product-indoor",professional-lighting-quartz,https://www.crompton.co.in/products/professional-lighting-quartz,0.0,0.0,Type,(Round) :: SKU=None :: ₹0.00 | (Square) :: SKU=None :: ₹0.00 | Rimless (Round) :: SKU=None :: ₹0.00 | Rimless (Square) :: SKU=None :: ₹0.00,11,https://cdn.shopify.com/s/files/1/0715/1704/5040/files/Indoor_Quartz_Roundsurface-ProductImage.webp?v=1787052743 | https://cdn.shopify.com/s/files/1/0715/1704/5040/files/Indoor_Quartz_Roundsurface-ApplicationImage.webp?v=1787052743 | https://cdn.shopify.com/s/files/1/0715/1704/5040/files/PDP_Indoor-Quartz_1.webp?v=1787052742 | https://cdn.shopify.com/s/files/1/0715/1704/5040/files/PDP_Indoor-Quartz_2.webp?v=1787052742 | https://cdn.shopify.com/s/files/1/0715/1704/5040/files/PDP_Indoor-Quartz_3.webp?v=1787052742 | https://cdn.shopify.com/s/files/1/0715/1704/5040/files/PDP_Indoor-Quartz_4.webp?v=1787052742 | https://cdn.shopify.com/s/files/1/0715/1704/5040/files/PDP_Indoor-Quartz_5.webp?v=1787052742 | https://cdn.shopify.com/s/files/1/0715/1704/5040/files/PDP_Indoor-Quartz_6.webp?v=1787052742 | https://cdn.shopify.com/s/files/1/0715/1704/5040/files/Indoor_Quartz_Square_surface_-_Product_Image.webp?v=1787052743 | https://cdn.shopify.com/s/files/1/0715/1704/5040/files/Indoor_Quartz_Rimless_round_-_Product_Image.webp?v=1787052744 | https://cdn.shopify.com/s/files/1/0715/1704/5040/files/Indoor_Quartz_Rimless_square_-_Product_Image.webp?v=1787052743,2026-08-18T17:02:19+05:30,2026-09-08T08:56:46+05:30
Crompton,Standalone,Professional Solar,"application-solar-lighting, application-solar-standalone, Applications, Bridges, Campuses & Institutions, Flyovers, Parks & Public Spaces, Pathways & Walkways, product-solar-lighting, product-stand-alone-streetlight, Rural Roads, Sol Highways & Expressways, Stand Alone Streetlight",professional-lighting-standalone,https://www.crompton.co.in/products/professional-lighting-standalone,0.0,0.0,Title,Default Title :: SKU=None :: ₹0.00,5,https://cdn.shopify.com/s/files/1/0715/1704/5040/files/Solar_SolarStandalone-ProductImage.webp?v=1787052896 | https://cdn.shopify.com/s/files/1/0715/1704/5040/files/Solar_SolarStandalone-ApplicationImage.webp?v=1787052896 | https://cdn.shopify.com/s/files/1/0715/1704/5040/files/PDP_Solar_Standalone1.webp?v=1787052899 | https://cdn.shopify.com/s/files/1/0715/1704/5040/files/PDP_Solar_Standalone2.webp?v=1787052897 | https://cdn.shopify.com/s/files/1/0715/1704/5040/files/PDP_Solar_Standalone3.webp?v=1787052898,2026-08-18T17:04:53+05:30,2026-09-08T08:56:46+05:30
Crompton,Solar High Mast,Professional Solar,"application-solar-highmast, application-solar-lighting, Applications, Bridges, Campuses & Institutions, Flyovers, High Mast, Parks & Public Spaces, Pathways & Walkways, product-solar-high-mast, product-solar-lighting, Rural Roads, Sol Highways & Expressways, Solar High Mast",professional-lighting-solar-high-mast,https://www.crompton.co.in/products/professional-lighting-solar-high-mast,0.0,0.0,Title,Default Title :: SKU=None :: ₹0.00,5,https://cdn.shopify.com/s/files/1/0715/1704/5040/files/Solar_SolarHighmast-ProductImage.webp?v=1787052894 | https://cdn.shopify.com/s/files/1/0715/1704/5040/files/Solar_SolarHighmast-ApplicationImage.webp?v=1787052895 | https://cdn.shopify.com/s/files/1/0715/1704/5040/files/PDP_Solar_SolarHighmast1.webp?v=1787052896 | https://cdn.shopify.com/s/files/1/0715/1704/5040/files/PDP_Solar_SolarHighmast2.webp?v=1787052896 | https://cdn.shopify.com/s/files/1/0715/1704/5040/files/PDP_Solar_SolarHighmast3.webp?v=1787052896,2026-08-18T17:04:52+05:30,2026-09-08T08:56:46+05:30
Crompton,Pluto Pro Sports,Professional Outdoor,"application-outdoor, application-sports, Applications, Football/Hockey Fields, Multi-Sport Facilities, Outdoor Fitness Zones, product-outdoor, product-sports-lighting, Sports & Fitness Complexes, Sports & Recreational Areas, Sports Lighting, Stadiums, Tennis & Basketball Courts",professional-lighting-pluto-pro-sports,https://www.crompton.co.in/products/professional-lighting-pluto-pro-sports,0.0,0.0,Title,Default Title :: SKU=None :: ₹0.00,5,https://cdn.shopify.com/s/files/1/0715/1704/5040/files/Outdoor_PlutoProSports_1500W_-ProductImage.webp?v=1787052888 | https://cdn.shopify.com/s/files/1/0715/1704/5040/files/Outdoor_PlutoProSports_1500W_-ApplicationImage.webp?v=1787052888 | https://cdn.shopify.com/s/files/1/0715/1704/5040/files/PDP_Sports_PlutoProSports1500W1_f3dc3d58-2b81-4423-b646-4fc46debefa7.webp?v=1787052888 | https://cdn.shopify.com/s/files/1/0715/1704/5040/files/PDP_Sports_PlutoProSports1500W2_6ecf1bfa-aa50-4764-a014-b2f64b78d9fe.webp?v=1787052888 | https://cdn.shopify.com/s/files/1/0715/1704/5040/files/PDP_Sports_PlutoProSports1500W3_03e35551-b5be-41fa-b6a6-60d9919484e8.webp?v=1787052888,2026-08-18T17:04:45+05:30,2026-09-08T08:56:46+05:30
Crompton,Soniva Plus,Professional Solar,"All In One, application-solar-all-in-one, application-solar-lighting, Applications, Bridges, Campuses & Institutions, Flyovers, Parks & Public Spaces, Pathways & Walkways, product-all-in-one, product-solar-lighting, Rural Roads, Sol Highways & Expressways",professional-lighting-soniva-plus,https://www.crompton.co.in/products/professional-lighting-soniva-plus,0.0,0.0,Title,Default Title :: SKU=None :: ₹0.00,5,https://cdn.shopify.com/s/files/1/0715/1704/5040/files/Solar_SonivaPlus-ProductImage.webp?v=1787052886 | https://cdn.shopify.com/s/files/1/0715/1704/5040/files/Solar_SonivaPlus-ApplicationImage.webp?v=1787052886 | https://cdn.shopify.com/s/files/1/0715/1704/5040/files/PDP_Solar_SonivaPlus1.webp?v=1787052888 | https://cdn.shopify.com/s/files/1/0715/1704/5040/files/PDP_Solar_SonivaPlus2.webp?v=1787052888 | https://cdn.shopify.com/s/files/1/0715/1704/5040/files/PDP_Solar_SonivaPlus3.webp?v=1787052889,2026-08-18T17:04:44+05:30,2026-09-08T08:56:46+05:30
Crompton,Alpheca 120W,Professional Outdoor,"application-outdoor, application-tunnel-lighting, Applications, Highway Tunnels, Metro Tunnels, Mining Tunnels, Pedestrian Tunnels, product-outdoor, product-tunnel-lighting, Railway Tunnels, Tunnel Lighting, Underpasses, Urban Road Tunnels",professional-lighting-alpheca-120-w,https://www.crompton.co.in/products/professional-lighting-alpheca-120-w,0.0,0.0,Title,Default Title :: SKU=None :: ₹0.00,5,https://cdn.shopify.com/s/files/1/0715/1704/5040/files/Outdoor__Alpheca-60W-ProductImage.webp?v=1787052884 | https://cdn.shopify.com/s/files/1/0715/1704/5040/files/Outdoor__Alpheca-60W-ApplicationImage.webp?v=1787052884 | https://cdn.shopify.com/s/files/1/0715/1704/5040/files/PDP_Tunnel_Alpheca120W1.webp?v=1787052885 | https://cdn.shopify.com/s/files/1/0715/1704/5040/files/PDP_Tunnel_Alpheca120W2.webp?v=1787052885 | https://cdn.shopify.com/s/files/1/0715/1704/5040/files/PDP_Tunnel_Alpheca120W3.webp?v=1787052885,2026-08-18T17:04:42+05:30,2026-09-08T08:56:46+05:30
Crompton,Empire,Professional Outdoor,"application-city-beautifications, application-outdoor, Applications, City Beautification, Parks & Recreational Areas, product-city-beautification, product-outdoor, Public Squares & Plazas, Sculpture Highlighting, Street & Boulevard Decorative Lighting",professional-lighting-empire,https://www.crompton.co.in/products/professional-lighting-empire,0.0,0.0,Title,Default Title :: SKU=None :: ₹0.00,5,https://cdn.shopify.com/s/files/1/0715/1704/5040/files/Outdoor_Empire-ProductImage.webp?v=1787052881 | https://cdn.shopify.com/s/files/1/0715/1704/5040/files/Outdoor_Empire-ApplicationImage.webp?v=1787052881 | https://cdn.shopify.com/s/files/1/0715/1704/5040/files/PDP_CityBeau_Empire1_fca166d6-728a-4c78-a45c-e75c5eee7c9c.webp?v=1787052883 | https://cdn.shopify.com/s/files/1/0715/1704/5040/files/PDP_CityBeau_Empire2_aad95c43-5d75-4b49-9049-f000e841fe39.webp?v=1787052882 | https://cdn.shopify.com/s/files/1/0715/1704/5040/files/PDP_CityBeau_Empire3_2861ec14-f1db-4fd3-b98e-e2f329737821.webp?v=1787052883,2026-08-18T17:04:39+05:30,2026-09-08T08:56:46+05:30
Crompton,Chaplet,Professional Outdoor,"application-city-beautifications, application-outdoor, Applications, City Beautification, Parks & Recreational Areas, product-city-beautification, product-outdoor, Public Squares & Plazas, Sculpture Highlighting, Street & Boulevard Decorative Lighting",professional-lighting-chaplet,https://www.crompton.co.in/products/professional-lighting-chaplet,0.0,0.0,Title,Default Title :: SKU=None :: ₹0.00,5,https://cdn.shopify.com/s/files/1/0715/1704/5040/files/Outdoor_Chaplet-ProductImage.webp?v=1787052880 | https://cdn.shopify.com/s/files/1/0715/1704/5040/files/Outdoor_Chaplet-ApplicationImage.webp?v=1787052880 | https://cdn.shopify.com/s/files/1/0715/1704/5040/files/PDP_CityBeau_Chaplet1.webp?v=1787052882 | https://cdn.shopify.com/s/files/1/0715/1704/5040/files/PDP_CityBeau_Chaplet2.webp?v=1787052883 | https://cdn.shopify.com/s/files/1/0715/1704/5040/files/PDP_CityBeau_Chaplet3.webp?v=1787052882,2026-08-18T17:04:37+05:30,2026-09-08T08:56:46+05:30
Crompton,Pluto Pro Plus,Professional Outdoor,"Airports, application-outdoor, application-sports, Applications, Football/Hockey Fields, Interchanges, Logistics Yards & Depots, Multi-Sport Facilities, Outdoor Fitness Zones, Outdoor Yards, Parking Lots, Ports, product-outdoor, product-sports-lighting, Security & Perimeter Lighting, Sports & Fitness Complexes, Sports & Recreational Areas, Sports Lighting, Stadiums, Tennis & Basketball Courts",professional-lighting-pluto-pro-plus,https://www.crompton.co.in/products/professional-lighting-pluto-pro-plus,0.0,0.0,Title,Default Title :: SKU=None :: ₹0.00,5,https://cdn.shopify.com/s/files/1/0715/1704/5040/files/Outdoor_PlutoProPlus_800W_-ProductImage.webp?v=1787052878 | https://cdn.shopify.com/s/files/1/0715/1704/5040/files/Outdoor_PlutoProPlus_800W_-ApplicationImage.webp?v=1787052878 | https://cdn.shopify.com/s/files/1/0715/1704/5040/files/PDP_Sports_PlutoProPlus800W1.webp?v=1787052882 | https://cdn.shopify.com/s/files/1/0715/1704/5040/files/PDP_Sports_PlutoProPlus800W2.webp?v=1787052881 | https://cdn.shopify.com/s/files/1/0715/1704/5040/files/PDP_Sports_PlutoProPlus800W3.webp?v=1787052878,2026-08-18T17:04:35+05:30,2026-09-08T08:56:46+05:30
Crompton,Spectacle pro,Professional Outdoor,"Airports, application-area, application-outdoor, Applications, Flood Lighting, Interchanges, Logistics Yards & Depots, Outdoor Yards, Parking Lots, Ports, product-flood-lighting, product-outdoor, Security & Perimeter Lighting",professional-lighting-spectacle-pro,https://www.crompton.co.in/products/professional-lighting-spectacle-pro,0.0,0.0,Title,Default Title :: SKU=None :: ₹0.00,5,https://cdn.shopify.com/s/files/1/0715/1704/5040/files/Outdoor_SpectaclePro-22.webp?v=1787052876 | https://cdn.shopify.com/s/files/1/0715/1704/5040/files/Outdoor_AI-SpectaclePro-11.webp?v=1787052876 | https://cdn.shopify.com/s/files/1/0715/1704/5040/files/PDP_Flood_SpectaclePro1.webp?v=1787052878 | https://cdn.shopify.com/s/files/1/0715/1704/5040/files/PDP_Flood_SpectaclePro2.webp?v=1787052878 | https://cdn.shopify.com/s/files/1/0715/1704/5040/files/PDP_Flood_SpectaclePro3.webp?v=1787052877,2026-08-18T17:04:33+05:30,2026-09-08T08:56:46+05:30
Crompton,Spectacle,Professional Outdoor,"Airports, application-area, application-outdoor, Applications, Flood Lighting, Interchanges, Logistics Yards & Depots, Outdoor Yards, Parking Lots, Ports, product-flood-lighting, product-outdoor, Security & Perimeter Lighting",professional-lighting-spectacle,https://www.crompton.co.in/products/professional-lighting-spectacle,0.0,0.0,Title,Default Title :: SKU=None :: ₹0.00,5,https://cdn.shopify.com/s/files/1/0715/1704/5040/files/Outdoor_Spectacle-20.webp?v=1787052875 | https://cdn.shopify.com/s/files/1/0715/1704/5040/files/Outdoor_Spectacle_-_Application_Image-1.webp?v=1787052876 | https://cdn.shopify.com/s/files/1/0715/1704/5040/files/PDP_Flood_Spectacle2.webp?v=1787052875 | https://cdn.shopify.com/s/files/1/0715/1704/5040/files/PDP_Flood_Spectacle1.webp?v=1787052875 | https://cdn.shopify.com/s/files/1/0715/1704/5040/files/PDP_Flood_Spectacle_Pro_3.webp?v=1787052875,2026-08-18T17:04:32+05:30,2026-09-08T08:56:46+05:30
Crompton,Rover Eco,Professional Outdoor,"Airports, application-area, application-outdoor, Applications, Flood Lighting, Interchanges, Logistics Yards & Depots, Outdoor Yards, Parking Lots, Ports, product-flood-lighting, product-outdoor, Security & Perimeter Lighting",professional-lighting-rover-eco,https://www.crompton.co.in/products/professional-lighting-rover-eco,0.0,0.0,Title,Default Title :: SKU=None :: ₹0.00,5,https://cdn.shopify.com/s/files/1/0715/1704/5040/files/Outdoor_RoverEco-ProductImage.webp?v=1787052872 | https://cdn.shopify.com/s/files/1/0715/1704/5040/files/Outdoor_RoverEco-ApplicationImage.webp?v=1787052872 | https://cdn.shopify.com/s/files/1/0715/1704/5040/files/PDP_Flood_RoverEco1.webp?v=1787052875 | https://cdn.shopify.com/s/files/1/0715/1704/5040/files/PDP_Flood_RoverEco2.webp?v=1787052876 | https://cdn.shopify.com/s/files/1/0715/1704/5040/files/PDP_Flood_RoverEco3.webp?v=1787052874,2026-08-18T17:04:30+05:30,2026-09-08T08:56:46+05:30
Crompton,Rover Neo 400W,Professional Outdoor,"Airports, application-area, application-outdoor, Applications, Flood Lighting, Interchanges, Logistics Yards & Depots, Outdoor Yards, Parking Lots, Ports, product-flood-lighting, product-outdoor, Security & Perimeter Lighting",professional-lighting-rover-neo-400w,https://www.crompton.co.in/products/professional-lighting-rover-neo-400w,0.0,0.0,Title,Default Title :: SKU=None :: ₹0.00,5,https://cdn.shopify.com/s/files/1/0715/1704/5040/files/Outdoor_RoverNeo400W-ProductImage.webp?v=1787052871 | https://cdn.shopify.com/s/files/1/0715/1704/5040/files/Outdoor_RoverNeo400W-ApplicationImage.webp?v=1787052871 | https://cdn.shopify.com/s/files/1/0715/1704/5040/files/PDP_Flood_RoverNeo400W1.webp?v=1787052872 | https://cdn.shopify.com/s/files/1/0715/1704/5040/files/PDP_Flood_RoverNeo400W2.webp?v=1787052874 | https://cdn.shopify.com/s/files/1/0715/1704/5040/files/PDP_Flood_RoverNeo400W3.webp?v=1787052871,2026-08-18T17:04:28+05:30,2026-09-08T08:56:46+05:30
Crompton,Aplomado Pro+ 200W,Professional Outdoor,"application-outdoor, application-road-lighting, application-street-lighting, Applications, Bridges & Flyovers, Cycle Paths & Footpaths, Highways & Expressways, product-outdoor, product-street-lighting, Street Lighting",professional-lighting-aplomado-pro-200w,https://www.crompton.co.in/products/professional-lighting-aplomado-pro-200w,0.0,0.0,Title,Default Title :: SKU=None :: ₹0.00,5,https://cdn.shopify.com/s/files/1/0715/1704/5040/files/PDP_Street_AplomadoPro_200W1.webp?v=1787052870 | https://cdn.shopify.com/s/files/1/0715/1704/5040/files/Outdoor_AplomadoPro_-200W-Applicationimage.webp?v=1787052869 | https://cdn.shopify.com/s/files/1/0715/1704/5040/files/PDP_Street_AplomadoPro_200W2.webp?v=1787052870 | https://cdn.shopify.com/s/files/1/0715/1704/5040/files/Outdoor_AplomadoPro_-200W-Productimage.webp?v=1787052869 | https://cdn.shopify.com/s/files/1/0715/1704/5040/files/PDP_Street_AplomadoPro_200W3.webp?v=1787052870,2026-08-18T17:04:27+05:30,2026-09-08T08:56:46+05:30
Crompton,Aplomado Pro+ 150W,Professional Outdoor,"application-outdoor, application-road-lighting, application-street-lighting, Applications, Bridges & Flyovers, Cycle Paths & Footpaths, Highways & Expressways, product-outdoor, product-street-lighting, Street Lighting",professional-lighting-aplomado-pro-150w,https://www.crompton.co.in/products/professional-lighting-aplomado-pro-150w,0.0,0.0,Title,Default Title :: SKU=None :: ₹0.00,5,https://cdn.shopify.com/s/files/1/0715/1704/5040/files/Outdoor_AplomadoPro_-150W-ProductImage.webp?v=1787052868 | https://cdn.shopify.com/s/files/1/0715/1704/5040/files/Outdoor_AplomadoPro_-150W-ApplicationImage.webp?v=1787052868 | https://cdn.shopify.com/s/files/1/0715/1704/5040/files/PDP_Street_AplomadoPro_150W1.webp?v=1787052870 | https://cdn.shopify.com/s/files/1/0715/1704/5040/files/PDP_Street_AplomadoPro_150W2.webp?v=1787052871 | https://cdn.shopify.com/s/files/1/0715/1704/5040/files/PDP_Street_AplomadoPro_150W3.webp?v=1787052869,2026-08-18T17:04:25+05:30,2026-09-08T08:56:46+05:30
Crompton,Wanderer Neo - 45W,Professional Outdoor,"application-road-lighting, application-street-lighting, Applications, Bridges & Flyovers, Cycle Paths & Footpaths, Parking Lots & Service Roads, product-outdoor, product-street-lighting, Residential Streets & Local Roads, Street Lighting, Urban & City Roads",professional-lighting-wanderer-neo,https://www.crompton.co.in/products/professional-lighting-wanderer-neo,0.0,0.0,Title,Default Title :: SKU=None :: ₹0.00,5,https://cdn.shopify.com/s/files/1/0715/1704/5040/files/Outdoor_WandererNeo-productimage.webp?v=1787052866 | https://cdn.shopify.com/s/files/1/0715/1704/5040/files/Outdoor_WandererNeo-Applicationimage.webp?v=1787052866 | https://cdn.shopify.com/s/files/1/0715/1704/5040/files/PDP_Street_WandererNeo1.webp?v=1787052869 | https://cdn.shopify.com/s/files/1/0715/1704/5040/files/PDP_Street_WandererNeo2.webp?v=1787052869 | https://cdn.shopify.com/s/files/1/0715/1704/5040/files/PDP_Street_WandererNeo3.webp?v=1787052869,2026-08-18T17:04:24+05:30,2026-09-08T08:56:46+05:30
Crompton,Techlita Pro,Professional Industry,"application-automotive, application-food-beverage, application-industry, application-manufacturing-plants, application-pharmaceutical, application-semiconductor, application-steel-industry, Applications, Assembly & Surface Mount Technology, Auto Production & Assembly Lines, Auto Quality Control & Inspection Zones, Battens, Chemical / Processing Areas, Chemical Processing / Etching / Plating Areas, Cleanroom, Data Production & Assembly Lines, Dry Storage / Warehouses, Fabrication & Workshop Areas, Healthcare & Sterile Processing Areas, Industrial Battens, Inspection & Quality Control, Inspection & Testing Zones, Labs, Machine Shops / Heavy Equipment Areas, Material Handling & Conveyors, MP Material Handling & Conveyors, Mp Production / Assembly Lines, MP Quality Control & Inspection Zones, Packaging & Filling Lines, Paint Shops, Pharmaceutical Manufacturing, product-industrial-battens, product-industry, Production & Assembly Lines, Production / Processing Areas, Quality Control & Inspection Zones, Raw Material Handling & Storage Areas, Raw Material Handling / Storage Yards, Research & Testing Laboratories, Rolling Mills & Finishing Lines, Semiconductor Manufacturing, Service & Maintenance Area, SI Material Handling & Conveyors, Storage & Warehousing, Warehousing & Finished Goods Storage",professional-lighting-techlita-pro,https://www.crompton.co.in/products/professional-lighting-techlita-pro,0.0,0.0,Title,Default Title :: SKU=None :: ₹0.00,5,https://cdn.shopify.com/s/files/1/0715/1704/5040/files/Industry_Techlita.webp?v=1787052865 | https://cdn.shopify.com/s/files/1/0715/1704/5040/files/Industry_AI-Techlita.webp?v=1787052865 | https://cdn.shopify.com/s/files/1/0715/1704/5040/files/PDP_Industry_TechlitaPro1.webp?v=1787052868 | https://cdn.shopify.com/s/files/1/0715/1704/5040/files/PDP_Industry_TechlitaPro2.webp?v=1787052866 | https://cdn.shopify.com/s/files/1/0715/1704/5040/files/PDP_Industry_TechlitaPro3.webp?v=1787052865,2026-08-18T17:04:22+05:30,2026-09-08T08:56:46+05:30
Crompton,Techlita Neu,Professional Industry,"application-automotive, application-food-beverage, application-industry, application-manufacturing-plants, application-pharmaceutical, application-semiconductor, application-steel-industry, Applications, Assembly & Surface Mount Technology, Auto Production & Assembly Lines, Auto Quality Control & Inspection Zones, Battens, Chemical / Processing Areas, Chemical Processing / Etching / Plating Areas, Cleanroom, Data Production & Assembly Lines, Dry Storage / Warehouses, Fabrication & Workshop Areas, Healthcare & Sterile Processing Areas, Industrial Battens, Inspection & Quality Control, Inspection & Testing Zones, Labs, Machine Shops / Heavy Equipment Areas, Material Handling & Conveyors, MP Material Handling & Conveyors, Mp Production / Assembly Lines, MP Quality Control & Inspection Zones, Packaging & Filling Lines, Paint Shops, Pharmaceutical Manufacturing, product-industrial-battens, product-industry, Production & Assembly Lines, Production / Processing Areas, Quality Control & Inspection Zones, Raw Material Handling & Storage Areas, Raw Material Handling / Storage Yards, Research & Testing Laboratories, Rolling Mills & Finishing Lines, Semiconductor Manufacturing, Service & Maintenance Area, SI Material Handling & Conveyors, Storage & Warehousing, Warehousing & Finished Goods Storage",professional-lighting-techlita-neu,https://www.crompton.co.in/products/professional-lighting-techlita-neu,0.0,0.0,Title,Default Title :: SKU=None :: ₹0.00,5,https://cdn.shopify.com/s/files/1/0715/1704/5040/files/Industry_TechlitaNeu.webp?v=1787052864 | https://cdn.shopify.com/s/files/1/0715/1704/5040/files/Industry_AI-TechlitaNeu.webp?v=1787052864 | https://cdn.shopify.com/s/files/1/0715/1704/5040/files/PDP_Industry_TechlitaNeu1.webp?v=1787052863 | https://cdn.shopify.com/s/files/1/0715/1704/5040/files/PDP_Industry_TechlitaNeu2.webp?v=1787052864 | https://cdn.shopify.com/s/files/1/0715/1704/5040/files/PDP_Industry_TechlitaNeu3.webp?v=1787052863,2026-08-18T17:04:20+05:30,2026-09-08T08:56:46+05:30
Crompton,Sagitta,Professional Industry,"application-automotive, application-food-beverage, application-industry, application-manufacturing-plants, application-pharmaceutical, application-semiconductor, application-steel-industry, Applications, Assembly & Surface Mount Technology, Auto Production & Assembly Lines, Auto Quality Control & Inspection Zones, Battens, Chemical / Processing Areas, Chemical Processing / Etching / Plating Areas, Cleanroom, Data Production & Assembly Lines, Dry Storage / Warehouses, Fabrication & Workshop Areas, Healthcare & Sterile Processing Areas, Industrial Battens, Inspection & Quality Control, Inspection & Testing Zones, Labs, Machine Shops / Heavy Equipment Areas, Material Handling & Conveyors, MP Material Handling & Conveyors, Mp Production / Assembly Lines, MP Quality Control & Inspection Zones, Packaging & Filling Lines, Paint Shops, Pharmaceutical Manufacturing, product-industrial-battens, product-industry, Production & Assembly Lines, Production / Processing Areas, Quality Control & Inspection Zones, Raw Material Handling & Storage Areas, Raw Material Handling / Storage Yards, Research & Testing Laboratories, Rolling Mills & Finishing Lines, Semiconductor Manufacturing, Service & Maintenance Area, SI Material Handling & Conveyors, Storage & Warehousing, Warehousing & Finished Goods Storage",professional-lighting-sagitta,https://www.crompton.co.in/products/professional-lighting-sagitta,0.0,0.0,Title,Default Title :: SKU=None :: ₹0.00,5,https://cdn.shopify.com/s/files/1/0715/1704/5040/files/Industry_Sagitta.webp?v=1787052862 | https://cdn.shopify.com/s/files/1/0715/1704/5040/files/Industry_AI-Sagitta.webp?v=1787052862 | https://cdn.shopify.com/s/files/1/0715/1704/5040/files/PDP_Industry_Sagitta1.webp?v=1787052862 | https://cdn.shopify.com/s/files/1/0715/1704/5040/files/PDP_Industry_Sagitta2.webp?v=1787052862 | https://cdn.shopify.com/s/files/1/0715/1704/5040/files/PDP_Industry_Sagitta3.webp?v=1787052861,2026-08-18T17:04:18+05:30,2026-09-08T08:56:46+05:30
Crompton,Cleanlux,Professional Industry,"application-flameproof, application-healthcare, application-industry, application-semiconductor, Applications, Cleanrooms & Controlled Environments, Flameproof, Flameproof Range, Inspection & Testing Zones, Kitchens / Laundry, product-flameproof, product-industry, Waste Disposal / Biomedical Zones",professional-lighting-cleanlux,https://www.crompton.co.in/products/professional-lighting-cleanlux,0.0,0.0,Title,Default Title :: SKU=None :: ₹0.00,5,https://cdn.shopify.com/s/files/1/0715/1704/5040/files/Industry_Cleanlux-ProductImage.webp?v=1787052850 | https://cdn.shopify.com/s/files/1/0715/1704/5040/files/Industry_Cleanlux-ApplicationImage.webp?v=1787052850 | https://cdn.shopify.com/s/files/1/0715/1704/5040/files/Industry_Industry_Cleanlux1.webp?v=1787052850 | https://cdn.shopify.com/s/files/1/0715/1704/5040/files/Industry_Industry_Cleanlux2.webp?v=1787052850 | https://cdn.shopify.com/s/files/1/0715/1704/5040/files/Industry_Industry_Cleanlux3.webp?v=1787052850,2026-08-18T17:04:07+05:30,2026-09-08T08:56:46+05:30
Crompton,AluLite,Professional Indoor Commercial,"application-datacenters, application-education, application-healthcare, application-indoor, Applications, Battens, Corridors & Staircases, DC Corridors, Electrical Rooms, Hostels / Dormitories, Kitchens / Laundry, product-battens, product-indoor, Waste Disposal / Biomedical Zones",professional-lighting-alulite,https://www.crompton.co.in/products/professional-lighting-alulite,0.0,0.0,Title,Default Title :: SKU=None :: ₹0.00,5,https://cdn.shopify.com/s/files/1/0715/1704/5040/files/Indoor_Alulite-ProductImage.webp?v=1787052849 | https://cdn.shopify.com/s/files/1/0715/1704/5040/files/Indoor_Alulite-ApplicationImage.webp?v=1787052850 | https://cdn.shopify.com/s/files/1/0715/1704/5040/files/PDP_Indoor_-_Alulite_1.webp?v=1787052849 | https://cdn.shopify.com/s/files/1/0715/1704/5040/files/PDP_Indoor_-_Alulite_2.webp?v=1787052848 | https://cdn.shopify.com/s/files/1/0715/1704/5040/files/PDP_Indoor_-_Alulite_3.webp?v=1787052848,2026-08-18T17:04:05+05:30,2026-09-08T08:56:46+05:30
Crompton,Seren,Professional Indoor Commercial,"application-education, application-healthcare, application-indoor, Applications, Diagnostic Labs, Dialysis / Chemo / Day Care, Emergency Dept, Hospital Bed Light, Hostels / Dormitories, OPD/Examination Rooms, Patient Rooms/Wards, product-bed-light, product-indoor, Waiting Areas/Nursing Stations",professional-lighting-seren,https://www.crompton.co.in/products/professional-lighting-seren,0.0,0.0,Title,Default Title :: SKU=None :: ₹0.00,5,https://cdn.shopify.com/s/files/1/0715/1704/5040/files/Indoor_Seren-ProductImage_bee2e62f-80cd-4879-a742-4f1731885980.webp?v=1787052847 | https://cdn.shopify.com/s/files/1/0715/1704/5040/files/Indoor_Seren-ApplicationImage_5d0c7ed5-eae8-4726-a0fd-adfd18a316ac.webp?v=1787052848 | https://cdn.shopify.com/s/files/1/0715/1704/5040/files/PDP_Indoor-Seren1.webp?v=1787052846 | https://cdn.shopify.com/s/files/1/0715/1704/5040/files/PDP_Indoor-Seren2.webp?v=1787052846 | https://cdn.shopify.com/s/files/1/0715/1704/5040/files/PDP_Indoor-Seren3.webp?v=1787052846,2026-08-18T17:04:03+05:30,2026-09-08T08:56:46+05:30
Crompton,CromFlex,Professional Indoor Commercial,"application-education, application-indoor, application-modern-office, Applications, Auditoriums, Breakout Zones, Cafeteria, Corridors, Edu Cafeteria, Hostels / Dormitories, Libraries, MD Auditoriums, MD Cafeteria, MD Corridors, product-indoor, product-wall-lights, Reception Area, Strip Light",professional-lighting-cromflex,https://www.crompton.co.in/products/professional-lighting-cromflex,0.0,0.0,Title,Default Title :: SKU=None :: ₹0.00,5,https://cdn.shopify.com/s/files/1/0715/1704/5040/files/Indoor_Cromflex-ProductImage.webp?v=1787052846 | https://cdn.shopify.com/s/files/1/0715/1704/5040/files/Indoor_Cromflex-Applicationimage.webp?v=1787052845 | https://cdn.shopify.com/s/files/1/0715/1704/5040/files/PDP_Indoor-Cromflex1.webp?v=1787052845 | https://cdn.shopify.com/s/files/1/0715/1704/5040/files/PDP_Indoor-Cromflex2.webp?v=1787052845 | https://cdn.shopify.com/s/files/1/0715/1704/5040/files/PDP_Indoor-Cromflex3.webp?v=1787052845,2026-08-18T17:04:02+05:30,2026-09-08T08:56:46+05:30
Crompton,CromTrack,Professional Indoor Commercial,"application-education, application-indoor, application-modern-office, application-retail, Applications, Art Gallerys, Breakout Zones, Cafeteria, Corridors, Downlighters, Edu Cafeteria, Libraries, MD Cafeteria, MD Corridors, product-downlighters, product-indoor, Reception Area, Showrooms, Super Markets",professional-lighting-cromtrack,https://www.crompton.co.in/products/professional-lighting-cromtrack,0.0,0.0,Title,Default Title :: SKU=None :: ₹0.00,5,https://cdn.shopify.com/s/files/1/0715/1704/5040/files/Indoor_Cromtrack-ProductImage.webp?v=1787052844 | https://cdn.shopify.com/s/files/1/0715/1704/5040/files/Indoor_Cromtrack-ApplicationImage.webp?v=1787052843 | https://cdn.shopify.com/s/files/1/0715/1704/5040/files/PDP_Indoor-Comtrack1.webp?v=1787052843 | https://cdn.shopify.com/s/files/1/0715/1704/5040/files/PDP_Indoor-Comtrack2.webp?v=1787052843 | https://cdn.shopify.com/s/files/1/0715/1704/5040/files/PDP_Indoor-Comtrack3.webp?v=1787052843,2026-08-18T17:04:00+05:30,2026-09-08T08:56:46+05:30
Crompton,Orbit+,Professional Indoor Commercial,"Administrative Offices, application-education, application-healthcare, application-indoor, application-modern-office, application-retail, Applications, Art Gallerys, Auditoriums, Breakout Zones, Cabins, Cafeteria, Classrooms & Lecture Halls, Co-Working Spaces, Conference / Training Rooms, Conference/Board Rooms, Corridors, Corridors & Staircases, Downlighters, Edu Auditoriums, Edu Cafeteria, Executive Cabins, Laboratories, Libraries, MD Auditoriums, MD Cafeteria, MD Corridors, Meeting Rooms, Open Workstations, product-downlighters, product-indoor, Reception Area, Seminar Halls, Showrooms, Staff Rooms, Super Markets",professional-lighting-orbit,https://www.crompton.co.in/products/professional-lighting-orbit,0.0,0.0,Title,Default Title :: SKU=None :: ₹0.00,5,https://cdn.shopify.com/s/files/1/0715/1704/5040/files/Indoor_Orbit_-ProductImage.webp?v=1787052842 | https://cdn.shopify.com/s/files/1/0715/1704/5040/files/Indoor_Orbit_ApplicationImage.webp?v=1787052842 | https://cdn.shopify.com/s/files/1/0715/1704/5040/files/PDP_Indoor-Orbit_1.webp?v=1787052841 | https://cdn.shopify.com/s/files/1/0715/1704/5040/files/PDP_Indoor-Orbit_2.webp?v=1787052841 | https://cdn.shopify.com/s/files/1/0715/1704/5040/files/PDP_Indoor-Orbit_3.webp?v=1787052841,2026-08-18T17:03:58+05:30,2026-09-08T08:56:46+05:30
Crompton,Aplomado Pro+  300W / 350W,Professional Outdoor,"application-outdoor, application-road-lighting, application-street-lighting, Applications, Bridges & Flyovers, Cycle Paths & Footpaths, Highways & Expressways, product-outdoor, product-street-lighting, Street Lighting",professional-lighting-aplomado-pro-300w-350w,https://www.crompton.co.in/products/professional-lighting-aplomado-pro-300w-350w,0.0,0.0,Title,Default Title :: SKU=None :: ₹0.00,5,https://cdn.shopify.com/s/files/1/0715/1704/5040/files/Outdoor_AplomadoPro_-350W-Productimage.webp?v=1787052835 | https://cdn.shopify.com/s/files/1/0715/1704/5040/files/Outdoor_AplomadoPro_-350W-Applicationimage.webp?v=1787052835 | https://cdn.shopify.com/s/files/1/0715/1704/5040/files/PDP_Street_AplomadoPro_350W1.webp?v=1787052836 | https://cdn.shopify.com/s/files/1/0715/1704/5040/files/PDP_Street_AplomadoPro_350W2.webp?v=1787052836 | https://cdn.shopify.com/s/files/1/0715/1704/5040/files/PDP_Street_AplomadoPro_350W3.webp?v=1787052836,2026-08-18T17:03:53+05:30,2026-09-08T08:56:46+05:30
Crompton,Rover Neo 350W,Professional Outdoor,"Airports, application-area, application-outdoor, Applications, Flood Lighting, Interchanges, Logistics Yards & Depots, Outdoor Yards, Parking Lots, Ports, product-flood-lighting, product-outdoor, Security & Perimeter Lighting",professional-lighting-rover-neo-350w,https://www.crompton.co.in/products/professional-lighting-rover-neo-350w,0.0,0.0,Title,Default Title :: SKU=None :: ₹0.00,5,https://cdn.shopify.com/s/files/1/0715/1704/5040/files/Outdoor_RoverNeo350W-ProductImage.webp?v=1787052834 | https://cdn.shopify.com/s/files/1/0715/1704/5040/files/Outdoor_RoverNeo350W-ApplicationImage.webp?v=1787052834 | https://cdn.shopify.com/s/files/1/0715/1704/5040/files/PDP_Flood_RoverNeo350W1.webp?v=1787052837 | https://cdn.shopify.com/s/files/1/0715/1704/5040/files/PDP_Flood_RoverNeo350W2.webp?v=1787052836 | https://cdn.shopify.com/s/files/1/0715/1704/5040/files/PDP_Flood_RoverNeo350W3.webp?v=1787052835,2026-08-18T17:03:51+05:30,2026-09-08T08:56:46+05:30
Crompton,Wanderer Neo - 60W / 70W / 100W / 120W,Professional Outdoor,"application-road-lighting, application-street-lighting, Applications, Bridges & Flyovers, Cycle Paths & Footpaths, Parking Lots & Service Roads, product-outdoor, product-street-lighting, Residential Streets & Local Roads, Street Lighting, Urban & City Roads",professional-lighting-wanderer-neo-60w-70w-100w-120w,https://www.crompton.co.in/products/professional-lighting-wanderer-neo-60w-70w-100w-120w,0.0,0.0,Title,Default Title :: SKU=None :: ₹0.00,5,https://cdn.shopify.com/s/files/1/0715/1704/5040/files/Outdoor_WandererNeo-60-100W-Productimage.webp?v=1787052832 | https://cdn.shopify.com/s/files/1/0715/1704/5040/files/Outdoor_WandererNeo-60-100W-Applicationimage.webp?v=1787052832 | https://cdn.shopify.com/s/files/1/0715/1704/5040/files/PDP_Street_WandererNeo60W-100W1.webp?v=1787052835 | https://cdn.shopify.com/s/files/1/0715/1704/5040/files/PDP_Street_WandererNeo60W-100W2.webp?v=1787052835 | https://cdn.shopify.com/s/files/1/0715/1704/5040/files/PDP_Street_WandererNeo60W-100W3.webp?v=1787052834,2026-08-18T17:03:49+05:30,2026-09-08T08:56:46+05:30
Crompton,Alpheca 240W,Professional Outdoor,"application-outdoor, application-tunnel-lighting, Applications, Highway Tunnels, Metro Tunnels, Mining Tunnels, Pedestrian Tunnels, product-outdoor, product-tunnel-lighting, Railway Tunnels, Tunnel Lighting, Underpasses, Urban Road Tunnels",professional-lighting-alpheca-240-w,https://www.crompton.co.in/products/professional-lighting-alpheca-240-w,0.0,0.0,Title,Default Title :: SKU=None :: ₹0.00,5,https://cdn.shopify.com/s/files/1/0715/1704/5040/files/Outdoor_Alpheca_240W_-ProductImage.webp?v=1787052831 | https://cdn.shopify.com/s/files/1/0715/1704/5040/files/Outdoor_Alpheca_240W_-ApplicationImage.webp?v=1787052831 | https://cdn.shopify.com/s/files/1/0715/1704/5040/files/PDP_Tunnel_Alpheca240W1.webp?v=1787052831 | https://cdn.shopify.com/s/files/1/0715/1704/5040/files/PDP_Tunnel_Alpheca240W2.webp?v=1787052831 | https://cdn.shopify.com/s/files/1/0715/1704/5040/files/PDP_Tunnel_Alpheca240W3.webp?v=1787052830,2026-08-18T17:03:48+05:30,2026-09-08T08:56:46+05:30
Crompton,Evoque,Professional Indoor Commercial,"Administrative Offices, application-datacenters, application-education, application-healthcare, application-indoor, application-modern-office, application-retail, Applications, Art Gallerys, Auditoriums, Cabins, Classrooms & Lecture Halls, Co-Working Spaces, Conference / Training Rooms, Conference/Board Rooms, Corridors, Corridors & Staircases, Data Corridors, DC Corridors, Diagnostic Labs, Dialysis / Chemo / Day Care, Downlighters, Edu Auditoriums, Emergency Dept, Executive Cabins, Laboratories, Libraries, Main Lobby / Reception, MD Auditoriums, MD Corridors, Meeting Rooms, Offices / Records / Billing, OPD/Examination Rooms, Open Workstations, Patient Rooms/Wards, product-downlighters, product-indoor, Reception Area, Seminar Halls, Showrooms, Staff Rooms, Super Markets, Waiting Areas/Nursing Stations",professional-lighting-evoque,https://www.crompton.co.in/products/professional-lighting-evoque,0.0,0.0,Type,(Flush-Recess) :: SKU=None :: ₹0.00 | (Flush-Surface) :: SKU=None :: ₹0.00 | (Deep-Round-Recess) :: SKU=None :: ₹0.00 | (Deep-Round-Surface) :: SKU=None :: ₹0.00 | (Deep-Square-Recess) :: SKU=None :: ₹0.00 | (Deep-Square-Surface) :: SKU=None :: ₹0.00,13,https://cdn.shopify.com/s/files/1/0715/1704/5040/files/Indoor_Evoque_Flush_Recess_Circle_-_Product_Image.webp?v=1787052826 | https://cdn.shopify.com/s/files/1/0715/1704/5040/files/Indoor_Evoque_Flush_Recess_Circle_-ApplicationImage.webp?v=1787052826 | https://cdn.shopify.com/s/files/1/0715/1704/5040/files/PDP_Indoor-Evoque1.webp?v=1787052826 | https://cdn.shopify.com/s/files/1/0715/1704/5040/files/PDP_Indoor-Evoque2.webp?v=1787052827 | https://cdn.shopify.com/s/files/1/0715/1704/5040/files/PDP_Indoor-Evoque3.webp?v=1787052826 | https://cdn.shopify.com/s/files/1/0715/1704/5040/files/PDP_Indoor-Evoque4.webp?v=1787052827 | https://cdn.shopify.com/s/files/1/0715/1704/5040/files/PDP_Indoor-Evoque5.webp?v=1787052826 | https://cdn.shopify.com/s/files/1/0715/1704/5040/files/PDP_Indoor-Evoque6.webp?v=1787052826 | https://cdn.shopify.com/s/files/1/0715/1704/5040/files/Indoor_EvoqueFlushSurfaceCircle-ProductImage.webp?v=1787052827 | https://cdn.shopify.com/s/files/1/0715/1704/5040/files/Indoor_Evoque_Deep_circle_recess_-_Product_Image.webp?v=1787052827 | https://cdn.shopify.com/s/files/1/0715/1704/5040/files/Indoor_Evoque_Deep_circle_surface_-_Product_Image.webp?v=1787052828 | https://cdn.shopify.com/s/files/1/0715/1704/5040/files/Indoor_Evoque_Deep_square_recess_-_Product_Image.webp?v=1787052827 | https://cdn.shopify.com/s/files/1/0715/1704/5040/files/Indoor_Evoque_Deep_square_surface-_Product_Image.webp?v=1787052827,2026-08-18T17:03:43+05:30,2026-09-08T08:56:46+05:30
Crompton,Bracket,Professional High Mast & Poles,"application-bracket-lighting, application-brackets, brackets, City garden area, product-brackets, product-high-mast-poles",professional-lighting-bracket,https://www.crompton.co.in/products/professional-lighting-bracket,0.0,0.0,Title,Default Title :: SKU=None :: ₹0.00,5,https://cdn.shopify.com/s/files/1/0715/1704/5040/files/Highmast_brackets_1.webp?v=1787052825 | https://cdn.shopify.com/s/files/1/0715/1704/5040/files/Highmast_Brackets_-_Application_Image-1.webp?v=1787052824 | https://cdn.shopify.com/s/files/1/0715/1704/5040/files/PDP_Mast-Brackets2.webp?v=1787052824 | https://cdn.shopify.com/s/files/1/0715/1704/5040/files/PDP_Mast-Brackets1.webp?v=1787052824 | https://cdn.shopify.com/s/files/1/0715/1704/5040/files/PDP_Mast-Brackets3.webp?v=1787052824,2026-08-18T17:03:41+05:30,2026-09-08T08:56:46+05:30
Crompton,Wall Washer,Professional Outdoor,"application-facade-lighting, application-outdoor, Applications, Commercial Buildings, Cultural Landmarks, Façade Lighting, Heritage Structures, Hotels & Resorts, Monuments, product-facade-lighting, product-outdoor, Residential Towers",professional-lighting-wall-washer,https://www.crompton.co.in/products/professional-lighting-wall-washer,0.0,0.0,Title,Default Title :: SKU=None :: ₹0.00,8,https://cdn.shopify.com/s/files/1/0715/1704/5040/files/Outdoor_WallWasher-Product1.webp?v=1787052823 | https://cdn.shopify.com/s/files/1/0715/1704/5040/files/Outdoor_WallWasher-Product1ApplicationImage.webp?v=1787052823 | https://cdn.shopify.com/s/files/1/0715/1704/5040/files/PDP_Facade_WallWasher2.webp?v=1787052824 | https://cdn.shopify.com/s/files/1/0715/1704/5040/files/PDP_Facade_WallWasher1.webp?v=1787052824 | https://cdn.shopify.com/s/files/1/0715/1704/5040/files/PDP_Facade_WallWasher3.webp?v=1787052823 | https://cdn.shopify.com/s/files/1/0715/1704/5040/files/PDP_Facade_WallWasher4.webp?v=1787052825 | https://cdn.shopify.com/s/files/1/0715/1704/5040/files/PDP_Facade_WallWasher5.webp?v=1787052823 | https://cdn.shopify.com/s/files/1/0715/1704/5040/files/PDP_Facade_WallWasher6.webp?v=1787052822,2026-08-18T17:03:39+05:30,2026-09-08T08:56:46+05:30
Crompton,Pixel Light,Professional Outdoor,"application-facade-lighting, application-outdoor, Applications, Commercial Buildings, Cultural Landmarks, Façade Lighting, Heritage Structures, Hotels & Resorts, Monuments, product-facade-lighting, product-outdoor, Residential Towers",professional-lighting-pixel-light,https://www.crompton.co.in/products/professional-lighting-pixel-light,0.0,0.0,Title,Default Title :: SKU=None :: ₹0.00,5,https://cdn.shopify.com/s/files/1/0715/1704/5040/files/Outdoor_PixelLight-ProductImage_f2cf776c-4a6d-4bc5-b3a2-84862e0a5196.webp?v=1787052820 | https://cdn.shopify.com/s/files/1/0715/1704/5040/files/Outdoor_PixelLightApplicationImage_78bdc9f5-1977-409b-98e2-f4dfb96e5f5e.webp?v=1787052820 | https://cdn.shopify.com/s/files/1/0715/1704/5040/files/PDP_Facade_PixelLight1.webp?v=1787052821 | https://cdn.shopify.com/s/files/1/0715/1704/5040/files/PDP_Facade_PixelLight2.webp?v=1787052822 | https://cdn.shopify.com/s/files/1/0715/1704/5040/files/PDP_Facade_PixelLight3.webp?v=1787052820,2026-08-18T17:03:37+05:30,2026-09-08T08:56:46+05:30
Crompton,Neon Flex,Professional Outdoor,"application-facade-lighting, application-outdoor, Applications, Commercial Buildings, Cultural Landmarks, Façade Lighting, Heritage Structures, Hotels & Resorts, Monuments, product-facade-lighting, product-outdoor, Residential Towers",professional-lighting-neon-flex,https://www.crompton.co.in/products/professional-lighting-neon-flex,0.0,0.0,Title,Default Title :: SKU=None :: ₹0.00,8,https://cdn.shopify.com/s/files/1/0715/1704/5040/files/Outdoor_NeonFlex-Product1.webp?v=1787052820 | https://cdn.shopify.com/s/files/1/0715/1704/5040/files/Outdoor_NeonFlex-Product1ApplicationImage.webp?v=1787052819 | https://cdn.shopify.com/s/files/1/0715/1704/5040/files/PDP_Facade_NeonFlex1.webp?v=1787052820 | https://cdn.shopify.com/s/files/1/0715/1704/5040/files/PDP_Facade_NeonFlex2.webp?v=1787052820 | https://cdn.shopify.com/s/files/1/0715/1704/5040/files/PDP_Facade_NeonFlex3.webp?v=1787052820 | https://cdn.shopify.com/s/files/1/0715/1704/5040/files/PDP_Facade_NeonFlex4.webp?v=1787052821 | https://cdn.shopify.com/s/files/1/0715/1704/5040/files/PDP_Facade_NeonFlex5.webp?v=1787052820 | https://cdn.shopify.com/s/files/1/0715/1704/5040/files/PDP_Facade_NeonFlex6.webp?v=1787052820,2026-08-18T17:03:35+05:30,2026-09-08T08:56:46+05:30
Crompton,Flood Light,Professional Outdoor,"application-facade-lighting, application-outdoor, Applications, Commercial Buildings, Cultural Landmarks, Façade Lighting, Heritage Structures, Hotels & Resorts, Monuments, product-facade-lighting, product-outdoor, Residential Towers",professional-lighting-flood-light,https://www.crompton.co.in/products/professional-lighting-flood-light,0.0,0.0,Title,Default Title :: SKU=None :: ₹0.00,8,https://cdn.shopify.com/s/files/1/0715/1704/5040/files/Outdoor_FloodLight-Product1.webp?v=1787052816 | https://cdn.shopify.com/s/files/1/0715/1704/5040/files/Outdoor_FloodLight-Product1ApplicationImage.webp?v=1787052817 | https://cdn.shopify.com/s/files/1/0715/1704/5040/files/PDP_Facade_FloodLight1.webp?v=1787052817 | https://cdn.shopify.com/s/files/1/0715/1704/5040/files/PDP_Facade_FloodLight2.webp?v=1787052818 | https://cdn.shopify.com/s/files/1/0715/1704/5040/files/PDP_Facade_FloodLight3.webp?v=1787052817 | https://cdn.shopify.com/s/files/1/0715/1704/5040/files/PDP_Facade_FloodLight4.webp?v=1787052819 | https://cdn.shopify.com/s/files/1/0715/1704/5040/files/PDP_Facade_FloodLight5.webp?v=1787052818 | https://cdn.shopify.com/s/files/1/0715/1704/5040/files/PDP_Facade_FloodLight6.webp?v=1787052820,2026-08-18T17:03:33+05:30,2026-09-08T08:56:46+05:30
Crompton,Direct View,Professional Outdoor,"application-facade-lighting, application-outdoor, Applications, Commercial Buildings, Cultural Landmarks, Façade Lighting, Heritage Structures, Hotels & Resorts, Monuments, product-facade-lighting, product-outdoor, Residential Towers",professional-lighting-direct-view,https://www.crompton.co.in/products/professional-lighting-direct-view,0.0,0.0,Title,Default Title :: SKU=None :: ₹0.00,8,https://cdn.shopify.com/s/files/1/0715/1704/5040/files/Outdoor_DirectView-Product1.webp?v=1787052814 | https://cdn.shopify.com/s/files/1/0715/1704/5040/files/Outdoor_DirectView-Product1ApplicationImage.webp?v=1787052814 | https://cdn.shopify.com/s/files/1/0715/1704/5040/files/PDP_Facade_DirectView1.webp?v=1787052816 | https://cdn.shopify.com/s/files/1/0715/1704/5040/files/PDP_Facade_DirectView2.webp?v=1787052815 | https://cdn.shopify.com/s/files/1/0715/1704/5040/files/PDP_Facade_DirectView3.webp?v=1787052815 | https://cdn.shopify.com/s/files/1/0715/1704/5040/files/PDP_Facade_DirectView4.webp?v=1787052816 | https://cdn.shopify.com/s/files/1/0715/1704/5040/files/PDP_Facade_DirectView5.webp?v=1787052814 | https://cdn.shopify.com/s/files/1/0715/1704/5040/files/PDP_Facade_DirectView6-1.webp?v=1787052814,2026-08-18T17:03:30+05:30,2026-09-08T08:56:46+05:30
Crompton,Burial Light,Professional Outdoor,"application-facade-lighting, application-outdoor, Applications, Commercial Buildings, Cultural Landmarks, Façade Lighting, Heritage Structures, Hotels & Resorts, Monuments, product-facade-lighting, product-outdoor, Residential Towers",professional-lighting-burial-light,https://www.crompton.co.in/products/professional-lighting-burial-light,0.0,0.0,Title,Default Title :: SKU=None :: ₹0.00,5,https://cdn.shopify.com/s/files/1/0715/1704/5040/files/Outdoor_BurialLight-Product1.webp?v=1787052812 | https://cdn.shopify.com/s/files/1/0715/1704/5040/files/Outdoor_BurialLight-Product1ApplicationImage.webp?v=1787052813 | https://cdn.shopify.com/s/files/1/0715/1704/5040/files/PDP_Facade_BurialLight1.webp?v=1787052814 | https://cdn.shopify.com/s/files/1/0715/1704/5040/files/PDP_Facade_BurialLight2.webp?v=1787052814 | https://cdn.shopify.com/s/files/1/0715/1704/5040/files/PDP_Facade_BurialLight3.webp?v=1787052813,2026-08-18T17:03:29+05:30,2026-09-08T08:56:46+05:30
Crompton,Trim Linea Neu,Professional Indoor Commercial,"application-education, application-indoor, Applications, Battens, Hostels / Dormitories, product-battens, product-indoor",professional-lighting-trim-linea-neu,https://www.crompton.co.in/products/professional-lighting-trim-linea-neu,0.0,0.0,Title,Default Title :: SKU=None :: ₹0.00,5,https://cdn.shopify.com/s/files/1/0715/1704/5040/files/Indoor-TrimLineaNeu-ProductImage.webp?v=1787052811 | https://cdn.shopify.com/s/files/1/0715/1704/5040/files/Indoor_TrimLineaNeu-ApplicationImage-1.webp?v=1787052810 | https://cdn.shopify.com/s/files/1/0715/1704/5040/files/PDP_Indoor-TrimLineaNeu1.webp?v=1787052809 | https://cdn.shopify.com/s/files/1/0715/1704/5040/files/PDP_Indoor-TrimLineaNeu2.webp?v=1787052810 | https://cdn.shopify.com/s/files/1/0715/1704/5040/files/PDP_Indoor-TrimLineaNeu3.webp?v=1787052810,2026-08-18T17:03:27+05:30,2026-09-08T08:56:46+05:30
Crompton,Cromdeco - Glass GLOBE,Professional Indoor Commercial,"Bespoke Deco Lights, Decorative Suspended, product-bespoke-deco-lights, product-cromdeco, product-indoor, Reception Area",professional-lighting-glass-globe,https://www.crompton.co.in/products/professional-lighting-glass-globe,0.0,0.0,Title,Default Title :: SKU=None :: ₹0.00,5,https://cdn.shopify.com/s/files/1/0715/1704/5040/files/Indoor_Glassglobe-ProductImage.webp?v=1787052807 | https://cdn.shopify.com/s/files/1/0715/1704/5040/files/Indoor_Glassglobe-ApplicationImage.webp?v=1787052807 | https://cdn.shopify.com/s/files/1/0715/1704/5040/files/PDP_Indoor-GlassGlobe1.webp?v=1787052808 | https://cdn.shopify.com/s/files/1/0715/1704/5040/files/PDP_Indoor-GlassGlobe2.webp?v=1787052808 | https://cdn.shopify.com/s/files/1/0715/1704/5040/files/PDP_Indoor-GlassGlobe3.webp?v=1787052808,2026-08-18T17:03:25+05:30,2026-09-08T08:56:46+05:30
Crompton,Crompton Dynaray Led Lamp,Bulbs,"category-bulbs, Led Bulb, Led Lamps",crompton-dynaray-led-lamp,https://www.crompton.co.in/products/crompton-dynaray-led-lamp,275.0,475.0,"Color, Wattage",White/13 Watt :: SKU=LED13WNDFWB1SCDL :: ₹275.00 | White/15 Watt :: SKU=LED15WNDFWB1SCDL :: ₹300.00 | White/22 Watt :: SKU=LED22WNDFWB1SCDL :: ₹475.00,7,https://cdn.shopify.com/s/files/1/0715/1704/5040/files/1_23e06591-b96c-434a-b038-138afe7dfac8-removebg-preview.png?v=1784700108 | https://cdn.shopify.com/s/files/1/0715/1704/5040/files/2_d0f0c066-092c-4a20-b951-f6713339cff3.png?v=1784700109 | https://cdn.shopify.com/s/files/1/0715/1704/5040/files/3_01a2881a-ae44-49ff-8707-17b5c1c5eddd.png?v=1784700108 | https://cdn.shopify.com/s/files/1/0715/1704/5040/files/4_d703bfb9-a062-4f61-8bb5-fbe94097a598.png?v=1784700108 | https://cdn.shopify.com/s/files/1/0715/1704/5040/files/5_26ec8934-c9df-4bd2-a221-79dab06f09de.png?v=1784700108 | https://cdn.shopify.com/s/files/1/0715/1704/5040/files/6_df591153-5011-4a7e-aa01-98171b129eca.png?v=1784700108 | https://cdn.shopify.com/s/files/1/0715/1704/5040/files/7_8a55370d-7868-4663-ba6d-9ec79a677236.png?v=1784700108,2026-07-22T11:31:44+05:30,2026-09-08T08:56:46+05:30
Crompton,Crompton Energion 3 kW Single Phase Solar Rooftop Solution,Residential,"Solar Panel, Solar Roof top, Solar Rooftop",crompton-3kw-single-phase-on-grid-solar-rooftop-kit,https://www.crompton.co.in/products/crompton-3kw-single-phase-on-grid-solar-rooftop-kit,290000.0,290000.0,Kilowatts,3 kW :: SKU=CR-3K3-GT-S-WI :: ₹290000.00,7,https://cdn.shopify.com/s/files/1/0715/1704/5040/files/Transprent_9181a634-98ad-4de1-85c6-4c3400d50e27.png?v=1779771408 | https://cdn.shopify.com/s/files/1/0715/1704/5040/files/SolarPanel-PL_Lifestyle_jpg.jpg?v=1779771408 | https://cdn.shopify.com/s/files/1/0715/1704/5040/files/fold1-100_fda5a4d4-ee67-4b87-8504-11c96f4b4dbf.jpg?v=1779771408 | https://cdn.shopify.com/s/files/1/0715/1704/5040/files/Artboard11copy-100_0e76b007-45f7-4ba9-9569-9be020687c11.jpg?v=1779771409 | https://cdn.shopify.com/s/files/1/0715/1704/5040/files/SolarPL_630f2124-1f3b-4878-b141-e3ab57e987d3.jpg?v=1779771408 | https://cdn.shopify.com/s/files/1/0715/1704/5040/files/Fold2-100_0e983699-7320-496d-af77-89c7adac8b75.jpg?v=1779771408 | https://cdn.shopify.com/s/files/1/0715/1704/5040/files/3KwWarrantyFold_jpg_f464d584-2fe2-4f7d-9793-4fbd74a55741.jpg?v=1779771408,2026-05-26T10:26:46+05:30,2026-09-08T08:56:46+05:30
Crompton,Crompton Beamer Mini 1W Led Torch,Led Torch,Led Torch,crompton-led-1w-torch-beamer-mini,https://www.crompton.co.in/products/crompton-led-1w-torch-beamer-mini,249.0,249.0,Title,Default Title :: SKU=LED1WTRCH-BMM-YLW :: ₹249.00,6,https://cdn.shopify.com/s/files/1/0715/1704/5040/files/transprent_eebbcd11-f7b5-4039-9c45-33254aec3271.png?v=1778059467 | https://cdn.shopify.com/s/files/1/0715/1704/5040/files/PL1_853dd8c8-f354-4b92-9538-84c5afda0278.jpg?v=1778059467 | https://cdn.shopify.com/s/files/1/0715/1704/5040/files/PL2_48dbf1cf-975a-43f1-a1e0-68fd9ceb538e.jpg?v=1778059467 | https://cdn.shopify.com/s/files/1/0715/1704/5040/files/1W_Torch_PL__jpg.jpg?v=1778059468 | https://cdn.shopify.com/s/files/1/0715/1704/5040/files/PL5_8af730fd-1b32-425b-91bf-20f9972be2a6.jpg?v=1778059467 | https://cdn.shopify.com/s/files/1/0715/1704/5040/files/PL3_958a0a6c-722a-4d08-9338-290594d8f5e7.jpg?v=1778059468,2026-05-06T14:54:25+05:30,2026-09-08T08:56:46+05:30
Crompton,Crompton Gleam Low Bay Led Lamp,Bulbs,Smart Led Bulbs,crompton-gleam-low-bay-led-lamp,https://www.crompton.co.in/products/crompton-gleam-low-bay-led-lamp,1299.0,1899.0,"Color, Wattage",White/36 Watt :: SKU=LED36WNDFLOBNDCDL :: ₹1299.00 | White/54 Watt :: SKU=LED54WNDFLOBNDCDL :: ₹1899.00,6,https://cdn.shopify.com/s/files/1/0715/1704/5040/files/GleamLowBayLightPL_1_2485740d-1126-46f7-b21b-2196dc6dde48.png?v=1778145744 | https://cdn.shopify.com/s/files/1/0715/1704/5040/files/GleamLowBayLightPL_2_3b1739bb-8f0c-43fc-a4d0-3daa23fea7bc.png?v=1778145745 | https://cdn.shopify.com/s/files/1/0715/1704/5040/files/GleamLowBayLightPL_3_a142729c-9300-40e4-9923-473953f816b2.png?v=1778145745 | https://cdn.shopify.com/s/files/1/0715/1704/5040/files/GleamLowBayLightPL_4_5368689a-23ba-4125-9736-b0978cfb2203.png?v=1778145745 | https://cdn.shopify.com/s/files/1/0715/1704/5040/files/GleamLowBayLightPL_5_f3729ea5-9778-43ee-8c0c-43e21d0bd4bb.png?v=1778145745 | https://cdn.shopify.com/s/files/1/0715/1704/5040/files/GleamLowBayLightPL_6_fcf775c0-c426-44f4-98d3-fd0b5be5d517.png?v=1778145745,2026-05-07T14:52:21+05:30,2026-09-08T08:56:46+05:30
Crompton,NDCP1-CQ - Water Filled Contol Panel,Agricultural Pumps,Water Filled Control Panel,ndcp1-cq-water-filled-contol-panel,https://www.crompton.co.in/products/ndcp1-cq-water-filled-contol-panel,4150.0,4150.0,Color,White :: SKU=NDCP1-CQ :: ₹4150.00,5,https://cdn.shopify.com/s/files/1/0715/1704/5040/files/Artboard0_6a7bdc05-3c01-41e8-9441-845b4863f14a.png?v=1777380596 | https://cdn.shopify.com/s/files/1/0715/1704/5040/files/Artboard1_f92f4404-6a0d-4801-8383-f8238c3eccaa.jpg?v=1777380596 | https://cdn.shopify.com/s/files/1/0715/1704/5040/files/Artboard2_d162d4a0-b43e-4e79-8735-8e6994660eda.jpg?v=1777380597 | https://cdn.shopify.com/s/files/1/0715/1704/5040/files/Artboard3_553378ea-42a7-4a4b-abb6-cb7ca0fc5cef.jpg?v=1777380596 | https://cdn.shopify.com/s/files/1/0715/1704/5040/files/Artboard4_c2e05525-48ff-4ba1-8b8e-e964f2c94dc4.jpg?v=1777380596,2026-04-28T18:19:54+05:30,2026-09-08T08:56:46+05:30
Crompton,NDCP2-ET - Water Filled Contol Panel,Agricultural Pumps,Water Filled Control Panel,ndcp2-et-water-filled-contol-panel,https://www.crompton.co.in/products/ndcp2-et-water-filled-contol-panel,4650.0,4650.0,Color,White :: SKU=NDCP2-ET :: ₹4650.00,5,https://cdn.shopify.com/s/files/1/0715/1704/5040/files/Artboard5_b1ed9a0d-c255-4c55-9832-f1e492d1bccd.png?v=1777290015 | https://cdn.shopify.com/s/files/1/0715/1704/5040/files/Artboard1_e14fa94f-5a76-4c09-864f-499ea82693fc.jpg?v=1777290015 | https://cdn.shopify.com/s/files/1/0715/1704/5040/files/Artboard2_885842f6-6290-42b3-aff6-5626d975e1ec.jpg?v=1777290015 | https://cdn.shopify.com/s/files/1/0715/1704/5040/files/Artboard3_4442ceb2-5369-4f0d-8be8-340cafb5e816.jpg?v=1777290015 | https://cdn.shopify.com/s/files/1/0715/1704/5040/files/Artboard4_949a9d35-b0bb-429a-bf19-52cfd68c2cf0.jpg?v=1777290015,2026-04-27T17:10:13+05:30,2026-09-08T08:56:46+05:30
Crompton,NDCP1.5-DS - Water Filled Contol Panel,Agricultural Pumps,Water Filled Control Panel,ndcp1-5-ds-water-filled-contol-panel,https://www.crompton.co.in/products/ndcp1-5-ds-water-filled-contol-panel,4425.0,4425.0,Color,White :: SKU=NDCP1.5-DS :: ₹4425.00,5,https://cdn.shopify.com/s/files/1/0715/1704/5040/files/Artboard5_c6e1c75e-9f7c-49c9-9aa2-ce1ee0341826.png?v=1777290013 | https://cdn.shopify.com/s/files/1/0715/1704/5040/files/Artboard1_0f259e9c-8747-4e51-b053-56aee5cc48d9.jpg?v=1777290013 | https://cdn.shopify.com/s/files/1/0715/1704/5040/files/Artboard2_dbaef62b-76cd-4e2a-a956-d5571ec6a557.jpg?v=1777290013 | https://cdn.shopify.com/s/files/1/0715/1704/5040/files/Artboard3_91d0c555-dc82-4305-adcf-7bd98f46ceb2.jpg?v=1777290013 | https://cdn.shopify.com/s/files/1/0715/1704/5040/files/Artboard4_591d9421-676f-4d34-9b9a-94c6104d73bc.jpg?v=1777290013,2026-04-27T17:10:10+05:30,2026-09-08T08:56:46+05:30
Crompton,Crompton Energion 3.6 kW Single Phase Solar Rooftop Solution,Residential,"Solar Panel, Solar Roof top, Solar Rooftop",crompton-3-6-kw-single-phase-on-grid-solar-solution,https://www.crompton.co.in/products/crompton-3-6-kw-single-phase-on-grid-solar-solution,299000.0,299000.0,Kilowatts,3.6 kW :: SKU=CR-3K6-ONS-S-GP-D-SOL :: ₹299000.00,7,https://cdn.shopify.com/s/files/1/0715/1704/5040/files/Transprent.png?v=1778482191 | https://cdn.shopify.com/s/files/1/0715/1704/5040/files/SolarPanel-PL_Lifestyle.jpg?v=1778482188 | https://cdn.shopify.com/s/files/1/0715/1704/5040/files/fold1-100.jpg?v=1778482188 | https://cdn.shopify.com/s/files/1/0715/1704/5040/files/Artboard11copy-100.jpg?v=1778482188 | https://cdn.shopify.com/s/files/1/0715/1704/5040/files/SolarPL.jpg?v=1778482188 | https://cdn.shopify.com/s/files/1/0715/1704/5040/files/Fold2-100.jpg?v=1778482188 | https://cdn.shopify.com/s/files/1/0715/1704/5040/files/3KwWarrantyFold_jpg.jpg?v=1779451480,2026-03-27T15:22:37+05:30,2026-09-08T08:56:46+05:30
Crompton,Crompton Energion 5.4 kW Single Phase Solar Rooftop Solution,Residential,"Solar Panel, Solar Roof top, Solar Rooftop",crompton-5-4-kw-single-phase-on-grid-solar-solution,https://www.crompton.co.in/products/crompton-5-4-kw-single-phase-on-grid-solar-solution,429000.0,429000.0,Kilowatts,5.4 kW :: SKU=CR-5K4-ONS-S-GP-D-SOL :: ₹429000.00,7,https://cdn.shopify.com/s/files/1/0715/1704/5040/files/Solar5.4kWTransparent.png?v=1778482241 | https://cdn.shopify.com/s/files/1/0715/1704/5040/files/SolarPanel5.4kw-PL_Lifestyle.jpg?v=1778482241 | https://cdn.shopify.com/s/files/1/0715/1704/5040/files/Solar_5.4kw_PL_1.jpg?v=1778482241 | https://cdn.shopify.com/s/files/1/0715/1704/5040/files/Solar_5.4kw_PL_2.jpg?v=1778482241 | https://cdn.shopify.com/s/files/1/0715/1704/5040/files/Solar_5.4kw_PL_3.jpg?v=1778482241 | https://cdn.shopify.com/s/files/1/0715/1704/5040/files/Solar_5.4kw_PL_4.jpg?v=1778482241 | https://cdn.shopify.com/s/files/1/0715/1704/5040/files/5_4WSolarPanel-PL_Warranty_jpg.jpg?v=1779451484,2026-03-27T15:25:14+05:30,2026-09-08T08:56:46+05:30
Crompton,Crompton Intellisense MoodFlex Smart Ceiling Lights,Intellisense Lights,Led Downlighter,crompton-intellisense-moodflex-smart-ceiling-lights,https://www.crompton.co.in/products/crompton-intellisense-moodflex-smart-ceiling-lights,1000.0,2500.0,"Color, Wattage",White/9 Watt :: SKU=LDRSMRTBJB-9W-16MN :: ₹1000.00 | White/10 Watt :: SKU=LSDRSMRTB-10W-16MN :: ₹1500.00 | White/15 Watt :: SKU=LSDRSMRTB-15W-16MN :: ₹2500.00,14,https://cdn.shopify.com/s/files/1/0715/1704/5040/files/Artboard0_41798cad-9669-4e8e-b9f0-8172d8b2785f.png?v=1772704541 | https://cdn.shopify.com/s/files/1/0715/1704/5040/files/Artboard1_b7ecdaa0-a984-487f-900b-4b79b48e422b.jpg?v=1772704541 | https://cdn.shopify.com/s/files/1/0715/1704/5040/files/Artboard2_be9f6e09-e6fe-466e-8d72-e98864135e3b.jpg?v=1772704541 | https://cdn.shopify.com/s/files/1/0715/1704/5040/files/Artboard3_9d5c559f-eec3-40db-aefd-24025dc439e6.jpg?v=1772704541 | https://cdn.shopify.com/s/files/1/0715/1704/5040/files/Artboard4_64c7dd24-4186-4f27-bfd1-5a230a8a5e66.jpg?v=1772704541 | https://cdn.shopify.com/s/files/1/0715/1704/5040/files/Artboard5_b9a61888-1e4a-45c4-bdc0-d4dde4971858.jpg?v=1772704541 | https://cdn.shopify.com/s/files/1/0715/1704/5040/files/Artboard6_976bd2af-c2e6-4409-8cdb-e928b4b3c5a2.jpg?v=1772704541 | https://cdn.shopify.com/s/files/1/0715/1704/5040/files/Artboard0_2d07e546-084c-4557-8b6f-746b8fe2ab98.png?v=1772704541 | https://cdn.shopify.com/s/files/1/0715/1704/5040/files/Artboard1_4f07d1b3-461b-4e8c-8056-88239848c2ce.jpg?v=1772704541 | https://cdn.shopify.com/s/files/1/0715/1704/5040/files/Artboard2_36acb752-f09f-49b7-9362-4d65c8f5af60.jpg?v=1772704541 | https://cdn.shopify.com/s/files/1/0715/1704/5040/files/Artboard3_60baf29c-0ba1-4c1f-a0de-f31cdf5feb67.jpg?v=1772704541 | https://cdn.shopify.com/s/files/1/0715/1704/5040/files/Artboard4_810f6b8a-25f3-44ba-a97c-15c4aad5a9bc.jpg?v=1772704541 | https://cdn.shopify.com/s/files/1/0715/1704/5040/files/Artboard5_6d095da9-98c9-4055-9412-f0edf4e3386c.jpg?v=1772704540 | https://cdn.shopify.com/s/files/1/0715/1704/5040/files/Artboard6_3c3bcbeb-ac5e-4c85-ae4c-5d27da88f4eb.jpg?v=1772704541,2026-02-27T19:15:30+05:30,2026-09-08T08:56:46+05:30
Crompton,"3W10AK1A - 3"" Water filled Borewell Submersibles 1 HP",3-Inch Borewell Submersibles,"Borewell Subemersible Pump, Residential Pump",3w10ak1a,https://www.crompton.co.in/products/3w10ak1a,15700.0,15700.0,Color,Black & silver :: SKU=3W10AK1A :: ₹15700.00,5,https://cdn.shopify.com/s/files/1/0715/1704/5040/files/Artboard1_3.png?v=1730180864 | https://cdn.shopify.com/s/files/1/0715/1704/5040/files/Artboard2_df26d8d1-91d6-4dc2-bee2-d22193dca3f5.jpg?v=1730180864 | https://cdn.shopify.com/s/files/1/0715/1704/5040/files/Artboard3_4f99bc9e-a6a8-4633-bd9b-7773db27ac3f.jpg?v=1730180864 | https://cdn.shopify.com/s/files/1/0715/1704/5040/files/Artboard4_68bfc706-d374-47e7-a99a-6803dca33e58.jpg?v=1730180864 | https://cdn.shopify.com/s/files/1/0715/1704/5040/files/Artboard5_67606fb8-ae10-4446-b529-019488853a17.jpg?v=1730180864,2024-10-29T11:15:42+05:30,2026-09-08T08:56:46+05:30
Crompton,ARMOR1.5-DSU Control Panel,Control Panels,Oil Filled Contol Panel,armor1-5-dsu-control-panel,https://www.crompton.co.in/products/armor1-5-dsu-control-panel,4425.0,4425.0,Color,White :: SKU=ARMOR1.5-DSU :: ₹4425.00,5,https://cdn.shopify.com/s/files/1/0715/1704/5040/files/Untitled-5_23682253-ece4-4eda-a0b3-f0ea14b05154.png?v=1732184878 | https://cdn.shopify.com/s/files/1/0715/1704/5040/files/Artboard1_1_5ee90c08-9e9a-4024-93ce-919ff22715ed.jpg?v=1732184878 | https://cdn.shopify.com/s/files/1/0715/1704/5040/files/Artboard1copy_1.jpg?v=1732184878 | https://cdn.shopify.com/s/files/1/0715/1704/5040/files/Artboard1copy2_1.jpg?v=1732184878 | https://cdn.shopify.com/s/files/1/0715/1704/5040/files/Artboard1copy3_1.jpg?v=1732184878,2024-11-21T16:06:00+05:30,2026-09-08T08:56:48+05:30
Crompton,ARMOR1.0-CQU - Single Phase Control Panel 1 HP,Control Panels,,armor1-0-cqu,https://www.crompton.co.in/products/armor1-0-cqu,4150.0,4150.0,Color,White :: SKU=ARMOR1.0-CQU :: ₹4150.00,5,https://cdn.shopify.com/s/files/1/0715/1704/5040/files/Untitled-5_23682253-ece4-4eda-a0b3-f0ea14b05154.png?v=1732184878 | https://cdn.shopify.com/s/files/1/0715/1704/5040/files/Artboard1_1_5ee90c08-9e9a-4024-93ce-919ff22715ed.jpg?v=1732184878 | https://cdn.shopify.com/s/files/1/0715/1704/5040/files/Artboard1copy_1.jpg?v=1732184878 | https://cdn.shopify.com/s/files/1/0715/1704/5040/files/Artboard1copy2_1.jpg?v=1732184878 | https://cdn.shopify.com/s/files/1/0715/1704/5040/files/Artboard1copy3_1.jpg?v=1732184878,2024-11-21T15:57:24+05:30,2026-09-08T08:56:48+05:30
Crompton,4VO7BU1EU - 4 inch Oil filled Borewell Submersibles Pump 1 HP,4-Inch Borewell Submersibles,"Borewell Subemersible Pump, Residential Pump",4vo7bu1eu,https://www.crompton.co.in/products/4vo7bu1eu,14400.0,14400.0,Color,Black & silver :: SKU=4VO7BU1EU :: ₹14400.00,5,https://cdn.shopify.com/s/files/1/0715/1704/5040/files/artboard1_277b9f24-ac06-4c37-835f-ff388004917b.png?v=1730186857 | https://cdn.shopify.com/s/files/1/0715/1704/5040/files/Artboard2_da2299c6-cb7e-4510-956a-4f74ecb3a220.jpg?v=1730186857 | https://cdn.shopify.com/s/files/1/0715/1704/5040/files/Artboard3_8d9482b5-f63d-4ccd-876d-8ee05fd83fc4.jpg?v=1730186857 | https://cdn.shopify.com/s/files/1/0715/1704/5040/files/Artboard4_0deb8dc0-cc10-4b38-af64-4da202865336.jpg?v=1730186857 | https://cdn.shopify.com/s/files/1/0715/1704/5040/files/Artboard5_1a48f255-080b-4a60-825d-fe410cfdddb3.jpg?v=1730186857,2024-10-29T13:24:05+05:30,2026-09-08T08:56:48+05:30
Crompton,4VO10BU1EU - 4 inch Oil filled Borewell Submersibles Pump 1 HP,4-Inch Borewell Submersibles,"Borewell Subemersible Pump, Residential Pump",4vo10bu1eu,https://www.crompton.co.in/products/4vo10bu1eu,15250.0,15250.0,Color,Black & silver :: SKU=4VO10BU1EU :: ₹15250.00,5,https://cdn.shopify.com/s/files/1/0715/1704/5040/files/artboard1_277b9f24-ac06-4c37-835f-ff388004917b.png?v=1730186857 | https://cdn.shopify.com/s/files/1/0715/1704/5040/files/Artboard2_da2299c6-cb7e-4510-956a-4f74ecb3a220.jpg?v=1730186857 | https://cdn.shopify.com/s/files/1/0715/1704/5040/files/Artboard3_8d9482b5-f63d-4ccd-876d-8ee05fd83fc4.jpg?v=1730186857 | https://cdn.shopify.com/s/files/1/0715/1704/5040/files/Artboard4_0deb8dc0-cc10-4b38-af64-4da202865336.jpg?v=1730186857 | https://cdn.shopify.com/s/files/1/0715/1704/5040/files/Artboard5_1a48f255-080b-4a60-825d-fe410cfdddb3.jpg?v=1730186857,2024-10-29T13:19:03+05:30,2026-09-08T08:56:48+05:30
Crompton,4VO1.5/12-BUE(U4S) - 4 inch Oil filled Borewell Submersibles Pump 1.5 HP,4-Inch Borewell Submersibles,"Borewell Subemersible Pump, Residential Pump",4vo1-5-12-bueu4s,https://www.crompton.co.in/products/4vo1-5-12-bueu4s,17675.0,17675.0,Color,Black & silver :: SKU=4VO1.5/12-BUE(U4S) :: ₹17675.00,5,https://cdn.shopify.com/s/files/1/0715/1704/5040/files/artboard1_277b9f24-ac06-4c37-835f-ff388004917b.png?v=1730186857 | https://cdn.shopify.com/s/files/1/0715/1704/5040/files/Artboard2_da2299c6-cb7e-4510-956a-4f74ecb3a220.jpg?v=1730186857 | https://cdn.shopify.com/s/files/1/0715/1704/5040/files/Artboard3_8d9482b5-f63d-4ccd-876d-8ee05fd83fc4.jpg?v=1730186857 | https://cdn.shopify.com/s/files/1/0715/1704/5040/files/Artboard4_0deb8dc0-cc10-4b38-af64-4da202865336.jpg?v=1730186857 | https://cdn.shopify.com/s/files/1/0715/1704/5040/files/Artboard5_1a48f255-080b-4a60-825d-fe410cfdddb3.jpg?v=1730186857,2024-10-29T12:51:58+05:30,2026-09-08T08:56:48+05:30
Crompton,4VO1.5/14-BUE(U4S) - 4 inch Oil filled Borewell Submersibles Pump 1.5 HP,4-Inch Borewell Submersibles,"Borewell Subemersible Pump, Residential Pump",4vo1-5-14-bueu4s,https://www.crompton.co.in/products/4vo1-5-14-bueu4s,18375.0,18375.0,Color,Black & silver :: SKU=4VO1.5/14-BUE(U4S) :: ₹18375.00,5,https://cdn.shopify.com/s/files/1/0715/1704/5040/files/artboard1_277b9f24-ac06-4c37-835f-ff388004917b.png?v=1730186857 | https://cdn.shopify.com/s/files/1/0715/1704/5040/files/Artboard2_da2299c6-cb7e-4510-956a-4f74ecb3a220.jpg?v=1730186857 | https://cdn.shopify.com/s/files/1/0715/1704/5040/files/Artboard3_8d9482b5-f63d-4ccd-876d-8ee05fd83fc4.jpg?v=1730186857 | https://cdn.shopify.com/s/files/1/0715/1704/5040/files/Artboard4_0deb8dc0-cc10-4b38-af64-4da202865336.jpg?v=1730186857 | https://cdn.shopify.com/s/files/1/0715/1704/5040/files/Artboard5_1a48f255-080b-4a60-825d-fe410cfdddb3.jpg?v=1730186857,2024-10-29T13:06:13+05:30,2026-09-08T08:56:48+05:30
Crompton,"3W10AP1D - 3"" Water filled Borewell Submersibles 1 HP",3-Inch Borewell Submersibles,"Borewell Subemersible Pump, Residential Pump",3w10ap1d,https://www.crompton.co.in/products/3w10ap1d,15700.0,15700.0,Color,Black & silver :: SKU=3W10AP1D :: ₹15700.00,5,https://cdn.shopify.com/s/files/1/0715/1704/5040/files/Artboard1_3.png?v=1730180864 | https://cdn.shopify.com/s/files/1/0715/1704/5040/files/Artboard2_df26d8d1-91d6-4dc2-bee2-d22193dca3f5.jpg?v=1730180864 | https://cdn.shopify.com/s/files/1/0715/1704/5040/files/Artboard3_4f99bc9e-a6a8-4633-bd9b-7773db27ac3f.jpg?v=1730180864 | https://cdn.shopify.com/s/files/1/0715/1704/5040/files/Artboard4_68bfc706-d374-47e7-a99a-6803dca33e58.jpg?v=1730180864 | https://cdn.shopify.com/s/files/1/0715/1704/5040/files/Artboard5_67606fb8-ae10-4446-b529-019488853a17.jpg?v=1730180864,2024-10-29T11:32:53+05:30,2026-09-08T08:56:48+05:30
Crompton,4VO1/10-BUE(U4S) - 4 inch Oil filled Borewell Submersibles Pump 1 HP,4-Inch Borewell Submersibles,"Borewell Subemersible Pump, Residential Pump",4vo1-10-bueu4s,https://www.crompton.co.in/products/4vo1-10-bueu4s,15250.0,15250.0,Color,Black & silver :: SKU=4VO1/10-BUE(U4S) :: ₹15250.00,5,https://cdn.shopify.com/s/files/1/0715/1704/5040/files/artboard1_277b9f24-ac06-4c37-835f-ff388004917b.png?v=1730186857 | https://cdn.shopify.com/s/files/1/0715/1704/5040/files/Artboard2_da2299c6-cb7e-4510-956a-4f74ecb3a220.jpg?v=1730186857 | https://cdn.shopify.com/s/files/1/0715/1704/5040/files/Artboard3_8d9482b5-f63d-4ccd-876d-8ee05fd83fc4.jpg?v=1730186857 | https://cdn.shopify.com/s/files/1/0715/1704/5040/files/Artboard4_0deb8dc0-cc10-4b38-af64-4da202865336.jpg?v=1730186857 | https://cdn.shopify.com/s/files/1/0715/1704/5040/files/Artboard5_1a48f255-080b-4a60-825d-fe410cfdddb3.jpg?v=1730186857,2024-10-29T13:10:08+05:30,2026-09-08T08:56:48+05:30
Crompton,4VO1/7-BUE(U4S) - 4 inch Oil filled Borewell Submersibles Pump 1 HP,4-Inch Borewell Submersibles,"Borewell Subemersible Pump, Residential Pump",4vo1-7-bueu4s,https://www.crompton.co.in/products/4vo1-7-bueu4s,14400.0,14400.0,Color,Black & silver :: SKU=4VO1/7-BUE(U4S) :: ₹14400.00,5,https://cdn.shopify.com/s/files/1/0715/1704/5040/files/artboard1_277b9f24-ac06-4c37-835f-ff388004917b.png?v=1730186857 | https://cdn.shopify.com/s/files/1/0715/1704/5040/files/Artboard2_da2299c6-cb7e-4510-956a-4f74ecb3a220.jpg?v=1730186857 | https://cdn.shopify.com/s/files/1/0715/1704/5040/files/Artboard3_8d9482b5-f63d-4ccd-876d-8ee05fd83fc4.jpg?v=1730186857 | https://cdn.shopify.com/s/files/1/0715/1704/5040/files/Artboard4_0deb8dc0-cc10-4b38-af64-4da202865336.jpg?v=1730186857 | https://cdn.shopify.com/s/files/1/0715/1704/5040/files/Artboard5_1a48f255-080b-4a60-825d-fe410cfdddb3.jpg?v=1730186857,2024-10-29T13:15:41+05:30,2026-09-08T08:56:48+05:30
Crompton,4W14BU2EU - 4 inch Water filled Borewell Submersible Pump 2 HP,4-Inch Borewell Submersibles,"Borewell Subemersible Pump, Residential Pump",4w14bu2eu,https://www.crompton.co.in/products/4w14bu2eu,24225.0,24225.0,Color,Silver :: SKU=4W14BU2EU :: ₹24225.00,5,https://cdn.shopify.com/s/files/1/0715/1704/5040/files/4w-png.png?v=1729769845 | https://cdn.shopify.com/s/files/1/0715/1704/5040/files/4w-pl-1.png?v=1729769845 | https://cdn.shopify.com/s/files/1/0715/1704/5040/files/Artboard1copy2_1b548e70-fcc8-40b9-bad7-40418234c691.png?v=1729769845 | https://cdn.shopify.com/s/files/1/0715/1704/5040/files/Artboard1copy3_ffc9a2d8-ca2f-437e-879f-f6542eca6a94.png?v=1729769845 | https://cdn.shopify.com/s/files/1/0715/1704/5040/files/Artboard1copy_a1468b0c-c976-4fdb-990f-a379d26d4b65.png?v=1729769845,2024-10-25T12:32:36+05:30,2026-09-08T08:56:48+05:30
Crompton,4W14BF1.5E - 4 inch Water filled Borewell Submersible Pump 1 HP,4-Inch Borewell Submersibles,"Borewell Subemersible Pump, Residential Pump",4w14bf1-5e,https://www.crompton.co.in/products/4w14bf1-5e,21075.0,21075.0,Color,Silver :: SKU=4W14BF1.5E :: ₹21075.00,5,https://cdn.shopify.com/s/files/1/0715/1704/5040/files/4w-png.png?v=1729769845 | https://cdn.shopify.com/s/files/1/0715/1704/5040/files/4w-pl-1.png?v=1729769845 | https://cdn.shopify.com/s/files/1/0715/1704/5040/files/Artboard1copy2_1b548e70-fcc8-40b9-bad7-40418234c691.png?v=1729769845 | https://cdn.shopify.com/s/files/1/0715/1704/5040/files/Artboard1copy3_ffc9a2d8-ca2f-437e-879f-f6542eca6a94.png?v=1729769845 | https://cdn.shopify.com/s/files/1/0715/1704/5040/files/Artboard1copy_a1468b0c-c976-4fdb-990f-a379d26d4b65.png?v=1729769845,2024-10-25T12:30:01+05:30,2026-09-08T08:56:48+05:30
Crompton,4W12BF1.5E - 4 inch Water filled Borewell Submersible Pump 1 HP,4-Inch Borewell Submersibles,"Borewell Subemersible Pump, Residential Pump",4w12bf1-5e,https://www.crompton.co.in/products/4w12bf1-5e,20275.0,20275.0,Color,Silver :: SKU=4W12BF1.5E :: ₹20275.00,5,https://cdn.shopify.com/s/files/1/0715/1704/5040/files/4w-png.png?v=1729769845 | https://cdn.shopify.com/s/files/1/0715/1704/5040/files/4w-pl-1.png?v=1729769845 | https://cdn.shopify.com/s/files/1/0715/1704/5040/files/Artboard1copy2_1b548e70-fcc8-40b9-bad7-40418234c691.png?v=1729769845 | https://cdn.shopify.com/s/files/1/0715/1704/5040/files/Artboard1copy3_ffc9a2d8-ca2f-437e-879f-f6542eca6a94.png?v=1729769845 | https://cdn.shopify.com/s/files/1/0715/1704/5040/files/Artboard1copy_a1468b0c-c976-4fdb-990f-a379d26d4b65.png?v=1729769845,2024-10-24T17:27:44+05:30,2026-09-08T08:56:48+05:30
Crompton,4W10BU1AU - 4 inch Water filled Borewell Submersible Pump 1 HP,4-Inch Borewell Submersibles,"Borewell Subemersible Pump, Residential Pump",4w10bu1au,https://www.crompton.co.in/products/4w10bu1au,18075.0,18075.0,Color,Silver :: SKU=4W10BU1AU :: ₹18075.00,5,https://cdn.shopify.com/s/files/1/0715/1704/5040/files/4w-png.png?v=1729769845 | https://cdn.shopify.com/s/files/1/0715/1704/5040/files/4w-pl-1.png?v=1729769845 | https://cdn.shopify.com/s/files/1/0715/1704/5040/files/Artboard1copy2_1b548e70-fcc8-40b9-bad7-40418234c691.png?v=1729769845 | https://cdn.shopify.com/s/files/1/0715/1704/5040/files/Artboard1copy3_ffc9a2d8-ca2f-437e-879f-f6542eca6a94.png?v=1729769845 | https://cdn.shopify.com/s/files/1/0715/1704/5040/files/Artboard1copy_a1468b0c-c976-4fdb-990f-a379d26d4b65.png?v=1729769845,2024-10-24T17:14:35+05:30,2026-09-08T08:56:48+05:30
Crompton,Crompton Power Ray Ranger Pro 3W LED Torch Rechargeable - Black,Led Torch,Led Torch,crompton-power-ray-ranger-pro-3w-led-torch-rechargeable-black,https://www.crompton.co.in/products/crompton-power-ray-ranger-pro-3w-led-torch-rechargeable-black,700.0,700.0,Color,Black :: SKU=LED3WTRCH-RNGP-BLK :: ₹700.00,5,https://cdn.shopify.com/s/files/1/0715/1704/5040/files/rnger-pro.png?v=1722846458 | https://cdn.shopify.com/s/files/1/0715/1704/5040/files/pl1_da60ff8c-21ee-49d3-a4ec-3396edb4fa39.png?v=1722846459 | https://cdn.shopify.com/s/files/1/0715/1704/5040/files/pl2_c67eff76-2495-48fb-b28c-609a96e2eda6.png?v=1722846459 | https://cdn.shopify.com/s/files/1/0715/1704/5040/files/pl3.png?v=1722846458 | https://cdn.shopify.com/s/files/1/0715/1704/5040/files/pl4_a6b914c4-488f-40f1-95b5-46a022ee8133.png?v=1722846458,2024-08-05T13:56:27+05:30,2026-09-08T08:56:48+05:30
Crompton,Crompton Power Ray Rakshak Pro 2W LED Torch Rechageable - Black,Led Torch,Led Torch,crompton-power-ray-rakshak-pro-2w-led-torch-rechageable-black,https://www.crompton.co.in/products/crompton-power-ray-rakshak-pro-2w-led-torch-rechageable-black,650.0,650.0,Color,Black :: SKU=LED2WTRCH-RSKP-BLK :: ₹650.00,5,https://cdn.shopify.com/s/files/1/0715/1704/5040/files/rakshak.png?v=1722844425 | https://cdn.shopify.com/s/files/1/0715/1704/5040/files/Artboard1_12.png?v=1722844425 | https://cdn.shopify.com/s/files/1/0715/1704/5040/files/Artboard2_15.png?v=1722844425 | https://cdn.shopify.com/s/files/1/0715/1704/5040/files/Artboard3_15.png?v=1722844425 | https://cdn.shopify.com/s/files/1/0715/1704/5040/files/Artboard4_12.png?v=1722844425,2024-08-05T13:22:52+05:30,2026-09-08T08:56:48+05:30
Crompton,Crompton Power Ray Dual Pro 1W LED Torch Rechargeable - Orange,Led Torch,Led Torch,crompton-power-ray-dual-pro-1w-led-torch-rechargeable-orange,https://www.crompton.co.in/products/crompton-power-ray-dual-pro-1w-led-torch-rechargeable-orange,450.0,450.0,Color,Orange :: SKU=LED1WTRCH-DUAP-ORG :: ₹450.00,5,https://cdn.shopify.com/s/files/1/0715/1704/5040/files/dual-pro.png?v=1722843979 | https://cdn.shopify.com/s/files/1/0715/1704/5040/files/Artboard1_11.png?v=1722843979 | https://cdn.shopify.com/s/files/1/0715/1704/5040/files/Artboard2_14.png?v=1722843979 | https://cdn.shopify.com/s/files/1/0715/1704/5040/files/dual-pro-pl.jpg?v=1724396174 | https://cdn.shopify.com/s/files/1/0715/1704/5040/files/Artboard4_11.png?v=1722843979,2024-08-05T13:15:18+05:30,2026-09-08T08:56:48+05:30
Crompton,Crompton Power Ray Fighter 1W LED Torch Dry-Cell - Orange,Led Torch,Led Torch,crompton-power-ray-fighter-1w-led-torch-dry-cell-orange,https://www.crompton.co.in/products/crompton-power-ray-fighter-1w-led-torch-dry-cell-orange,270.0,270.0,Color,Orange :: SKU=LED1WTRCH-FTR-ORG :: ₹270.00,5,https://cdn.shopify.com/s/files/1/0715/1704/5040/files/fighter.png?v=1722843505 | https://cdn.shopify.com/s/files/1/0715/1704/5040/files/Artboard1_10.png?v=1722843505 | https://cdn.shopify.com/s/files/1/0715/1704/5040/files/fighter-pl.jpg?v=1724396834 | https://cdn.shopify.com/s/files/1/0715/1704/5040/files/Artboard3_13.png?v=1722843504 | https://cdn.shopify.com/s/files/1/0715/1704/5040/files/Artboard5_4.png?v=1722843505,2024-08-05T13:07:03+05:30,2026-09-08T08:56:48+05:30
Crompton,Crompton Power Ray Chamak 1W LED Torch Dry-Cell - Blue,Led Torch,Led Torch,crompton-power-ray-chamak-1w-led-torch-dry-cell-blue,https://www.crompton.co.in/products/crompton-power-ray-chamak-1w-led-torch-dry-cell-blue,250.0,250.0,Color,Blue :: SKU=LED1WTRCH-CMK-BLU :: ₹250.00,5,https://cdn.shopify.com/s/files/1/0715/1704/5040/files/chamak.png?v=1722842819 | https://cdn.shopify.com/s/files/1/0715/1704/5040/files/chamalpl.png?v=1722842819 | https://cdn.shopify.com/s/files/1/0715/1704/5040/files/Artboard2_12.png?v=1722842820 | https://cdn.shopify.com/s/files/1/0715/1704/5040/files/Artboard3_12.png?v=1722842820 | https://cdn.shopify.com/s/files/1/0715/1704/5040/files/Artboard5_3.png?v=1722842819,2024-08-05T12:56:31+05:30,2026-09-08T08:56:48+05:30
Crompton,Crompton Power Ray Beamer 1W LED Torch Dry-Cell - Orange,Led Torch,Led Torch,crompton-power-ray-beamer-1w-led-torch-dry-cell-orange,https://www.crompton.co.in/products/crompton-power-ray-beamer-1w-led-torch-dry-cell-orange,200.0,200.0,Color,Orange :: SKU=LED1WTRCH-BM-ORG :: ₹200.00,5,https://cdn.shopify.com/s/files/1/0715/1704/5040/files/beamer.png?v=1722841759 | https://cdn.shopify.com/s/files/1/0715/1704/5040/files/beamerpl.png?v=1722841759 | https://cdn.shopify.com/s/files/1/0715/1704/5040/files/Artboard2_11.png?v=1722841759 | https://cdn.shopify.com/s/files/1/0715/1704/5040/files/Artboard3_11.png?v=1722841759 | https://cdn.shopify.com/s/files/1/0715/1704/5040/files/Artboard5_1_faf40440-860d-4229-8682-2ae0d10c603a.png?v=1722841759,2024-08-05T12:36:42+05:30,2026-09-08T08:56:48+05:30
Crompton,10W Star Glaze NXT Round Recessed Junction Box Downlighter,Ceiling Lights,Led Downlighter,10w-star-glaze-nxt-round-recessed-junction-box-downlighter,https://www.crompton.co.in/products/10w-star-glaze-nxt-round-recessed-junction-box-downlighter,350.0,350.0,Color,Cool Day Light :: SKU=LDRGLZ10-CDL :: ₹350.00 | Natural White :: SKU=LDRGLZ10-NW :: ₹350.00 | Warm White :: SKU=LDRGLZ10-WW :: ₹350.00,6,https://cdn.shopify.com/s/files/1/0715/1704/5040/files/strglznxtpng_85823017-60a0-4d8f-94fd-bfa3f4c91d7d.png?v=1721624962 | https://cdn.shopify.com/s/files/1/0715/1704/5040/files/1_6_cc9f0f46-e685-4f4a-b0d6-49665f956dee.jpg?v=1721624962 | https://cdn.shopify.com/s/files/1/0715/1704/5040/files/2_6_388df032-9809-48ed-aa29-df81c2d80753.jpg?v=1721624962 | https://cdn.shopify.com/s/files/1/0715/1704/5040/files/3_6_329bcc33-26d7-476b-82c2-e36e999bbcaf.jpg?v=1721624962 | https://cdn.shopify.com/s/files/1/0715/1704/5040/files/4_6_1ccf8ddd-cf8e-4f0b-8839-98ad6a348d21.jpg?v=1721624962 | https://cdn.shopify.com/s/files/1/0715/1704/5040/files/5_1_2f63e9a3-9252-4a03-bc62-477bc275944f.jpg?v=1721624962,2024-06-12T19:12:00+05:30,2026-09-08T08:56:48+05:30
Crompton,8W Star Glaze NXT Round Recessed Junction Box Downlighter,Ceiling Lights,Led Downlighter,8w-star-glaze-nxt-round-recessed-junction-box-downlighter,https://www.crompton.co.in/products/8w-star-glaze-nxt-round-recessed-junction-box-downlighter,300.0,300.0,Color,Blue :: SKU=LDRGLZ8-BLU :: ₹300.00 | Cool Day Light :: SKU=LDRGLZ8-CDL :: ₹300.00 | Green :: SKU=LDRGLZ8-GRN :: ₹300.00 | Natural White :: SKU=LDRGLZ8-NW :: ₹300.00 | Pink :: SKU=LDRGLZ8-PNK :: ₹300.00 | Red :: SKU=LDRGLZ8-RED :: ₹300.00 | Warm White :: SKU=LDRGLZ8-WW :: ₹300.00,6,https://cdn.shopify.com/s/files/1/0715/1704/5040/files/strglznxtpng_72953d4a-3463-4a81-9b99-410d03fd7881.png?v=1721624072 | https://cdn.shopify.com/s/files/1/0715/1704/5040/files/1_6.jpg?v=1721624072 | https://cdn.shopify.com/s/files/1/0715/1704/5040/files/2_6.jpg?v=1721624072 | https://cdn.shopify.com/s/files/1/0715/1704/5040/files/3_6.jpg?v=1721624072 | https://cdn.shopify.com/s/files/1/0715/1704/5040/files/4_6.jpg?v=1721624072 | https://cdn.shopify.com/s/files/1/0715/1704/5040/files/5_1.jpg?v=1721624072,2024-06-12T18:13:55+05:30,2026-09-08T08:56:48+05:30
Crompton,20W Senso Batten,Battens,"category-batten, LED Battens",20w-senso-batten,https://www.crompton.co.in/products/20w-senso-batten,999.0,999.0,Color,Cool Day Light :: SKU=LDSENS20-CDL :: ₹999.00,5,https://cdn.shopify.com/s/files/1/0715/1704/5040/files/png_e890389a-8f97-4e34-bcba-25e32b3e8d96.png?v=1721306081 | https://cdn.shopify.com/s/files/1/0715/1704/5040/files/senso-batten-pl-1_bccd3659-9745-4439-b2e2-995c10e5baa1.jpg?v=1721306081 | https://cdn.shopify.com/s/files/1/0715/1704/5040/files/senso-batten-pl-2_ad407517-c80c-41b6-ad9c-5e929d919dd9.jpg?v=1721306081 | https://cdn.shopify.com/s/files/1/0715/1704/5040/files/senso-batten-pl-4_356123b1-d6c1-4cf8-99f6-d89f5ef9ca7a.jpg?v=1721306081 | https://cdn.shopify.com/s/files/1/0715/1704/5040/files/senso-batten-pl-3_a6299762-c380-4302-8987-b700c539f95e.jpg?v=1721306081,2024-05-10T18:59:02+05:30,2026-09-08T08:56:48+05:30
Crompton,Crompton Trio Bulb,Bulbs,"category-bulbs, Led Bulb",crompton-trio-bulb,https://www.crompton.co.in/products/crompton-trio-bulb,375.0,375.0,Title,Default Title :: SKU=LEDTRIO12WNDFWBC+W :: ₹375.00,6,https://cdn.shopify.com/s/files/1/0715/1704/5040/files/png_34d75085-289f-4a51-ae1f-68f903723c7e.png?v=1721022455 | https://cdn.shopify.com/s/files/1/0715/1704/5040/files/Artboard1_62d49668-5091-42e2-840c-4fbc00b5c821.png?v=1721022455 | https://cdn.shopify.com/s/files/1/0715/1704/5040/files/Artboard2_b186d448-6777-4008-9786-83abed1f2701.png?v=1721022455 | https://cdn.shopify.com/s/files/1/0715/1704/5040/files/Artboard3_886dc07a-8847-4f4c-9021-7074bb13ba32.png?v=1721022455 | https://cdn.shopify.com/s/files/1/0715/1704/5040/files/Artboard4_cba34c13-0c95-4d24-bd99-90f3ad18fef1.png?v=1721022455 | https://cdn.shopify.com/s/files/1/0715/1704/5040/files/Artboard5_33fc713c-4f6c-44b5-9b83-1b6367e255e6.png?v=1721022455,2024-07-15T11:15:49+05:30,2026-09-08T08:56:48+05:30
Crompton,Crompton 20W SlimO Batten,Battens,"category-batten, LED Battens",crompton-20w-slimo-batten,https://www.crompton.co.in/products/crompton-20w-slimo-batten,900.0,900.0,Color,Cool Day Light :: SKU=LDSLIMO20-CDL :: ₹900.00,6,https://cdn.shopify.com/s/files/1/0715/1704/5040/files/slimo_1.png?v=1721887725 | https://cdn.shopify.com/s/files/1/0715/1704/5040/files/1_bfef60ba-643c-4461-b194-da0014389fd6.png?v=1721019103 | https://cdn.shopify.com/s/files/1/0715/1704/5040/files/2_ee66e50d-9418-4575-9e58-8e6452f9fa33.png?v=1721019103 | https://cdn.shopify.com/s/files/1/0715/1704/5040/files/3_e263e8bc-c02e-404e-9df6-57338f9749ce.png?v=1721019103 | https://cdn.shopify.com/s/files/1/0715/1704/5040/files/4_88f4a093-0aa7-4832-a956-242098060ca8.png?v=1721019103 | https://cdn.shopify.com/s/files/1/0715/1704/5040/files/5_054f6893-60d8-4d63-9bc0-ebed740ff6db.png?v=1721019103,2024-07-15T10:21:07+05:30,2026-09-08T08:56:48+05:30
Crompton,Crompton 20W Premion Deco Batten,Battens,"category-batten, LED Battens",crompton-20w-premion-deco-batten,https://www.crompton.co.in/products/crompton-20w-premion-deco-batten,775.0,775.0,Color,Cool Day Light :: SKU=LDPRMN20-CDL :: ₹775.00,7,https://cdn.shopify.com/s/files/1/0715/1704/5040/files/png_f32501ec-0131-47e4-83f1-e8fd1e6c7f65.png?v=1721018193 | https://cdn.shopify.com/s/files/1/0715/1704/5040/files/premion-batten-pl-1.jpg?v=1721018193 | https://cdn.shopify.com/s/files/1/0715/1704/5040/files/premion-batten-pl-2.jpg?v=1721018193 | https://cdn.shopify.com/s/files/1/0715/1704/5040/files/premion-batten-pl-3.jpg?v=1721018193 | https://cdn.shopify.com/s/files/1/0715/1704/5040/files/premion-batten-pl-4.jpg?v=1721018194 | https://cdn.shopify.com/s/files/1/0715/1704/5040/files/premion-batten-pl-5.jpg?v=1721018193 | https://cdn.shopify.com/s/files/1/0715/1704/5040/files/premion-batten-pl-6.jpg?v=1721018193,2024-07-15T10:04:41+05:30,2026-09-08T08:56:48+05:30
Crompton,TRIO PANEL 15W ROUND C+W,Ceiling Lights,,trio-panel-15w-round-c-w,https://www.crompton.co.in/products/trio-panel-15w-round-c-w,1400.0,1400.0,Color,Cool Day Light :: SKU=LSDRTRIO-15W-C+W :: ₹1400.00 | Warm White :: SKU=LSDRTRIO-15W-C+W :: ₹1400.00 | Natural White :: SKU=LSDRTRIO-15W-C+W :: ₹1400.00,5,https://cdn.shopify.com/s/files/1/0715/1704/5040/files/png_5bfd9d5f-fc45-49cc-98a1-d144eb3a8845.png?v=1715342617 | https://cdn.shopify.com/s/files/1/0715/1704/5040/files/pl-1_8095a08f-45cd-432d-afba-60d297ee5e59.jpg?v=1715342617 | https://cdn.shopify.com/s/files/1/0715/1704/5040/files/pl-2_51ca5948-596c-402c-b19f-264720f6c3b2.jpg?v=1715342617 | https://cdn.shopify.com/s/files/1/0715/1704/5040/files/pl-3.jpg?v=1715342617 | https://cdn.shopify.com/s/files/1/0715/1704/5040/files/pl-4_c30f8e4b-f6ef-42df-8664-ef5e2b3de743.jpg?v=1715342617,2024-05-10T17:31:55+05:30,2026-09-08T08:56:48+05:30
Crompton,36W Laser Ray Neo Maxx Led Batten,Battens,"category-batten, LED Battens",36w-laser-ray-neo-maxx-led-batten,https://www.crompton.co.in/products/36w-laser-ray-neo-maxx-led-batten,950.0,950.0,Color,Cool Day Light :: SKU=LDLSRNX36-CDL(Maxx) :: ₹950.00 | Natural White :: SKU=LDLSRNX36-NW(Maxx) :: ₹950.00 | Warm White :: SKU=LDLSRNX36-WW(Maxx) :: ₹950.00,5,https://cdn.shopify.com/s/files/1/0715/1704/5040/files/laserrayneomaxx_d36c4012-e1d4-4290-81c3-b5f6aab15949.png?v=1714201085 | https://cdn.shopify.com/s/files/1/0715/1704/5040/files/LaserRayNeoMaxxPL01_d64b96a2-f200-49c2-be05-b43fece44518.jpg?v=1714201085 | https://cdn.shopify.com/s/files/1/0715/1704/5040/files/LaserRayNeoMaxxPL02_4a9e4a91-b8d4-4571-956f-43c1cc61def9.jpg?v=1714201085 | https://cdn.shopify.com/s/files/1/0715/1704/5040/files/LaserRayNeoMaxxPL03_a9d17142-72b3-46d4-9720-6790dbdf8b63.jpg?v=1714201085 | https://cdn.shopify.com/s/files/1/0715/1704/5040/files/LaserRayNeomaxxPL011_48a5ad6c-a509-4cf8-a606-ab095ccf5880.jpg?v=1714201085,2024-04-27T12:27:57+05:30,2026-09-08T08:56:48+05:30
Crompton,28W Laser RayNeo Maxx Led Batten,Battens,"category-batten, LED Battens",28w-laser-rayneo-maxx-led-batten,https://www.crompton.co.in/products/28w-laser-rayneo-maxx-led-batten,750.0,750.0,Color,Cool Day Light :: SKU=LDLSRNX28-CDL(Maxx) :: ₹750.00 | Natural White :: SKU=LDLSRNX28-NW(Maxx) :: ₹750.00 | Warm White :: SKU=LDLSRNX28-WW(Maxx) :: ₹750.00,5,https://cdn.shopify.com/s/files/1/0715/1704/5040/files/laserrayneomaxx.png?v=1714197770 | https://cdn.shopify.com/s/files/1/0715/1704/5040/files/LaserRayNeoMaxxPL01.jpg?v=1714197770 | https://cdn.shopify.com/s/files/1/0715/1704/5040/files/LaserRayNeoMaxxPL02.jpg?v=1714197770 | https://cdn.shopify.com/s/files/1/0715/1704/5040/files/LaserRayNeoMaxxPL03.jpg?v=1714197770 | https://cdn.shopify.com/s/files/1/0715/1704/5040/files/LaserRayNeomaxxPL011.jpg?v=1714197770,2024-04-27T11:32:29+05:30,2026-09-08T08:56:48+05:30
Crompton,25W Star Dura Pro Square Led Recess Panel,Ceiling Lights,"Bedroom Lights, Led Panel, Round Led Recess Panel, type-with-false-ceiling, usege-regular",25w-star-dura-pro-square-led-recess-panel,https://www.crompton.co.in/products/25w-star-dura-pro-square-led-recess-panel,2000.0,2000.0,Color,Cool Day Light :: SKU=LSDSSDP-25W-CDL :: ₹2000.00 | Natural White :: SKU=LSDSSDP-25W-NW :: ₹2000.00 | Warm White :: SKU=LSDSSDP-25W-WW :: ₹2000.00,4,https://cdn.shopify.com/s/files/1/0715/1704/5040/files/SDES_SQAURE_FRONT_940b06fb-d18c-4a78-b766-4188c759c708.png?v=1712915101 | https://cdn.shopify.com/s/files/1/0715/1704/5040/files/Star_dura_pro_pL_copy.jpg?v=1725987679 | https://cdn.shopify.com/s/files/1/0715/1704/5040/files/duraeyes1_1_1_48ad2288-84d8-4036-afa5-f2a7834e09e5.jpg?v=1726032513 | https://cdn.shopify.com/s/files/1/0715/1704/5040/files/duraeyes1_4_1_eb9a724a-5b11-4610-82d1-3a3494d98d38.jpg?v=1726032513,2023-08-24T13:09:46+05:30,2026-09-08T08:56:48+05:30
Crompton,22W Star Dura Pro Square Led Recess Panel,Ceiling Lights,"Bedroom Lights, Led Panel, Round Led Recess Panel, type-with-false-ceiling, usege-regular",22w-star-dura-pro-square-led-recess-panel,https://www.crompton.co.in/products/22w-star-dura-pro-square-led-recess-panel,1200.0,1200.0,Color,Cool Day Light :: SKU=LSDSSDP-22W-CDL :: ₹1200.00 | Natural White :: SKU=LSDSSDP-22W-NW :: ₹1200.00 | Warm White :: SKU=LSDSSDP-22W-WW :: ₹1200.00,4,https://cdn.shopify.com/s/files/1/0715/1704/5040/files/SDES_SQAURE_FRONT_1f808694-7bed-4955-b9c6-f48843d76aa6.png?v=1712915099 | https://cdn.shopify.com/s/files/1/0715/1704/5040/files/Star_dura_pro_pL_copy.jpg?v=1725987679 | https://cdn.shopify.com/s/files/1/0715/1704/5040/files/duraeyes1_1_1_63ef3390-f61e-42b5-a42d-69f1172c378e.jpg?v=1726031448 | https://cdn.shopify.com/s/files/1/0715/1704/5040/files/duraeyes1_4_1_ad9bb4fd-6c6b-4aa8-980b-920736401038.jpg?v=1726031448,2023-08-24T13:06:41+05:30,2026-09-08T08:56:48+05:30
Crompton,18W Star Dura Pro Square Led Recess Panel,Ceiling Lights,"Bedroom Lights, Led Panel, Round Led Recess Panel, type-with-false-ceiling, usege-regular",18w-star-dura-pro-square-led-recess-panel,https://www.crompton.co.in/products/18w-star-dura-pro-square-led-recess-panel,1100.0,1100.0,Color,Cool Day Light :: SKU=LSDSSDP-18W-CDL :: ₹1100.00 | Natural White :: SKU=LSDSSDP-18W-NW :: ₹1100.00 | Warm White :: SKU=LSDSSDP-18W-WW :: ₹1100.00,4,https://cdn.shopify.com/s/files/1/0715/1704/5040/files/SDES_SQAURE_FRONT_4e7b875f-6e70-4aa5-a69f-5621271255d9.png?v=1712915098 | https://cdn.shopify.com/s/files/1/0715/1704/5040/files/Star_dura_pro_pL_copy.jpg?v=1725987679 | https://cdn.shopify.com/s/files/1/0715/1704/5040/files/duraeyes1_1_1_06b7f2c4-1a35-49b3-aba2-b1c5042586c6.jpg?v=1726030387 | https://cdn.shopify.com/s/files/1/0715/1704/5040/files/duraeyes1_4_1_91023be9-734c-435f-8b19-6befc0c844aa.jpg?v=1726030387,2023-08-24T13:00:58+05:30,2026-09-08T08:56:48+05:30
Crompton,15W Star Dura Pro Square Led Recess Panel,Ceiling Lights,"Bedroom Lights, Led Panel, Round Led Recess Panel, type-with-false-ceiling, usege-regular",15w-star-dura-pro-square-led-recess-panel,https://www.crompton.co.in/products/15w-star-dura-pro-square-led-recess-panel,1000.0,1000.0,Color,Cool Day Light :: SKU=LSDSSDP-15W-CDL :: ₹1000.00 | Natural White :: SKU=LSDSSDP-15W-NW :: ₹1000.00 | Warm White :: SKU=LSDSSDP-15W-WW :: ₹1000.00,4,https://cdn.shopify.com/s/files/1/0715/1704/5040/files/SDES_SQAURE_FRONT_610f5bd0-7ae1-4aed-9c57-d065b79bd857.png?v=1712915095 | https://cdn.shopify.com/s/files/1/0715/1704/5040/files/Star_dura_pro_pL_copy.jpg?v=1725987679 | https://cdn.shopify.com/s/files/1/0715/1704/5040/files/duraeyes1_1_1_717b3cf9-2edb-4be5-8d26-51447b5b157d.jpg?v=1725992393 | https://cdn.shopify.com/s/files/1/0715/1704/5040/files/duraeyes1_4_1_dafc45e3-b0d9-4b90-9754-faa9aa4fd64c.jpg?v=1725992393,2023-08-24T12:58:07+05:30,2026-09-08T08:56:48+05:30
Crompton,12W Star Dura Pro Square Led Recess Panel,Ceiling Lights,"Bedroom Lights, Led Panel, Round Led Recess Panel, type-with-false-ceiling, usege-regular",12w-star-dura-pro-square-led-recess-panel,https://www.crompton.co.in/products/12w-star-dura-pro-square-led-recess-panel,900.0,900.0,Color,Cool Day Light :: SKU=LSDSSDP-12W-CDL :: ₹900.00 | Natural White :: SKU=LSDSSDP-12W-NW :: ₹900.00 | Warm White :: SKU=LSDSSDP-12W-WW :: ₹900.00,4,https://cdn.shopify.com/s/files/1/0715/1704/5040/files/SDES_SQAURE_FRONT_35342577-c953-41f4-abcd-cd16c575d811.png?v=1712915043 | https://cdn.shopify.com/s/files/1/0715/1704/5040/files/Star_dura_pro_pL_copy.jpg?v=1725987679 | https://cdn.shopify.com/s/files/1/0715/1704/5040/files/duraeyes1_1_1_2006ca33-d1ab-4b58-ab7d-76093628589d.jpg?v=1725989766 | https://cdn.shopify.com/s/files/1/0715/1704/5040/files/duraeyes1_4_1_ff376979-d54d-4a0a-811e-b4cede78c6b0.jpg?v=1725989766,2023-08-24T12:55:22+05:30,2026-09-08T08:56:48+05:30
Crompton,9W Star Dura Pro Square Led Recess Panel,Ceiling Lights,"Bedroom Lights, Led Panel, Round Led Recess Panel, type-with-false-ceiling, usege-regular",9w-star-dura-pro-square-led-recess-panel,https://www.crompton.co.in/products/9w-star-dura-pro-square-led-recess-panel,800.0,800.0,Color,Cool Day Light :: SKU=LSDSSDP-9W-CDL :: ₹800.00 | Natural White :: SKU=LSDSSDP-9W-NW :: ₹800.00 | Warm White :: SKU=LSDSSDP-9W-WW :: ₹800.00,4,https://cdn.shopify.com/s/files/1/0715/1704/5040/files/SDES_SQAURE_FRONT_ae4db61b-f65a-4298-8c9d-439d85c3adc7.png?v=1712914937 | https://cdn.shopify.com/s/files/1/0715/1704/5040/files/Star_dura_pro_pL_copy.jpg?v=1725987679 | https://cdn.shopify.com/s/files/1/0715/1704/5040/files/duraeyes1_1_1_07c4076d-6d10-494a-89e2-bcf776be2b3c.jpg?v=1726037722 | https://cdn.shopify.com/s/files/1/0715/1704/5040/files/duraeyes1_4_1_3be6787a-91eb-4be5-8874-c4380851b994.jpg?v=1726037722,2023-08-24T12:53:32+05:30,2026-09-08T08:56:48+05:30
Crompton,6W Star Dura Pro Square Led Recess Panel,Ceiling Lights,"Bedroom Lights, Led Panel, Round Led Recess Panel, type-with-false-ceiling, usege-regular",6w-star-dura-pro-square-led-recess-panel,https://www.crompton.co.in/products/6w-star-dura-pro-square-led-recess-panel,600.0,600.0,Color,Cool Day Light :: SKU=LSDSSDP-6W-CDL :: ₹600.00 | Natural White :: SKU=LSDSSDP-6W-NW :: ₹600.00 | Warm White :: SKU=LSDSSDP-6W-WW :: ₹600.00,4,https://cdn.shopify.com/s/files/1/0715/1704/5040/files/SDES_SQAURE_FRONT_d93165f6-e3fe-4f4b-a10e-0aa2c6ab003b.png?v=1712914879 | https://cdn.shopify.com/s/files/1/0715/1704/5040/files/Star_dura_pro_pL_copy.jpg?v=1725987679 | https://cdn.shopify.com/s/files/1/0715/1704/5040/files/duraeyes1_1_1_67b2e06e-0463-4925-a7d1-0585e4254d5d.jpg?v=1726035788 | https://cdn.shopify.com/s/files/1/0715/1704/5040/files/duraeyes1_4_1_afb7063a-0ac0-4d6a-add0-39e093201ec4.jpg?v=1726035788,2023-08-24T12:47:14+05:30,2026-09-08T08:56:48+05:30
Crompton,3W Star Dura Pro Square Led Recess Panel,Ceiling Lights,"Bedroom Lights, Led Panel, Round Led Recess Panel, type-with-false-ceiling, usege-regular",3w-star-dura-pro-square-led-recess-panel,https://www.crompton.co.in/products/3w-star-dura-pro-square-led-recess-panel,425.0,425.0,Color,Cool Day Light :: SKU=LSDSSDP-3W-CDL :: ₹425.00 | Natural White :: SKU=LSDSSDP-3W-NW :: ₹425.00 | Warm White :: SKU=LSDSSDP-3W-WW :: ₹425.00,4,https://cdn.shopify.com/s/files/1/0715/1704/5040/files/SDES_SQAURE_FRONT.png?v=1712908734 | https://cdn.shopify.com/s/files/1/0715/1704/5040/files/duraeyes1_1_1_94bbc19b-7d8a-4e79-873b-87a3e7d1a362.jpg?v=1712908734 | https://cdn.shopify.com/s/files/1/0715/1704/5040/files/duraeyes1_4_1_81ba8b37-409c-48fe-9bb0-da4eb792fb36.jpg?v=1712908734 | https://cdn.shopify.com/s/files/1/0715/1704/5040/files/Star_dura_pro_pL_copy.jpg?v=1725987679,2023-08-24T12:34:04+05:30,2026-09-08T08:56:48+05:30
Crompton,22W Star Dura Pro Round Led Recess Panel,Ceiling Lights,"Bedroom Lights, Led Panel, Round Led Recess Panel, type-with-false-ceiling, usege-regular",22w-star-dura-pro-round-led-recess-panel,https://www.crompton.co.in/products/22w-star-dura-pro-round-led-recess-panel,1200.0,1200.0,Color,Cool Day Light :: SKU=LSDRSDP-22W-CDL :: ₹1200.00 | Natural White :: SKU=LSDRSDP-22W-NW :: ₹1200.00 | Warm White :: SKU=LSDRSDP-22W-WW :: ₹1200.00,4,https://cdn.shopify.com/s/files/1/0715/1704/5040/files/Untitled-1_c4e20fc6-ed91-4493-9d60-7d6d87c4d896.png?v=1694617943 | https://cdn.shopify.com/s/files/1/0715/1704/5040/files/Star_dura_pro_pL_copy.jpg?v=1725987679 | https://cdn.shopify.com/s/files/1/0715/1704/5040/files/duraeyes1_1_1_3ed6186b-0667-4055-8209-8efb4897b05a.jpg?v=1726030851 | https://cdn.shopify.com/s/files/1/0715/1704/5040/files/duraeyes1_4_1_6b3be15b-0fe2-4be8-b9dd-6cf5afe871c6.jpg?v=1726030851,2023-08-24T12:17:30+05:30,2026-09-08T08:56:48+05:30
Crompton,18W Star Dura Pro Round Led Recess Panel,Ceiling Lights,"Bedroom Lights, Led Panel, Round Led Recess Panel, type-with-false-ceiling, usege-regular",18w-star-dura-pro-round-led-recess-panel,https://www.crompton.co.in/products/18w-star-dura-pro-round-led-recess-panel,1100.0,1100.0,Color,Cool Day Light :: SKU=LSDRSDP-18W-CDL :: ₹1100.00 | Natural White :: SKU=LSDRSDP-18W-NW :: ₹1100.00 | Warm White :: SKU=LSDRSDP-18W-WW :: ₹1100.00,4,https://cdn.shopify.com/s/files/1/0715/1704/5040/files/Untitled-1_813b168d-9360-45b2-962e-8f847be07869.png?v=1694617905 | https://cdn.shopify.com/s/files/1/0715/1704/5040/files/Star_dura_pro_pL_copy.jpg?v=1725987679 | https://cdn.shopify.com/s/files/1/0715/1704/5040/files/duraeyes1_1_1_3f005317-a14d-49be-96c7-f65fa103450c.jpg?v=1726029816 | https://cdn.shopify.com/s/files/1/0715/1704/5040/files/duraeyes1_4_1_86368cad-9aad-46b8-a4c0-d580ea4187f0.jpg?v=1726029816,2023-08-24T12:13:15+05:30,2026-09-08T08:56:48+05:30
Crompton,15W Star Dura Pro Round Led Recess Panel,Ceiling Lights,"Bedroom Lights, Led Panel, Round Led Recess Panel, type-with-false-ceiling, usege-regular",15w-star-dura-pro-round-led-recess-panel,https://www.crompton.co.in/products/15w-star-dura-pro-round-led-recess-panel,1000.0,1000.0,Color,Cool Day Light :: SKU=LSDRSDP-15W-CDL :: ₹1000.00 | Natural White :: SKU=LSDRSDP-15W-NW :: ₹1000.00 | Warm White :: SKU=LSDRSDP-15W-WW :: ₹1000.00,4,https://cdn.shopify.com/s/files/1/0715/1704/5040/files/Untitled-1_0ffd1db4-c322-4a89-9150-14d7abc0cb01.png?v=1694173393 | https://cdn.shopify.com/s/files/1/0715/1704/5040/files/Star_dura_pro_pL_copy.jpg?v=1725987679 | https://cdn.shopify.com/s/files/1/0715/1704/5040/files/duraeyes1_1_1_4a7a57d0-fd9c-4d57-8591-c47eaabaecc3.jpg?v=1725991281 | https://cdn.shopify.com/s/files/1/0715/1704/5040/files/duraeyes1_4_1_cd6bcf83-d4dd-4af2-8f88-f431c108a0c8.jpg?v=1725991281,2023-08-24T12:09:53+05:30,2026-09-08T08:56:48+05:30
Crompton,12W Star Dura Pro Round Led Recess Panel,Ceiling Lights,"Bedroom Lights, Led Panel, Round Led Recess Panel, type-with-false-ceiling, usege-regular",12w-star-dura-pro-round-led-recess-panel,https://www.crompton.co.in/products/12w-star-dura-pro-round-led-recess-panel,900.0,900.0,Color,Cool Day Light :: SKU=LSDRSDP-12W-CDL :: ₹900.00 | Natural White :: SKU=LSDRSDP-12W-NW :: ₹900.00 | Warm White :: SKU=LSDRSDP-12W-WW :: ₹900.00,4,https://cdn.shopify.com/s/files/1/0715/1704/5040/files/Untitled-1_3ee1d2ca-ee25-4a2f-b469-dfe5371bfb47.png?v=1694165488 | https://cdn.shopify.com/s/files/1/0715/1704/5040/files/Star_dura_pro_pL_copy.jpg?v=1725987679 | https://cdn.shopify.com/s/files/1/0715/1704/5040/files/duraeyes1_1_1_53bcae2e-e9aa-4956-9f55-14107a18fad4.jpg?v=1725987688 | https://cdn.shopify.com/s/files/1/0715/1704/5040/files/duraeyes1_4_1_b84b53ce-4092-40b4-a405-93bdd0a5fbe5.jpg?v=1725987688,2023-08-24T12:06:54+05:30,2026-09-08T08:56:48+05:30
Crompton,9W Star Dura Pro Round Led Recess Panel,Ceiling Lights,"Bedroom Lights, Led Panel, Round Led Recess Panel, type-with-false-ceiling, usege-regular",9w-star-dura-pro-round-led-recess-panel,https://www.crompton.co.in/products/9w-star-dura-pro-round-led-recess-panel,800.0,800.0,Color,Cool Day Light :: SKU=LSDRSDP-9W-CDL :: ₹800.00 | Natural White :: SKU=LSDRSDP-9W-NW :: ₹800.00 | Warm White :: SKU=LSDRSDP-9W-WW :: ₹800.00,4,https://cdn.shopify.com/s/files/1/0715/1704/5040/files/Untitled-1_d6bf3b38-17fc-4d56-9e91-5854c2d05802.png?v=1694617861 | https://cdn.shopify.com/s/files/1/0715/1704/5040/files/Star_dura_pro_pL_copy.jpg?v=1725987679 | https://cdn.shopify.com/s/files/1/0715/1704/5040/files/duraeyes1_1_1_95cb9eb6-03db-4255-a237-e1dfd5c1d09e.jpg?v=1726037187 | https://cdn.shopify.com/s/files/1/0715/1704/5040/files/duraeyes1_4_1_7905b2ed-462c-4c6c-bd1c-3b0f17b7eb72.jpg?v=1726037187,2023-08-24T12:04:05+05:30,2026-09-08T08:56:48+05:30
Crompton,6W Star Dura Pro Round Led Recess Panel,Ceiling Lights,"Bedroom Lights, Led Panel, Round Led Recess Panel, type-with-false-ceiling, usege-regular",6w-star-dura-pro-round-led-recess-panel,https://www.crompton.co.in/products/6w-star-dura-pro-round-led-recess-panel,600.0,600.0,Color,Cool Day Light :: SKU=LSDRSDP-6W-CDL :: ₹600.00 | Natural White :: SKU=LSDRSDP-6W-NW :: ₹600.00 | Warm White :: SKU=LSDRSDP-6W-WW :: ₹600.00,4,https://cdn.shopify.com/s/files/1/0715/1704/5040/files/Untitled-1_50b2e364-f29d-460d-be4b-a14f614904c0.png?v=1694617823 | https://cdn.shopify.com/s/files/1/0715/1704/5040/files/Star_dura_pro_pL_copy.jpg?v=1725987679 | https://cdn.shopify.com/s/files/1/0715/1704/5040/files/duraeyes1_1_1_c3c6d05d-fd9c-483c-9341-0ec430b3b23a.jpg?v=1726035377 | https://cdn.shopify.com/s/files/1/0715/1704/5040/files/duraeyes1_4_1_0aaa89d6-8dd3-4a2f-b1d0-ee33cf59535f.jpg?v=1726035377,2023-08-24T11:52:56+05:30,2026-09-08T08:56:48+05:30
Crompton,3W Star Dura Pro Round Led Recess Panel,Ceiling Lights,"Bedroom Lights, Led Panel, Round Led Recess Panel, type-with-false-ceiling, usege-regular",3w-star-dura-pro-round-led-recess-panel,https://www.crompton.co.in/products/3w-star-dura-pro-round-led-recess-panel,400.0,400.0,Color,Cool Day Light :: SKU=LSDRSDP-3W-CDL :: ₹400.00 | Natural White :: SKU=LSDRSDP-3W-NW :: ₹400.00 | Warm White :: SKU=LSDRSDP-3W-WW :: ₹400.00,4,https://cdn.shopify.com/s/files/1/0715/1704/5040/files/Untitled-1_1eb35913-a950-40ba-afe2-10303d4a65ef.png?v=1694617779 | https://cdn.shopify.com/s/files/1/0715/1704/5040/files/Star_dura_pro_pL_copy.jpg?v=1725987679 | https://cdn.shopify.com/s/files/1/0715/1704/5040/files/duraeyes1_1_1.jpg?v=1726034142 | https://cdn.shopify.com/s/files/1/0715/1704/5040/files/duraeyes1_4_1.jpg?v=1726034142,2023-08-24T11:29:17+05:30,2026-09-08T08:56:48+05:30
Crompton,Solarion Lunar Bollard Garden Lamp (Metal with B22 Holder),Outdoor Lights,Gate and Outdoor Lamps,solarion-lunar-bollard-garden-lamp-metal-with-b22-holder,https://www.crompton.co.in/products/solarion-lunar-bollard-garden-lamp-metal-with-b22-holder,7500.0,7500.0,Title,Default Title :: SKU=GTLMP-LUNAR-GRY :: ₹7500.00,6,https://cdn.shopify.com/s/files/1/0715/1704/5040/files/lunarbollard.png?v=1712487569 | https://cdn.shopify.com/s/files/1/0715/1704/5040/files/solerion-pl-1.jpg?v=1712487576 | https://cdn.shopify.com/s/files/1/0715/1704/5040/files/pl5.jpg?v=1712487576 | https://cdn.shopify.com/s/files/1/0715/1704/5040/files/pl-4.jpg?v=1712487576 | https://cdn.shopify.com/s/files/1/0715/1704/5040/files/solerion-pl-2.jpg?v=1712487570 | https://cdn.shopify.com/s/files/1/0715/1704/5040/files/solerion-pl-3.jpg?v=1712487570,2024-04-07T16:27:33+05:30,2026-09-08T08:56:48+05:30
Crompton,Solarion Starlyt Prime Gate Lamp (Metal with B22 Holder),Outdoor Lights,Gate and Outdoor Lamps,solarion-starlyt-prime-gate-lamp-metal-with-b22-holder,https://www.crompton.co.in/products/solarion-starlyt-prime-gate-lamp-metal-with-b22-holder,3000.0,3000.0,Title,Default Title :: SKU=GTLMP-STARP-WH :: ₹3000.00,6,https://cdn.shopify.com/s/files/1/0715/1704/5040/files/satrlytprime.png?v=1712487339 | https://cdn.shopify.com/s/files/1/0715/1704/5040/files/starlyt-prime-pl-1.jpg?v=1712487339 | https://cdn.shopify.com/s/files/1/0715/1704/5040/files/starlyt-prime-pl-2.jpg?v=1712487338 | https://cdn.shopify.com/s/files/1/0715/1704/5040/files/starlyt-prime-pl-3.jpg?v=1712487338 | https://cdn.shopify.com/s/files/1/0715/1704/5040/files/starlyt-prime-pl-4.jpg?v=1712487338 | https://cdn.shopify.com/s/files/1/0715/1704/5040/files/starlyt-prime-pl--5.jpg?v=1712487339,2024-04-07T16:24:20+05:30,2026-09-08T08:56:48+05:30
Crompton,Solarion Starlyt Gate Lamp (Metal with B22 Holder),Outdoor Lights,Gate and Outdoor Lamps,solarion-starlyt-gate-lamp-metal-with-b22-holder,https://www.crompton.co.in/products/solarion-starlyt-gate-lamp-metal-with-b22-holder,3000.0,3000.0,Title,Default Title :: SKU=GTLMP-STAR-WH :: ₹3000.00,6,https://cdn.shopify.com/s/files/1/0715/1704/5040/files/starlyt.png?v=1712487118 | https://cdn.shopify.com/s/files/1/0715/1704/5040/files/solarion-starlyt-pl-1_1.jpg?v=1712487118 | https://cdn.shopify.com/s/files/1/0715/1704/5040/files/solarion-starlyt-pl-2_1.jpg?v=1712487118 | https://cdn.shopify.com/s/files/1/0715/1704/5040/files/solarion-starlyt-pl-3_1.jpg?v=1712487118 | https://cdn.shopify.com/s/files/1/0715/1704/5040/files/solarion-starlyt-pl-4_1.jpg?v=1712487118 | https://cdn.shopify.com/s/files/1/0715/1704/5040/files/solarion-starlyt-pl-5_1.jpg?v=1712487118,2024-04-07T16:19:48+05:30,2026-09-08T08:56:48+05:30
Crompton,Solarion Imperial Prime Gate Lamp (Plastic with B22 Holder),Outdoor Lights,Gate and Outdoor Lamps,solarion-imperial-prime-gate-lamp-plastic-with-b22-holder,https://www.crompton.co.in/products/solarion-imperial-prime-gate-lamp-plastic-with-b22-holder,3600.0,3600.0,Title,Default Title :: SKU=GTLMP-IMPPRM-WH :: ₹3600.00,6,https://cdn.shopify.com/s/files/1/0715/1704/5040/files/sol-imperial-prime.png?v=1714196905 | https://cdn.shopify.com/s/files/1/0715/1704/5040/files/1_616855b5-79ae-42dc-9b5c-2935a9e12ede.png?v=1714196905 | https://cdn.shopify.com/s/files/1/0715/1704/5040/files/3_6be9b2cb-56bb-4692-a354-231b7ff5850f.png?v=1714196905 | https://cdn.shopify.com/s/files/1/0715/1704/5040/files/4_91aa0623-344b-4357-84ab-2773de876b47.png?v=1714196905 | https://cdn.shopify.com/s/files/1/0715/1704/5040/files/1_1_96745f58-2ee0-4e0c-8925-d30f58bf3497.png?v=1714196905 | https://cdn.shopify.com/s/files/1/0715/1704/5040/files/2_d4c86a6d-c565-4519-90a9-f1c7d1c29df9.png?v=1714196905,2024-04-07T16:16:25+05:30,2026-09-08T08:56:48+05:30
Crompton,Solarion Imperial Round Gate Lamp (Plastic with B22 Holder),Outdoor Lights,Gate and Outdoor Lamps,solarion-imperial-round-gate-lamp-plastic-with-b22-holder,https://www.crompton.co.in/products/solarion-imperial-round-gate-lamp-plastic-with-b22-holder,3600.0,3600.0,Title,Default Title :: SKU=GTLMP-IMPRND-WH :: ₹3600.00,6,https://cdn.shopify.com/s/files/1/0715/1704/5040/files/sol-imperial-round.png?v=1714196872 | https://cdn.shopify.com/s/files/1/0715/1704/5040/files/Artboard1copy.png?v=1714196872 | https://cdn.shopify.com/s/files/1/0715/1704/5040/files/Artboard1.png?v=1714196872 | https://cdn.shopify.com/s/files/1/0715/1704/5040/files/Artboard2.png?v=1714196872 | https://cdn.shopify.com/s/files/1/0715/1704/5040/files/Artboard3copy.png?v=1714196872 | https://cdn.shopify.com/s/files/1/0715/1704/5040/files/Artboard3.png?v=1714196872,2024-04-07T16:10:08+05:30,2026-09-08T08:56:48+05:30
Crompton,Solarion Imperial Lantern Gate Lamp (Plastic with B22 Holder),Outdoor Lights,Gate and Outdoor Lamps,solarion-imperial-lantern-gate-lamp-plastic-with-b22-holder,https://www.crompton.co.in/products/solarion-imperial-lantern-gate-lamp-plastic-with-b22-holder,1500.0,1500.0,Title,Default Title :: SKU=GTLMP-IMPLTR-WH :: ₹1500.00,6,https://cdn.shopify.com/s/files/1/0715/1704/5040/files/imperiallantern.png?v=1712486212 | https://cdn.shopify.com/s/files/1/0715/1704/5040/files/solerion-lantern-pl-1.jpg?v=1712486213 | https://cdn.shopify.com/s/files/1/0715/1704/5040/files/solerion-lantern-pl-2.jpg?v=1712486213 | https://cdn.shopify.com/s/files/1/0715/1704/5040/files/solerion-lantern-pl-3.jpg?v=1712486212 | https://cdn.shopify.com/s/files/1/0715/1704/5040/files/solerion-lantern-pl-4.jpg?v=1712486213 | https://cdn.shopify.com/s/files/1/0715/1704/5040/files/solerion-lantern-pl-5.jpg?v=1712486212,2024-04-07T16:05:50+05:30,2026-09-08T08:56:48+05:30
Crompton,Solarion Imperial Neo Gate Lamp (Plastic with B22 Holder),Outdoor Lights,Gate and Outdoor Lamps,solarion-imperial-neo-gate-lamp-plastic-with-b22-holder,https://www.crompton.co.in/products/solarion-imperial-neo-gate-lamp-plastic-with-b22-holder,1500.0,1500.0,Title,Default Title :: SKU=GTLMP-IMPNEO-WH :: ₹1500.00,6,https://cdn.shopify.com/s/files/1/0715/1704/5040/files/sol-imperial-neo.png?v=1714196838 | https://cdn.shopify.com/s/files/1/0715/1704/5040/files/solerion-imperial-neo-pl1.jpg?v=1714196838 | https://cdn.shopify.com/s/files/1/0715/1704/5040/files/solerion-imperial-neo-pl-2.jpg?v=1714196838 | https://cdn.shopify.com/s/files/1/0715/1704/5040/files/solerion-imperial-neo-pl-3.jpg?v=1714196838 | https://cdn.shopify.com/s/files/1/0715/1704/5040/files/solerion-imperial-neo-pl-4.jpg?v=1714196838 | https://cdn.shopify.com/s/files/1/0715/1704/5040/files/solerion-imperial-neo-pl-5.jpg?v=1714196838,2024-04-07T15:39:22+05:30,2026-09-08T08:56:48+05:30
Crompton,Solarion Eclipse Oval Gate Lamp (Plastic with B22 Holder),Outdoor Lights,Gate and Outdoor Lamps,solarion-eclipse-oval-gate-lamp-plastic-with-b22-holder,https://www.crompton.co.in/products/solarion-eclipse-oval-gate-lamp-plastic-with-b22-holder,1500.0,1500.0,Title,Default Title :: SKU=GTLMP-ECLOVL-WH :: ₹1500.00,6,https://cdn.shopify.com/s/files/1/0715/1704/5040/files/sol-eclips-oval.png?v=1714196802 | https://cdn.shopify.com/s/files/1/0715/1704/5040/files/Solarion-Eclipse-Oval-pl-1.jpg?v=1714196802 | https://cdn.shopify.com/s/files/1/0715/1704/5040/files/Solarion-Eclipse-Oval-pl-2.jpg?v=1714196802 | https://cdn.shopify.com/s/files/1/0715/1704/5040/files/Solarion-Eclipse-Oval-pl-3.jpg?v=1714196802 | https://cdn.shopify.com/s/files/1/0715/1704/5040/files/Solarion-Eclipse-Oval-pl-4.jpg?v=1714196802 | https://cdn.shopify.com/s/files/1/0715/1704/5040/files/Solarion-Eclipse-Oval-pl-5.jpg?v=1714196802,2024-04-07T15:20:45+05:30,2026-09-08T08:56:48+05:30
Crompton,Solarion Eclipse Round Gate Lamp (Plastic with B22 Holder),Outdoor Lights,Gate and Outdoor Lamps,solarion-eclipse-round-gate-lamp-plastic-with-b22-holder,https://www.crompton.co.in/products/solarion-eclipse-round-gate-lamp-plastic-with-b22-holder,1500.0,1500.0,Title,Default Title :: SKU=GTLMP-ECLRND-WH :: ₹1500.00,6,https://cdn.shopify.com/s/files/1/0715/1704/5040/files/sol-eclips-round.png?v=1714196705 | https://cdn.shopify.com/s/files/1/0715/1704/5040/files/solarion-eclipes-round-pl-1.jpg?v=1714196705 | https://cdn.shopify.com/s/files/1/0715/1704/5040/files/solarion-eclipes-round-pl-2.jpg?v=1714196705 | https://cdn.shopify.com/s/files/1/0715/1704/5040/files/solarion-eclipes-round-pl-3.jpg?v=1714196705 | https://cdn.shopify.com/s/files/1/0715/1704/5040/files/solarion-eclipes-round-pl-4.jpg?v=1714196705 | https://cdn.shopify.com/s/files/1/0715/1704/5040/files/solarion-eclipes-round-pl-5.jpg?v=1714196705,2024-04-07T14:54:09+05:30,2026-09-08T08:56:48+05:30
Crompton,22W TRIO Batten,Battens,"category-batten, LED Battens, new-arrivals, pfs:label-oddcolor, type-bedroom, type-living-room, type-without-false-ceiling, usege-decorative, usege-mood",22w-trio-batten,https://www.crompton.co.in/products/22w-trio-batten,1599.0,1599.0,Color,Cool Day Light :: SKU=LDTRIO22C+W :: ₹1599.00,5,https://cdn.shopify.com/s/files/1/0715/1704/5040/files/A_2df525de-bb8f-40b5-b11c-5589fdfa60b6.png?v=1703073265 | https://cdn.shopify.com/s/files/1/0715/1704/5040/files/TriobattenPL03_1.jpg?v=1703073264 | https://cdn.shopify.com/s/files/1/0715/1704/5040/files/TriobattenPL04_2.jpg?v=1703073265 | https://cdn.shopify.com/s/files/1/0715/1704/5040/files/TriobattenPL05_3.jpg?v=1703073264 | https://cdn.shopify.com/s/files/1/0715/1704/5040/files/trio-pl.jpg?v=1720096570,2023-12-20T17:23:15+05:30,2026-09-08T08:56:48+05:30
Crompton,Crompton Spectacle_200W,Professional Outdoor Lighting,"Flood light, Industrial Lighting",crompton-spectacle_200w,https://www.crompton.co.in/products/crompton-spectacle_200w,19500.0,19500.0,Title,Default Title :: SKU=TFS-511-200-57-60D-HL2-LM-NGG :: ₹19500.00,5,https://cdn.shopify.com/s/files/1/0715/1704/5040/files/pl_2_71761490-6373-474b-854c-6ca88fac47af.png?v=1712489093 | https://cdn.shopify.com/s/files/1/0715/1704/5040/files/pl1_2_10a5cab8-8542-457c-9c26-5371385b4c99.png?v=1712489092 | https://cdn.shopify.com/s/files/1/0715/1704/5040/files/pl2_2_f6c560de-4a2e-4ce3-af22-62500943164b.png?v=1712489092 | https://cdn.shopify.com/s/files/1/0715/1704/5040/files/pl3_1_2_a75e8cbe-f9db-464d-a2df-dc182f9b395b.png?v=1712489092 | https://cdn.shopify.com/s/files/1/0715/1704/5040/files/pl4_2_6117c51b-30ac-4dc0-b94e-45774b373cca.png?v=1712489093,2023-12-19T12:58:24+05:30,2026-09-08T08:56:48+05:30
Crompton,Crompton Spectacle_150W,Professional Outdoor Lighting,"Flood light, Industrial Lighting",crompton-spectacle_150w,https://www.crompton.co.in/products/crompton-spectacle_150w,15300.0,15300.0,Title,Default Title :: SKU=TFS-510-150-57-60D-HL2-LM-NGG :: ₹15300.00,5,https://cdn.shopify.com/s/files/1/0715/1704/5040/files/pl_2.png?v=1712488999 | https://cdn.shopify.com/s/files/1/0715/1704/5040/files/pl1_2.png?v=1712489000 | https://cdn.shopify.com/s/files/1/0715/1704/5040/files/pl2_2.png?v=1712488999 | https://cdn.shopify.com/s/files/1/0715/1704/5040/files/pl3_1_2.png?v=1712488999 | https://cdn.shopify.com/s/files/1/0715/1704/5040/files/pl4_2.png?v=1712488999,2023-12-19T12:52:48+05:30,2026-09-08T08:56:48+05:30
Crompton,Crompton Rover Plus_150W,Professional Outdoor Lighting,"Flood light, Industrial Lighting",crompton-rover-plus_150w,https://www.crompton.co.in/products/crompton-rover-plus_150w,15500.0,15500.0,Title,Default Title :: SKU=TFS-504-150-57-60D-HL2-GL-NBK :: ₹15500.00,5,https://cdn.shopify.com/s/files/1/0715/1704/5040/files/pl_1_23b0695b-8a99-4baa-a84f-86cac5396cf5.png?v=1712488876 | https://cdn.shopify.com/s/files/1/0715/1704/5040/files/pl1_1_a4eadd5d-ff77-4351-a3f3-0a6f4cef9804.png?v=1712488876 | https://cdn.shopify.com/s/files/1/0715/1704/5040/files/pl2_1_5f08a6fa-e4ee-467e-bd90-f05269efd577.png?v=1712488877 | https://cdn.shopify.com/s/files/1/0715/1704/5040/files/pl3_1_1_59357673-7aff-4b70-ab62-ec7ebf412e5b.png?v=1712488876 | https://cdn.shopify.com/s/files/1/0715/1704/5040/files/pl4_1_b41a5fdc-9f3c-4069-b000-420b26ab258e.png?v=1712488877,2023-12-19T12:48:35+05:30,2026-09-08T08:56:48+05:30
Crompton,Crompton Rover Plus_120W,Professional Outdoor Lighting,"Flood light, Industrial Lighting",crompton-rover-plus_120w,https://www.crompton.co.in/products/crompton-rover-plus_120w,14500.0,14500.0,Title,Default Title :: SKU=TFS-504-120-57-60D-HL2-GL-NBK :: ₹14500.00,5,https://cdn.shopify.com/s/files/1/0715/1704/5040/files/pl_1_43e49bd8-de6e-428e-8bba-e0db13964a40.png?v=1712488729 | https://cdn.shopify.com/s/files/1/0715/1704/5040/files/pl1_1_fca9982e-8d28-4ba3-ab1f-ba18a8db8f92.png?v=1712488729 | https://cdn.shopify.com/s/files/1/0715/1704/5040/files/pl2_1_1f3d3bca-9add-4a29-9f25-ce9913beea86.png?v=1712488729 | https://cdn.shopify.com/s/files/1/0715/1704/5040/files/pl3_1_1_91b7fa36-3f96-47ba-9342-cdd87e6d8435.png?v=1712488728 | https://cdn.shopify.com/s/files/1/0715/1704/5040/files/pl4_1_a13a3fbe-fc0f-4e1e-89cc-c46a8934052e.png?v=1712488730,2023-12-19T12:45:20+05:30,2026-09-08T08:56:48+05:30
Crompton,Crompton Rover Plus_100W,Professional Outdoor Lighting,"Flood light, Industrial Lighting",crompton-rover-plus_100w,https://www.crompton.co.in/products/crompton-rover-plus_100w,10500.0,10500.0,Title,Default Title :: SKU=TFS-504-100-57-60D-SL-GL-NSG :: ₹10500.00,5,https://cdn.shopify.com/s/files/1/0715/1704/5040/files/pl_1.png?v=1712488573 | https://cdn.shopify.com/s/files/1/0715/1704/5040/files/pl1_1.png?v=1712488574 | https://cdn.shopify.com/s/files/1/0715/1704/5040/files/pl2_1.png?v=1712488575 | https://cdn.shopify.com/s/files/1/0715/1704/5040/files/pl3_1_1.png?v=1712488574 | https://cdn.shopify.com/s/files/1/0715/1704/5040/files/pl4_1.png?v=1712488574,2023-12-19T12:26:25+05:30,2026-09-08T08:56:48+05:30
Crompton,Crompton Soniva_60W,Professional Outdoor Lighting,"Industrial Lighting, Solar Street Light",crompton-soniva_60w-1,https://www.crompton.co.in/products/crompton-soniva_60w-1,89900.0,89900.0,Title,Default Title :: SKU=CSOP-822-60-57-HL4-FD-LM-SR :: ₹89900.00,5,https://cdn.shopify.com/s/files/1/0715/1704/5040/files/pl_5c27f7ec-f7fc-4249-adfc-ec5f3971c944.png?v=1712493096 | https://cdn.shopify.com/s/files/1/0715/1704/5040/files/pl1_5ffcd24a-ff35-47c4-8d0a-d07c74f30b7c.png?v=1712493096 | https://cdn.shopify.com/s/files/1/0715/1704/5040/files/pl3_1_f78aa5ae-17d8-491c-acb3-2ff4d3f72800.png?v=1712493096 | https://cdn.shopify.com/s/files/1/0715/1704/5040/files/pl4_0f29ef5e-31ba-479b-8a81-219ca0fff774.png?v=1712493096 | https://cdn.shopify.com/s/files/1/0715/1704/5040/files/pl2_42b435b9-fa60-4643-9ee9-0662a143f814.png?v=1712493094,2023-12-19T12:09:15+05:30,2026-09-08T08:56:48+05:30
Crompton,Crompton Soniva_60W,Professional Outdoor Lighting,"Industrial Lighting, Solar Street Light",crompton-soniva_60w,https://www.crompton.co.in/products/crompton-soniva_60w,91900.0,91900.0,Title,Default Title :: SKU=CSOP-821-60-57-HL4-PIR-LM-SR :: ₹91900.00,5,https://cdn.shopify.com/s/files/1/0715/1704/5040/files/pl_a5ea343a-6833-42e2-b61e-f87fb1fae286.png?v=1712492955 | https://cdn.shopify.com/s/files/1/0715/1704/5040/files/pl1_98c06224-ffe3-42bd-81f3-09e36ebac591.png?v=1712492955 | https://cdn.shopify.com/s/files/1/0715/1704/5040/files/pl3_1_b75089f9-2b0b-4a6c-8b1f-d7a055c329d2.png?v=1712492955 | https://cdn.shopify.com/s/files/1/0715/1704/5040/files/pl4_c0e3a266-af5c-48d4-a953-f823e82d1212.png?v=1712492955 | https://cdn.shopify.com/s/files/1/0715/1704/5040/files/pl2_9140b72b-1d00-4598-a09c-1a35fa2319ae.png?v=1712492953,2023-12-19T12:05:53+05:30,2026-09-08T08:56:48+05:30
Crompton,Crompton Soniva_40W,Professional Outdoor Lighting,"Industrial Lighting, Solar Street Light",crompton-soniva_40w-1,https://www.crompton.co.in/products/crompton-soniva_40w-1,59000.0,59000.0,Title,Default Title :: SKU=CSOP-818-40-57-HL5-FD-LM-SR :: ₹59000.00,5,https://cdn.shopify.com/s/files/1/0715/1704/5040/files/pl_a4c56d43-48b0-4255-bf05-799e18e8b38c.png?v=1712492870 | https://cdn.shopify.com/s/files/1/0715/1704/5040/files/pl1_c018682a-1c7a-4df7-8dd2-8fb8196fb908.png?v=1712492870 | https://cdn.shopify.com/s/files/1/0715/1704/5040/files/pl3_1_579e2f3b-934f-4355-a7f3-8b7200e3e454.png?v=1712492870 | https://cdn.shopify.com/s/files/1/0715/1704/5040/files/pl4_e23fb090-196a-48be-ae42-d8aa8f7af1bc.png?v=1712492870 | https://cdn.shopify.com/s/files/1/0715/1704/5040/files/pl2_3ad9c76a-f081-4dd5-af0a-aaa51466d62e.png?v=1712492868,2023-12-19T12:03:13+05:30,2026-09-08T08:56:48+05:30
Crompton,Crompton Soniva_40W,Professional Outdoor Lighting,"Industrial Lighting, Solar Street Light",crompton-soniva_40w,https://www.crompton.co.in/products/crompton-soniva_40w,61000.0,61000.0,Title,Default Title :: SKU=CSOP-817-40-57-HL5-PIR-LM-SR :: ₹61000.00,5,https://cdn.shopify.com/s/files/1/0715/1704/5040/files/pl_3bd92747-e13a-462d-8ab4-f64deb50e72f.png?v=1712492777 | https://cdn.shopify.com/s/files/1/0715/1704/5040/files/pl1_5b8de38b-a6ea-4020-9439-082897f12a9b.png?v=1712492777 | https://cdn.shopify.com/s/files/1/0715/1704/5040/files/pl3_1_376f80cf-f0fb-46f3-9e52-f370bf5c1074.png?v=1712492777 | https://cdn.shopify.com/s/files/1/0715/1704/5040/files/pl4_b1803468-ea9d-4641-9921-00a7c04ba62a.png?v=1712492777 | https://cdn.shopify.com/s/files/1/0715/1704/5040/files/pl2_53c0fd3e-f825-4c49-8536-f3d7e23d6ef7.png?v=1712492776,2023-12-19T11:57:04+05:30,2026-09-08T08:56:48+05:30
Crompton,Crompton Soniva_30W,Professional Outdoor Lighting,"Industrial Lighting, Solar Street Light",crompton-soniva_30w-1,https://www.crompton.co.in/products/crompton-soniva_30w-1,56300.0,56300.0,Title,Default Title :: SKU=CSOP-816-30-57-HL5-FD-LM-SR :: ₹56300.00,5,https://cdn.shopify.com/s/files/1/0715/1704/5040/files/pl_78a4808e-fcdc-4d2b-ab41-c1805af730e9.png?v=1712492512 | https://cdn.shopify.com/s/files/1/0715/1704/5040/files/pl1_1aaaca4d-e368-4b6a-9aad-9f54842def7c.png?v=1712492512 | https://cdn.shopify.com/s/files/1/0715/1704/5040/files/pl3_1_db6c3882-58be-4c12-839f-ba5c9425559f.png?v=1712492512 | https://cdn.shopify.com/s/files/1/0715/1704/5040/files/pl4_80ca8b77-ff2a-4cc9-bcf9-c6e7f18e82c7.png?v=1712492512 | https://cdn.shopify.com/s/files/1/0715/1704/5040/files/pl2_1b1e82ba-d8fa-47ec-a904-f4cc666a3d99.png?v=1712492510,2023-12-19T11:55:25+05:30,2026-09-08T08:56:48+05:30
Crompton,Crompton Soniva_30W,Professional Outdoor Lighting,"Industrial Lighting, Solar Street Light",crompton-soniva_30w,https://www.crompton.co.in/products/crompton-soniva_30w,58900.0,58900.0,Title,Default Title :: SKU=CSOP-815-30-57-HL5-PIR-LM-SR :: ₹58900.00,5,https://cdn.shopify.com/s/files/1/0715/1704/5040/files/pl_dd1a5026-962c-450a-aa79-66fa334c39e5.png?v=1712492428 | https://cdn.shopify.com/s/files/1/0715/1704/5040/files/pl1_e22f2303-9539-47ac-b0ad-24233e5c068a.png?v=1712492428 | https://cdn.shopify.com/s/files/1/0715/1704/5040/files/pl3_1_55c09b48-3088-4ca1-844c-6f56b6b3a494.png?v=1712492428 | https://cdn.shopify.com/s/files/1/0715/1704/5040/files/pl4_fe37628a-f875-4cc6-a147-cb4cf1076f56.png?v=1712492428 | https://cdn.shopify.com/s/files/1/0715/1704/5040/files/pl2_37755f18-8ce3-4452-acfe-c204e482620d.png?v=1712492426,2023-12-19T11:52:02+05:30,2026-09-08T08:56:48+05:30
Crompton,Crompton Soniva_20W,Professional Outdoor Lighting,"Industrial Lighting, Solar Street Light",crompton-soniva_20w-1,https://www.crompton.co.in/products/crompton-soniva_20w-1,47300.0,47300.0,Title,Default Title :: SKU=CSOP-814-20-57-HL5-FD-LM-SR :: ₹47300.00,5,https://cdn.shopify.com/s/files/1/0715/1704/5040/files/pl_e8eccb09-55da-4574-b3ca-288970341348.png?v=1712492332 | https://cdn.shopify.com/s/files/1/0715/1704/5040/files/pl1_26062040-4249-4459-92f1-dbde46cf809a.png?v=1712492332 | https://cdn.shopify.com/s/files/1/0715/1704/5040/files/pl3_1_23de07e6-f074-4045-972a-22d99acfb0d2.png?v=1712492332 | https://cdn.shopify.com/s/files/1/0715/1704/5040/files/pl4_ac3c3a9d-5021-4471-8554-fe1fc537e939.png?v=1712492332 | https://cdn.shopify.com/s/files/1/0715/1704/5040/files/pl2_5390bd63-0bfe-4b23-95cc-0b895d8fd87c.png?v=1712492328,2023-12-19T11:48:52+05:30,2026-09-08T08:56:48+05:30
Crompton,Crompton Soniva_20W,Professional Outdoor Lighting,"Industrial Lighting, Solar Street Light",crompton-soniva_20w,https://www.crompton.co.in/products/crompton-soniva_20w,49500.0,49500.0,Title,Default Title :: SKU=CSOP-813-20-57-HL5-PIR-LM-SR :: ₹49500.00,5,https://cdn.shopify.com/s/files/1/0715/1704/5040/files/pl_21c524ac-ffef-460e-85f8-a9226c1a1530.png?v=1712492224 | https://cdn.shopify.com/s/files/1/0715/1704/5040/files/pl1_f546082e-5128-4d58-aed2-2ac12df4ec77.png?v=1712492224 | https://cdn.shopify.com/s/files/1/0715/1704/5040/files/pl3_1_17d5d02f-9583-47bf-9113-5213a3fc9dd5.png?v=1712492224 | https://cdn.shopify.com/s/files/1/0715/1704/5040/files/pl4_958e7348-b3e0-45d3-b05a-ace61dc394b3.png?v=1712492224 | https://cdn.shopify.com/s/files/1/0715/1704/5040/files/pl2_31de9df7-0b09-487d-a6eb-1fb8328b4b50.png?v=1712492222,2023-12-19T11:44:27+05:30,2026-09-08T08:56:48+05:30
Crompton,Crompton Soniva_15W,Professional Outdoor Lighting,"Industrial Lighting, Solar Street Light",crompton-soniva_15w-1,https://www.crompton.co.in/products/crompton-soniva_15w-1,40600.0,40600.0,Title,Default Title :: SKU=CSOP-812-15-57-HL5-FD-LM-SR :: ₹40600.00,5,https://cdn.shopify.com/s/files/1/0715/1704/5040/files/pl_4a49814e-6118-4250-8c3c-b6c1b8b24cf7.png?v=1712492032 | https://cdn.shopify.com/s/files/1/0715/1704/5040/files/pl1_bfec8102-1815-48a2-9812-a77454b2f05c.png?v=1712492032 | https://cdn.shopify.com/s/files/1/0715/1704/5040/files/pl3_1_732dd225-ff6c-473b-9c6d-74a8dccbb4cd.png?v=1712492032 | https://cdn.shopify.com/s/files/1/0715/1704/5040/files/pl4_255fe1f3-5e8a-4878-b86a-41ac64eb9dec.png?v=1712492032 | https://cdn.shopify.com/s/files/1/0715/1704/5040/files/pl2_dba2e63c-3a63-48dd-a7f6-220858939cfa.png?v=1712492028,2023-12-19T11:38:51+05:30,2026-09-08T08:56:48+05:30
Crompton,Crompton Soniva_15W,Professional Outdoor Lighting,"Industrial Lighting, Solar Street Light",crompton-soniva_15w,https://www.crompton.co.in/products/crompton-soniva_15w,43200.0,43200.0,Title,Default Title :: SKU=CSOP-811-15-57-HL5-PIR-LM-SR :: ₹43200.00,5,https://cdn.shopify.com/s/files/1/0715/1704/5040/files/pl.png?v=1712491779 | https://cdn.shopify.com/s/files/1/0715/1704/5040/files/pl1.png?v=1712491779 | https://cdn.shopify.com/s/files/1/0715/1704/5040/files/pl3_1.png?v=1712491779 | https://cdn.shopify.com/s/files/1/0715/1704/5040/files/pl4.png?v=1712491779 | https://cdn.shopify.com/s/files/1/0715/1704/5040/files/pl2.png?v=1712491776,2023-12-19T11:07:50+05:30,2026-09-08T08:56:48+05:30
Crompton,9W Star Deepglaze Round Led Downlighter,Ceiling Lights,Led Downlighter,9w-star-deepglaze-round-led-downlighter,https://www.crompton.co.in/products/9w-star-deepglaze-round-led-downlighter,500.0,500.0,Color,Cool Day Light :: SKU=LDRDLDG9-CDL :: ₹500.00 | Natural White :: SKU=LDRDLDG9-NW :: ₹500.00 | Warm White :: SKU=LDRDLDG9-WW :: ₹500.00,6,https://cdn.shopify.com/s/files/1/0715/1704/5040/files/Copyof3_a76b7789-af3f-46d0-966f-9517c46435fd.png?v=1709284193 | https://cdn.shopify.com/s/files/1/0715/1704/5040/files/Copyof1_feaf5fab-92df-4d89-9995-e2ad2a7f075d.png?v=1709284193 | https://cdn.shopify.com/s/files/1/0715/1704/5040/files/Copyof2_9b5710bc-2acd-49f4-bfb2-6c4e33d1bbce.jpg?v=1709284193 | https://cdn.shopify.com/s/files/1/0715/1704/5040/files/Copyof4_f58d9b5c-382a-4eec-9218-ca0303551e6d.jpg?v=1709284117 | https://cdn.shopify.com/s/files/1/0715/1704/5040/files/Copyof3_57c05aa7-6954-493c-b65c-6dbd90b2c389.png?v=1712321714 | https://cdn.shopify.com/s/files/1/0715/1704/5040/files/PL04_1_f2c244b5-b53b-4f33-8679-80f48b4c5e23.png?v=1712321714,2023-12-18T13:07:05+05:30,2026-09-08T08:56:48+05:30
Crompton,6W Star Deepglaze Round Led Downlighter,Ceiling Lights,Led Downlighter,6w-star-deepglaze-round-led-downlighter,https://www.crompton.co.in/products/6w-star-deepglaze-round-led-downlighter,350.0,350.0,Color,Cool Day Light :: SKU=LDRDLDG6-CDL :: ₹350.00 | Natural White :: SKU=LDRDLDG6-NW :: ₹350.00 | Warm White :: SKU=LDRDLDG6-WW :: ₹350.00 | Red :: SKU=LDRDLDG6-RED :: ₹350.00 | Blue :: SKU=LDRDLDG6-BLU :: ₹350.00 | Green :: SKU=LDRDLDG6-GRN :: ₹350.00,6,https://cdn.shopify.com/s/files/1/0715/1704/5040/files/Copyof3_72ae2c12-a331-4d19-ba70-58612a8a585e.png?v=1709283905 | https://cdn.shopify.com/s/files/1/0715/1704/5040/files/Copyof1_c96b6262-2dba-4139-8549-6477bd0466cd.png?v=1709283905 | https://cdn.shopify.com/s/files/1/0715/1704/5040/files/Copyof2_26b3cb79-74ca-42c3-92e7-a70ea5e21546.jpg?v=1709283905 | https://cdn.shopify.com/s/files/1/0715/1704/5040/files/Copyof4_b59cd532-ca18-4147-821d-15e94652d989.jpg?v=1709283901 | https://cdn.shopify.com/s/files/1/0715/1704/5040/files/Copyof3_1b35a200-0131-4034-b55f-a3c251c7ba3d.png?v=1712321605 | https://cdn.shopify.com/s/files/1/0715/1704/5040/files/PL04_1_f10db5e3-ad0e-491c-acb1-fdc0e38af3a0.png?v=1712321605,2023-12-18T11:27:13+05:30,2026-09-08T08:56:48+05:30
Crompton,50W Laser Ray Xtreme Batten,Battens,"category-batten, LED Battens, pfs:label-oddcolor, type-living-room, type-without-false-ceiling, usege-regular",50w-laser-ray-xtreme-batten,https://www.crompton.co.in/products/50w-laser-ray-xtreme-batten,1700.0,1700.0,Color,Cool Day Light :: SKU=LDLSRNM50-CDL :: ₹1700.00,5,https://cdn.shopify.com/s/files/1/0715/1704/5040/files/Untitled-2_47f7f35e-bf6a-4fb1-b24c-33646aae80b9.png?v=1702877470 | https://cdn.shopify.com/s/files/1/0715/1704/5040/files/pl3_e82fa41c-dc6d-48eb-8bc8-1ce41b12d4a4.jpg?v=1702877471 | https://cdn.shopify.com/s/files/1/0715/1704/5040/files/pl4_edbf5a8a-c727-43ba-b961-11d1d720a829.jpg?v=1702877471 | https://cdn.shopify.com/s/files/1/0715/1704/5040/files/pl-1_5f68a9f1-388d-4c90-83c9-234602904847.jpg?v=1702877471 | https://cdn.shopify.com/s/files/1/0715/1704/5040/files/pl-2_70684ddf-7a0b-4e5d-8208-7df6b9fc206c.jpg?v=1702877471,2023-12-18T11:01:01+05:30,2026-09-08T08:56:48+05:30
Crompton,40W Laser Ray Xtreme Batten,Battens,"category-batten, LED Battens, pfs:label-oddcolor, type-living-room, type-without-false-ceiling, usege-regular",40w-laser-ray-xtreme-batten,https://www.crompton.co.in/products/40w-laser-ray-xtreme-batten,1300.0,1300.0,Color,Cool Day Light :: SKU=LDLSRNM40-CDL :: ₹1300.00,5,https://cdn.shopify.com/s/files/1/0715/1704/5040/files/Untitled-2_a0eb8bf1-49f2-4936-b396-35ce9ab5c452.png?v=1702876978 | https://cdn.shopify.com/s/files/1/0715/1704/5040/files/pl3_0e34dd67-f300-4253-a398-73b052584d7f.jpg?v=1702876978 | https://cdn.shopify.com/s/files/1/0715/1704/5040/files/pl4_60d46c7c-9320-4de1-822d-a8afcdeb2de8.jpg?v=1702876978 | https://cdn.shopify.com/s/files/1/0715/1704/5040/files/pl-1.jpg?v=1702876978 | https://cdn.shopify.com/s/files/1/0715/1704/5040/files/pl-2.jpg?v=1702876978,2023-12-18T10:50:24+05:30,2026-09-08T08:56:48+05:30
Crompton,3W Star Deepglaze Round Led Downlighter,Ceiling Lights,Led Downlighter,3w-star-deepglaze-round-led-downlighter,https://www.crompton.co.in/products/3w-star-deepglaze-round-led-downlighter,250.0,250.0,Color,Cool Day Light :: SKU=LDRDLDG3-CDL :: ₹250.00 | Natural White :: SKU=LDRDLDG3-NW :: ₹250.00 | Warm White :: SKU=LDRDLDG3-WW :: ₹250.00 | Red :: SKU=LDRDLDG3-RED :: ₹250.00 | Blue :: SKU=LDRDLDG3-BLU :: ₹250.00 | Green :: SKU=LDRDLDG3-GRN :: ₹250.00,6,https://cdn.shopify.com/s/files/1/0715/1704/5040/files/Copyof3_ae0c5fa0-4fbd-4d8e-a93d-2da438f13166.png?v=1709277797 | https://cdn.shopify.com/s/files/1/0715/1704/5040/files/Copyof1_f1bcaab4-f909-4365-bba5-98a1b7d046f6.png?v=1709277797 | https://cdn.shopify.com/s/files/1/0715/1704/5040/files/Copyof2_ecbeed01-9580-4609-a6e3-a8ac7d0b0051.jpg?v=1709277797 | https://cdn.shopify.com/s/files/1/0715/1704/5040/files/Copyof4_e0539b67-e141-4604-8dfe-018598339191.jpg?v=1709277787 | https://cdn.shopify.com/s/files/1/0715/1704/5040/files/Copyof3_a2457110-3ab5-4281-b460-a1c1fa40101e.png?v=1712321492 | https://cdn.shopify.com/s/files/1/0715/1704/5040/files/PL04_1_1a29fb7a-212c-4c79-a6de-df836548a8b6.png?v=1712321492,2023-12-15T17:53:50+05:30,2026-09-08T08:56:48+05:30
Crompton,15W Star Deepglaze Round Led Downlighter,Ceiling Lights,Led Downlighter,15w-star-deepglaze-round-led-downlighter,https://www.crompton.co.in/products/15w-star-deepglaze-round-led-downlighter,800.0,800.0,Color,Cool Day Light :: SKU=LDRDLDG15-CDL :: ₹800.00 | Natural White :: SKU=LDRDLDG15-NW :: ₹800.00 | Warm White :: SKU=LDRDLDG15-WW :: ₹800.00,6,https://cdn.shopify.com/s/files/1/0715/1704/5040/files/Copyof3_8532ec29-4dad-497d-932d-5ac872a2fbbc.png?v=1709277333 | https://cdn.shopify.com/s/files/1/0715/1704/5040/files/Copyof1_95e85394-4d48-4fe7-be1e-0ce0a6f31992.png?v=1709277333 | https://cdn.shopify.com/s/files/1/0715/1704/5040/files/Copyof2_4121a756-f0ad-43ab-8abb-785a96309945.jpg?v=1709277333 | https://cdn.shopify.com/s/files/1/0715/1704/5040/files/Copyof4_566e23e8-f12b-4614-89e2-b5560a36a8ae.jpg?v=1709277329 | https://cdn.shopify.com/s/files/1/0715/1704/5040/files/Copyof3_ecb7fde8-aa3b-49a2-b044-6c9346a99052.png?v=1712321331 | https://cdn.shopify.com/s/files/1/0715/1704/5040/files/PL04_1.png?v=1712321331,2023-12-15T17:30:44+05:30,2026-09-08T08:56:48+05:30
Crompton,12W Star Deepglaze Round Led Downlighter,Ceiling Lights,Led Downlighter,12w-star-deepglaze-round-led-downlighter,https://www.crompton.co.in/products/12w-star-deepglaze-round-led-downlighter,700.0,700.0,Color,Cool Day Light :: SKU=LDRDLDG12-CDL :: ₹700.00 | Natural White :: SKU=LDRDLDG12-NW :: ₹700.00 | Warm White :: SKU=LDRDLDG12-WW :: ₹700.00,7,https://cdn.shopify.com/s/files/1/0715/1704/5040/files/Copyof3_6b9b9bcf-78ab-4476-9fa4-0fbe819a63da.png?v=1702638205 | https://cdn.shopify.com/s/files/1/0715/1704/5040/files/Copyof1_7e2761d1-f4b1-4ed1-b06f-50a28cebabf5.png?v=1702638205 | https://cdn.shopify.com/s/files/1/0715/1704/5040/files/Copyof2.jpg?v=1702638205 | https://cdn.shopify.com/s/files/1/0715/1704/5040/files/Copyof3.0.jpg?v=1702638205 | https://cdn.shopify.com/s/files/1/0715/1704/5040/files/Copyof3_94ed1d17-26d4-4308-b4f2-4596a0a9f607.png?v=1712321141 | https://cdn.shopify.com/s/files/1/0715/1704/5040/files/Copyof4.jpg?v=1712321141 | https://cdn.shopify.com/s/files/1/0715/1704/5040/files/Copyof5.jpg?v=1712321141,2023-12-15T16:32:20+05:30,2026-09-08T08:56:48+05:30
Crompton,Crompton Challenger Pro Plus_500W,Professional Outdoor Lighting,"Flood light, Industrial Lighting",crompton-challenger-pro-plus_500w-1,https://www.crompton.co.in/products/crompton-challenger-pro-plus_500w-1,72000.0,72000.0,Title,Default Title :: SKU=CFS-506-500-57-60D-HL3-GL-NBR :: ₹72000.00,6,https://cdn.shopify.com/s/files/1/0715/1704/5040/files/challenger-pro-pls-pl-png_12f0b244-6530-4ab2-ad3a-8f6114465b7d.png?v=1712491345 | https://cdn.shopify.com/s/files/1/0715/1704/5040/files/challenger-pro-pls-pl-1_913640c6-ff12-47a0-859a-761ab2db1660.png?v=1712491345 | https://cdn.shopify.com/s/files/1/0715/1704/5040/files/challenger-pro-pls-pl-2_8f214480-45eb-4f48-a074-983099502ec7.png?v=1712491345 | https://cdn.shopify.com/s/files/1/0715/1704/5040/files/challenger-pro-pls-pl-3_e62e4029-ce1d-43d1-8718-650d4430ea0a.png?v=1712491345 | https://cdn.shopify.com/s/files/1/0715/1704/5040/files/challenger-pro-pls-pl-4_38fb4077-85bc-49ae-ab90-fc6cba2e3ad9.png?v=1712491345 | https://cdn.shopify.com/s/files/1/0715/1704/5040/files/challenger-pro-pls-pl-5_26498d81-5598-4a67-a3f4-61a2bd7f0c44.png?v=1712491345,2023-12-13T11:03:45+05:30,2026-09-08T08:56:48+05:30
Crompton,Crompton Challenger Pro Plus_500W,Professional Outdoor Lighting,"Flood light, Industrial Lighting",crompton-challenger-pro-plus_500w,https://www.crompton.co.in/products/crompton-challenger-pro-plus_500w,65000.0,65000.0,Title,Default Title :: SKU=CFS-506-500-57-60D-HL2-GL-NSG :: ₹65000.00,6,https://cdn.shopify.com/s/files/1/0715/1704/5040/files/challenger-pro-pls-pl-png_443e9a0a-9014-4197-bc4e-2c729ec5daac.png?v=1712491146 | https://cdn.shopify.com/s/files/1/0715/1704/5040/files/challenger-pro-pls-pl-1_a2b1dcad-cc7c-4f36-9f92-d9df32bdf0aa.png?v=1712491146 | https://cdn.shopify.com/s/files/1/0715/1704/5040/files/challenger-pro-pls-pl-2_3638ccb6-76f0-40c1-b6a5-b598808b4094.png?v=1712491146 | https://cdn.shopify.com/s/files/1/0715/1704/5040/files/challenger-pro-pls-pl-3_f7c2b532-62a2-45f6-a51a-0c781e58569e.png?v=1712491146 | https://cdn.shopify.com/s/files/1/0715/1704/5040/files/challenger-pro-pls-pl-4_e51356b1-b7da-4daa-bfdd-c85ca8a5b075.png?v=1712491146 | https://cdn.shopify.com/s/files/1/0715/1704/5040/files/challenger-pro-pls-pl-5_956e56ac-4115-4b0a-8ee4-338a3b75ef5a.png?v=1712491146,2023-12-13T10:52:04+05:30,2026-09-08T08:56:48+05:30
Crompton,Crompton Challenger Pro Plus_400W,Professional Outdoor Lighting,"Flood light, Industrial Lighting",crompton-challenger-pro-plus_400w-1,https://www.crompton.co.in/products/crompton-challenger-pro-plus_400w-1,68000.0,68000.0,Title,Default Title :: SKU=CFS-506-400-57-60D-HL3-GL-NBR :: ₹68000.00,6,https://cdn.shopify.com/s/files/1/0715/1704/5040/files/challenger-pro-pls-pl-png_14bbe9a1-5a54-48c0-bd16-ba81b1b039e1.png?v=1712490877 | https://cdn.shopify.com/s/files/1/0715/1704/5040/files/challenger-pro-pls-pl-1_e2afe0a0-d7d5-4af6-893a-47b467782fdc.png?v=1712490877 | https://cdn.shopify.com/s/files/1/0715/1704/5040/files/challenger-pro-pls-pl-2_59afc64a-9fd5-425f-9a58-112842218738.png?v=1712490877 | https://cdn.shopify.com/s/files/1/0715/1704/5040/files/challenger-pro-pls-pl-3_495a2be7-fadc-43ec-a7d4-c2803586e32a.png?v=1712490877 | https://cdn.shopify.com/s/files/1/0715/1704/5040/files/challenger-pro-pls-pl-4_dc992e6b-0ac8-4772-bd45-1170bc29892f.png?v=1712490877 | https://cdn.shopify.com/s/files/1/0715/1704/5040/files/challenger-pro-pls-pl-5_0ead592e-1790-4e30-9677-548a786e394c.png?v=1712490877,2023-12-13T10:40:13+05:30,2026-09-08T08:56:48+05:30
Crompton,Crompton Challenger Pro Plus_400W,Professional Outdoor Lighting,"Flood light, Industrial Lighting",crompton-challenger-pro-plus_400w,https://www.crompton.co.in/products/crompton-challenger-pro-plus_400w,55000.0,55000.0,Title,Default Title :: SKU=CFS-506-400-57-60D-HL2-GL-NSG :: ₹55000.00,6,https://cdn.shopify.com/s/files/1/0715/1704/5040/files/challenger-pro-pls-pl-png.png?v=1712490743 | https://cdn.shopify.com/s/files/1/0715/1704/5040/files/challenger-pro-pls-pl-1.png?v=1712490743 | https://cdn.shopify.com/s/files/1/0715/1704/5040/files/challenger-pro-pls-pl-2.png?v=1712490743 | https://cdn.shopify.com/s/files/1/0715/1704/5040/files/challenger-pro-pls-pl-3.png?v=1712490743 | https://cdn.shopify.com/s/files/1/0715/1704/5040/files/challenger-pro-pls-pl-4.png?v=1712490743 | https://cdn.shopify.com/s/files/1/0715/1704/5040/files/challenger-pro-pls-pl-5.png?v=1712490743,2023-12-13T10:30:42+05:30,2026-09-08T08:56:48+05:30
Crompton,Crompton Challenger Pro_250W,Professional Outdoor Lighting,"Flood light, Industrial Lighting",crompton-challenger-pro_250w-1,https://www.crompton.co.in/products/crompton-challenger-pro_250w-1,40500.0,40500.0,Title,Default Title :: SKU=CFS-506-250-57-60D-HL3-GL-NBR :: ₹40500.00,5,https://cdn.shopify.com/s/files/1/0715/1704/5040/files/challenger-pro-pl-png_9a6d1fcb-507c-48d1-b0a9-748f249a3f1e.png?v=1712490622 | https://cdn.shopify.com/s/files/1/0715/1704/5040/files/challenger-pro-pl-1_060c16b5-eef3-43c8-973b-7c310d7e084a.png?v=1712490622 | https://cdn.shopify.com/s/files/1/0715/1704/5040/files/challenger-pro-pl-2_917ade7f-27c6-44f7-b16a-db0e4d507146.png?v=1712490622 | https://cdn.shopify.com/s/files/1/0715/1704/5040/files/challenger-pro-pl-3_fc7ef6eb-6c4b-498e-891c-1708ef9590b8.png?v=1712490622 | https://cdn.shopify.com/s/files/1/0715/1704/5040/files/challenger-pro-pl-4_ade880ba-40ba-4d49-a09c-013998defbb0.png?v=1712490622,2023-12-13T10:28:26+05:30,2026-09-08T08:56:48+05:30
Crompton,Crompton Challenger Pro_250W,Professional Outdoor Lighting,"Flood light, Industrial Lighting",crompton-challenger-pro_250w,https://www.crompton.co.in/products/crompton-challenger-pro_250w,32500.0,32500.0,Title,Default Title :: SKU=CFS-506-250-57-60D-HL2-GL-NSG :: ₹32500.00,5,https://cdn.shopify.com/s/files/1/0715/1704/5040/files/challenger-pro-pl-png.png?v=1712490536 | https://cdn.shopify.com/s/files/1/0715/1704/5040/files/challenger-pro-pl-1.png?v=1712490536 | https://cdn.shopify.com/s/files/1/0715/1704/5040/files/challenger-pro-pl-2.png?v=1712490536 | https://cdn.shopify.com/s/files/1/0715/1704/5040/files/challenger-pro-pl-3.png?v=1712490536 | https://cdn.shopify.com/s/files/1/0715/1704/5040/files/challenger-pro-pl-4.png?v=1712490536,2023-12-13T10:21:59+05:30,2026-09-08T08:56:48+05:30
Crompton,Crompton Magpie Neo Plus_960W,Professional Outdoor Lighting,"Flood light, Industrial Lighting",crompton-magpie-neo-plus_960w-1,https://www.crompton.co.in/products/crompton-magpie-neo-plus_960w-1,165000.0,165000.0,Title,Default Title :: SKU=CFS-502-960-57-60D-HL4-GL-NSR :: ₹165000.00,5,https://cdn.shopify.com/s/files/1/0715/1704/5040/files/magpie-neo-plus-pl-png_43a054f1-0c94-4c34-b0cb-dd3bd78ee7a0.png?v=1712491596 | https://cdn.shopify.com/s/files/1/0715/1704/5040/files/magpie-neo-plus-pl-1_573c597e-446b-4afb-94af-7883b108ad10.png?v=1712491596 | https://cdn.shopify.com/s/files/1/0715/1704/5040/files/magpie-neo-plus-pl-3_d2561896-9806-4c6e-950a-4c2d608bfc28.png?v=1712491596 | https://cdn.shopify.com/s/files/1/0715/1704/5040/files/magpie-neo-plus-pl-2_1a57b1c3-f42b-45af-84d2-464aa7ba86ff.png?v=1712491592 | https://cdn.shopify.com/s/files/1/0715/1704/5040/files/magpie-neo-plus-pl-4_60298b57-bcb4-497f-ad99-cf1b098be9cd.png?v=1712491591,2023-12-12T10:58:39+05:30,2026-09-08T08:56:48+05:30
Crompton,Crompton Magpie Neo Plus_960W,Professional Outdoor Lighting,"Flood light, Industrial Lighting",crompton-magpie-neo-plus_960w,https://www.crompton.co.in/products/crompton-magpie-neo-plus_960w,154000.0,154000.0,Title,Default Title :: SKU=CFS-502-960-57-60D-HL2-GL-NSR :: ₹154000.00,5,https://cdn.shopify.com/s/files/1/0715/1704/5040/files/magpie-neo-plus-pl-png.png?v=1712491499 | https://cdn.shopify.com/s/files/1/0715/1704/5040/files/magpie-neo-plus-pl-1.png?v=1712491499 | https://cdn.shopify.com/s/files/1/0715/1704/5040/files/magpie-neo-plus-pl-3.png?v=1712491499 | https://cdn.shopify.com/s/files/1/0715/1704/5040/files/magpie-neo-plus-pl-2.png?v=1712491496 | https://cdn.shopify.com/s/files/1/0715/1704/5040/files/magpie-neo-plus-pl-4.png?v=1712491495,2023-12-12T10:43:51+05:30,2026-09-08T08:56:48+05:30
Crompton,Crompton Pluto pro plus_350W,Professional Outdoor Lighting,"Flood light, Industrial Lighting",crompton-pluto-pro-plus_350w-1,https://www.crompton.co.in/products/crompton-pluto-pro-plus_350w-1,54500.0,54500.0,Title,Default Title :: SKU=CFS-501-350-57-60D-HL3-GL-NBK :: ₹54500.00,5,https://cdn.shopify.com/s/files/1/0715/1704/5040/files/pluto-pro-plus-plpng_e7ef0b51-f95c-4dcc-80fd-ae9a8484c3fb.png?v=1712489904 | https://cdn.shopify.com/s/files/1/0715/1704/5040/files/pluto-pro-plus-pl-1_8ec73407-01d0-4046-acc8-3799bb4699f1.png?v=1712489904 | https://cdn.shopify.com/s/files/1/0715/1704/5040/files/pluto-pro-plus-pl-2_3c5c558c-a036-4e5b-957b-97ad7cdb5a4c.png?v=1712489904 | https://cdn.shopify.com/s/files/1/0715/1704/5040/files/pluto-pro-plus-pl-3_c1b0cf7f-3a5e-43f7-bbeb-4fe0a7ba206b.png?v=1712489904 | https://cdn.shopify.com/s/files/1/0715/1704/5040/files/pluto-pro-plus-pl-4_0ab0c219-fa9d-4732-8af6-d5af475a190a.png?v=1712489904,2023-12-12T10:26:09+05:30,2026-09-08T08:56:50+05:30
Crompton,Crompton Pluto pro plus_350W,Professional Outdoor Lighting,"Flood light, Industrial Lighting",crompton-pluto-pro-plus_350w,https://www.crompton.co.in/products/crompton-pluto-pro-plus_350w,42500.0,42500.0,Title,Default Title :: SKU=CFS-501-350-57-60D-HL2-GL-NGG :: ₹42500.00,5,https://cdn.shopify.com/s/files/1/0715/1704/5040/files/pluto-pro-plus-plpng_3f4c77f4-fea4-42c4-96e6-b55d01f97b95.png?v=1712489821 | https://cdn.shopify.com/s/files/1/0715/1704/5040/files/pluto-pro-plus-pl-1_6fbb555d-0cf9-4659-9b11-73710f27c9f6.png?v=1712489821 | https://cdn.shopify.com/s/files/1/0715/1704/5040/files/pluto-pro-plus-pl-2_e598740b-cee3-4e47-96b7-cce3ac0439a9.png?v=1712489821 | https://cdn.shopify.com/s/files/1/0715/1704/5040/files/pluto-pro-plus-pl-3_d42ec74f-b1bd-47ce-b113-32b9ef3e69aa.png?v=1712489821 | https://cdn.shopify.com/s/files/1/0715/1704/5040/files/pluto-pro-plus-pl-4_5a7d5942-f192-437a-a2c7-34e4bef73f34.png?v=1712489821,2023-12-12T10:22:12+05:30,2026-09-08T08:56:50+05:30
Crompton,Crompton Pluto pro plus_300W,Professional Outdoor Lighting,"Flood light, Industrial Lighting",crompton-pluto-pro-plus_300w-1,https://www.crompton.co.in/products/crompton-pluto-pro-plus_300w-1,48000.0,48000.0,Title,Default Title :: SKU=CFS-501-300-57-30D-HL3-GL-NBK :: ₹48000.00,5,https://cdn.shopify.com/s/files/1/0715/1704/5040/files/pluto-pro-plus-plpng_a9263929-6eb5-4e84-9d8e-3d9029389a61.png?v=1712489713 | https://cdn.shopify.com/s/files/1/0715/1704/5040/files/pluto-pro-plus-pl-1_03a31c1a-536f-4926-a65e-3bf35f076a79.png?v=1712489713 | https://cdn.shopify.com/s/files/1/0715/1704/5040/files/pluto-pro-plus-pl-2_f366a869-3568-4b32-a298-59c33b14769b.png?v=1712489713 | https://cdn.shopify.com/s/files/1/0715/1704/5040/files/pluto-pro-plus-pl-3_040e8c17-b8e5-4eb7-a2d3-51c37ba59a6e.png?v=1712489713 | https://cdn.shopify.com/s/files/1/0715/1704/5040/files/pluto-pro-plus-pl-4_9096ab6e-3a73-44a0-9cc2-e4ed761f677e.png?v=1712489713,2023-12-12T10:18:41+05:30,2026-09-08T08:56:50+05:30
Crompton,Crompton Pluto pro plus_300W,Professional Outdoor Lighting,"Flood light, Industrial Lighting",crompton-pluto-pro-plus_300w,https://www.crompton.co.in/products/crompton-pluto-pro-plus_300w,36000.0,36000.0,Title,Default Title :: SKU=CFS-501-300-57-60D-HL2-GL-NGG :: ₹36000.00,5,https://cdn.shopify.com/s/files/1/0715/1704/5040/files/pluto-pro-plus-plpng.png?v=1712489605 | https://cdn.shopify.com/s/files/1/0715/1704/5040/files/pluto-pro-plus-pl-1.png?v=1712489605 | https://cdn.shopify.com/s/files/1/0715/1704/5040/files/pluto-pro-plus-pl-2.png?v=1712489605 | https://cdn.shopify.com/s/files/1/0715/1704/5040/files/pluto-pro-plus-pl-3.png?v=1712489605 | https://cdn.shopify.com/s/files/1/0715/1704/5040/files/pluto-pro-plus-pl-4.png?v=1712489605,2023-12-12T10:08:35+05:30,2026-09-08T08:56:50+05:30
Crompton,Crompton Pluto Neo_200W,Professional Outdoor Lighting,"Flood light, Industrial Lighting",crompton-pluto-neo_200w,https://www.crompton.co.in/products/crompton-pluto-neo_200w,25500.0,25500.0,Title,Default Title :: SKU=LFLN-200-CDL/60-HPM :: ₹25500.00,5,https://cdn.shopify.com/s/files/1/0715/1704/5040/files/pluto-neo-pl-png_ada592a4-4c6a-43fa-bf4b-18cdfb33095e.png?v=1712489463 | https://cdn.shopify.com/s/files/1/0715/1704/5040/files/pluto-neo-pl-1_e538266e-7fc9-4594-9262-b10bbd72003d.png?v=1712489463 | https://cdn.shopify.com/s/files/1/0715/1704/5040/files/pluto-neo-pl-2_08b4d60f-09ca-4b44-bed9-c6561f56e70e.png?v=1712489463 | https://cdn.shopify.com/s/files/1/0715/1704/5040/files/pluto-neo-pl-3_d7bdd0e5-9085-4028-a275-d043528ac7be.png?v=1712489463 | https://cdn.shopify.com/s/files/1/0715/1704/5040/files/pluto-neo-pl-4_eb2f52b4-9ebe-446e-bf3f-7b2ef2e324fd.png?v=1712489463,2023-12-11T19:54:22+05:30,2026-09-08T08:56:50+05:30
Crompton,Crompton Pluto Neo_150W,Professional Outdoor Lighting,"Flood light, Industrial Lighting",crompton-pluto-neo_150w,https://www.crompton.co.in/products/crompton-pluto-neo_150w,18500.0,18500.0,Title,Default Title :: SKU=LFLN-150-CDL/60-HPM :: ₹18500.00,5,https://cdn.shopify.com/s/files/1/0715/1704/5040/files/pluto-neo-pl-png.png?v=1712489254 | https://cdn.shopify.com/s/files/1/0715/1704/5040/files/pluto-neo-pl-1.png?v=1712489254 | https://cdn.shopify.com/s/files/1/0715/1704/5040/files/pluto-neo-pl-2.png?v=1712489254 | https://cdn.shopify.com/s/files/1/0715/1704/5040/files/pluto-neo-pl-3.png?v=1712489254 | https://cdn.shopify.com/s/files/1/0715/1704/5040/files/pluto-neo-pl-4.png?v=1712489254,2023-12-11T19:42:46+05:30,2026-09-08T08:56:50+05:30
Crompton,Crompton Rover_50W,Professional Outdoor Lighting,"Flood light, Industrial Lighting",crompton-rover_50w,https://www.crompton.co.in/products/crompton-rover_50w,5800.0,5800.0,Title,Default Title :: SKU=CFS-504-50-57-60D-SL-GL-NSG :: ₹5800.00,5,https://cdn.shopify.com/s/files/1/0715/1704/5040/files/rover-plpng.png?v=1712488451 | https://cdn.shopify.com/s/files/1/0715/1704/5040/files/rover-pl-1.png?v=1712488451 | https://cdn.shopify.com/s/files/1/0715/1704/5040/files/rover-pl-2.png?v=1712488451 | https://cdn.shopify.com/s/files/1/0715/1704/5040/files/rover-pl-3.png?v=1712488451 | https://cdn.shopify.com/s/files/1/0715/1704/5040/files/rover-pl-4.png?v=1712488451,2023-12-11T16:55:06+05:30,2026-09-08T08:56:50+05:30
Crompton,Crompton Aplomado Pro_270W,Professional Outdoor Lighting,"Industrial Lighting, Street light",crompton-aplomado-pro_270w,https://www.crompton.co.in/products/crompton-aplomado-pro_270w,46000.0,46000.0,Title,Default Title :: SKU=CRP-416-270-57-HL4-GL-HR-NSR :: ₹46000.00,5,https://cdn.shopify.com/s/files/1/0715/1704/5040/files/aplomado-pro-pl-png_f94e8ab8-50a7-4c6d-91c7-4d48ea41895e.png?v=1712488315 | https://cdn.shopify.com/s/files/1/0715/1704/5040/files/aplomado-pro-pl-1_a3dd2c83-5aca-422a-9146-34ffdd970dd8.png?v=1712488315 | https://cdn.shopify.com/s/files/1/0715/1704/5040/files/aplomado-pro-pl-2_78df377b-4dc9-4aed-b633-c303f115a319.png?v=1712488315 | https://cdn.shopify.com/s/files/1/0715/1704/5040/files/aplomado-pro-pl-3_4326d9dd-f66e-42bf-83f6-49173e38ae71.png?v=1712488315 | https://cdn.shopify.com/s/files/1/0715/1704/5040/files/aplomado-pro-pl-4_f9a2eefd-0c5c-4699-8207-b14a72baef34.png?v=1712488315,2023-12-11T16:06:26+05:30,2026-09-08T08:56:50+05:30
Crompton,Crompton Aplomado Pro_250W,Professional Outdoor Lighting,"Industrial Lighting, Street light",crompton-aplomado-pro_250w-2,https://www.crompton.co.in/products/crompton-aplomado-pro_250w-2,44000.0,44000.0,Title,Default Title :: SKU=CRP-416-250-57-HL4-GL-HR-NSR :: ₹44000.00,5,https://cdn.shopify.com/s/files/1/0715/1704/5040/files/aplomado-pro-pl-png_7b5ac104-a938-47f9-9925-206b21e8b9df.png?v=1712139830 | https://cdn.shopify.com/s/files/1/0715/1704/5040/files/aplomado-pro-pl-1_b27433d2-3683-4cfa-8e92-38ab1cdaeda9.png?v=1712139830 | https://cdn.shopify.com/s/files/1/0715/1704/5040/files/aplomado-pro-pl-2_c5e5318e-01d2-42b1-b9bc-c015cd888aad.png?v=1712139830 | https://cdn.shopify.com/s/files/1/0715/1704/5040/files/aplomado-pro-pl-3_6c72e062-dfc9-474f-a196-6d001d095acf.png?v=1712139830 | https://cdn.shopify.com/s/files/1/0715/1704/5040/files/aplomado-pro-pl-4_7a92ec93-99eb-44ad-9f86-317bf227cba0.png?v=1712139830,2023-12-11T16:02:11+05:30,2026-09-08T08:56:50+05:30
Crompton,Crompton Aplomado Pro_250W,Professional Outdoor Lighting,"Industrial Lighting, Street light",crompton-aplomado-pro_250w-1,https://www.crompton.co.in/products/crompton-aplomado-pro_250w-1,41000.0,41000.0,Title,Default Title :: SKU=CRP-416-250-57-HL3-GL-HR-NSR :: ₹41000.00,5,https://cdn.shopify.com/s/files/1/0715/1704/5040/files/aplomado-pro-pl-png_29a0c573-2d2e-431b-a44d-960bc994a0c8.png?v=1712139622 | https://cdn.shopify.com/s/files/1/0715/1704/5040/files/aplomado-pro-pl-1_9728d6ea-8a77-4161-b14d-bd55ecb59401.png?v=1712139622 | https://cdn.shopify.com/s/files/1/0715/1704/5040/files/aplomado-pro-pl-2_509db3be-0e45-4155-bba0-4658c302f881.png?v=1712139622 | https://cdn.shopify.com/s/files/1/0715/1704/5040/files/aplomado-pro-pl-3_46c0fd57-cf99-4fce-a673-96fdf9e55998.png?v=1712139622 | https://cdn.shopify.com/s/files/1/0715/1704/5040/files/aplomado-pro-pl-4_59af457a-4a73-4584-84dd-52ce277e6be1.png?v=1712139622,2023-12-11T16:00:11+05:30,2026-09-08T08:56:50+05:30
Crompton,Crompton Aplomado Pro_250W,Professional Outdoor Lighting,"Industrial Lighting, Street light",crompton-aplomado-pro_250w,https://www.crompton.co.in/products/crompton-aplomado-pro_250w,37500.0,37500.0,Title,Default Title :: SKU=CRP-416-250-57-HL2-GL-HR-NSR :: ₹37500.00,5,https://cdn.shopify.com/s/files/1/0715/1704/5040/files/aplomado-pro-pl-png_9db576b5-752f-4285-a500-95717e554055.png?v=1712139438 | https://cdn.shopify.com/s/files/1/0715/1704/5040/files/aplomado-pro-pl-1_c01821c7-3523-4eb6-b9a5-fb7e7daadbdf.png?v=1712139438 | https://cdn.shopify.com/s/files/1/0715/1704/5040/files/aplomado-pro-pl-2_3aa6118d-a605-4c98-a577-65a869c18b37.png?v=1712139438 | https://cdn.shopify.com/s/files/1/0715/1704/5040/files/aplomado-pro-pl-3_3107b81f-ed25-4866-90d1-744948a481fa.png?v=1712139438 | https://cdn.shopify.com/s/files/1/0715/1704/5040/files/aplomado-pro-pl-4_763f3f67-df7e-4c0a-ba87-51f5b9e2050b.png?v=1712139438,2023-12-11T15:57:30+05:30,2026-09-08T08:56:50+05:30
Crompton,Crompton Aplomado Pro_220W,Professional Outdoor Lighting,"Industrial Lighting, Street light",crompton-aplomado-pro_220w-1,https://www.crompton.co.in/products/crompton-aplomado-pro_220w-1,34500.0,34500.0,Title,Default Title :: SKU=CRP-416-220-57-HL3-GL-HR-NSR :: ₹34500.00,5,https://cdn.shopify.com/s/files/1/0715/1704/5040/files/aplomado-pro-pl-png_18c3c5d5-a260-4757-9672-ebb7f24e809b.png?v=1712138831 | https://cdn.shopify.com/s/files/1/0715/1704/5040/files/aplomado-pro-pl-1_a8f56ed4-6711-4448-a555-6c4621acc349.png?v=1712138831 | https://cdn.shopify.com/s/files/1/0715/1704/5040/files/aplomado-pro-pl-2_f07cfd23-7ccc-4869-9321-bc6be09125bf.png?v=1712138831 | https://cdn.shopify.com/s/files/1/0715/1704/5040/files/aplomado-pro-pl-3_29da41d6-2cb4-4174-a10d-76683e836ead.png?v=1712138831 | https://cdn.shopify.com/s/files/1/0715/1704/5040/files/aplomado-pro-pl-4_87a7445a-e3af-436a-8900-6915bbe0dfb4.png?v=1712138831,2023-12-11T15:55:23+05:30,2026-09-08T08:56:50+05:30
Crompton,Crompton Aplomado Pro_220W,Professional Outdoor Lighting,"Industrial Lighting, Street light",crompton-aplomado-pro_220w,https://www.crompton.co.in/products/crompton-aplomado-pro_220w,33000.0,33000.0,Title,Default Title :: SKU=CRP-416-220-57-HL2-GL-HR-NSR :: ₹33000.00,5,https://cdn.shopify.com/s/files/1/0715/1704/5040/files/aplomado-pro-pl-png_979aa38c-6612-496d-bca5-9faf4fc74eac.png?v=1712138681 | https://cdn.shopify.com/s/files/1/0715/1704/5040/files/aplomado-pro-pl-1_3367cd7c-a108-413d-93d6-f7a38111f1c8.png?v=1712138681 | https://cdn.shopify.com/s/files/1/0715/1704/5040/files/aplomado-pro-pl-2_04d2cc7e-ec7c-415d-8659-1f4124c685dc.png?v=1712138681 | https://cdn.shopify.com/s/files/1/0715/1704/5040/files/aplomado-pro-pl-3_760f3ac5-6e54-487a-88fe-5205d3acca8c.png?v=1712138681 | https://cdn.shopify.com/s/files/1/0715/1704/5040/files/aplomado-pro-pl-4_9b5d78e6-88aa-4514-b98d-e33eaf52b04f.png?v=1712138681,2023-12-11T15:52:24+05:30,2026-09-08T08:56:50+05:30
Crompton,Crompton Aplomado Pro_200W,Professional Outdoor Lighting,"Industrial Lighting, Street light",crompton-aplomado-pro_200w-1,https://www.crompton.co.in/products/crompton-aplomado-pro_200w-1,32500.0,32500.0,Title,Default Title :: SKU=CRP-418-200-57-HL3-GL-HR-NSR :: ₹32500.00,5,https://cdn.shopify.com/s/files/1/0715/1704/5040/files/aplomado-pro-pl-png_7ea77ee0-3c1f-405e-897b-11c187e748f6.png?v=1712138511 | https://cdn.shopify.com/s/files/1/0715/1704/5040/files/aplomado-pro-pl-1_f2598522-075c-40eb-bf97-b50f1c8a3af6.png?v=1712138511 | https://cdn.shopify.com/s/files/1/0715/1704/5040/files/aplomado-pro-pl-2_1d497e1c-de07-486d-bb33-25c093d99cc4.png?v=1712138511 | https://cdn.shopify.com/s/files/1/0715/1704/5040/files/aplomado-pro-pl-3_19d86b3c-2696-4a7b-bdeb-3e8982d59c34.png?v=1712138511 | https://cdn.shopify.com/s/files/1/0715/1704/5040/files/aplomado-pro-pl-4_aa14f964-2288-44d1-827e-cda8a6093b62.png?v=1712138511,2023-12-11T15:42:10+05:30,2026-09-08T08:56:50+05:30
Crompton,Crompton Aplomado Pro_200W,Professional Outdoor Lighting,"Industrial Lighting, Street light",crompton-aplomado-pro_200w,https://www.crompton.co.in/products/crompton-aplomado-pro_200w,31000.0,31000.0,Title,Default Title :: SKU=CRP-418-200-57-HL2-GL-HR-NSR :: ₹31000.00,5,https://cdn.shopify.com/s/files/1/0715/1704/5040/files/aplomado-pro-pl-png_4e7aabe2-48c3-43e1-bba1-cdfc82216e71.png?v=1712138353 | https://cdn.shopify.com/s/files/1/0715/1704/5040/files/aplomado-pro-pl-1_1ea3d5ad-bdd6-4528-bfee-ea304d7c3064.png?v=1712138353 | https://cdn.shopify.com/s/files/1/0715/1704/5040/files/aplomado-pro-pl-2_0dd85a30-c508-4036-a4ae-c70c67ed2530.png?v=1712138353 | https://cdn.shopify.com/s/files/1/0715/1704/5040/files/aplomado-pro-pl-3_1a956cb0-871c-47c9-81e2-5d7c7f94cce8.png?v=1712138353 | https://cdn.shopify.com/s/files/1/0715/1704/5040/files/aplomado-pro-pl-4_3f99a3a7-b4d5-45a6-ae67-1a21a999f707.png?v=1712138353,2023-12-11T15:37:52+05:30,2026-09-08T08:56:50+05:30
Crompton,Crompton Aplomado Pro_180W,Professional Outdoor Lighting,"Industrial Lighting, Street light",crompton-aplomado-pro_180w-1,https://www.crompton.co.in/products/crompton-aplomado-pro_180w-1,30000.0,30000.0,Title,Default Title :: SKU=CRP-418-180-57-HL3-GL-HR-NSR :: ₹30000.00,5,https://cdn.shopify.com/s/files/1/0715/1704/5040/files/aplomado-pro-pl-png_f17eda86-5fd9-470d-92f5-97b9e7bfab5b.png?v=1712137820 | https://cdn.shopify.com/s/files/1/0715/1704/5040/files/aplomado-pro-pl-1_6dc06bd5-1977-4d11-8bad-dd286d4ae09b.png?v=1712137820 | https://cdn.shopify.com/s/files/1/0715/1704/5040/files/aplomado-pro-pl-2_24be50d2-f33e-486f-a15c-786768d88c15.png?v=1712137820 | https://cdn.shopify.com/s/files/1/0715/1704/5040/files/aplomado-pro-pl-3_59e652f4-8375-4da9-9fad-bd3ed3f54467.png?v=1712137820 | https://cdn.shopify.com/s/files/1/0715/1704/5040/files/aplomado-pro-pl-4_72ff09cb-d411-4c5c-b82d-9501aebe76be.png?v=1712137820,2023-12-11T15:35:05+05:30,2026-09-08T08:56:50+05:30
Crompton,Crompton Aplomado Pro_180W,Professional Outdoor Lighting,"Industrial Lighting, Street light",crompton-aplomado-pro_180w,https://www.crompton.co.in/products/crompton-aplomado-pro_180w,28500.0,28500.0,Title,Default Title :: SKU=CRP-418-180-57-HL2-GL-HR-NSR :: ₹28500.00,5,https://cdn.shopify.com/s/files/1/0715/1704/5040/files/aplomado-pro-pl-png.png?v=1712137635 | https://cdn.shopify.com/s/files/1/0715/1704/5040/files/aplomado-pro-pl-1.png?v=1712137635 | https://cdn.shopify.com/s/files/1/0715/1704/5040/files/aplomado-pro-pl-2.png?v=1712137635 | https://cdn.shopify.com/s/files/1/0715/1704/5040/files/aplomado-pro-pl-3.png?v=1712137635 | https://cdn.shopify.com/s/files/1/0715/1704/5040/files/aplomado-pro-pl-4.png?v=1712137635,2023-12-11T15:27:38+05:30,2026-09-08T08:56:50+05:30
Crompton,Crompton FALCON_250W,Professional Outdoor Lighting,"Industrial Lighting, Street light",crompton-falcon_250w,https://www.crompton.co.in/products/crompton-falcon_250w,42000.0,42000.0,Title,Default Title :: SKU=CRP-410-250-57-HL3-GL-HR-NGG :: ₹42000.00,5,https://cdn.shopify.com/s/files/1/0715/1704/5040/files/falcon-pl-png_074b1546-5097-4fe9-922e-56c8c9d16702.png?v=1712136618 | https://cdn.shopify.com/s/files/1/0715/1704/5040/files/falcon-pl-1_1e2a3b6e-c73a-4682-b0dc-1c8597fd7c00.png?v=1712136618 | https://cdn.shopify.com/s/files/1/0715/1704/5040/files/falcon-pl-2_b0e57061-67c9-4c09-ba34-a107a8e1cfef.png?v=1712136618 | https://cdn.shopify.com/s/files/1/0715/1704/5040/files/falcon-pl-3_41510f01-4a9d-40ce-bcf7-b0803fcb8ff2.png?v=1712136618 | https://cdn.shopify.com/s/files/1/0715/1704/5040/files/falcon-pl-4_c1cef170-9a00-487a-beab-155d7fc669b5.png?v=1712136618,2023-12-11T15:18:41+05:30,2026-09-08T08:56:50+05:30
Crompton,Crompton FALCON_250W,Professional Outdoor Lighting,"Industrial Lighting, Street light",crompton-falcon_250w-1,https://www.crompton.co.in/products/crompton-falcon_250w-1,39000.0,39000.0,Title,Default Title :: SKU=CRP-410-250-57-HL2-GL-HR-NGG :: ₹39000.00,5,https://cdn.shopify.com/s/files/1/0715/1704/5040/files/falcon-pl-png_be288a80-b627-4122-99a2-d2308f933257.png?v=1712135454 | https://cdn.shopify.com/s/files/1/0715/1704/5040/files/falcon-pl-1_787160b8-3281-4ab4-957d-0c1c697db35f.png?v=1712135454 | https://cdn.shopify.com/s/files/1/0715/1704/5040/files/falcon-pl-2_7fdfcaf8-4e34-44a9-be9d-e6fbee65b80b.png?v=1712135454 | https://cdn.shopify.com/s/files/1/0715/1704/5040/files/falcon-pl-3_f9e33aaa-74a6-4a18-a205-7764ab75d46c.png?v=1712135454 | https://cdn.shopify.com/s/files/1/0715/1704/5040/files/falcon-pl-4_9c9f89ce-9f61-4033-96cc-f21a1e888da4.png?v=1712135454,2023-12-11T15:15:49+05:30,2026-09-08T08:56:50+05:30
Crompton,Crompton FALCON_220W,Professional Outdoor Lighting,"Industrial Lighting, Street light",crompton-falcon_220w-1,https://www.crompton.co.in/products/crompton-falcon_220w-1,36000.0,36000.0,Title,Default Title :: SKU=CRP-410-220-57-HL3-GL-HR-NGG :: ₹36000.00,5,https://cdn.shopify.com/s/files/1/0715/1704/5040/files/falcon-pl-png_c8d80dfa-adc8-425f-865f-01dc2b002699.png?v=1712070739 | https://cdn.shopify.com/s/files/1/0715/1704/5040/files/falcon-pl-1_e5a2e174-dfd7-43de-878f-a019c61821ec.png?v=1712070739 | https://cdn.shopify.com/s/files/1/0715/1704/5040/files/falcon-pl-2_c4d29253-a70d-444b-8bd4-be3d84c8e91f.png?v=1712070739 | https://cdn.shopify.com/s/files/1/0715/1704/5040/files/falcon-pl-3_c2e62e33-31df-44e9-96d5-7f805569a31e.png?v=1712070739 | https://cdn.shopify.com/s/files/1/0715/1704/5040/files/falcon-pl-4_1265070e-4234-4060-9cca-538ad237bf46.png?v=1712070739,2023-12-11T15:13:31+05:30,2026-09-08T08:56:50+05:30
Crompton,Crompton FALCON_220W,Professional Outdoor Lighting,"Industrial Lighting, Street light",crompton-falcon_220w,https://www.crompton.co.in/products/crompton-falcon_220w,34000.0,34000.0,Title,Default Title :: SKU=CRP-410-220-57-HL2-GL-HR-NGG :: ₹34000.00,5,https://cdn.shopify.com/s/files/1/0715/1704/5040/files/falcon-pl-png_728849fb-849d-4737-adba-de1b336285d0.png?v=1712070569 | https://cdn.shopify.com/s/files/1/0715/1704/5040/files/falcon-pl-1_24fa37fb-d001-4cd5-a963-8ca742d6aae2.png?v=1712070569 | https://cdn.shopify.com/s/files/1/0715/1704/5040/files/falcon-pl-2_dbed8f20-7ddb-4187-bf0b-24197975aa88.png?v=1712070569 | https://cdn.shopify.com/s/files/1/0715/1704/5040/files/falcon-pl-3_b4c95c33-fb91-4190-b001-eea277ea4759.png?v=1712070569 | https://cdn.shopify.com/s/files/1/0715/1704/5040/files/falcon-pl-4_fa50b26d-00c7-4c48-ac78-022ab9cb29bb.png?v=1712070569,2023-12-11T15:10:06+05:30,2026-09-08T08:56:50+05:30
Crompton,Crompton FALCON_200W,Professional Outdoor Lighting,"Industrial Lighting, Street light",crompton-falcon_200w-1,https://www.crompton.co.in/products/crompton-falcon_200w-1,34000.0,34000.0,Title,Default Title :: SKU=CRP-410-200-57-HL3-GL-HR-NGG :: ₹34000.00,5,https://cdn.shopify.com/s/files/1/0715/1704/5040/files/falcon-pl-png_7b973a56-53ef-4d48-813d-20d2a0105133.png?v=1712070202 | https://cdn.shopify.com/s/files/1/0715/1704/5040/files/falcon-pl-1_a319dab9-f0ed-46f0-a012-a6cfe4ee3118.png?v=1712070202 | https://cdn.shopify.com/s/files/1/0715/1704/5040/files/falcon-pl-2_1f19dc91-d0cd-401a-8931-7751a0689904.png?v=1712070202 | https://cdn.shopify.com/s/files/1/0715/1704/5040/files/falcon-pl-3_2d51bc77-2757-41e0-bb82-836295f506ed.png?v=1712070202 | https://cdn.shopify.com/s/files/1/0715/1704/5040/files/falcon-pl-4_c574f642-97fc-4684-b158-ada3576c6309.png?v=1712070202,2023-12-11T15:07:55+05:30,2026-09-08T08:56:50+05:30
Crompton,Crompton FALCON_200W,Professional Outdoor Lighting,"Industrial Lighting, Street light",crompton-falcon_200w,https://www.crompton.co.in/products/crompton-falcon_200w,32000.0,32000.0,Title,Default Title :: SKU=CRP-410-200-57-HL2-GL-HR-NGG :: ₹32000.00,5,https://cdn.shopify.com/s/files/1/0715/1704/5040/files/falcon-pl-png_4d7ff9b4-878c-4176-9fe2-afc75d15c56f.png?v=1712069923 | https://cdn.shopify.com/s/files/1/0715/1704/5040/files/falcon-pl-1_21072ea9-1be5-4001-8601-977a74e1468a.png?v=1712069923 | https://cdn.shopify.com/s/files/1/0715/1704/5040/files/falcon-pl-2_960e316b-cbc7-480a-b611-4ec45cd34af9.png?v=1712069923 | https://cdn.shopify.com/s/files/1/0715/1704/5040/files/falcon-pl-3_050cc3c3-6552-4622-98d8-2983bb9fa883.png?v=1712069923 | https://cdn.shopify.com/s/files/1/0715/1704/5040/files/falcon-pl-4_42c842c1-e692-4761-9cbd-6184743c7e48.png?v=1712069923,2023-12-11T15:02:58+05:30,2026-09-08T08:56:50+05:30
Crompton,Crompton FALCON_180W,Professional Outdoor Lighting,"Industrial Lighting, Street light",crompton-falcon_180w-1,https://www.crompton.co.in/products/crompton-falcon_180w-1,32000.0,32000.0,Title,Default Title :: SKU=CRP-413-180-57-HL3-GL-HR-NGG :: ₹32000.00,5,https://cdn.shopify.com/s/files/1/0715/1704/5040/files/falcon-pl-png_35521641-a085-4eba-b5f7-8a7f44e29df7.png?v=1712068754 | https://cdn.shopify.com/s/files/1/0715/1704/5040/files/falcon-pl-1_6628c87d-02b8-4657-9d3c-4c65b1531bc8.png?v=1712068754 | https://cdn.shopify.com/s/files/1/0715/1704/5040/files/falcon-pl-2_c88e8933-4a84-4ae4-8fd5-9c67e5d23255.png?v=1712068754 | https://cdn.shopify.com/s/files/1/0715/1704/5040/files/falcon-pl-3_d772c89f-c1db-40c9-9dd2-9b84723f2ddb.png?v=1712068754 | https://cdn.shopify.com/s/files/1/0715/1704/5040/files/falcon-pl-4_800b685f-7104-4c68-ba6f-5101cc833470.png?v=1712068754,2023-12-11T14:58:03+05:30,2026-09-08T08:56:50+05:30
Crompton,Crompton FALCON_180W,Professional Outdoor Lighting,"Industrial Lighting, Street light",crompton-falcon_180w,https://www.crompton.co.in/products/crompton-falcon_180w,29500.0,29500.0,Title,Default Title :: SKU=CRP-413-180-57-HL2-GL-HR-NSR :: ₹29500.00,5,https://cdn.shopify.com/s/files/1/0715/1704/5040/files/falcon-pl-png_3f0b040c-2569-43fe-8994-14e4b6608809.png?v=1712068565 | https://cdn.shopify.com/s/files/1/0715/1704/5040/files/falcon-pl-1_cdea069a-488f-485f-bd39-43a11aeeebb4.png?v=1712068565 | https://cdn.shopify.com/s/files/1/0715/1704/5040/files/falcon-pl-2_8d42ed07-0be0-4a76-b56b-b8a3a96ba3e1.png?v=1712068565 | https://cdn.shopify.com/s/files/1/0715/1704/5040/files/falcon-pl-3_cb8f7bca-b82e-4766-8ca5-1c79095e8ccb.png?v=1712068565 | https://cdn.shopify.com/s/files/1/0715/1704/5040/files/falcon-pl-4_cd892b33-72c5-4b67-ab19-614883917116.png?v=1712068565,2023-12-11T14:55:31+05:30,2026-09-08T08:56:50+05:30
Crompton,Crompton FALCON_150W,Professional Outdoor Lighting,"Industrial Lighting, Street light",crompton-falcon_150w-1,https://www.crompton.co.in/products/crompton-falcon_150w-1,24500.0,24500.0,Title,Default Title :: SKU=CRP-413-150-57-HL3-GL-HR-NGG :: ₹24500.00,5,https://cdn.shopify.com/s/files/1/0715/1704/5040/files/falcon-pl-png_646dd3b5-848f-4c4d-baf9-0b3ddd9fb9d8.png?v=1712068431 | https://cdn.shopify.com/s/files/1/0715/1704/5040/files/falcon-pl-1_b32772ff-bf71-4d27-8fc4-befa24b4cd15.png?v=1712068431 | https://cdn.shopify.com/s/files/1/0715/1704/5040/files/falcon-pl-2_4df562fb-1414-4c88-9cf8-3e49db2ca98c.png?v=1712068431 | https://cdn.shopify.com/s/files/1/0715/1704/5040/files/falcon-pl-3_fc1a2f6a-24c4-4bd7-9a85-e5cf6068e07c.png?v=1712068431 | https://cdn.shopify.com/s/files/1/0715/1704/5040/files/falcon-pl-4_5170b71c-f9b0-4b9f-a2fd-c11b0ecf9b79.png?v=1712068431,2023-12-11T14:51:37+05:30,2026-09-08T08:56:50+05:30
Crompton,Crompton FALCON_150W,Professional Outdoor Lighting,"Industrial Lighting, Street light",crompton-falcon_150w,https://www.crompton.co.in/products/crompton-falcon_150w,23500.0,23500.0,Title,Default Title :: SKU=CRP-413-150-57-HL2-GL-HR-NSR :: ₹23500.00,5,https://cdn.shopify.com/s/files/1/0715/1704/5040/files/falcon-pl-png.png?v=1712068314 | https://cdn.shopify.com/s/files/1/0715/1704/5040/files/falcon-pl-1.png?v=1712068314 | https://cdn.shopify.com/s/files/1/0715/1704/5040/files/falcon-pl-2.png?v=1712068314 | https://cdn.shopify.com/s/files/1/0715/1704/5040/files/falcon-pl-3.png?v=1712068314 | https://cdn.shopify.com/s/files/1/0715/1704/5040/files/falcon-pl-4.png?v=1712068314,2023-12-11T14:43:43+05:30,2026-09-08T08:56:50+05:30
Crompton,Crompton RAPTOR PRO_120W,Professional Outdoor Lighting,"Industrial Lighting, Street light",crompton-raptor-pro_120w,https://www.crompton.co.in/products/crompton-raptor-pro_120w,14000.0,14000.0,Title,Default Title :: SKU=CRP-411-120-57-SL-GL-NSG :: ₹14000.00,5,https://cdn.shopify.com/s/files/1/0715/1704/5040/files/png_96661b4d-e959-4c80-891e-9bfdda7aca0a.png?v=1702285505 | https://cdn.shopify.com/s/files/1/0715/1704/5040/files/raptor-pro-pl-4_f06ca6a1-c9e5-4845-979b-c8baabbbb628.png?v=1712040293 | https://cdn.shopify.com/s/files/1/0715/1704/5040/files/raptor-pro-pl-1_d0a01773-b7dc-4b55-ac89-a70fced838a8.png?v=1712040293 | https://cdn.shopify.com/s/files/1/0715/1704/5040/files/raptor-pro-pl-2_c63ea21f-4bef-492f-a9b9-78613c445444.png?v=1712040293 | https://cdn.shopify.com/s/files/1/0715/1704/5040/files/raptor-pro-pl-3_cf073cef-aa13-4932-b4b0-5a67f293392a.png?v=1712040293,2023-12-11T14:34:51+05:30,2026-09-08T08:56:50+05:30
Crompton,Crompton RAPTOR PRO_100W,Professional Outdoor Lighting,"Industrial Lighting, Street light",crompton-raptor-pro_100w,https://www.crompton.co.in/products/crompton-raptor-pro_100w,12000.0,12000.0,Title,Default Title :: SKU=CRP-411-100-57-SL-GL-NSG :: ₹12000.00,5,https://cdn.shopify.com/s/files/1/0715/1704/5040/files/png_1_ed26f4ba-12cd-411d-a081-08321384177a.png?v=1712039768 | https://cdn.shopify.com/s/files/1/0715/1704/5040/files/raptor-pro-pl-1_21a1bb88-c571-47f0-b8f4-16a266488423.png?v=1712039769 | https://cdn.shopify.com/s/files/1/0715/1704/5040/files/raptor-pro-pl-2_fe5448f0-3c77-4518-b486-d3396ca88899.png?v=1712039768 | https://cdn.shopify.com/s/files/1/0715/1704/5040/files/raptor-pro-pl-3_40f1922a-8d72-4aeb-b045-99babc0c4c86.png?v=1712039769 | https://cdn.shopify.com/s/files/1/0715/1704/5040/files/raptor-pro-pl-4_24d46f71-365e-4235-8880-6960f0cb1ac7.png?v=1712039769,2023-12-11T14:32:00+05:30,2026-09-08T08:56:50+05:30
Crompton,Crompton RAPTOR PRO_90W,Professional Outdoor Lighting,"Industrial Lighting, Street light",crompton-raptor-pro_90w,https://www.crompton.co.in/products/crompton-raptor-pro_90w,10500.0,10500.0,Title,Default Title :: SKU=CRP-411-90-57-SL-GL-NSG :: ₹10500.00,5,https://cdn.shopify.com/s/files/1/0715/1704/5040/files/png_1_5ac5865d-9498-4f31-99a8-b0feba64703f.png?v=1712039729 | https://cdn.shopify.com/s/files/1/0715/1704/5040/files/raptor-pro-pl-1_533ad44d-0fde-4f9d-a7c2-fa07567f542d.png?v=1712039729 | https://cdn.shopify.com/s/files/1/0715/1704/5040/files/raptor-pro-pl-2_8c5e6b2d-e304-4ba9-a2e8-8faf0d203e07.png?v=1712039729 | https://cdn.shopify.com/s/files/1/0715/1704/5040/files/raptor-pro-pl-3_c2d8a2c6-8fa7-4c5e-94a3-ce45712c8ac6.png?v=1712039729 | https://cdn.shopify.com/s/files/1/0715/1704/5040/files/raptor-pro-pl-4_82091e85-e94c-4ca7-aefa-b6f3cb392aa7.png?v=1712039730,2023-12-11T14:28:08+05:30,2026-09-08T08:56:50+05:30
Crompton,Crompton RAPTOR PRO_70W,Professional Outdoor Lighting,"Industrial Lighting, Street light",crompton-raptor-pro_70w,https://www.crompton.co.in/products/crompton-raptor-pro_70w,8000.0,8000.0,Title,Default Title :: SKU=CRP-409-70-57-SL-GL-NSG :: ₹8000.00,5,https://cdn.shopify.com/s/files/1/0715/1704/5040/files/png_1_5d725371-45cc-4ab5-a3c8-d41e54385b50.png?v=1712038965 | https://cdn.shopify.com/s/files/1/0715/1704/5040/files/raptor-pro-pl-4_ac550c28-37cb-4b2c-8f1f-d43a23f92a6b.png?v=1712038968 | https://cdn.shopify.com/s/files/1/0715/1704/5040/files/raptor-pro-pl-1_b9ed0725-8788-4d3c-af38-39a5413e18c3.png?v=1712038968 | https://cdn.shopify.com/s/files/1/0715/1704/5040/files/raptor-pro-pl-2_e06f942c-231d-4639-ad28-8fcf184f7693.png?v=1712038968 | https://cdn.shopify.com/s/files/1/0715/1704/5040/files/raptor-pro-pl-3_b00b7897-837a-426e-ad0b-8fce9129f84c.png?v=1712038968,2023-12-11T14:25:50+05:30,2026-09-08T08:56:50+05:30
Crompton,Crompton RAPTOR PRO_60W,Professional Outdoor Lighting,"Industrial Lighting, Street light",crompton-raptor-pro_60w,https://www.crompton.co.in/products/crompton-raptor-pro_60w,7800.0,7800.0,Title,Default Title :: SKU=CRP-409-60-57-SL-GL-NSG :: ₹7800.00,5,https://cdn.shopify.com/s/files/1/0715/1704/5040/files/png_1.png?v=1712038031 | https://cdn.shopify.com/s/files/1/0715/1704/5040/files/raptor-pro-pl-4.png?v=1712038326 | https://cdn.shopify.com/s/files/1/0715/1704/5040/files/raptor-pro-pl-3.png?v=1712038326 | https://cdn.shopify.com/s/files/1/0715/1704/5040/files/raptor-pro-pl-2.png?v=1712038326 | https://cdn.shopify.com/s/files/1/0715/1704/5040/files/raptor-pro-pl-1.png?v=1712038326,2023-12-11T14:16:38+05:30,2026-09-08T08:56:50+05:30
Crompton,Crompton Wanderer Plus_120W,Professional Outdoor Lighting,"Industrial Lighting, Street light",crompton-wanderer-plus_120w,https://www.crompton.co.in/products/crompton-wanderer-plus_120w,12500.0,12500.0,Title,Default Title :: SKU=TRP-426-120-57-HL2-LM-NBK :: ₹12500.00,5,https://cdn.shopify.com/s/files/1/0715/1704/5040/files/wonderer-plus-pl-png_f9a959aa-ffb1-43e2-83cb-9a49122ea626.png?v=1712037816 | https://cdn.shopify.com/s/files/1/0715/1704/5040/files/wonderer-plus-pl-1_daf6850c-5d50-4d86-9bdd-d8a2d0022054.png?v=1712037816 | https://cdn.shopify.com/s/files/1/0715/1704/5040/files/wonderer-plus-pl-2_724f379c-43df-4de3-883b-cac69def4377.png?v=1712037816 | https://cdn.shopify.com/s/files/1/0715/1704/5040/files/wonderer-plus-pl-3_90e50882-afc4-4417-8436-5b8caa48de29.png?v=1712037816 | https://cdn.shopify.com/s/files/1/0715/1704/5040/files/wonderer-plus-pl-4_a31aa883-70f8-4be3-af35-d67564fc0682.png?v=1712037816,2023-12-11T13:21:16+05:30,2026-09-08T08:56:50+05:30
Crompton,Crompton Wanderer Plus_90W,Professional Outdoor Lighting,"Industrial Lighting, Street light",crompton-wanderer-plus_90w,https://www.crompton.co.in/products/crompton-wanderer-plus_90w,9050.0,9050.0,Title,Default Title :: SKU=TRP-425-90-57-HL2-LM-NBK :: ₹9050.00,5,https://cdn.shopify.com/s/files/1/0715/1704/5040/files/wonderer-plus-pl-png_b8f6ab03-78a3-4061-b5fd-fc3502d26cf3.png?v=1712036674 | https://cdn.shopify.com/s/files/1/0715/1704/5040/files/wonderer-plus-pl-1_1504a638-f331-4811-b483-3bca400ce17d.png?v=1712036674 | https://cdn.shopify.com/s/files/1/0715/1704/5040/files/wonderer-plus-pl-2_5d0bebdf-c96d-47da-993e-fc30f62ebab3.png?v=1712036674 | https://cdn.shopify.com/s/files/1/0715/1704/5040/files/wonderer-plus-pl-3_cb2e7cf6-2ab7-41ee-b9f6-10dbc4b64ebc.png?v=1712036674 | https://cdn.shopify.com/s/files/1/0715/1704/5040/files/wonderer-plus-pl-4_82919f07-35fe-48a9-b17f-cad21be2aeda.png?v=1712036674,2023-12-11T13:17:44+05:30,2026-09-08T08:56:50+05:30
Crompton,Crompton Wanderer Plus_70W,Professional Outdoor Lighting,"Industrial Lighting, Street light",crompton-wanderer-plus_70w,https://www.crompton.co.in/products/crompton-wanderer-plus_70w,6800.0,6800.0,Title,Default Title :: SKU=TRP-421-70-57-SL-LM-NBK :: ₹6800.00,5,https://cdn.shopify.com/s/files/1/0715/1704/5040/files/wonderer-plus-pl-png_556e2305-e478-4d11-8832-1e89c230377c.png?v=1712036502 | https://cdn.shopify.com/s/files/1/0715/1704/5040/files/wonderer-plus-pl-1_c1384661-e249-43f2-8e96-f128f7f8e21a.png?v=1712036502 | https://cdn.shopify.com/s/files/1/0715/1704/5040/files/wonderer-plus-pl-2_0d7738fa-d858-4395-a773-b8ba83fdf699.png?v=1712036502 | https://cdn.shopify.com/s/files/1/0715/1704/5040/files/wonderer-plus-pl-3_a6218086-19c2-4a8e-bbe5-31505379bac6.png?v=1712036502 | https://cdn.shopify.com/s/files/1/0715/1704/5040/files/wonderer-plus-pl-4_26731945-daee-4058-9dbc-e103e21535fa.png?v=1712036502,2023-12-11T13:14:00+05:30,2026-09-08T08:56:50+05:30
Crompton,Crompton Wanderer Plus_60W,Professional Outdoor Lighting,"Industrial Lighting, Street light",crompton-wanderer-plus_60w,https://www.crompton.co.in/products/crompton-wanderer-plus_60w,6200.0,6200.0,Title,Default Title :: SKU=TRP-421-60-57-SL-LM-NBK :: ₹6200.00,5,https://cdn.shopify.com/s/files/1/0715/1704/5040/files/wonderer-plus-pl-png_967174b5-2345-4d5d-9260-5a5ae5dcf522.png?v=1712036343 | https://cdn.shopify.com/s/files/1/0715/1704/5040/files/wonderer-plus-pl-1_71c19e69-037f-4a61-80de-5c3c09a8cc02.png?v=1712036343 | https://cdn.shopify.com/s/files/1/0715/1704/5040/files/wonderer-plus-pl-2_22e9e69b-5256-43f3-9af3-90bb39630b03.png?v=1712036343 | https://cdn.shopify.com/s/files/1/0715/1704/5040/files/wonderer-plus-pl-3_ddaedd16-fdce-444b-9410-5bf46be3eabb.png?v=1712036343 | https://cdn.shopify.com/s/files/1/0715/1704/5040/files/wonderer-plus-pl-4_9a678557-8b9f-4fd5-bd6c-ae5d78671110.png?v=1712036343,2023-12-11T13:10:23+05:30,2026-09-08T08:56:50+05:30
Crompton,Crompton Wanderer Plus_45W,Professional Outdoor Lighting,"Industrial Lighting, Street light",crompton-wanderer-plus_45w,https://www.crompton.co.in/products/crompton-wanderer-plus_45w,5800.0,5800.0,Title,Default Title :: SKU=TRP-417-45-57-SL-LM-NBK :: ₹5800.00,5,https://cdn.shopify.com/s/files/1/0715/1704/5040/files/wonderer-plus-pl-png.png?v=1712040519 | https://cdn.shopify.com/s/files/1/0715/1704/5040/files/wonderer-plus-pl-1.png?v=1712040519 | https://cdn.shopify.com/s/files/1/0715/1704/5040/files/wonderer-plus-pl-2.png?v=1712040519 | https://cdn.shopify.com/s/files/1/0715/1704/5040/files/wonderer-plus-pl-3.png?v=1712040519 | https://cdn.shopify.com/s/files/1/0715/1704/5040/files/wonderer-plus-pl-4.png?v=1712040519,2023-12-11T12:51:16+05:30,2026-09-08T08:56:50+05:30
Crompton,Crompton Wanderer_30W,Professional Outdoor Lighting,"Industrial Lighting, Street light",crompton-wanderer_30w,https://www.crompton.co.in/products/crompton-wanderer_30w,3200.0,3200.0,Title,Default Title :: SKU=TRP-415-30-57-SL-LM-NBK :: ₹3200.00,5,https://cdn.shopify.com/s/files/1/0715/1704/5040/files/wonderer-plpng_92ab22a1-9ca5-40d8-a6fa-64209ad66b63.png?v=1711440001 | https://cdn.shopify.com/s/files/1/0715/1704/5040/files/wonderer-pl-1_c799e0ca-5c24-4a00-a348-7ca655cb7a71.png?v=1711440001 | https://cdn.shopify.com/s/files/1/0715/1704/5040/files/wonderer-pl-2_d29f192e-f67d-483b-bfe4-aed09d89e476.png?v=1711440001 | https://cdn.shopify.com/s/files/1/0715/1704/5040/files/wonderer-pl-3_918c2806-91d0-4944-af39-f7e97a2da4a1.png?v=1711440001 | https://cdn.shopify.com/s/files/1/0715/1704/5040/files/wonderer-pl-4_0765758a-d35f-47c9-b5f8-f6c7357a5890.png?v=1711440001,2023-12-11T12:45:26+05:30,2026-09-08T08:56:50+05:30
Crompton,Crompton Wanderer_25W,Professional Outdoor Lighting,"Industrial Lighting, Street light",crompton-wanderer_25w,https://www.crompton.co.in/products/crompton-wanderer_25w,2800.0,2800.0,Title,Default Title :: SKU=TRP-415-25-57-SL-LM-NBK :: ₹2800.00,5,https://cdn.shopify.com/s/files/1/0715/1704/5040/files/wonderer-plpng.png?v=1711438515 | https://cdn.shopify.com/s/files/1/0715/1704/5040/files/wonderer-pl-1.png?v=1711438515 | https://cdn.shopify.com/s/files/1/0715/1704/5040/files/wonderer-pl-2.png?v=1711438515 | https://cdn.shopify.com/s/files/1/0715/1704/5040/files/wonderer-pl-3.png?v=1711438515 | https://cdn.shopify.com/s/files/1/0715/1704/5040/files/wonderer-pl-4.png?v=1711438515,2023-12-11T12:39:22+05:30,2026-09-08T08:56:50+05:30
Crompton,Crompton Wanderer_20W,Professional Outdoor Lighting,"Industrial Lighting, Street light",crompton-wanderer_20w,https://www.crompton.co.in/products/crompton-wanderer_20w,2600.0,2600.0,Title,Default Title :: SKU=TRP-415-20-57-SL-LM-NBK :: ₹2600.00,5,https://cdn.shopify.com/s/files/1/0715/1704/5040/files/wonderer-plpng_cca836ff-1947-41fd-9ef8-0ecd5aa71e80.png?v=1711438434 | https://cdn.shopify.com/s/files/1/0715/1704/5040/files/wonderer-pl-1_2a171102-99f1-433c-a3d5-7702171abea4.png?v=1711438434 | https://cdn.shopify.com/s/files/1/0715/1704/5040/files/wonderer-pl-2_aa5946c8-1714-4fa7-afac-f57eb3ba70fc.png?v=1711438434 | https://cdn.shopify.com/s/files/1/0715/1704/5040/files/wonderer-pl-3_e1de29dc-53d5-4595-841f-8820806ab700.png?v=1711438434 | https://cdn.shopify.com/s/files/1/0715/1704/5040/files/wonderer-pl-4_e31d8081-8cd9-426a-8e66-1816b93c21f0.png?v=1711438434,2023-12-11T11:40:55+05:30,2026-09-08T08:56:50+05:30
Crompton,20W Slim Shakti Led Batten,Battens,"Bedroom Lights, category-batten, LED Battens, pfs:label-oddcolor, type-bathroom, type-bedroom, type-kitchen, type-without-false-ceiling, usege-regular",20w-slim-shakti-led-batten,https://www.crompton.co.in/products/20w-slim-shakti-led-batten,600.0,600.0,Color,Cool Day Light :: SKU=LDSKT20-CDL :: ₹600.00 | Natural White :: SKU=LDSKT20-NW :: ₹600.00 | Warm White :: SKU=LDSKT20-WW :: ₹600.00,5,https://cdn.shopify.com/s/files/1/0715/1704/5040/files/SlimShaktiFront.png?v=1694162624 | https://cdn.shopify.com/s/files/1/0715/1704/5040/files/LifestylePL1_eb2962aa-1b2e-4c7e-9b61-be9a0bd58fda.jpg?v=1695189036 | https://cdn.shopify.com/s/files/1/0715/1704/5040/files/Group1_1_1.jpg?v=1695189036 | https://cdn.shopify.com/s/files/1/0715/1704/5040/files/Group1copy3_1_1.jpg?v=1695189036 | https://cdn.shopify.com/s/files/1/0715/1704/5040/files/Group18copy_1.jpg?v=1695189036,2023-09-06T17:01:37+05:30,2026-09-08T08:56:50+05:30
Crompton,6W Rovello Led Table Lamp,Table Lamp,"Bedroom Lights, Led Table Lamp, pfs:label-oddcolor",6w-rovello-led-table-lamp,https://www.crompton.co.in/products/6w-rovello-led-table-lamp,1500.0,1500.0,Title,Default Title :: SKU=LED6WCHTBL-RVL-WH :: ₹1500.00,5,https://cdn.shopify.com/s/files/1/0715/1704/5040/files/RovelloTableLamp.webp?v=1697007360 | https://cdn.shopify.com/s/files/1/0715/1704/5040/files/Artboard2-2023-08-16T002246.877_1.jpg?v=1697007360 | https://cdn.shopify.com/s/files/1/0715/1704/5040/files/Artboard4_82_1.jpg?v=1697007360 | https://cdn.shopify.com/s/files/1/0715/1704/5040/files/LifestylePl1_7817d329-c26e-4c73-8337-38a0fb08317d.jpg?v=1697007360 | https://cdn.shopify.com/s/files/1/0715/1704/5040/files/rovelloPL04.3_1_1.jpg?v=1697007360,2023-09-07T11:29:17+05:30,2026-09-08T08:56:50+05:30
Crompton,3W Galaxy Led Copper Light,Outdoor Lights,"Copper Light, usege-mood, usege-regular",3w-galaxy-led-copper-light,https://www.crompton.co.in/products/3w-galaxy-led-copper-light,700.0,700.0,Color,Cool Day Light :: SKU=LSTGCL03-CDL :: ₹700.00 | Warm White :: SKU=LSTGCL03-WW :: ₹700.00 | Blue :: SKU=LSTGCL03-BLU :: ₹700.00 | Green :: SKU=LSTGCL03-GRN :: ₹700.00 | Pink :: SKU=LSTGCL03-PNK :: ₹700.00 | Red :: SKU=LSTGCL03-RED :: ₹700.00,5,https://cdn.shopify.com/s/files/1/0715/1704/5040/files/String_Light-removebg-preview.png?v=1694065792 | https://cdn.shopify.com/s/files/1/0715/1704/5040/files/GalaxyCopperLightPL01_2_1.jpg?v=1694065792 | https://cdn.shopify.com/s/files/1/0715/1704/5040/files/GalaxyCopperLightPL02_1.jpg?v=1694065792 | https://cdn.shopify.com/s/files/1/0715/1704/5040/files/GalaxyCopperLightPL03_1.jpg?v=1694065792 | https://cdn.shopify.com/s/files/1/0715/1704/5040/files/LifestylePL1_827f6cdc-ecbb-4468-bb9d-8fec14d1af7d.jpg?v=1694065792,2023-09-07T11:17:26+05:30,2026-09-08T08:56:50+05:30
Crompton,30W Optistar Led Street Light - CDL,Outdoor Lights,Led Street Light,30w-optistar-led-street-light-cdl,https://www.crompton.co.in/products/30w-optistar-led-street-light-cdl,2700.0,2700.0,Color,Cool Day Light :: SKU=LDSTR30CDL :: ₹2700.00,5,https://cdn.shopify.com/s/files/1/0715/1704/5040/files/Streetlamp_24LEDv01_UPLOAD_3a9ec270-4876-4690-8c25-3cde929cbbff.png?v=1694065511 | https://cdn.shopify.com/s/files/1/0715/1704/5040/files/LifestylePL1_245e0cee-2895-4a58-9f8d-2e5780d5cd57.jpg?v=1694065511 | https://cdn.shopify.com/s/files/1/0715/1704/5040/files/OpistarStreetPL_2_2_1_c31cc38a-ae2f-4261-81a3-a3d2aa50fcfe.jpg?v=1694065511 | https://cdn.shopify.com/s/files/1/0715/1704/5040/files/opitistar1_1_1_088f49d8-f491-4216-830a-055c1ee51ce8.jpg?v=1694065511 | https://cdn.shopify.com/s/files/1/0715/1704/5040/files/OptistarStreetPL_4_1_1_daf63fd3-8dcf-4472-819f-74fc38d0cca9.jpg?v=1694065511,2023-09-07T11:15:00+05:30,2026-09-08T08:56:50+05:30
Crompton,25W Optistar Led Street Light - CDL,Outdoor Lights,Led Street Light,25w-optistar-led-street-light-cdl,https://www.crompton.co.in/products/25w-optistar-led-street-light-cdl,2000.0,2000.0,Color,Cool Day Light :: SKU=LDSTR25CDL :: ₹2000.00,5,https://cdn.shopify.com/s/files/1/0715/1704/5040/files/Streetlamp_24LEDv01_UPLOAD_e3f11b3d-be64-4f33-aa20-ea323a8dc969.png?v=1694065413 | https://cdn.shopify.com/s/files/1/0715/1704/5040/files/LifestylePL1_2447387f-4277-4395-ba92-d75dbedd75ce.jpg?v=1694065413 | https://cdn.shopify.com/s/files/1/0715/1704/5040/files/OpistarStreetPL_2_2_1_a72eb8cd-a82f-448b-8182-0a7be6310772.jpg?v=1694065413 | https://cdn.shopify.com/s/files/1/0715/1704/5040/files/opitistar1_1_1_19ec37e1-457b-4ceb-8adf-11cc049c8dd4.jpg?v=1694065413 | https://cdn.shopify.com/s/files/1/0715/1704/5040/files/OptistarStreetPL_4_1_1_ae210572-2d7d-4d7f-ba56-4c0741975006.jpg?v=1694065413,2023-09-07T11:13:23+05:30,2026-09-08T08:56:50+05:30
Crompton,20W Optistar Led Street Light - CDL,Outdoor Lights,Led Street Light,20w-optistar-led-street-light-cdl,https://www.crompton.co.in/products/20w-optistar-led-street-light-cdl,1950.0,1950.0,Color,Cool Day Light :: SKU=LDSTR20CDL :: ₹1950.00,5,https://cdn.shopify.com/s/files/1/0715/1704/5040/files/Streetlamp_24LEDv01_UPLOAD.png?v=1694064865 | https://cdn.shopify.com/s/files/1/0715/1704/5040/files/LifestylePL1.jpg?v=1694064865 | https://cdn.shopify.com/s/files/1/0715/1704/5040/files/OpistarStreetPL_2_2_1.jpg?v=1694064865 | https://cdn.shopify.com/s/files/1/0715/1704/5040/files/opitistar1_1_1.jpg?v=1694064865 | https://cdn.shopify.com/s/files/1/0715/1704/5040/files/OptistarStreetPL_4_1_1.jpg?v=1694064865,2023-09-07T11:03:56+05:30,2026-09-08T08:56:50+05:30
Crompton,26W B22 Dynaray Led Bulb,Bulbs,"Balcony Lights, Bedroom Lights, category-bulbs, feature-low-power, feature-wide-spread-lights, Kitchen Lights, Led Bulb, pfs:label-oddcolor, Regular High Wattage Bulbs, type-bedroom, type-kitchen, type-night-lamp, type-prayer-room, type-study-room, type-washroom, type-without-false-ceiling",26w-b22-dynaray-led-bulb,https://www.crompton.co.in/products/26w-b22-dynaray-led-bulb,535.0,535.0,Color,Cool Day Light :: SKU=LED26WNDFWB2SCDL :: ₹535.00 | Warm White :: SKU=LED26WNDFWB1SWW :: ₹535.00,5,https://cdn.shopify.com/s/files/1/0715/1704/5040/files/Untitled-1_f3645859-f828-4ada-807c-23ca9c5d1f1b.png?v=1694779121 | https://cdn.shopify.com/s/files/1/0715/1704/5040/files/Brightenseverycorner_4_1_d4a3ec0c-c135-43cd-8962-265ae1adeee7.jpg?v=1694779121 | https://cdn.shopify.com/s/files/1/0715/1704/5040/files/DurasureTechnology_5_1_991e2859-a7df-495d-a85a-2111951399ec.jpg?v=1694779121 | https://cdn.shopify.com/s/files/1/0715/1704/5040/files/PL_Different.jpg?v=1725954089 | https://cdn.shopify.com/s/files/1/0715/1704/5040/files/Dynaraylifestyle_1_1_ba2be12d-4daa-42e1-9c76-0a44ad39d7fa.jpg?v=1725956847,2023-09-07T10:56:29+05:30,2026-09-08T08:56:50+05:30
Crompton,23W B22 Dynaray Led Bulb,Bulbs,"Balcony Lights, Bedroom Lights, category-bulbs, feature-low-power, feature-wide-spread-lights, Kitchen Lights, Led Bulb, pfs:label-oddcolor, Regular High Wattage Bulbs, type-bedroom, type-kitchen, type-night-lamp, type-prayer-room, type-study-room, type-washroom, type-without-false-ceiling",23w-b22-dynaray-led-bulb,https://www.crompton.co.in/products/23w-b22-dynaray-led-bulb,475.0,475.0,Color,Cool Day Light :: SKU=LED23WNDFWB2SCDL :: ₹475.00 | Warm White :: SKU=LED23WDFWBWW :: ₹475.00,5,https://cdn.shopify.com/s/files/1/0715/1704/5040/files/Untitled-1_451604c9-c2ca-4e40-97b3-3bd6e9f94716.png?v=1694779080 | https://cdn.shopify.com/s/files/1/0715/1704/5040/files/Brightenseverycorner_4_1_291fbe41-0551-43d6-9cd0-d3c577a5cfa4.jpg?v=1694779080 | https://cdn.shopify.com/s/files/1/0715/1704/5040/files/DurasureTechnology_5_1_f6e9f88a-161f-4d37-a529-007cf6984169.jpg?v=1694779080 | https://cdn.shopify.com/s/files/1/0715/1704/5040/files/PL_Different.jpg?v=1725954089 | https://cdn.shopify.com/s/files/1/0715/1704/5040/files/Dynaraylifestyle_1_1_8bb05bc8-6e48-4164-90e0-4b905506fb2f.jpg?v=1725956811,2023-09-07T10:51:54+05:30,2026-09-08T08:56:50+05:30
Crompton,20W B22 Dynaray Led Bulb,Bulbs,"Balcony Lights, Bedroom Lights, category-bulbs, feature-low-power, feature-wide-spread-lights, Kitchen Lights, Led Bulb, pfs:label-oddcolor, type-bedroom, type-kitchen, type-night-lamp, type-prayer-room, type-study-room, type-washroom, type-without-false-ceiling",20w-b22-dynaray-led-bulb,https://www.crompton.co.in/products/20w-b22-dynaray-led-bulb,435.0,435.0,Color,Cool Day Light :: SKU=LED20WNDFWB2SCDL :: ₹435.00 | Warm White :: SKU=LED20WNDFWB1SWW :: ₹435.00,5,https://cdn.shopify.com/s/files/1/0715/1704/5040/files/Untitled-1_91bab848-3ea6-4def-974c-3452a4114aa1.png?v=1694779045 | https://cdn.shopify.com/s/files/1/0715/1704/5040/files/Brightenseverycorner_4_1_23f24770-28f2-4d5a-9e81-0be3799e943a.jpg?v=1694779045 | https://cdn.shopify.com/s/files/1/0715/1704/5040/files/DurasureTechnology_5_1_420e03d7-b13e-480e-aa4f-2a1c4b1cddd4.jpg?v=1694779045 | https://cdn.shopify.com/s/files/1/0715/1704/5040/files/PL_Different.jpg?v=1725954089 | https://cdn.shopify.com/s/files/1/0715/1704/5040/files/Dynaraylifestyle_1_1_f231d7f4-1173-4c48-801a-12ccd9b028f0.jpg?v=1725956782,2023-09-07T10:44:50+05:30,2026-09-08T08:56:50+05:30
Crompton,18W B22 Dynaray Led Bulb,Bulbs,"Balcony Lights, Bedroom Lights, category-bulbs, feature-low-power, feature-wide-spread-lights, Kitchen Lights, Led Bulb, pfs:label-oddcolor, type-bedroom, type-kitchen, type-night-lamp, type-prayer-room, type-study-room, type-washroom, type-without-false-ceiling",18w-b22-dynaray-led-bulb,https://www.crompton.co.in/products/18w-b22-dynaray-led-bulb,390.0,390.0,Color,Cool Day Light :: SKU=LED18WNDFWB2SCDL :: ₹390.00 | Warm White :: SKU=LED18WDFWBWW :: ₹390.00,5,https://cdn.shopify.com/s/files/1/0715/1704/5040/files/Untitled-1_b4b389db-ec7b-46ee-9cc0-a5fffedc67e1.png?v=1694173501 | https://cdn.shopify.com/s/files/1/0715/1704/5040/files/Brightenseverycorner_4_1_2ca966fa-6a91-40c0-a250-4ab2a0608259.jpg?v=1694173501 | https://cdn.shopify.com/s/files/1/0715/1704/5040/files/DurasureTechnology_5_1_f20d0f6e-fa64-4f7b-aefb-82b97708198a.jpg?v=1694173501 | https://cdn.shopify.com/s/files/1/0715/1704/5040/files/PL_Different.jpg?v=1725954089 | https://cdn.shopify.com/s/files/1/0715/1704/5040/files/Dynaraylifestyle_1_1_d736bf14-04b9-49e0-9371-42c024ecfa59.jpg?v=1725954315,2023-09-07T10:35:56+05:30,2026-09-08T08:56:50+05:30
Crompton,14W E27 Dynaray Led Bulb,Bulbs,"Balcony Lights, Bathroom Lights, Bedroom Lights, category-bulbs, feature-low-power, feature-wide-spread-lights, Kitchen Lights, Led Bulb, pfs:label-oddcolor, type-bedroom, type-kitchen, type-night-lamp, type-prayer-room, type-study-room, type-washroom, type-without-false-ceiling",14w-e27-dynaray-led-bulb,https://www.crompton.co.in/products/14w-e27-dynaray-led-bulb,310.0,310.0,Color,Cool Day Light :: SKU=LED14WESWBCDL :: ₹310.00 | Warm White :: SKU=LED14WESWBWW :: ₹310.00,5,https://cdn.shopify.com/s/files/1/0715/1704/5040/files/Untitled-1_a74c5675-c751-46f0-9e16-e1e4b27db587.webp?v=1694779580 | https://cdn.shopify.com/s/files/1/0715/1704/5040/files/Brightenseverycorner_4_1_e315bd2b-d06e-4979-b99c-fe630fbd3c05.jpg?v=1694779580 | https://cdn.shopify.com/s/files/1/0715/1704/5040/files/DurasureTechnology_5_1_9326b2b7-215a-47bf-9542-63269c24e127.jpg?v=1694779580 | https://cdn.shopify.com/s/files/1/0715/1704/5040/files/PL_Different.jpg?v=1725954089 | https://cdn.shopify.com/s/files/1/0715/1704/5040/files/Dynaraylifestyle_1_1_bd4670ed-8dfe-4fca-9282-f8d5de51a718.jpg?v=1725954284,2023-09-07T10:31:06+05:30,2026-09-08T08:56:50+05:30
Crompton,14W B22 Dynaray Led Bulb,Bulbs,"Balcony Lights, Bathroom Lights, Bedroom Lights, category-bulbs, feature-low-power, feature-wide-spread-lights, Kitchen Lights, Led Bulb, pfs:label-oddcolor, type-bedroom, type-kitchen, type-night-lamp, type-prayer-room, type-study-room, type-washroom, type-without-false-ceiling",14w-b22-dynaray-led-bulb,https://www.crompton.co.in/products/14w-b22-dynaray-led-bulb,310.0,310.0,Color,Cool Day Light :: SKU=LED14WNDFWB2SCDL :: ₹310.00 | Warm White :: SKU=LED14WDFWBWW :: ₹310.00,5,https://cdn.shopify.com/s/files/1/0715/1704/5040/files/Untitled-1_b2a23d28-f16e-4d1a-8732-3d2cf470ebcf.png?v=1694779001 | https://cdn.shopify.com/s/files/1/0715/1704/5040/files/Brightenseverycorner_4_1_f520860c-7263-4d3f-bf0b-36ee8bcd2001.jpg?v=1694779001 | https://cdn.shopify.com/s/files/1/0715/1704/5040/files/DurasureTechnology_5_1_1d6f91b0-9d12-4b7c-9d05-2887ef1ea616.jpg?v=1694779001 | https://cdn.shopify.com/s/files/1/0715/1704/5040/files/PL_Different.jpg?v=1725954089 | https://cdn.shopify.com/s/files/1/0715/1704/5040/files/Dynaraylifestyle_1_1_1f0ef99d-4dc2-4c16-bdaf-0d2b2b145740.jpg?v=1725954228,2023-09-07T10:28:21+05:30,2026-09-08T08:56:50+05:30
Crompton,12W E27 Dynaray Led Bulb,Bulbs,"Balcony Lights, Bathroom Lights, Bedroom Lights, category-bulbs, feature-low-power, feature-wide-spread-lights, Kitchen Lights, Led Bulb, pfs:label-oddcolor, type-bedroom, type-kitchen, type-night-lamp, type-prayer-room, type-study-room, type-washroom, type-without-false-ceiling",12w-e27-dynaray-led-bulb-2,https://www.crompton.co.in/products/12w-e27-dynaray-led-bulb-2,275.0,280.0,Color,Cool Day Light :: SKU=LED12WNESWBCDL :: ₹280.00 | Warm White :: SKU=LED12WNESWBWW :: ₹275.00,5,https://cdn.shopify.com/s/files/1/0715/1704/5040/files/Untitled-1_ad55ce87-1841-429c-8709-7b84809498e1.png?v=1694165124 | https://cdn.shopify.com/s/files/1/0715/1704/5040/files/Brightenseverycorner_4_1_a16cf1bc-6715-434a-b97f-801fc1a51fe1.jpg?v=1694165124 | https://cdn.shopify.com/s/files/1/0715/1704/5040/files/DurasureTechnology_5_1_b94854ba-239b-4349-b2d1-a379575add8a.jpg?v=1694165124 | https://cdn.shopify.com/s/files/1/0715/1704/5040/files/PL_Different.jpg?v=1725954089 | https://cdn.shopify.com/s/files/1/0715/1704/5040/files/Dynaraylifestyle_1_1_7fdb7922-cdc0-478b-86ee-9570245cb5d6.jpg?v=1725954196,2023-09-07T10:20:01+05:30,2026-09-08T08:56:50+05:30
Crompton,12W E27 Dynaray Led Bulb,Bulbs,"Balcony Lights, Bathroom Lights, Bedroom Lights, category-bulbs, feature-low-power, feature-wide-spread-lights, Kitchen Lights, Led Bulb, pfs:label-oddcolor, type-bedroom, type-kitchen, type-night-lamp, type-prayer-room, type-study-room, type-washroom, type-without-false-ceiling",12w-e27-dynaray-led-bulb-1,https://www.crompton.co.in/products/12w-e27-dynaray-led-bulb-1,275.0,280.0,Color,Cool Day Light :: SKU=LED12WNDFWBCDL :: ₹275.00 | Warm White :: SKU=LED12WNDFWBWW :: ₹280.00,5,https://cdn.shopify.com/s/files/1/0715/1704/5040/files/Untitled-1_563fdca0-1321-46ef-8d0a-dc7afe28e732.png?v=1694165092 | https://cdn.shopify.com/s/files/1/0715/1704/5040/files/Brightenseverycorner_4_1_502ecec0-2671-468d-8fc3-4eb837944177.jpg?v=1694165092 | https://cdn.shopify.com/s/files/1/0715/1704/5040/files/DurasureTechnology_5_1_6c4c9dba-3e5a-4a20-926f-db22fd8c4d96.jpg?v=1694165092 | https://cdn.shopify.com/s/files/1/0715/1704/5040/files/PL_Different.jpg?v=1725954089 | https://cdn.shopify.com/s/files/1/0715/1704/5040/files/Dynaraylifestyle_1_1_28be5606-db81-413d-ba87-cff1eceb71d2.jpg?v=1725954155,2023-09-07T10:15:53+05:30,2026-09-08T08:56:50+05:30
Crompton,12W E27 Dynaray Led Bulb,Bulbs,"Balcony Lights, Bathroom Lights, Bedroom Lights, category-bulbs, feature-low-power, feature-wide-spread-lights, Kitchen Lights, Led Bulb, pfs:label-oddcolor, type-bedroom, type-kitchen, type-night-lamp, type-prayer-room, type-study-room, type-washroom, type-without-false-ceiling",12w-e27-dynaray-led-bulb,https://www.crompton.co.in/products/12w-e27-dynaray-led-bulb,280.0,280.0,Color,Cool Day Light :: SKU=LED12WESWBCDL :: ₹280.00 | Warm White :: SKU=LED12WESWBWW :: ₹280.00,5,https://cdn.shopify.com/s/files/1/0715/1704/5040/files/Untitled-1_25f43274-1dfd-40f6-9fd3-1fdd30b46df9.png?v=1694165038 | https://cdn.shopify.com/s/files/1/0715/1704/5040/files/Brightenseverycorner_4_1_eea31fdf-7735-45ce-a9ac-dd6d895737b7.jpg?v=1694165038 | https://cdn.shopify.com/s/files/1/0715/1704/5040/files/DurasureTechnology_5_1_a65ff42b-7ad6-481a-a5c7-64c06d701c60.jpg?v=1694165038 | https://cdn.shopify.com/s/files/1/0715/1704/5040/files/PL_Different.jpg?v=1725954089 | https://cdn.shopify.com/s/files/1/0715/1704/5040/files/Dynaraylifestyle_1_1_825c08ab-6076-43b7-80ed-86d4f31ef567.jpg?v=1725954122,2023-09-07T10:11:23+05:30,2026-09-08T08:56:50+05:30
Crompton,12W B22 Dynaray Led Bulb,Bulbs,"Balcony Lights, Bathroom Lights, Bedroom Lights, category-bulbs, feature-low-power, feature-wide-spread-lights, Kitchen Lights, Led Bulb, pfs:label-oddcolor, type-bedroom, type-kitchen, type-night-lamp, type-prayer-room, type-study-room, type-washroom, type-without-false-ceiling",12w-b22-dynaray-led-bulb,https://www.crompton.co.in/products/12w-b22-dynaray-led-bulb,275.0,275.0,Color,Cool Day Light :: SKU=LED12WNDFWB2SCDL :: ₹275.00 | Warm White :: SKU=LED12WNDFWB1SWW :: ₹275.00,5,https://cdn.shopify.com/s/files/1/0715/1704/5040/files/Untitled-1_e4070eda-4ceb-4876-a57a-6366b931e1b4.png?v=1694161173 | https://cdn.shopify.com/s/files/1/0715/1704/5040/files/Brightenseverycorner_4_1_f0296d20-d8b0-4866-97c7-0097edab64aa.jpg?v=1694161173 | https://cdn.shopify.com/s/files/1/0715/1704/5040/files/DurasureTechnology_5_1_d8982bed-b35e-4839-a714-381df1cd5887.jpg?v=1694161173 | https://cdn.shopify.com/s/files/1/0715/1704/5040/files/PL_Different.jpg?v=1725954089 | https://cdn.shopify.com/s/files/1/0715/1704/5040/files/Dynaraylifestyle_1_1_3243baa9-9a8b-47c5-ac7f-1bb716f87077.jpg?v=1725954098,2023-09-07T10:05:51+05:30,2026-09-08T08:56:50+05:30
Crompton,9W E27 Dynaray Led Bulb,Bulbs,"Balcony Lights, Bathroom Lights, Bedroom Lights, category-bulbs, feature-low-power, feature-wide-spread-lights, Kitchen Lights, Led Bulb, pfs:label-oddcolor, Regular Range Lamp, type-bedroom, type-best-sellers, type-kitchen, type-night-lamp, type-prayer-room, type-study-room, type-washroom, type-without-false-ceiling",9w-e27-dynaray-led-bulb-2,https://www.crompton.co.in/products/9w-e27-dynaray-led-bulb-2,150.0,150.0,Color,Cool Day Light :: SKU=LED9WNESWBCDL :: ₹150.00 | Warm White :: SKU=LED9WNESWBWW :: ₹150.00,5,https://cdn.shopify.com/s/files/1/0715/1704/5040/files/Untitled-1_22de57cf-30a1-48d2-914c-1b1190c97b48.webp?v=1694779519 | https://cdn.shopify.com/s/files/1/0715/1704/5040/files/Brightenseverycorner_4_1_392a9bc4-b8b0-4311-937d-39fba4f9acf0.jpg?v=1694779519 | https://cdn.shopify.com/s/files/1/0715/1704/5040/files/DurasureTechnology_5_1_a9c8e237-fe61-4e25-8eaa-ad2fddfc0a61.jpg?v=1694779519 | https://cdn.shopify.com/s/files/1/0715/1704/5040/files/PL_Different.jpg?v=1725954089 | https://cdn.shopify.com/s/files/1/0715/1704/5040/files/Dynaraylifestyle_1_1_b1c01ef5-15d5-4fe6-98ff-f8a574a007ee.jpg?v=1725957435,2023-09-07T10:01:33+05:30,2026-09-08T08:56:50+05:30
Crompton,9W E27 Dynaray Led Bulb,Bulbs,"Balcony Lights, Bathroom Lights, Bedroom Lights, category-bulbs, feature-low-power, feature-wide-spread-lights, Kitchen Lights, Led Bulb, pfs:label-oddcolor, Regular Range Lamp, type-bedroom, type-best-sellers, type-kitchen, type-night-lamp, type-prayer-room, type-study-room, type-washroom, type-without-false-ceiling",9w-e27-dynaray-led-bulb-1,https://www.crompton.co.in/products/9w-e27-dynaray-led-bulb-1,150.0,155.0,Color,Cool Day Light :: SKU=LED9WNDFWBCDL :: ₹150.00 | Warm White :: SKU=LED9WNDFWBWW :: ₹155.00,5,https://cdn.shopify.com/s/files/1/0715/1704/5040/files/Untitled-1_4a70e745-f69c-4e82-b182-61505559f1c3.webp?v=1694779487 | https://cdn.shopify.com/s/files/1/0715/1704/5040/files/Brightenseverycorner_4_1_9a61e9c5-463e-42e6-968b-ba9d05c9230e.jpg?v=1694779487 | https://cdn.shopify.com/s/files/1/0715/1704/5040/files/DurasureTechnology_5_1_beb7e5fa-a81a-460f-99a6-06ecd4e2c6f0.jpg?v=1694779487 | https://cdn.shopify.com/s/files/1/0715/1704/5040/files/PL_Different.jpg?v=1725954089 | https://cdn.shopify.com/s/files/1/0715/1704/5040/files/Dynaraylifestyle_1_1_705e0917-c238-450e-89b2-d085f962b1c6.jpg?v=1725957412,2023-09-07T09:58:30+05:30,2026-09-08T08:56:50+05:30
Crompton,9W E27 Dynaray Led Bulb,Bulbs,"Balcony Lights, Bathroom Lights, Bedroom Lights, category-bulbs, feature-low-power, feature-wide-spread-lights, Kitchen Lights, Led Bulb, pfs:label-oddcolor, Regular Range Lamp, type-bedroom, type-best-sellers, type-kitchen, type-night-lamp, type-prayer-room, type-study-room, type-washroom, type-without-false-ceiling",9w-e27-dynaray-led-bulb,https://www.crompton.co.in/products/9w-e27-dynaray-led-bulb,155.0,155.0,Color,Cool Day Light :: SKU=LED9WESWBCDL :: ₹155.00 | Warm White :: SKU=LED9WESWBWW :: ₹155.00,5,https://cdn.shopify.com/s/files/1/0715/1704/5040/files/Untitled-1_25f43274-1dfd-40f6-9fd3-1fdd30b46df9.webp?v=1694779455 | https://cdn.shopify.com/s/files/1/0715/1704/5040/files/Brightenseverycorner_4_1_3b02aba5-4708-4f7b-a4a6-59416703cc35.jpg?v=1694779455 | https://cdn.shopify.com/s/files/1/0715/1704/5040/files/DurasureTechnology_5_1_5f1ae00b-574e-4742-a853-e5b973eadbd5.jpg?v=1694779455 | https://cdn.shopify.com/s/files/1/0715/1704/5040/files/PL_Different.jpg?v=1725954089 | https://cdn.shopify.com/s/files/1/0715/1704/5040/files/Dynaraylifestyle_1_1_ffbf8bb0-44fe-41a6-aa9f-91aa88c41d48.jpg?v=1725957389,2023-09-07T09:52:53+05:30,2026-09-08T08:56:50+05:30
Crompton,9W B22 Dynaray Led Bulb,Bulbs,"Balcony Lights, Bathroom Lights, Bedroom Lights, category-bulbs, feature-low-power, feature-wide-spread-lights, Kitchen Lights, Led Bulb, pfs:label-oddcolor, Regular Range Lamp, type-bedroom, type-best-sellers, type-kitchen, type-night-lamp, type-prayer-room, type-study-room, type-washroom, type-without-false-ceiling",9w-b22-dynaray-led-bulb,https://www.crompton.co.in/products/9w-b22-dynaray-led-bulb,150.0,150.0,Color,Cool Day Light :: SKU=LED9WNDFWB2SCDL :: ₹150.00 | Warm White :: SKU=LED9WNDFWB1SWW :: ₹150.00,5,https://cdn.shopify.com/s/files/1/0715/1704/5040/files/Untitled-1_aebc1d3d-8d26-4725-ab46-7ce2d4d6a4ed.png?v=1694778936 | https://cdn.shopify.com/s/files/1/0715/1704/5040/files/Brightenseverycorner_4_1_d8e9232a-4a5f-4dd2-b0d5-0cb97e4da1f0.jpg?v=1694778936 | https://cdn.shopify.com/s/files/1/0715/1704/5040/files/DurasureTechnology_5_1_36fc4976-2ae6-4c1f-b694-1c438a463520.jpg?v=1694778936 | https://cdn.shopify.com/s/files/1/0715/1704/5040/files/PL_Different.jpg?v=1725954089 | https://cdn.shopify.com/s/files/1/0715/1704/5040/files/Dynaraylifestyle_1_1_e61ea356-5df7-4f01-946e-e9a3d69f7455.jpg?v=1725957365,2023-09-07T09:47:04+05:30,2026-09-08T08:56:50+05:30
Crompton,7W E27 Dynaray Led Bulb,Bulbs,"Balcony Lights, Bathroom Lights, Bedroom Lights, category-bulbs, feature-low-power, feature-wide-spread-lights, Kitchen Lights, Led Bulb, pfs:label-oddcolor, Regular Range Lamp, type-bedroom, type-kitchen, type-night-lamp, type-prayer-room, type-study-room, type-washroom, type-without-false-ceiling",7w-e27-dynaray-led-bulb-2,https://www.crompton.co.in/products/7w-e27-dynaray-led-bulb-2,150.0,150.0,Color,Cool Day Light :: SKU=LED7WNESWBCDL :: ₹150.00 | Warm White :: SKU=LED7WNESWBWW :: ₹150.00,5,https://cdn.shopify.com/s/files/1/0715/1704/5040/files/Untitled-1_d1678f65-4a7e-4ce8-9af9-965b723a7d64.png?v=1694778350 | https://cdn.shopify.com/s/files/1/0715/1704/5040/files/Brightenseverycorner_4_1_11fc7e71-eeb0-43b9-9a3e-fa7bbbd13326.jpg?v=1694778350 | https://cdn.shopify.com/s/files/1/0715/1704/5040/files/DurasureTechnology_5_1_ab436315-9015-4cc4-9a74-1e8792ad1d16.jpg?v=1694778350 | https://cdn.shopify.com/s/files/1/0715/1704/5040/files/PL_Different.jpg?v=1725954089 | https://cdn.shopify.com/s/files/1/0715/1704/5040/files/Dynaraylifestyle_1_1_b87d1a33-f75b-42b3-aca7-226534a883db.jpg?v=1725957340,2023-09-07T09:41:13+05:30,2026-09-08T08:56:50+05:30
Crompton,7W E27 Dynaray Led Bulb,Bulbs,"Balcony Lights, Bathroom Lights, Bedroom Lights, category-bulbs, feature-low-power, feature-wide-spread-lights, Kitchen Lights, Led Bulb, pfs:label-oddcolor, Regular Range Lamp, type-bedroom, type-kitchen, type-night-lamp, type-prayer-room, type-study-room, type-washroom, type-without-false-ceiling",7w-e27-dynaray-led-bulb-1,https://www.crompton.co.in/products/7w-e27-dynaray-led-bulb-1,145.0,150.0,Color,Cool Day Light :: SKU=LED7WNDFWBCDL :: ₹145.00 | Warm White :: SKU=LED7WNDFWBWW :: ₹150.00,5,https://cdn.shopify.com/s/files/1/0715/1704/5040/files/Untitled-1_4c913e40-3b6e-4caa-aa07-4a977354cab0.png?v=1694778306 | https://cdn.shopify.com/s/files/1/0715/1704/5040/files/Brightenseverycorner_4_1_32b91b60-9b2f-447c-82a2-bf40ef2c4f82.jpg?v=1694778306 | https://cdn.shopify.com/s/files/1/0715/1704/5040/files/DurasureTechnology_5_1_bdc8d29e-8886-4a75-8579-42d779c1b04c.jpg?v=1694778306 | https://cdn.shopify.com/s/files/1/0715/1704/5040/files/PL_Different.jpg?v=1725954089 | https://cdn.shopify.com/s/files/1/0715/1704/5040/files/Dynaraylifestyle_1_1_c0ea7490-e55c-48a8-be39-84bf8d224343.jpg?v=1725957272,2023-09-07T09:37:02+05:30,2026-09-08T08:56:50+05:30
Crompton,7W E27 Dynaray Led Bulb,Bulbs,"Balcony Lights, Bathroom Lights, Bedroom Lights, category-bulbs, feature-low-power, feature-wide-spread-lights, Kitchen Lights, Led Bulb, pfs:label-oddcolor, Regular Range Lamp, type-bedroom, type-kitchen, type-night-lamp, type-prayer-room, type-study-room, type-washroom, type-without-false-ceiling",7w-e27-dynaray-led-bulb,https://www.crompton.co.in/products/7w-e27-dynaray-led-bulb,150.0,150.0,Color,Cool Day Light :: SKU=LED7WESWBCDL :: ₹150.00 | Warm White :: SKU=LED7WESWBWW :: ₹150.00,5,https://cdn.shopify.com/s/files/1/0715/1704/5040/files/Untitled-1_1a8d4cbe-4da4-4720-9140-a2293193dd8b.png?v=1694778274 | https://cdn.shopify.com/s/files/1/0715/1704/5040/files/Brightenseverycorner_4_1_f1bc37aa-3cb4-4ed1-b67a-347d9d20668f.jpg?v=1694778274 | https://cdn.shopify.com/s/files/1/0715/1704/5040/files/DurasureTechnology_5_1_f29df41a-7714-41bc-a37a-a17ae20ac270.jpg?v=1694778274 | https://cdn.shopify.com/s/files/1/0715/1704/5040/files/PL_Different.jpg?v=1725954089 | https://cdn.shopify.com/s/files/1/0715/1704/5040/files/Dynaraylifestyle_1_1_9c9f2fde-7b0b-4217-a404-c630a04ea8d4.jpg?v=1725957250,2023-09-07T09:32:42+05:30,2026-09-08T08:56:50+05:30
Crompton,7W B22 Dynaray Led Bulb,Bulbs,"Balcony Lights, Bathroom Lights, Bedroom Lights, category-bulbs, feature-low-power, feature-wide-spread-lights, Kitchen Lights, Led Bulb, pfs:label-oddcolor, Regular Range Lamp, type-bedroom, type-kitchen, type-night-lamp, type-prayer-room, type-study-room, type-washroom, type-without-false-ceiling",7w-b22-dynaray-led-bulb,https://www.crompton.co.in/products/7w-b22-dynaray-led-bulb,145.0,145.0,Color,Cool Day Light :: SKU=LED7WNDFWB2SCDL :: ₹145.00 | Warm White :: SKU=LED7WNDFWB1SWW :: ₹145.00,5,https://cdn.shopify.com/s/files/1/0715/1704/5040/files/Untitled-1_dc56a58c-6ce0-4ad9-a637-ae11af884669.png?v=1694778899 | https://cdn.shopify.com/s/files/1/0715/1704/5040/files/Brightenseverycorner_4_1_d61c216d-f135-41f6-a834-6113ebf56188.jpg?v=1694778899 | https://cdn.shopify.com/s/files/1/0715/1704/5040/files/DurasureTechnology_5_1_c4870d21-305f-48d8-82c5-3144369c4ac1.jpg?v=1694778899 | https://cdn.shopify.com/s/files/1/0715/1704/5040/files/PL_Different.jpg?v=1725954089 | https://cdn.shopify.com/s/files/1/0715/1704/5040/files/Dynaraylifestyle_1_1_20ab79e4-5e01-46f2-88d8-446ca3f345bb.jpg?v=1725957223,2023-09-07T09:20:51+05:30,2026-09-08T08:56:50+05:30
Crompton,5W E27 Dynaray Led Bulb,Bulbs,"Balcony Lights, Bathroom Lights, Bedroom Lights, category-bulbs, feature-low-power, feature-wide-spread-lights, Kitchen Lights, Led Bulb, pfs:label-oddcolor, Regular Range Lamp, type-bedroom, type-kitchen, type-night-lamp, type-prayer-room, type-study-room, type-washroom, type-without-false-ceiling",5w-e27-dynaray-led-bulb-2,https://www.crompton.co.in/products/5w-e27-dynaray-led-bulb-2,135.0,135.0,Color,Cool Day Light :: SKU=LED5WNESWBCDL :: ₹135.00 | Warm White :: SKU=LED5WNESWBWW :: ₹135.00,5,https://cdn.shopify.com/s/files/1/0715/1704/5040/files/Untitled-1_61286183-c2cf-4086-a41f-99a10e38664b.png?v=1694778222 | https://cdn.shopify.com/s/files/1/0715/1704/5040/files/Dynaraylifestyle_1_1_06469ba9-cbe8-4cbb-8760-fb20bc3ce719.jpg?v=1695191140 | https://cdn.shopify.com/s/files/1/0715/1704/5040/files/Brightenseverycorner_4_1_7b02a95f-ed79-40d0-b627-54483d7903bc.jpg?v=1695191140 | https://cdn.shopify.com/s/files/1/0715/1704/5040/files/DurasureTechnology_5_1_a8111fb5-6a60-4f20-8e2e-4fd2bcd1ec54.jpg?v=1695191140 | https://cdn.shopify.com/s/files/1/0715/1704/5040/files/PL_Different.jpg?v=1725954089,2023-09-06T19:27:31+05:30,2026-09-08T08:56:50+05:30
Crompton,5W E27 Dynaray Led Bulb,Bulbs,"Balcony Lights, Bathroom Lights, Bedroom Lights, category-bulbs, feature-low-power, feature-wide-spread-lights, Kitchen Lights, Led Bulb, pfs:label-oddcolor, Regular Range Lamp, type-bedroom, type-kitchen, type-night-lamp, type-prayer-room, type-study-room, type-washroom, type-without-false-ceiling",5w-e27-dynaray-led-bulb-1,https://www.crompton.co.in/products/5w-e27-dynaray-led-bulb-1,130.0,135.0,Color,Cool Day Light :: SKU=LED5WNDFWBCDL :: ₹130.00 | Warm White :: SKU=LED5WNDFWBWW :: ₹135.00,5,https://cdn.shopify.com/s/files/1/0715/1704/5040/files/Untitled-1_0bb802ee-9bb4-47f0-92fc-02ebaa685969.png?v=1694778187 | https://cdn.shopify.com/s/files/1/0715/1704/5040/files/Dynaraylifestyle_1_1_60ff6255-5177-4df1-9457-9ec85dd70276.jpg?v=1695191116 | https://cdn.shopify.com/s/files/1/0715/1704/5040/files/Brightenseverycorner_4_1_c9f17570-260e-4c8f-9e77-890af3b060dd.jpg?v=1695191116 | https://cdn.shopify.com/s/files/1/0715/1704/5040/files/DurasureTechnology_5_1_ad324efd-145a-4245-b963-f65dfbdb2f42.jpg?v=1695191116 | https://cdn.shopify.com/s/files/1/0715/1704/5040/files/PL_Different.jpg?v=1725954089,2023-09-06T19:25:03+05:30,2026-09-08T08:56:50+05:30
Crompton,5W E27 Dynaray Led Bulb,Bulbs,"Balcony Lights, Bathroom Lights, Bedroom Lights, category-bulbs, feature-low-power, feature-wide-spread-lights, Kitchen Lights, Led Bulb, pfs:label-oddcolor, Regular Range Lamp, type-bedroom, type-kitchen, type-night-lamp, type-prayer-room, type-study-room, type-washroom, type-without-false-ceiling",5w-e27-dynaray-led-bulb,https://www.crompton.co.in/products/5w-e27-dynaray-led-bulb,135.0,135.0,Color,Cool Day Light :: SKU=LED5WESWBCDL :: ₹135.00 | Warm White :: SKU=LED5WESWBWW :: ₹135.00,5,https://cdn.shopify.com/s/files/1/0715/1704/5040/files/Untitled-1_ebb7baf9-550e-45de-a9ab-984680133c7b.png?v=1694778148 | https://cdn.shopify.com/s/files/1/0715/1704/5040/files/Dynaraylifestyle_1_1_f3fd2db6-c551-49a6-adde-1d56f33b70f0.jpg?v=1695191103 | https://cdn.shopify.com/s/files/1/0715/1704/5040/files/Brightenseverycorner_4_1_832b800d-21ee-4384-b7ff-c7f606881e2e.jpg?v=1695191103 | https://cdn.shopify.com/s/files/1/0715/1704/5040/files/DurasureTechnology_5_1_6c6bebea-490c-4112-a19b-0087678b4a99.jpg?v=1695191103 | https://cdn.shopify.com/s/files/1/0715/1704/5040/files/PL_Different.jpg?v=1725954089,2023-09-06T19:22:09+05:30,2026-09-08T08:56:50+05:30
Crompton,5W B22 Dynaray Led Bulb,Bulbs,"Balcony Lights, Bathroom Lights, Bedroom Lights, category-bulbs, feature-low-power, feature-wide-spread-lights, Kitchen Lights, Led Bulb, pfs:label-oddcolor, Regular Range Lamp, type-bedroom, type-kitchen, type-night-lamp, type-prayer-room, type-study-room, type-washroom, type-without-false-ceiling",5w-b22-dynaray-led-bulb,https://www.crompton.co.in/products/5w-b22-dynaray-led-bulb,130.0,130.0,Color,Cool Day Light :: SKU=LED5WNDFWB2SCDL :: ₹130.00 | Warm White :: SKU=LED5WNDFWB1SWW :: ₹130.00,5,https://cdn.shopify.com/s/files/1/0715/1704/5040/files/Untitled-1_c8317dd2-da0d-4c69-9320-7f3b4fe81e92.png?v=1694778862 | https://cdn.shopify.com/s/files/1/0715/1704/5040/files/Dynaraylifestyle_1_1_48d0ebeb-c4c7-48d8-988d-e19a123e06e1.jpg?v=1695191089 | https://cdn.shopify.com/s/files/1/0715/1704/5040/files/Brightenseverycorner_4_1_47e8f1df-efc7-4284-a40a-7015ce64c2cb.jpg?v=1695191089 | https://cdn.shopify.com/s/files/1/0715/1704/5040/files/DurasureTechnology_5_1_e3947807-d8ec-44cd-9e6e-6a87cf588017.jpg?v=1695191089 | https://cdn.shopify.com/s/files/1/0715/1704/5040/files/PL_Different.jpg?v=1725954089,2023-09-06T19:16:57+05:30,2026-09-08T08:56:50+05:30
Crompton,3W E27 Dynaray Led Bulb,Bulbs,"Balcony Lights, Bathroom Lights, Bedroom Lights, category-bulbs, feature-low-power, feature-wide-spread-lights, Kitchen Lights, Led Bulb, pfs:label-oddcolor, Regular Range Lamp, type-bedroom, type-kitchen, type-night-lamp, type-prayer-room, type-study-room, type-washroom, type-without-false-ceiling",3w-e27-dynaray-led-bulb-2,https://www.crompton.co.in/products/3w-e27-dynaray-led-bulb-2,130.0,130.0,Color,Cool Day Light :: SKU=LED3WNESWBCDL :: ₹130.00 | Warm White :: SKU=LED3WNESWBWW :: ₹130.00,5,https://cdn.shopify.com/s/files/1/0715/1704/5040/files/Untitled-1_ceed2f8b-8ddc-4949-b20a-65389d4a5116.png?v=1694778029 | https://cdn.shopify.com/s/files/1/0715/1704/5040/files/Dynaraylifestyle_1_1_8a400d7f-a0bb-456e-8b8d-fa807609eae1.jpg?v=1695191069 | https://cdn.shopify.com/s/files/1/0715/1704/5040/files/Brightenseverycorner_4_1_9763a75d-54f6-40c2-8673-dd69edf802f2.jpg?v=1695191069 | https://cdn.shopify.com/s/files/1/0715/1704/5040/files/DurasureTechnology_5_1_971b070f-8f0f-45cc-9c7e-e15d66c5e11b.jpg?v=1695191069 | https://cdn.shopify.com/s/files/1/0715/1704/5040/files/PL_Different.jpg?v=1725954089,2023-09-06T19:14:32+05:30,2026-09-08T08:56:50+05:30
Crompton,3W E27 Dynaray Led Bulb,Bulbs,"Balcony Lights, Bathroom Lights, Bedroom Lights, category-bulbs, feature-low-power, feature-wide-spread-lights, Kitchen Lights, Led Bulb, pfs:label-oddcolor, Regular Range Lamp, type-bedroom, type-kitchen, type-night-lamp, type-prayer-room, type-study-room, type-washroom, type-without-false-ceiling",3w-e27-dynaray-led-bulb-1,https://www.crompton.co.in/products/3w-e27-dynaray-led-bulb-1,125.0,130.0,Color,Cool Day Light :: SKU=LED3WNDFWBCDL :: ₹125.00 | Warm White :: SKU=LED3WNDFWBWW :: ₹130.00,5,https://cdn.shopify.com/s/files/1/0715/1704/5040/files/Untitled-1_5adad7eb-8186-4233-8a1f-73ba0278628e.png?v=1694777994 | https://cdn.shopify.com/s/files/1/0715/1704/5040/files/Dynaraylifestyle_1_1_501de25a-4f59-4806-bef5-8277087cec4a.jpg?v=1695191039 | https://cdn.shopify.com/s/files/1/0715/1704/5040/files/Brightenseverycorner_4_1_290f66f5-bfcf-4b16-a945-325815d35978.jpg?v=1695191039 | https://cdn.shopify.com/s/files/1/0715/1704/5040/files/DurasureTechnology_5_1_a1ecdc5c-ed8d-45b6-9f6f-51777ac87854.jpg?v=1695191039 | https://cdn.shopify.com/s/files/1/0715/1704/5040/files/PL_Different.jpg?v=1725954089,2023-09-06T19:05:45+05:30,2026-09-08T08:56:50+05:30
Crompton,3W E27 Dynaray Led Bulb,Bulbs,"Balcony Lights, Bathroom Lights, Bedroom Lights, category-bulbs, feature-low-power, feature-wide-spread-lights, Kitchen Lights, Led Bulb, pfs:label-oddcolor, Regular Range Lamp, type-bedroom, type-kitchen, type-night-lamp, type-prayer-room, type-study-room, type-washroom, type-without-false-ceiling",3w-e27-dynaray-led-bulb,https://www.crompton.co.in/products/3w-e27-dynaray-led-bulb,130.0,130.0,Color,Cool Day Light :: SKU=LED3WESWBCDL :: ₹130.00 | Warm White :: SKU=LED3WESWBWW :: ₹130.00,5,https://cdn.shopify.com/s/files/1/0715/1704/5040/files/Untitled-1_676bad3d-b7a5-4b06-85f1-f96b445f7f79.png?v=1694777960 | https://cdn.shopify.com/s/files/1/0715/1704/5040/files/Dynaraylifestyle_1_1_9deb9fca-35e2-4ce9-b5b4-b8d80c737071.jpg?v=1695191005 | https://cdn.shopify.com/s/files/1/0715/1704/5040/files/Brightenseverycorner_4_1_4d8f5753-fbb6-4c46-b391-7b720a607ea0.jpg?v=1695191005 | https://cdn.shopify.com/s/files/1/0715/1704/5040/files/DurasureTechnology_5_1_fe6299fe-24ad-462e-8299-ca3294f82dff.jpg?v=1695191005 | https://cdn.shopify.com/s/files/1/0715/1704/5040/files/PL_Different.jpg?v=1725954089,2023-09-06T18:58:05+05:30,2026-09-08T08:56:50+05:30
Crompton,3W B22 Dynaray Led Bulb,Bulbs,"Balcony Lights, Bathroom Lights, Bedroom Lights, category-bulbs, feature-low-power, feature-wide-spread-lights, Kitchen Lights, Led Bulb, pfs:label-oddcolor, Regular Range Lamp, type-bedroom, type-kitchen, type-night-lamp, type-prayer-room, type-study-room, type-washroom, type-without-false-ceiling",3w-b22-dynaray-led-bulb,https://www.crompton.co.in/products/3w-b22-dynaray-led-bulb,125.0,125.0,Color,Cool Day Light :: SKU=LED3WNDFWB2SCDL :: ₹125.00 | Warm White :: SKU=LED3WNDFWB1SWW :: ₹125.00,5,https://cdn.shopify.com/s/files/1/0715/1704/5040/files/Untitled-1_5ddb1519-fd0f-4051-b65c-696ea10d6510.png?v=1694777827 | https://cdn.shopify.com/s/files/1/0715/1704/5040/files/Brightenseverycorner_4_1.jpg?v=1725956880 | https://cdn.shopify.com/s/files/1/0715/1704/5040/files/DurasureTechnology_5_1.jpg?v=1725956880 | https://cdn.shopify.com/s/files/1/0715/1704/5040/files/PL_Different.jpg?v=1725954089 | https://cdn.shopify.com/s/files/1/0715/1704/5040/files/Dynaraylifestyle_1_1.jpg?v=1725956880,2023-09-06T18:43:21+05:30,2026-09-08T08:56:50+05:30
Crompton,15W B22 Backup Led Bulb,Bulbs,"Backup Lamp Range, Balcony Lights, Bathroom Lights, Bedroom Lights, category-bulbs, Gaming Room Light, Kitchen Lights, Led Bulb, Living Room Lights, pfs:label-oddcolor, type-bedroom, type-kitchen, type-study-room, type-washroom, type-without-false-ceiling",15w-b22-backup-led-bulb,https://www.crompton.co.in/products/15w-b22-backup-led-bulb,951.0,951.0,Color,Cool Day Light :: SKU=LED15WDFINVB5CDL :: ₹951.00,6,https://cdn.shopify.com/s/files/1/0715/1704/5040/files/Untitled-1_ddce9bff-2646-43b1-a7ac-4cc9a224267d.png?v=1695203151 | https://cdn.shopify.com/s/files/1/0715/1704/5040/files/Backup_LightPL1_1_2.jpg?v=1695203151 | https://cdn.shopify.com/s/files/1/0715/1704/5040/files/CopyofPL3_2.jpg?v=1695203151 | https://cdn.shopify.com/s/files/1/0715/1704/5040/files/CopyofPL4_2.jpg?v=1695203151 | https://cdn.shopify.com/s/files/1/0715/1704/5040/files/CopyofPL5_2.jpg?v=1695203151 | https://cdn.shopify.com/s/files/1/0715/1704/5040/files/PL2_56.jpg?v=1695203151,2023-09-06T18:11:02+05:30,2026-09-08T08:56:50+05:30
Crompton,10W Lyor Led Bulb,Bulbs,"Balcony Lights, Bathroom Lights, Bedroom Lights, category-bulbs, feature-wide-spread-lights, Gaming Room Light, Kitchen Lights, Led Bulb, Living Room Lights, pfs:label-oddcolor, Regular Range Lamp, type-bedroom, type-kitchen, type-night-lamp, type-prayer-room, type-study-room, type-washroom, type-without-false-ceiling",10w-lyor-led-bulb,https://www.crompton.co.in/products/10w-lyor-led-bulb,285.0,285.0,Color,Cool Day Light :: SKU=LED10DFCDLLYOR :: ₹285.00,5,https://cdn.shopify.com/s/files/1/0715/1704/5040/files/LYOR_UPLOAD_1.png?v=1694003367 | https://cdn.shopify.com/s/files/1/0715/1704/5040/files/Lyor_PL04.jpg?v=1695190862 | https://cdn.shopify.com/s/files/1/0715/1704/5040/files/Lyor_PL01.jpg?v=1695190862 | https://cdn.shopify.com/s/files/1/0715/1704/5040/files/Lyor_PL02.jpg?v=1695190862 | https://cdn.shopify.com/s/files/1/0715/1704/5040/files/Lyor_PL03.jpg?v=1695190862,2023-09-06T17:58:03+05:30,2026-09-08T08:56:50+05:30
Crompton,0.5W Led Deco Lamp,Bulbs,"Balcony Lights, Bathroom Lights, Bedroom Lights, category-bulbs, Color Bulbs, feature-decor, feature-low-power, feature-vibrant-color, Gaming Room Light, Led Bulb, Living Room Lights, Night Lamp Range, type-bedroom, type-night-lamp, type-prayer-room, type-study-room, type-without-false-ceiling",0-5w-led-deco-lamp,https://www.crompton.co.in/products/0-5w-led-deco-lamp,55.0,90.0,Color,Autocolor :: SKU=LEDDECORAUTOC :: ₹90.00 | Blue :: SKU=LEDDECORBLU :: ₹55.00 | Warm White :: SKU=LEDDECORWW :: ₹55.00 | Green :: SKU=LEDDECORGRN :: ₹55.00 | Orange :: SKU=LEDDECORORN :: ₹55.00 | Pink :: SKU=LEDDECORPNK :: ₹55.00 | Red :: SKU=LEDDECORRED :: ₹55.00 | White :: SKU=LEDDECORWHT :: ₹55.00 | Yellow :: SKU=LEDDECORYLW :: ₹55.00,46,https://cdn.shopify.com/s/files/1/0715/1704/5040/files/Untitled-1_9c2337e7-b4a4-4299-9107-70b1bd6d0921.png?v=1694160716 | https://cdn.shopify.com/s/files/1/0715/1704/5040/files/FOLD1_1_1.jpg?v=1695191586 | https://cdn.shopify.com/s/files/1/0715/1704/5040/files/Group6_1.jpg?v=1695191586 | https://cdn.shopify.com/s/files/1/0715/1704/5040/files/plblue2_3_1.jpg?v=1695191586 | https://cdn.shopify.com/s/files/1/0715/1704/5040/files/plblue3_3_1.jpg?v=1695191586 | https://cdn.shopify.com/s/files/1/0715/1704/5040/files/FOLD1_1_1.webp?v=1695191586 | https://cdn.shopify.com/s/files/1/0715/1704/5040/files/DecoBlue.png?v=1695191586 | https://cdn.shopify.com/s/files/1/0715/1704/5040/files/1.webp?v=1695191586 | https://cdn.shopify.com/s/files/1/0715/1704/5040/files/Group6_1.webp?v=1695191586 | https://cdn.shopify.com/s/files/1/0715/1704/5040/files/plblue2_3_1.webp?v=1695191586 | https://cdn.shopify.com/s/files/1/0715/1704/5040/files/plblue3_3_1.webp?v=1695191586 | https://cdn.shopify.com/s/files/1/0715/1704/5040/files/DecoWW.png?v=1695191586 | https://cdn.shopify.com/s/files/1/0715/1704/5040/files/1_ce5202d3-9083-44b0-96cb-ab5b6e311006.webp?v=1695191586 | https://cdn.shopify.com/s/files/1/0715/1704/5040/files/Group6_1_9f07773f-ff51-4346-94a9-ddd7422d7f71.webp?v=1695191586 | https://cdn.shopify.com/s/files/1/0715/1704/5040/files/plblue2_3_1_a2a345a7-4cc7-4d8b-b97e-7c6765d3d862.webp?v=1695191586 | https://cdn.shopify.com/s/files/1/0715/1704/5040/files/plblue3_3_1_dae157a0-4736-4f04-b0e9-747a615a926c.webp?v=1695191586 | https://cdn.shopify.com/s/files/1/0715/1704/5040/files/DecoGreen.png?v=1695191586 | https://cdn.shopify.com/s/files/1/0715/1704/5040/files/1_df7802ac-12b0-441f-8bb7-10499b8c5724.webp?v=1695191586 | https://cdn.shopify.com/s/files/1/0715/1704/5040/files/Group6_1_249b0a27-c3b3-41af-86e1-b6dc400851f4.webp?v=1695191586 | https://cdn.shopify.com/s/files/1/0715/1704/5040/files/plblue2_3_1_3c24ea11-86d1-454d-a259-7660a4867593.webp?v=1695191586 | https://cdn.shopify.com/s/files/1/0715/1704/5040/files/plblue3_3_1_5e605284-07cd-4180-86fd-38d72798675f.webp?v=1695191586 | https://cdn.shopify.com/s/files/1/0715/1704/5040/files/DecoOrange.png?v=1695191586 | https://cdn.shopify.com/s/files/1/0715/1704/5040/files/1_72fda104-af95-4cbb-9436-51b9eb05191c.webp?v=1695191586 | https://cdn.shopify.com/s/files/1/0715/1704/5040/files/Group6_1_3a49d362-9aec-46c0-a383-80146893a29d.webp?v=1695191586 | https://cdn.shopify.com/s/files/1/0715/1704/5040/files/plblue2_3_1_1a1b0d18-0305-49aa-a78d-bd2dadb3d158.webp?v=1695191586 | https://cdn.shopify.com/s/files/1/0715/1704/5040/files/plblue3_3_1_41539011-82f9-4696-935f-449b822d6f91.webp?v=1695191586 | https://cdn.shopify.com/s/files/1/0715/1704/5040/files/DecoPink.png?v=1695191586 | https://cdn.shopify.com/s/files/1/0715/1704/5040/files/1_bcde97ca-afb1-4245-b0c3-b24cfc7f3fe5.webp?v=1695191586 | https://cdn.shopify.com/s/files/1/0715/1704/5040/files/Group6_1_b1e6da24-06d4-42ab-a387-e76cf612b214.webp?v=1695191586 | https://cdn.shopify.com/s/files/1/0715/1704/5040/files/plblue2_3_1_944fda6e-654b-4d9d-9740-b5ab46040485.webp?v=1695191586 | https://cdn.shopify.com/s/files/1/0715/1704/5040/files/plblue3_3_1_66ba8eb2-421c-4588-84ab-479be6b5f3bc.webp?v=1695191586 | https://cdn.shopify.com/s/files/1/0715/1704/5040/files/DecoRed.png?v=1695191586 | https://cdn.shopify.com/s/files/1/0715/1704/5040/files/1_92389732-99b0-4fc0-9190-96102cbb65d6.webp?v=1695191586 | https://cdn.shopify.com/s/files/1/0715/1704/5040/files/Group6_1_3e32b7c4-b7db-4ea0-a5a1-dd43acc36051.webp?v=1695191586 | https://cdn.shopify.com/s/files/1/0715/1704/5040/files/plblue2_3_1_6f394a95-d58b-4093-a88e-dc05aef3efc2.webp?v=1695191586 | https://cdn.shopify.com/s/files/1/0715/1704/5040/files/plblue3_3_1_37856ad8-2cbe-43c7-ae80-40210d0cd82e.webp?v=1695191586 | https://cdn.shopify.com/s/files/1/0715/1704/5040/files/DecoWhite.png?v=1695191586 | https://cdn.shopify.com/s/files/1/0715/1704/5040/files/1_a20c5b0d-97b0-4ea4-a813-5ebaa155d12e.webp?v=1695191586 | https://cdn.shopify.com/s/files/1/0715/1704/5040/files/plblue3_3_1_c113780d-43c7-4ebf-9a33-427b5aa6666c.webp?v=1695191586 | https://cdn.shopify.com/s/files/1/0715/1704/5040/files/plblue2_3_1_e168a807-e917-4604-bfb7-9597aca9b455.webp?v=1695191586 | https://cdn.shopify.com/s/files/1/0715/1704/5040/files/Group6_1_a073510e-1bd3-49fa-be41-a6e935941d8e.webp?v=1695191586 | https://cdn.shopify.com/s/files/1/0715/1704/5040/files/DecoYellow.png?v=1695191586 | https://cdn.shopify.com/s/files/1/0715/1704/5040/files/1_c188e306-c266-401c-ad96-4739086efd46.webp?v=1695191586 | https://cdn.shopify.com/s/files/1/0715/1704/5040/files/plblue3_3_1_0752ff93-02f8-462c-9383-2141640619d0.webp?v=1695191586 | https://cdn.shopify.com/s/files/1/0715/1704/5040/files/plblue2_3_1_a7d40b39-b9d9-4ed4-8ea7-6fd4f8a9e857.webp?v=1695191586 | https://cdn.shopify.com/s/files/1/0715/1704/5040/files/Group6_1_aa7e88c8-2f55-42d2-9532-7ee9c0b24594.webp?v=1695191586,2023-09-06T17:12:09+05:30,2026-09-08T08:56:50+05:30
Crompton,20W Laser Ray Neo Color Led Batten,Battens Tube Lights,"Bedroom Lights, category-batten, LED Battens, pfs:label-oddcolor, type-bathroom, type-bedroom, type-kitchen, type-living-room, type-without-false-ceiling, usege-decorative, usege-regular",20w-laser-ray-neo-color-led-batten,https://www.crompton.co.in/products/20w-laser-ray-neo-color-led-batten,650.0,650.0,Color,Red :: SKU=LDLSRNX20-RED :: ₹650.00 | Green :: SKU=LDLSRNX20-GRN :: ₹650.00 | Blue :: SKU=LDLSRNX20-BLU :: ₹650.00 | Pink :: SKU=LDLSRNX20-PNK :: ₹650.00,5,https://cdn.shopify.com/s/files/1/0715/1704/5040/files/Untitled-1_58df403f-e2d8-4749-9732-16e4d0235f71.png?v=1695299479 | https://cdn.shopify.com/s/files/1/0715/1704/5040/files/laserrayneoPl01_2_1_1.jpg?v=1695299479 | https://cdn.shopify.com/s/files/1/0715/1704/5040/files/laserrayneoPl02_2_1_1.jpg?v=1695299479 | https://cdn.shopify.com/s/files/1/0715/1704/5040/files/laserrayneoPl03_3_1_1.jpg?v=1695299479 | https://cdn.shopify.com/s/files/1/0715/1704/5040/files/laserrayneocolorsPL1_1.jpg?v=1695299479,2023-09-06T16:53:25+05:30,2026-09-08T08:56:50+05:30
Crompton,20W Laser Ray Neo 3 in 1 Led Batten,Battens Tube Lights,"Bedroom Lights, category-batten, LED Battens, Living Room Lights, pfs:label-oddcolor, type-bedroom, type-best-sellers, type-living-room, type-without-false-ceiling, usege-decorative, usege-mood, usege-regular",20w-laser-ray-neo-3-in-1-led-batten,https://www.crompton.co.in/products/20w-laser-ray-neo-3-in-1-led-batten,750.0,750.0,Color,Cool Day Light :: SKU=LDLSRN20-3IN1 :: ₹750.00 | Natural White :: SKU=LDLSRN20-3IN1 :: ₹750.00 | Warm White :: SKU=LDLSRN20-3IN1 :: ₹750.00,6,https://cdn.shopify.com/s/files/1/0715/1704/5040/files/Untitled-1_1090ed5d-e583-40eb-b2b0-695b80a5276f.png?v=1695298195 | https://cdn.shopify.com/s/files/1/0715/1704/5040/files/Group1_2.jpg?v=1712481115 | https://cdn.shopify.com/s/files/1/0715/1704/5040/files/Group18_1.jpg?v=1712481116 | https://cdn.shopify.com/s/files/1/0715/1704/5040/files/Group19_2.jpg?v=1712481117 | https://cdn.shopify.com/s/files/1/0715/1704/5040/files/laser-ray-neo-3in1-pl_2.gif?v=1712481116 | https://cdn.shopify.com/s/files/1/0715/1704/5040/files/laser-ray-neo-3in1-pl.jpg?v=1712481115,2023-09-06T16:44:33+05:30,2026-09-08T08:56:50+05:30
Crompton,36W Laser Ray Neo Led Batten,Battens,"Bedroom Lights, category-batten, LED Battens, pfs:label-oddcolor, type-bathroom, type-bedroom, type-kitchen, type-living-room, type-without-false-ceiling, usege-decorative, usege-regular",36w-laser-ray-neo-led-batten,https://www.crompton.co.in/products/36w-laser-ray-neo-led-batten,950.0,950.0,Color,Cool Day Light :: SKU=LDLSRNX36-CDL :: ₹950.00 | Natural White :: SKU=LDLSRN36-NW :: ₹950.00 | Warm White :: SKU=LDLSRN36-WW :: ₹950.00,4,https://cdn.shopify.com/s/files/1/0715/1704/5040/files/Untitled-1_b252de89-a930-4027-b2ac-532c7bc1f627.png?v=1695299444 | https://cdn.shopify.com/s/files/1/0715/1704/5040/files/laserrayneoPl01_2_2_807d83fe-c7df-4013-aaed-46d1bce075cb.jpg?v=1695299444 | https://cdn.shopify.com/s/files/1/0715/1704/5040/files/laserrayneoPl02_2_2_76acff62-90c2-4369-9d86-2c35298c7647.jpg?v=1695299444 | https://cdn.shopify.com/s/files/1/0715/1704/5040/files/laser-ray-neo-pl04_e724cbc7-c0bc-4e3c-828c-860da84ba86e.jpg?v=1712226122,2023-09-06T16:31:09+05:30,2026-09-08T08:56:50+05:30
Crompton,28W Laser Ray Neo Led Batten,Battens,"Bedroom Lights, category-batten, LED Battens, pfs:label-oddcolor, type-bathroom, type-bedroom, type-kitchen, type-living-room, type-without-false-ceiling, usege-decorative, usege-regular",28w-laser-ray-neo-led-batten,https://www.crompton.co.in/products/28w-laser-ray-neo-led-batten,750.0,750.0,Color,Cool Day Light :: SKU=LDLSRNX28-CDL :: ₹750.00 | Natural White :: SKU=LDLSRN28-NW :: ₹750.00 | Warm White :: SKU=LDLSRN28-WW :: ₹750.00,4,https://cdn.shopify.com/s/files/1/0715/1704/5040/files/Untitled-1_45fa3d2c-9651-43bf-b5dd-7a111a0aa1a8.png?v=1695299406 | https://cdn.shopify.com/s/files/1/0715/1704/5040/files/laserrayneoPl01_2_2_2fa0b917-7690-4b7a-8be7-8783dbaad72e.jpg?v=1695299406 | https://cdn.shopify.com/s/files/1/0715/1704/5040/files/laserrayneoPl02_2_2_b3b3f922-edf8-47e4-b08c-bd73b095a31a.jpg?v=1695299406 | https://cdn.shopify.com/s/files/1/0715/1704/5040/files/laser-ray-neo-pl04_944501f8-0bf4-44e2-8435-d3f8b1456d87.jpg?v=1712226104,2023-09-06T16:29:04+05:30,2026-09-08T08:56:50+05:30
Crompton,24W Laser Ray Neo Led Batten,Battens,"Bedroom Lights, category-batten, LED Battens, pfs:label-oddcolor, type-bathroom, type-bedroom, type-kitchen, type-living-room, type-without-false-ceiling, usege-decorative, usege-regular",24w-laser-ray-neo-led-batten,https://www.crompton.co.in/products/24w-laser-ray-neo-led-batten,650.0,650.0,Color,Cool Day Light :: SKU=LDLSRNX24-CDL :: ₹650.00 | Natural White :: SKU=LDLSRNX24-NW :: ₹650.00 | Warm White :: SKU=LDLSRNX24-WW :: ₹650.00,4,https://cdn.shopify.com/s/files/1/0715/1704/5040/files/Untitled-1_d8d7f968-bb58-4116-9f1a-4deec910bb35.png?v=1695299367 | https://cdn.shopify.com/s/files/1/0715/1704/5040/files/laserrayneoPl01_2_2_5a9bd6bf-ec5d-459d-90bb-e9887c26fbf7.jpg?v=1695299367 | https://cdn.shopify.com/s/files/1/0715/1704/5040/files/laserrayneoPl02_2_2_1b12ddac-33f9-4b8c-bd93-5bca4bec4088.jpg?v=1695299367 | https://cdn.shopify.com/s/files/1/0715/1704/5040/files/laser-ray-neo-pl04_6616e06b-c9e5-43bd-aebe-f92c9e1e3703.jpg?v=1712225128,2023-09-06T16:26:48+05:30,2026-09-08T08:56:50+05:30
Crompton,20W Laser Ray Neo Led Batten,Battens,"Bedroom Lights, category-batten, LED Battens, pfs:label-oddcolor, type-bathroom, type-bedroom, type-best-sellers, type-kitchen, type-living-room, type-without-false-ceiling, usege-decorative, usege-regular",20w-laser-ray-neo-led-batten,https://www.crompton.co.in/products/20w-laser-ray-neo-led-batten,600.0,600.0,Color,Cool Day Light :: SKU=LDLSRNX20-CDL :: ₹600.00 | Natural White :: SKU=LDLSRNX20-NW :: ₹600.00 | Warm White :: SKU=LDLSRNX20-WW :: ₹600.00,4,https://cdn.shopify.com/s/files/1/0715/1704/5040/files/Untitled-1_914def36-57aa-4825-bc96-8b67068e4e15.png?v=1695299327 | https://cdn.shopify.com/s/files/1/0715/1704/5040/files/laserrayneoPl01_2_2_f3b6df57-66ec-4655-9052-8e80ab81e22d.jpg?v=1695299327 | https://cdn.shopify.com/s/files/1/0715/1704/5040/files/laserrayneoPl02_2_2_1f11a475-3eba-47bc-aa6f-75ada14520eb.jpg?v=1695299327 | https://cdn.shopify.com/s/files/1/0715/1704/5040/files/laser-ray-neo-pl04_d66eec21-7cab-48d4-afb0-975b01d9c9b9.jpg?v=1712225099,2023-09-06T16:24:27+05:30,2026-09-08T08:56:50+05:30
Crompton,10W Laser Ray Neo Led Batten,Battens Tube Lights,"Bedroom Lights, category-batten, LED Battens, pfs:label-oddcolor, type-bathroom, type-bedroom, type-kitchen, type-living-room, type-without-false-ceiling, usege-decorative, usege-regular",10w-laser-ray-neo-led-batten,https://www.crompton.co.in/products/10w-laser-ray-neo-led-batten,500.0,500.0,Color,Cool Day Light :: SKU=LDLSRNX10-CDL :: ₹500.00 | Natural White :: SKU=LDLSRNX10-NW :: ₹500.00 | Warm White :: SKU=LDLSRNX10-WW :: ₹500.00,4,https://cdn.shopify.com/s/files/1/0715/1704/5040/files/Untitled-1_d1705514-8239-4ccb-94e3-18f7e24d50cd.png?v=1695299274 | https://cdn.shopify.com/s/files/1/0715/1704/5040/files/laserrayneoPl01_2_2_a89378ed-4e68-4d8b-b947-470fbd9f8d96.jpg?v=1695299274 | https://cdn.shopify.com/s/files/1/0715/1704/5040/files/laserrayneoPl02_2_2_adc1b4af-ef1a-44ac-b3db-f0447f2a5df6.jpg?v=1695299274 | https://cdn.shopify.com/s/files/1/0715/1704/5040/files/laser-ray-neo-pl04_c7dd6069-24f0-45a0-baae-8aea6736e0b4.jpg?v=1712225076,2023-09-06T16:21:26+05:30,2026-09-08T08:56:50+05:30
Crompton,5W Laser Ray Neo Led Batten,Battens,"Bedroom Lights, category-batten, LED Battens, pfs:label-oddcolor, type-bathroom, type-bedroom, type-kitchen, type-living-room, type-without-false-ceiling, usege-decorative, usege-regular",5w-laser-ray-neo-led-batten,https://www.crompton.co.in/products/5w-laser-ray-neo-led-batten,450.0,450.0,Color,Cool Day Light :: SKU=LDLSRNX05-CDL :: ₹450.00 | Natural White :: SKU=LDLSRNX05-NW :: ₹450.00 | Warm White :: SKU=LDLSRNX05-WW :: ₹450.00,4,https://cdn.shopify.com/s/files/1/0715/1704/5040/files/Untitled-1_f5b250c4-0526-494a-93de-9efe10c6778e.png?v=1695299236 | https://cdn.shopify.com/s/files/1/0715/1704/5040/files/laserrayneoPl01_2_2.jpg?v=1695299236 | https://cdn.shopify.com/s/files/1/0715/1704/5040/files/laserrayneoPl02_2_2.jpg?v=1695299236 | https://cdn.shopify.com/s/files/1/0715/1704/5040/files/laser-ray-neo-pl04.jpg?v=1712225045,2023-09-06T16:10:23+05:30,2026-09-08T08:56:50+05:30
Crompton,36W 2x2 Led Tile,Ceiling Lights,"2x2 Tile, pfs:label-oddcolor, Super Lumen Tile, type-with-false-ceiling, usege-regular",36w-2x2-led-tile,https://www.crompton.co.in/products/36w-2x2-led-tile,2850.0,2850.0,Color,Cool Day Light :: SKU=LDTLPL-36W-CDL :: ₹2850.00,5,https://cdn.shopify.com/s/files/1/0715/1704/5040/files/Tile2x2_upload.png?v=1693985602 | https://cdn.shopify.com/s/files/1/0715/1704/5040/files/superLumenPL03_4_1.jpg?v=1695188850 | https://cdn.shopify.com/s/files/1/0715/1704/5040/files/superLumenPL01_3_1.jpg?v=1695188850 | https://cdn.shopify.com/s/files/1/0715/1704/5040/files/superLumenPL02.4_1_1.jpg?v=1695188850 | https://cdn.shopify.com/s/files/1/0715/1704/5040/files/superLumenPL04_1_1.jpg?v=1693985602,2023-09-06T13:02:24+05:30,2026-09-08T08:56:50+05:30
Crompton,65W Galaxy Rope Light (120 Led/m) - 20 m,Ceiling Lights,"Bedroom Lights, Led Rope Light, LED Rope Lights, type-best-sellers, usege-regular, usege-rope-120",65w-galaxy-rope-light-120-led-m-20-m,https://www.crompton.co.in/products/65w-galaxy-rope-light-120-led-m-20-m,4500.0,5000.0,Color,Warm White :: SKU=LSTGLRP120P20M-WW :: ₹5000.00 | Cool Day Light :: SKU=LSTGLRP120P20M-CDL :: ₹4500.00 | Blue :: SKU=LSTGLRP120P20M-BLU :: ₹5000.00 | Green :: SKU=LSTGLRP120P20M-GRN :: ₹4500.00 | Amber :: SKU=LSTGLRP120P20M-AMB :: ₹4500.00 | Aqua Blue :: SKU=LSTGLRP120P20M-AQB :: ₹4500.00 | Pink :: SKU=LSTGLRP120P20M-PNK :: ₹4500.00,5,https://cdn.shopify.com/s/files/1/0715/1704/5040/files/Verticleangle_Upload_05d09bfe-f825-4075-b99d-6ad835843032.png?v=1693984585 | https://cdn.shopify.com/s/files/1/0715/1704/5040/files/galaxyropelightPL01_1_b45e6691-e802-4225-9303-c2f9bdb5661f.jpg?v=1693984585 | https://cdn.shopify.com/s/files/1/0715/1704/5040/files/galaxyropelightPL02_120m_1_fd6ae2e2-aea5-4355-8199-172ad224486e.jpg?v=1693984585 | https://cdn.shopify.com/s/files/1/0715/1704/5040/files/galaxyropelightPL03.2_1_4a531733-a932-467a-a930-3b7593dc8c9e.jpg?v=1693984585 | https://cdn.shopify.com/s/files/1/0715/1704/5040/files/galaxyropelightPL04_1_0d49928d-fed6-46de-938c-773e62697484.jpg?v=1693984586,2023-09-06T12:46:15+05:30,2026-09-08T08:56:50+05:30
Crompton,65W Galaxy Rope Light (120 Led/m) - 50 m,Ceiling Lights,"Bedroom Lights, Led Rope Light, LED Rope Lights, type-best-sellers, type-without-false-ceiling, usege-regular, usege-rope-120",65w-galaxy-rope-light-120-led-m-50-m,https://www.crompton.co.in/products/65w-galaxy-rope-light-120-led-m-50-m,11000.0,11000.0,Color,Warm White :: SKU=LSTGLRP120P65-WW :: ₹11000.00 | Cool Day Light :: SKU=LSTGLRP120P65-CDL :: ₹11000.00 | Blue :: SKU=LSTGLRP120P65-BLU :: ₹11000.00 | Green :: SKU=LSTGLRP120P65-GRN :: ₹11000.00 | Amber :: SKU=LSTGLRP120P65-AMB :: ₹11000.00 | Aqua Blue :: SKU=LSTGLRP120P65-AQB :: ₹11000.00 | Pink :: SKU=LSTGLRP120P65-PNK :: ₹11000.00,5,https://cdn.shopify.com/s/files/1/0715/1704/5040/files/Verticleangle_Upload_f9ec6242-cc68-4987-91b1-1dd3dfe01e97.png?v=1693983573 | https://cdn.shopify.com/s/files/1/0715/1704/5040/files/galaxyropelightPL01_1_13b9cedd-1b46-4741-a83d-59970af35650.jpg?v=1693983573 | https://cdn.shopify.com/s/files/1/0715/1704/5040/files/galaxyropelightPL02_120m_1_3cce9f70-7f74-4ffc-b8b2-48b4e428efc6.jpg?v=1693983573 | https://cdn.shopify.com/s/files/1/0715/1704/5040/files/galaxyropelightPL03.2_1_6d01c08e-b677-43ca-8964-0412942713a0.jpg?v=1693983573 | https://cdn.shopify.com/s/files/1/0715/1704/5040/files/galaxyropelightPL04_1_fa595e9a-592d-4a28-bcba-b73f06a4e1ad.jpg?v=1693983573,2023-09-06T12:28:47+05:30,2026-09-08T08:56:50+05:30
Crompton,65W Galaxy Rope Light (60 Led/m) - 50 m,Ceiling Lights,"Led Rope Light, LED Rope Lights, type-best-sellers, type-without-false-ceiling, usege-regular, usege-rope-120",65w-galaxy-rope-light-60-led-m-50-m,https://www.crompton.co.in/products/65w-galaxy-rope-light-60-led-m-50-m,9999.0,9999.0,Color,Warm White :: SKU=LSTGLRP65-WW :: ₹9999.00 | Cool Day Light :: SKU=LSTGLRP65-CDL :: ₹9999.00 | Blue :: SKU=LSTGLRP65-BLU :: ₹9999.00,5,https://cdn.shopify.com/s/files/1/0715/1704/5040/files/Verticleangle_Upload.png?v=1693983027 | https://cdn.shopify.com/s/files/1/0715/1704/5040/files/galaxyropelightPL01_1.jpg?v=1693983027 | https://cdn.shopify.com/s/files/1/0715/1704/5040/files/galaxyropelightPL02_120m_1.jpg?v=1693983027 | https://cdn.shopify.com/s/files/1/0715/1704/5040/files/galaxyropelightPL03.2_1.jpg?v=1693983027 | https://cdn.shopify.com/s/files/1/0715/1704/5040/files/galaxyropelightPL04_1.jpg?v=1693983027,2023-09-06T12:16:10+05:30,2026-09-08T08:56:50+05:30
Crompton,50W Star Miranda Round Led COB,Ceiling Lights,"Led COB, Led Cob Light, type-with-false-ceiling, usege-focus, usege-regular",50w-star-miranda-round-led-cob,https://www.crompton.co.in/products/50w-star-miranda-round-led-cob,6599.0,6599.0,Color,Cool Day Light :: SKU=LDRMTC-50W-CDL :: ₹6599.00 | Natural White :: SKU=LDRMTC-50W-NW :: ₹6599.00 | Warm White :: SKU=LDRMTC-50W-WW :: ₹6599.00,5,https://cdn.shopify.com/s/files/1/0715/1704/5040/files/Image01_7da32a82-ba28-4f9c-927c-dc29cb0cc86f.png?v=1693982400 | https://cdn.shopify.com/s/files/1/0715/1704/5040/files/starmirandaPl01_3_1_007ea8c0-f22b-4797-b5b4-276cfb7e7ebd.jpg?v=1693982401 | https://cdn.shopify.com/s/files/1/0715/1704/5040/files/starmirandaPl02.2_2_ccce4d01-8f53-429f-8a5b-921d776ef990.jpg?v=1693982401 | https://cdn.shopify.com/s/files/1/0715/1704/5040/files/starmirandaPl03_1_ac86ba2e-4533-4470-b136-e08b6302c69b.jpg?v=1693982401 | https://cdn.shopify.com/s/files/1/0715/1704/5040/files/starmirandaPl04.2_1_6516ddc7-5b08-4734-aaf1-b81fa9170791.jpg?v=1693982401,2023-09-06T12:09:50+05:30,2026-09-08T08:56:50+05:30
Crompton,40W Star Miranda Round Led COB,Ceiling Lights,"Led COB, Led Cob Light, type-with-false-ceiling, usege-focus, usege-regular",40w-star-miranda-round-led-cob,https://www.crompton.co.in/products/40w-star-miranda-round-led-cob,5499.0,5499.0,Color,Cool Day Light :: SKU=LDRMTC-40W-CDL :: ₹5499.00 | Natural White :: SKU=LDRMTC-40W-NW :: ₹5499.00 | Warm White :: SKU=LDRMTC-40W-WW :: ₹5499.00,5,https://cdn.shopify.com/s/files/1/0715/1704/5040/files/Image01_268f4267-e85a-4e8a-9f89-a98931f28aed.png?v=1693982287 | https://cdn.shopify.com/s/files/1/0715/1704/5040/files/starmirandaPl01_3_1_b98531e2-5a32-4ad4-add9-af0fdd692cb1.jpg?v=1693982288 | https://cdn.shopify.com/s/files/1/0715/1704/5040/files/starmirandaPl02.2_2_c2011dab-245a-43e0-bb04-4e5bace17e83.jpg?v=1693982288 | https://cdn.shopify.com/s/files/1/0715/1704/5040/files/starmirandaPl03_1_e48ff4e8-bd61-4162-a9ed-f929cb537761.jpg?v=1693982288 | https://cdn.shopify.com/s/files/1/0715/1704/5040/files/starmirandaPl04.2_1_e27cd45a-8d3e-4e55-a827-1d9e3a622beb.jpg?v=1693982288,2023-09-06T12:07:56+05:30,2026-09-08T08:56:50+05:30
Crompton,30W Star Miranda Round Led COB,Ceiling Lights,"Led COB, Led Cob Light, type-with-false-ceiling, usege-focus, usege-regular",30w-star-miranda-round-led-cob,https://www.crompton.co.in/products/30w-star-miranda-round-led-cob,4499.0,4499.0,Color,Cool Day Light :: SKU=LDRMTC-30W-CDL :: ₹4499.00 | Natural White :: SKU=LDRMTC-30W-NW :: ₹4499.00 | Warm White :: SKU=LDRMTC-30W-WW :: ₹4499.00,5,https://cdn.shopify.com/s/files/1/0715/1704/5040/files/Image01_fd971fa6-a89a-4a40-a1c9-0571ca869bce.png?v=1693982164 | https://cdn.shopify.com/s/files/1/0715/1704/5040/files/starmirandaPl01_3_1_7436898b-3a86-4e68-a3c0-769a4f78003a.jpg?v=1693982164 | https://cdn.shopify.com/s/files/1/0715/1704/5040/files/starmirandaPl02.2_2_6d42692c-fdef-44a9-bed7-6a6ab7a3d42c.jpg?v=1693982164 | https://cdn.shopify.com/s/files/1/0715/1704/5040/files/starmirandaPl03_1_108b89ae-c472-4d27-b706-572e1c7f8512.jpg?v=1693982165 | https://cdn.shopify.com/s/files/1/0715/1704/5040/files/starmirandaPl04.2_1_86ab691a-5c68-45be-b527-b1ef962b7de2.jpg?v=1693982165,2023-09-06T12:05:55+05:30,2026-09-08T08:56:50+05:30
Crompton,25W Star Miranda Round Led COB,Ceiling Lights,"Led COB, Led Cob Light, type-with-false-ceiling, usege-focus, usege-regular",25w-star-miranda-round-led-cob,https://www.crompton.co.in/products/25w-star-miranda-round-led-cob,2999.0,2999.0,Color,Cool Day Light :: SKU=LDRMTC-25W-CDL :: ₹2999.00 | Natural White :: SKU=LDRMTC-25W-NW :: ₹2999.00 | Warm White :: SKU=LDRMTC-25W-WW :: ₹2999.00,5,https://cdn.shopify.com/s/files/1/0715/1704/5040/files/Image01_47ea719b-cd36-42ea-b224-8019447e25a2.png?v=1693982048 | https://cdn.shopify.com/s/files/1/0715/1704/5040/files/starmirandaPl01_3_1_dccdd784-aa36-4701-9b40-d8e1c7dfeda3.jpg?v=1693982048 | https://cdn.shopify.com/s/files/1/0715/1704/5040/files/starmirandaPl02.2_2_ef89ca84-53d4-4c00-abe4-2958b44b1e30.jpg?v=1693982048 | https://cdn.shopify.com/s/files/1/0715/1704/5040/files/starmirandaPl03_1_bb7c523f-b9f6-47a0-a96a-7a9ac6819867.jpg?v=1693982048 | https://cdn.shopify.com/s/files/1/0715/1704/5040/files/starmirandaPl04.2_1_d418067c-99d6-4143-a197-c0e6ced2db0f.jpg?v=1693982049,2023-09-06T12:03:59+05:30,2026-09-08T08:56:50+05:30
Crompton,18W Star Miranda Round Led COB,Ceiling Lights,"Led COB, Led Cob Light, type-with-false-ceiling, usege-focus, usege-regular",18w-star-miranda-round-led-cob,https://www.crompton.co.in/products/18w-star-miranda-round-led-cob,2199.0,2199.0,Color,Cool Day Light :: SKU=LDRMTC-18W-CDL :: ₹2199.00 | Natural White :: SKU=LDRMTC-18W-NW :: ₹2199.00 | Warm White :: SKU=LDRMTC-18W-WW :: ₹2199.00,5,https://cdn.shopify.com/s/files/1/0715/1704/5040/files/Image01_e54a6315-1146-4952-9dc4-2ee1459e8964.png?v=1693981597 | https://cdn.shopify.com/s/files/1/0715/1704/5040/files/starmirandaPl01_3_1_9c40c59b-06ec-4854-92fc-0483a8a0b234.jpg?v=1693981598 | https://cdn.shopify.com/s/files/1/0715/1704/5040/files/starmirandaPl02.2_2_ba0ecfc0-0a4d-490a-946c-f2bb81bd80cc.jpg?v=1693981598 | https://cdn.shopify.com/s/files/1/0715/1704/5040/files/starmirandaPl03_1_be524fc8-5ea9-4a21-a2c7-df82d404fd82.jpg?v=1693981598 | https://cdn.shopify.com/s/files/1/0715/1704/5040/files/starmirandaPl04.2_1_121cac1e-c5be-4057-bd46-d7877bd20460.jpg?v=1693981598,2023-09-06T11:56:28+05:30,2026-09-08T08:56:50+05:30
Crompton,12W Star Miranda Round Led COB,Ceiling Lights,"Led COB, Led Cob Light, type-with-false-ceiling, usege-focus, usege-regular",12w-star-miranda-round-led-cob,https://www.crompton.co.in/products/12w-star-miranda-round-led-cob,1799.0,1799.0,Color,Cool Day Light :: SKU=LDRMTC-12W-CDL :: ₹1799.00 | Natural White :: SKU=LDRMTC-12W-NW :: ₹1799.00 | Warm White :: SKU=LDRMTC-12W-WW :: ₹1799.00,5,https://cdn.shopify.com/s/files/1/0715/1704/5040/files/Image01_4300a00a-3b98-4fec-8c04-d675d192e368.png?v=1693981361 | https://cdn.shopify.com/s/files/1/0715/1704/5040/files/starmirandaPl01_3_1_38b2f428-8609-47a1-8d0b-8dd1f266032b.jpg?v=1693981361 | https://cdn.shopify.com/s/files/1/0715/1704/5040/files/starmirandaPl02.2_2_5f58583d-2d33-4e06-acd8-a59e4ab16c07.jpg?v=1693981361 | https://cdn.shopify.com/s/files/1/0715/1704/5040/files/starmirandaPl03_1_1c9fe29d-bd50-43fc-93ae-8bf1e854e487.jpg?v=1693981362 | https://cdn.shopify.com/s/files/1/0715/1704/5040/files/starmirandaPl04.2_1_613faaad-cc29-4004-a7a8-3f043afca81f.jpg?v=1693981362,2023-09-06T11:52:30+05:30,2026-09-08T08:56:50+05:30
Crompton,9W Star Miranda Round Led COB,Ceiling Lights,"Led COB, Led Cob Light, type-with-false-ceiling, usege-focus, usege-regular",9w-star-miranda-round-led-cob,https://www.crompton.co.in/products/9w-star-miranda-round-led-cob,1499.0,1499.0,Color,Cool Day Light :: SKU=LDRMTC-9W-CDL :: ₹1499.00 | Natural White :: SKU=LDRMTC-9W-NW :: ₹1499.00 | Warm White :: SKU=LDRMTC-9W-WW :: ₹1499.00,5,https://cdn.shopify.com/s/files/1/0715/1704/5040/files/Image01_0e333f7a-69c5-458b-ad25-37cbf68a9231.png?v=1693981220 | https://cdn.shopify.com/s/files/1/0715/1704/5040/files/starmirandaPl01_3_1_823342c1-ca04-4519-92cb-91318742d015.jpg?v=1693981220 | https://cdn.shopify.com/s/files/1/0715/1704/5040/files/starmirandaPl02.2_2_1a4f249a-6bc3-482d-816b-9fd06bf765a0.jpg?v=1693981220 | https://cdn.shopify.com/s/files/1/0715/1704/5040/files/starmirandaPl03_1_21e6929c-9f63-49c0-9ec2-eb3e03a4c019.jpg?v=1693981220 | https://cdn.shopify.com/s/files/1/0715/1704/5040/files/starmirandaPl04.2_1_92d3f147-51b9-49f2-9caa-59207e447fcf.jpg?v=1693981220,2023-09-06T11:50:10+05:30,2026-09-08T08:56:50+05:30
Crompton,6W Star Miranda Round Led COB,Ceiling Lights,"Led COB, Led Cob Light, type-with-false-ceiling, usege-focus, usege-regular",6w-star-miranda-round-led-cob,https://www.crompton.co.in/products/6w-star-miranda-round-led-cob,1199.0,1199.0,Color,Cool Day Light :: SKU=LDRMTC-6W-CDL :: ₹1199.00 | Natural White :: SKU=LDRMTC-6W-NW :: ₹1199.00 | Warm White :: SKU=LDRMTC-6W-WW :: ₹1199.00,5,https://cdn.shopify.com/s/files/1/0715/1704/5040/files/Image01_4f65b98a-cca7-4a5d-8dcd-e5ffac42bcd4.png?v=1693980208 | https://cdn.shopify.com/s/files/1/0715/1704/5040/files/starmirandaPl01_3_1_3af48bf4-4bb4-45d9-aebf-a915e6b2c08e.jpg?v=1693980208 | https://cdn.shopify.com/s/files/1/0715/1704/5040/files/starmirandaPl02.2_2_ae13daff-ab73-4246-ae0a-7cb841b4c066.jpg?v=1693980208 | https://cdn.shopify.com/s/files/1/0715/1704/5040/files/starmirandaPl03_1_a953854f-31f3-4d9b-9d36-19225c0f8055.jpg?v=1693980208 | https://cdn.shopify.com/s/files/1/0715/1704/5040/files/starmirandaPl04.2_1_6ecdd350-06ed-40fe-928a-bd0c311a3298.jpg?v=1693980208,2023-09-06T11:33:18+05:30,2026-09-08T08:56:50+05:30
Crompton,3W Star Miranda Round Led COB,Ceiling Lights,"Led COB, Led Cob Light, type-with-false-ceiling, usege-focus, usege-regular",3w-star-miranda-round-led-cob,https://www.crompton.co.in/products/3w-star-miranda-round-led-cob,699.0,699.0,Color,Cool Day Light :: SKU=LDRMTC-3W-CDL :: ₹699.00 | Natural White :: SKU=LDRMTC-3W-NW :: ₹699.00 | Warm White :: SKU=LDRMTC-3W-WW :: ₹699.00,5,https://cdn.shopify.com/s/files/1/0715/1704/5040/files/Image01.png?v=1693979150 | https://cdn.shopify.com/s/files/1/0715/1704/5040/files/starmirandaPl01_3_1.jpg?v=1693979149 | https://cdn.shopify.com/s/files/1/0715/1704/5040/files/starmirandaPl02.2_2.jpg?v=1693979148 | https://cdn.shopify.com/s/files/1/0715/1704/5040/files/starmirandaPl03_1.jpg?v=1693979149 | https://cdn.shopify.com/s/files/1/0715/1704/5040/files/starmirandaPl04.2_1.jpg?v=1693979148,2023-09-06T11:14:42+05:30,2026-09-08T08:56:50+05:30
Crompton,15W Star Vega Nxt Round Led Surface Panel,Ceiling Lights,"Balcony Lights, Bathroom Lights, Bedroom Lights, Gaming Room Light, Kitchen Lights, Led Surface Panel, type-without-false-ceiling, usege-regular",15w-star-vega-nxt-round-led-surface-panel,https://www.crompton.co.in/products/15w-star-vega-nxt-round-led-surface-panel,1049.0,1049.0,Color,Cool Day Light :: SKU=LSDSSVN-15W-CDL :: ₹1049.00 | Natural White :: SKU=LSDSSVN-15W-NW :: ₹1049.00 | Warm White :: SKU=LSDSSVN-15W-WW :: ₹1049.00,5,https://cdn.shopify.com/s/files/1/0715/1704/5040/files/light01.png?v=1693979502 | https://cdn.shopify.com/s/files/1/0715/1704/5040/files/PL2_25_1_40494be8-59dd-4664-8031-bd4e5d835560.jpg?v=1695188113 | https://cdn.shopify.com/s/files/1/0715/1704/5040/files/PL1_18_1_feeb4007-6790-4d43-9402-a68d5199bf75.jpg?v=1695188113 | https://cdn.shopify.com/s/files/1/0715/1704/5040/files/PL3_27_1_af63dfb6-2d7c-480c-8912-9f35db834ba6.jpg?v=1693979502 | https://cdn.shopify.com/s/files/1/0715/1704/5040/files/PL4_10_1_9c627cd5-9166-4d96-a626-7f6ee4bb8d90.jpg?v=1693979502,2023-09-06T11:05:55+05:30,2026-09-08T08:56:50+05:30
Crompton,10W Star Vega Nxt Round Led Surface Panel,Ceiling Lights,"Balcony Lights, Bathroom Lights, Bedroom Lights, Gaming Room Light, Kitchen Lights, Led Surface Panel, type-without-false-ceiling, usege-regular",10w-star-vega-nxt-round-led-surface-panel,https://www.crompton.co.in/products/10w-star-vega-nxt-round-led-surface-panel,849.0,849.0,Color,Cool Day Light :: SKU=LSDSSVN-10W-CDL :: ₹849.00 | Natural White :: SKU=LSDSSVN-10W-NW :: ₹849.00 | Warm White :: SKU=LSDSSVN-10W-WW :: ₹849.00,5,https://cdn.shopify.com/s/files/1/0715/1704/5040/files/1.png?v=1693980921 | https://cdn.shopify.com/s/files/1/0715/1704/5040/files/PL2_25_1_cf96bbdb-027d-402f-9bab-4111fff0bf71.jpg?v=1695187942 | https://cdn.shopify.com/s/files/1/0715/1704/5040/files/PL1_18_1_3ea7f482-dc75-407b-b43b-15b1cd652da5.jpg?v=1695187942 | https://cdn.shopify.com/s/files/1/0715/1704/5040/files/PL3_27_1_40be3d10-4a96-4da6-9b0d-9f9046dcd77d.jpg?v=1693980921 | https://cdn.shopify.com/s/files/1/0715/1704/5040/files/PL4_10_1_24145c36-5875-4e91-9259-85aecea200e9.jpg?v=1693980921,2023-09-06T10:58:56+05:30,2026-09-08T08:56:50+05:30
Crompton,7W Star Vega Nxt Round Led Surface Panel,Ceiling Lights,"Balcony Lights, Bathroom Lights, Bedroom Lights, Gaming Room Light, Kitchen Lights, Led Surface Panel, type-without-false-ceiling, usege-regular",7w-star-vega-nxt-round-led-surface-panel,https://www.crompton.co.in/products/7w-star-vega-nxt-round-led-surface-panel,699.0,699.0,Color,Cool Day Light :: SKU=LSDSSVN-7W-CDL :: ₹699.00 | Natural White :: SKU=LSDSSVN-7W-NW :: ₹699.00 | Warm White :: SKU=LSDSSVN-7W-WW :: ₹699.00,5,https://cdn.shopify.com/s/files/1/0715/1704/5040/files/2.png?v=1693981053 | https://cdn.shopify.com/s/files/1/0715/1704/5040/files/PL2_25_1.jpg?v=1695187916 | https://cdn.shopify.com/s/files/1/0715/1704/5040/files/PL1_18_1.jpg?v=1695187916 | https://cdn.shopify.com/s/files/1/0715/1704/5040/files/PL3_27_1.jpg?v=1693981053 | https://cdn.shopify.com/s/files/1/0715/1704/5040/files/PL4_10_1.jpg?v=1693981053,2023-09-06T10:51:30+05:30,2026-09-08T08:56:50+05:30
Crompton,24W Star Stylus Square Led Surface Panel,Ceiling Lights,"Balcony Lights, Bedroom Lights, Gaming Room Light, Kitchen Lights, Led Surface Panel, pfs:label-oddcolor, type-best-sellers, type-without-false-ceiling, usege-regular",24w-star-stylus-square-led-surface-panel,https://www.crompton.co.in/products/24w-star-stylus-square-led-surface-panel,2199.0,2199.0,Color,Cool Day Light :: SKU=LSDSSTYL-24W-CDL :: ₹2199.00 | Natural White :: SKU=LSDSSTYL-24W-NW :: ₹2199.00 | Warm White :: SKU=LSDSSTYL-24W-WW :: ₹2199.00,5,https://cdn.shopify.com/s/files/1/0715/1704/5040/files/3.png?v=1693982225 | https://cdn.shopify.com/s/files/1/0715/1704/5040/files/StarStylusPL1_1_1_8bc17d19-b62f-4ce7-8b2d-5c15e3713455.jpg?v=1693982225 | https://cdn.shopify.com/s/files/1/0715/1704/5040/files/StarStylusPL3_1_aed23617-b004-4f07-ac65-9a569cad1c6e.jpg?v=1693982225 | https://cdn.shopify.com/s/files/1/0715/1704/5040/files/StarStylusPL4_1_f0184b6d-9cd0-4a5a-8889-a55999ba6ef0.jpg?v=1693982225 | https://cdn.shopify.com/s/files/1/0715/1704/5040/files/StarStylusPL5_1_1_4820e893-5239-4311-82ba-d9ab99b61158.jpg?v=1693982225,2023-09-06T10:47:50+05:30,2026-09-08T08:56:50+05:30
Crompton,18W Star Stylus Square Led Surface Panel,Ceiling Lights,"Balcony Lights, Bedroom Lights, Gaming Room Light, Kitchen Lights, Led Surface Panel, pfs:label-oddcolor, type-without-false-ceiling, usege-regular",18w-star-stylus-square-led-surface-panel,https://www.crompton.co.in/products/18w-star-stylus-square-led-surface-panel,1699.0,1699.0,Color,Cool Day Light :: SKU=LSDSSTYL-18W-CDL :: ₹1699.00 | Natural White :: SKU=LSDSSTYL-18W-NW :: ₹1699.00 | Warm White :: SKU=LSDSSTYL-18W-WW :: ₹1699.00,5,https://cdn.shopify.com/s/files/1/0715/1704/5040/files/3_b4b7f845-1ab9-4327-9cc5-eb1c598dc647.png?v=1693982264 | https://cdn.shopify.com/s/files/1/0715/1704/5040/files/StarStylusPL1_1_1_2c508706-9dfd-4f86-a9ef-c74c02d6646a.jpg?v=1693982264 | https://cdn.shopify.com/s/files/1/0715/1704/5040/files/StarStylusPL3_1_d3bfece0-27a7-44b3-afa2-90e7ce1f8f9e.jpg?v=1693982264 | https://cdn.shopify.com/s/files/1/0715/1704/5040/files/StarStylusPL4_1_814a5677-1dcc-4a32-9bf6-7df54efcc81b.jpg?v=1693982264 | https://cdn.shopify.com/s/files/1/0715/1704/5040/files/StarStylusPL5_1_1_cf669094-c870-449d-a667-82543e4f4314.jpg?v=1693982264,2023-09-06T10:45:22+05:30,2026-09-08T08:56:50+05:30
Crompton,12W Star Stylus Square Led Surface Panel,Ceiling Lights,"Balcony Lights, Bathroom Lights, Bedroom Lights, Gaming Room Light, Kitchen Lights, Led Surface Panel, pfs:label-oddcolor, type-without-false-ceiling, usege-regular",12w-star-stylus-square-led-surface-panel,https://www.crompton.co.in/products/12w-star-stylus-square-led-surface-panel,1299.0,1299.0,Color,Cool Day Light :: SKU=LSDSSTYL-12W-CDL :: ₹1299.00 | Natural White :: SKU=LSDSSTYL-12W-NW :: ₹1299.00 | Warm White :: SKU=LSDSSTYL-12W-WW :: ₹1299.00,5,https://cdn.shopify.com/s/files/1/0715/1704/5040/files/3_ca96daf5-2c9c-4afa-a4b3-4e2ffa7f2ed2.png?v=1693982307 | https://cdn.shopify.com/s/files/1/0715/1704/5040/files/StarStylusPL1_1_1_6b637481-36e3-46af-ba30-279570ec7296.jpg?v=1693982307 | https://cdn.shopify.com/s/files/1/0715/1704/5040/files/StarStylusPL3_1_1cb7e0ac-6338-40c2-8250-450ce919a579.jpg?v=1693982307 | https://cdn.shopify.com/s/files/1/0715/1704/5040/files/StarStylusPL4_1_461dc0c9-0642-450b-aa77-3069438dccee.jpg?v=1693982307 | https://cdn.shopify.com/s/files/1/0715/1704/5040/files/StarStylusPL5_1_1_c023348c-f260-4dc2-a20f-d86ec7113a35.jpg?v=1693982307,2023-09-06T10:42:07+05:30,2026-09-08T08:56:50+05:30
Crompton,6W Star Stylus Square Led Surface Panel,Ceiling Lights,"Balcony Lights, Bedroom Lights, Gaming Room Light, Kitchen Lights, Led Surface Panel, pfs:label-oddcolor, type-without-false-ceiling, usege-regular",6w-star-stylus-square-led-surface-panel,https://www.crompton.co.in/products/6w-star-stylus-square-led-surface-panel,999.0,999.0,Color,Cool Day Light :: SKU=LSDSSTYL-6W-CDL :: ₹999.00 | Natural White :: SKU=LSDSSTYL-6W-NW :: ₹999.00 | Warm White :: SKU=LSDSSTYL-6W-WW :: ₹999.00,5,https://cdn.shopify.com/s/files/1/0715/1704/5040/files/3_62e4ddd5-657d-40b5-8a3d-52fe34f64761.png?v=1693987019 | https://cdn.shopify.com/s/files/1/0715/1704/5040/files/StarStylusPL1_1_1_adc69af4-3959-49d7-a91e-373b42cc0137.jpg?v=1693987019 | https://cdn.shopify.com/s/files/1/0715/1704/5040/files/StarStylusPL3_1_bb435585-aa82-4e95-8c79-6c8c0592b899.jpg?v=1693987019 | https://cdn.shopify.com/s/files/1/0715/1704/5040/files/StarStylusPL4_1_8bf19d73-d094-46cd-a4e7-f1dd2f227d55.jpg?v=1693987019 | https://cdn.shopify.com/s/files/1/0715/1704/5040/files/StarStylusPL5_1_1_3c43ad99-dd5f-4f36-8a84-6f0050d660de.jpg?v=1693987019,2023-09-06T10:38:37+05:30,2026-09-08T08:56:50+05:30
Crompton,24W Star Stylus Round Led Surface Panel,Ceiling Lights,"Balcony Lights, Bedroom Lights, Gaming Room Light, Kitchen Lights, Led Surface Panel, type-best-sellers, type-without-false-ceiling, usege-regular",24w-star-stylus-round-led-surface-panel,https://www.crompton.co.in/products/24w-star-stylus-round-led-surface-panel,2199.0,2199.0,Color,Cool Day Light :: SKU=LSDRSTYL-24W-CDL :: ₹2199.00 | Natural White :: SKU=LSDRSTYL-24W-NW :: ₹2199.00 | Warm White :: SKU=LSDRSTYL-24W-WW :: ₹2199.00,5,https://cdn.shopify.com/s/files/1/0715/1704/5040/files/1_680c1497-7e6b-438f-9f4d-0a01efadc620.png?v=1693987346 | https://cdn.shopify.com/s/files/1/0715/1704/5040/files/StarStylusPL1_1_1_0851c05d-4d3a-48dd-9c16-b30995a87c56.jpg?v=1693987346 | https://cdn.shopify.com/s/files/1/0715/1704/5040/files/StarStylusPL3_1_50f2b0c4-2376-4173-94b0-21ee88566c93.jpg?v=1693987346 | https://cdn.shopify.com/s/files/1/0715/1704/5040/files/StarStylusPL4_1_565d85df-7953-4651-a000-b8ffb6c78672.jpg?v=1693987346 | https://cdn.shopify.com/s/files/1/0715/1704/5040/files/StarStylusPL5_1_1_1e46a99e-64e5-4646-acfa-85692d188c19.jpg?v=1693987346,2023-09-06T10:35:38+05:30,2026-09-08T08:56:50+05:30
Crompton,18W Star Stylus Round Led Surface Panel,Ceiling Lights,"Balcony Lights, Bedroom Lights, Gaming Room Light, Kitchen Lights, Led Surface Panel, type-without-false-ceiling, usege-regular",18w-star-stylus-round-led-surface-panel,https://www.crompton.co.in/products/18w-star-stylus-round-led-surface-panel,1699.0,1699.0,Color,Cool Day Light :: SKU=LSDRSTYL-18W-CDL :: ₹1699.00 | Natural White :: SKU=LSDRSTYL-18W-NW :: ₹1699.00 | Warm White :: SKU=LSDRSTYL-18W-WW :: ₹1699.00,5,https://cdn.shopify.com/s/files/1/0715/1704/5040/files/1_0dc32741-5d1d-4c4c-8c68-b15513f1e0d6.png?v=1693987390 | https://cdn.shopify.com/s/files/1/0715/1704/5040/files/StarStylusPL1_1_1_0e0ce56a-753c-4717-b94c-190df3204978.jpg?v=1693987390 | https://cdn.shopify.com/s/files/1/0715/1704/5040/files/StarStylusPL3_1_05652f27-642e-4a8d-9789-064e7d0da477.jpg?v=1693987390 | https://cdn.shopify.com/s/files/1/0715/1704/5040/files/StarStylusPL4_1_bbae352b-0ea0-44c9-b65a-2d75d96c0edb.jpg?v=1693987390 | https://cdn.shopify.com/s/files/1/0715/1704/5040/files/StarStylusPL5_1_1_64f62f3b-bdee-4248-ab46-31d562470380.jpg?v=1693987390,2023-09-06T10:28:52+05:30,2026-09-08T08:56:50+05:30
Crompton,12W Star Stylus Round Led Surface Panel,Ceiling Lights,"Balcony Lights, Bathroom Lights, Bedroom Lights, Gaming Room Light, Kitchen Lights, Led Surface Panel, type-without-false-ceiling, usege-regular",12w-star-stylus-round-led-surface-panel,https://www.crompton.co.in/products/12w-star-stylus-round-led-surface-panel,1299.0,1299.0,Color,Cool Day Light :: SKU=LSDRSTYL-12W-CDL :: ₹1299.00 | Natural White :: SKU=LSDRSTYL-12W-NW :: ₹1299.00 | Warm White :: SKU=LSDRSTYL-12W-WW :: ₹1299.00,5,https://cdn.shopify.com/s/files/1/0715/1704/5040/files/1_bb8e2113-bf13-4290-b6a8-5b1208ef1a0c.png?v=1693987434 | https://cdn.shopify.com/s/files/1/0715/1704/5040/files/StarStylusPL1_1_1_2d3eec59-6b8c-4b96-bdb0-a9d4706e43be.jpg?v=1693987434 | https://cdn.shopify.com/s/files/1/0715/1704/5040/files/StarStylusPL3_1_728a4570-0e76-45a4-afe2-eba323544e16.jpg?v=1693987434 | https://cdn.shopify.com/s/files/1/0715/1704/5040/files/StarStylusPL4_1_a53c3ec3-a8e5-466f-8a63-562b4bb866c0.jpg?v=1693987434 | https://cdn.shopify.com/s/files/1/0715/1704/5040/files/StarStylusPL5_1_1_231aab3b-30a3-45ad-bb7a-a97c54300891.jpg?v=1693987434,2023-09-06T10:26:23+05:30,2026-09-08T08:56:50+05:30
Crompton,6W Star Stylus Round Led Surface Panel,Ceiling Lights,"Balcony Lights, Bedroom Lights, Gaming Room Light, Kitchen Lights, Led Surface Panel, type-without-false-ceiling, usege-regular",6w-star-stylus-round-led-surface-panel,https://www.crompton.co.in/products/6w-star-stylus-round-led-surface-panel,999.0,999.0,Color,Cool Day Light :: SKU=LSDRSTYL-6W-CDL :: ₹999.00 | Natural White :: SKU=LSDRSTYL-6W-NW :: ₹999.00 | Warm White :: SKU=LSDRSTYL-6W-WW :: ₹999.00,5,https://cdn.shopify.com/s/files/1/0715/1704/5040/files/1_f931b888-685d-4aa7-a19c-23b5b4935288.png?v=1693987478 | https://cdn.shopify.com/s/files/1/0715/1704/5040/files/StarStylusPL1_1_1.jpg?v=1693987478 | https://cdn.shopify.com/s/files/1/0715/1704/5040/files/StarStylusPL3_1.jpg?v=1693987478 | https://cdn.shopify.com/s/files/1/0715/1704/5040/files/StarStylusPL4_1.jpg?v=1693987478 | https://cdn.shopify.com/s/files/1/0715/1704/5040/files/StarStylusPL5_1_1.jpg?v=1693987478,2023-09-06T10:20:26+05:30,2026-09-08T08:56:50+05:30
Crompton,15W Star Cosmos Square Led Recess Panel,Ceiling Lights,"Bedroom Lights, Led Panel, Led Recess Panel, type-with-false-ceiling, usege-regular",15w-star-cosmos-square-led-recess-panel,https://www.crompton.co.in/products/15w-star-cosmos-square-led-recess-panel,949.0,949.0,Color,Cool Day Light :: SKU=LSDSCSMS-15W-CDL :: ₹949.00 | Natural White :: SKU=LSDSCSMS-15W-NW :: ₹949.00 | Warm White :: SKU=LSDSCSMS-15W-WW :: ₹949.00,6,https://cdn.shopify.com/s/files/1/0715/1704/5040/files/1_00bee9ce-e79c-419c-b904-5a7891b37cfd.png?v=1693987911 | https://cdn.shopify.com/s/files/1/0715/1704/5040/files/Artboard4_92_1_6cc55d7d-9891-48d9-b701-3e875019ee34.jpg?v=1695187618 | https://cdn.shopify.com/s/files/1/0715/1704/5040/files/StarCosmosSquare_4d5a9640-0efd-49cf-8c1d-307d6349d4a4.png?v=1695187618 | https://cdn.shopify.com/s/files/1/0715/1704/5040/files/Artboard1-2023-08-20T140349.571_1_c3e4ecf3-aece-48bc-86e3-37aa1897a852.jpg?v=1695187618 | https://cdn.shopify.com/s/files/1/0715/1704/5040/files/Artboard2-2023-08-19T203646.209_1_ca41fad4-8ee5-4960-b5e0-858e83f16c46.jpg?v=1695187618 | https://cdn.shopify.com/s/files/1/0715/1704/5040/files/Artboard3-2023-08-19T203644.176_1_a98abf0d-edf0-45db-b2a4-03768896647e.jpg?v=1695187618,2023-09-06T10:16:03+05:30,2026-09-08T08:56:50+05:30
Crompton,12W Star Cosmos Square Led Recess Panel,Ceiling Lights,"Bedroom Lights, Led Panel, Led Recess Panel, type-with-false-ceiling, usege-regular",12w-star-cosmos-square-led-recess-panel,https://www.crompton.co.in/products/12w-star-cosmos-square-led-recess-panel,799.0,799.0,Color,Cool Day Light :: SKU=LSDSCSMS-12W-CDL :: ₹799.00 | Natural White :: SKU=LSDSCSMS-12W-NW :: ₹799.00 | Warm White :: SKU=LSDSCSMS-12W-WW :: ₹799.00,5,https://cdn.shopify.com/s/files/1/0715/1704/5040/files/1_d2387713-1e42-4bae-aa0e-4ccea973df3f.png?v=1693988915 | https://cdn.shopify.com/s/files/1/0715/1704/5040/files/Artboard4_92_1_0e972a3e-4050-4db7-ba5d-61daa9a5d3d4.jpg?v=1695187602 | https://cdn.shopify.com/s/files/1/0715/1704/5040/files/Artboard1-2023-08-20T140349.571_1_bab9c7b6-7f79-4cd4-9e4d-e850543f56bf.jpg?v=1695187602 | https://cdn.shopify.com/s/files/1/0715/1704/5040/files/Artboard2-2023-08-19T203646.209_1_1f8cd717-3b92-43df-8e4c-8e67a4fbf3f9.jpg?v=1695187602 | https://cdn.shopify.com/s/files/1/0715/1704/5040/files/Artboard3-2023-08-19T203644.176_1_1e8008a5-0eae-4372-b1fe-394ae0e733ee.jpg?v=1695187602,2023-09-06T10:14:11+05:30,2026-09-08T08:56:50+05:30
Crompton,10W Star Cosmos Square Led Recess Panel,Ceiling Lights,"Bedroom Lights, Led Panel, Led Recess Panel, type-with-false-ceiling, usege-regular",10w-star-cosmos-square-led-recess-panel,https://www.crompton.co.in/products/10w-star-cosmos-square-led-recess-panel,699.0,699.0,Color,Cool Day Light :: SKU=LSDSCSMS-10W-CDL :: ₹699.00 | Natural White :: SKU=LSDSCSMS-10W-NW :: ₹699.00 | Warm White :: SKU=LSDSCSMS-10W-WW :: ₹699.00,5,https://cdn.shopify.com/s/files/1/0715/1704/5040/files/1_e9deb80e-0f8e-482d-b6af-ef991718e16f.png?v=1693988952 | https://cdn.shopify.com/s/files/1/0715/1704/5040/files/Artboard4_92_1_00cb5a18-2581-46a6-9db7-1bed6e1f4f5f.jpg?v=1695187590 | https://cdn.shopify.com/s/files/1/0715/1704/5040/files/Artboard1-2023-08-20T140349.571_1_61b03465-89d6-4849-86db-76137ef43f58.jpg?v=1695187590 | https://cdn.shopify.com/s/files/1/0715/1704/5040/files/Artboard2-2023-08-19T203646.209_1_dba222c6-fb7f-46ef-8762-da44ae444a54.jpg?v=1695187590 | https://cdn.shopify.com/s/files/1/0715/1704/5040/files/Artboard3-2023-08-19T203644.176_1_c31a4161-df51-4b0f-bf75-7251ad806700.jpg?v=1695187590,2023-09-06T10:12:09+05:30,2026-09-08T08:56:50+05:30
Crompton,5W Star Cosmos Square Led Recess Panel,Ceiling Lights,"Bedroom Lights, Led Panel, Led Recess Panel, type-with-false-ceiling, usege-regular",5w-star-cosmos-square-led-recess-panel,https://www.crompton.co.in/products/5w-star-cosmos-square-led-recess-panel,449.0,449.0,Color,Cool Day Light :: SKU=LSDSCSMS-5W-CDL :: ₹449.00 | Natural White :: SKU=LSDSCSMS-5W-NW :: ₹449.00 | Warm White :: SKU=LSDSCSMS-5W-WW :: ₹449.00,5,https://cdn.shopify.com/s/files/1/0715/1704/5040/files/1_8599d7be-4bc0-445a-b981-763594642da9.png?v=1693988877 | https://cdn.shopify.com/s/files/1/0715/1704/5040/files/Artboard4_92_1_5cda02ae-46d2-4262-bc4b-36f7481e7b8e.jpg?v=1695187574 | https://cdn.shopify.com/s/files/1/0715/1704/5040/files/Artboard1-2023-08-20T140349.571_1_40a1afd9-6c2a-4894-9359-551a1d8c02ac.jpg?v=1695187574 | https://cdn.shopify.com/s/files/1/0715/1704/5040/files/Artboard2-2023-08-19T203646.209_1_65ac1012-3dea-4b0c-8e11-4e1b6827905d.jpg?v=1695187574 | https://cdn.shopify.com/s/files/1/0715/1704/5040/files/Artboard3-2023-08-19T203644.176_1_103579d7-5795-4c1e-b175-637297ab8b3d.jpg?v=1695187574,2023-09-06T10:08:44+05:30,2026-09-08T08:56:50+05:30
Crompton,15W Star Cosmos Round Led Recess Panel,Ceiling Lights,"Bedroom Lights, Led Panel, Led Recess Panel, type-with-false-ceiling, usege-regular",15w-star-cosmos-round-led-recess-panel,https://www.crompton.co.in/products/15w-star-cosmos-round-led-recess-panel,949.0,949.0,Color,Cool Day Light :: SKU=LSDRCSMS-15W-CDL :: ₹949.00 | Natural White :: SKU=LSDRCSMS-15W-NW :: ₹949.00 | Warm White :: SKU=LSDRCSMS-15W-WW :: ₹949.00,5,https://cdn.shopify.com/s/files/1/0715/1704/5040/files/Untitled-1_d73a9865-7612-4949-aa72-d8c6b4f7daa9.png?v=1693991998 | https://cdn.shopify.com/s/files/1/0715/1704/5040/files/Artboard4_92_1_500ff7ea-7fb2-49b2-a716-53366063e296.jpg?v=1695187558 | https://cdn.shopify.com/s/files/1/0715/1704/5040/files/Artboard1-2023-08-20T140349.571_1_e1035904-c026-4814-916c-88d3cb59ed75.jpg?v=1695187558 | https://cdn.shopify.com/s/files/1/0715/1704/5040/files/Artboard2-2023-08-19T203646.209_1_f030219a-ad80-4329-9d7f-89bf6aa5a457.jpg?v=1695187558 | https://cdn.shopify.com/s/files/1/0715/1704/5040/files/Artboard3-2023-08-19T203644.176_1_64d5bc6d-6a0f-4705-8a4d-6972ac7b36a2.jpg?v=1695187558,2023-09-06T10:03:32+05:30,2026-09-08T08:56:50+05:30
Crompton,12W Star Cosmos Round Led Recess Panel,Ceiling Lights,"Bedroom Lights, Led Panel, Led Recess Panel, type-with-false-ceiling, usege-regular",12w-star-cosmos-round-led-recess-panel,https://www.crompton.co.in/products/12w-star-cosmos-round-led-recess-panel,799.0,799.0,Color,Cool Day Light :: SKU=LSDRCSMS-12W-CDL :: ₹799.00 | Natural White :: SKU=LSDRCSMS-12W-NW :: ₹799.00 | Warm White :: SKU=LSDRCSMS-12W-WW :: ₹799.00,5,https://cdn.shopify.com/s/files/1/0715/1704/5040/files/Untitled-1.png?v=1693991929 | https://cdn.shopify.com/s/files/1/0715/1704/5040/files/Artboard4_92_1_9da786b9-35d9-432b-b1c5-1b926b9a722f.jpg?v=1695187546 | https://cdn.shopify.com/s/files/1/0715/1704/5040/files/Artboard1-2023-08-20T140349.571_1_61975c41-01b8-4ee7-8572-ae35f77ce416.jpg?v=1695187546 | https://cdn.shopify.com/s/files/1/0715/1704/5040/files/Artboard2-2023-08-19T203646.209_1_7fa79b9a-9a47-4600-9b3c-fda73902d290.jpg?v=1695187546 | https://cdn.shopify.com/s/files/1/0715/1704/5040/files/Artboard3-2023-08-19T203644.176_1_d76e711d-23d5-43c3-a4fa-80e569dcde14.jpg?v=1695187546,2023-09-06T10:00:20+05:30,2026-09-08T08:56:50+05:30
Crompton,10W Star Cosmos Round Led Recess Panel,Ceiling Lights,"Bedroom Lights, Led Panel, Led Recess Panel, type-with-false-ceiling, usege-regular",10w-star-cosmos-round-led-recess-panel,https://www.crompton.co.in/products/10w-star-cosmos-round-led-recess-panel,699.0,699.0,Color,Cool Day Light :: SKU=LSDRCSMS-10W-CDL :: ₹699.00 | Natural White :: SKU=LSDRCSMS-10W-NW :: ₹699.00 | Warm White :: SKU=LSDRCSMS-10W-WW :: ₹699.00,5,https://cdn.shopify.com/s/files/1/0715/1704/5040/files/Untitled-1_d033c745-46bf-4cd2-b87c-9559aacf4526.png?v=1693991963 | https://cdn.shopify.com/s/files/1/0715/1704/5040/files/Artboard4_92_1_95f9cd3d-d73b-4027-96a8-2809a0da53f6.jpg?v=1695187533 | https://cdn.shopify.com/s/files/1/0715/1704/5040/files/Artboard1-2023-08-20T140349.571_1_d29cbdf5-4dbe-4b2b-aa72-ffa5dfd34bc7.jpg?v=1695187533 | https://cdn.shopify.com/s/files/1/0715/1704/5040/files/Artboard2-2023-08-19T203646.209_1_3c8e8b52-566b-4df0-89c3-36229352eabd.jpg?v=1695187533 | https://cdn.shopify.com/s/files/1/0715/1704/5040/files/Artboard3-2023-08-19T203644.176_1_8c8615eb-51ec-44f2-adef-fc32745eca6a.jpg?v=1695187533,2023-09-06T09:58:12+05:30,2026-09-08T08:56:50+05:30
Crompton,5W Star Cosmos Round Led Recess Panel,Ceiling Lights,"Bedroom Lights, Led Panel, Led Recess Panel, type-with-false-ceiling, usege-regular",5w-star-cosmos-round-led-recess-panel,https://www.crompton.co.in/products/5w-star-cosmos-round-led-recess-panel,449.0,449.0,Color,Cool Day Light :: SKU=LSDRCSMS-5W-CDL :: ₹449.00 | Natural White :: SKU=LSDRCSMS-5W-NW :: ₹449.00 | Warm White :: SKU=LSDRCSMS-5W-WW :: ₹449.00,5,https://cdn.shopify.com/s/files/1/0715/1704/5040/files/Untitled-1_2170553c-072d-4427-a6f0-c740b9b8b4c5.png?v=1693992035 | https://cdn.shopify.com/s/files/1/0715/1704/5040/files/Artboard4_92_1.jpg?v=1695187516 | https://cdn.shopify.com/s/files/1/0715/1704/5040/files/Artboard1-2023-08-20T140349.571_1.jpg?v=1695187516 | https://cdn.shopify.com/s/files/1/0715/1704/5040/files/Artboard2-2023-08-19T203646.209_1.jpg?v=1695187516 | https://cdn.shopify.com/s/files/1/0715/1704/5040/files/Artboard3-2023-08-19T203644.176_1.jpg?v=1695187516,2023-09-06T09:49:26+05:30,2026-09-08T08:56:50+05:30
Crompton,18W Star Slim Square Led Recesss Panel,Ceiling Lights,"Bedroom Lights, Led Panel, Led Recess Panel, type-with-false-ceiling, usege-regular",18w-star-slim-square-led-recesss-panel,https://www.crompton.co.in/products/18w-star-slim-square-led-recesss-panel,1199.0,1199.0,Color,Cool Day Light :: SKU=LSDSMN-18W-CDL :: ₹1199.00 | Natural White :: SKU=LSDSMN-18W-NW :: ₹1199.00 | Warm White :: SKU=LSDSMN-18W-WW :: ₹1199.00,5,https://cdn.shopify.com/s/files/1/0715/1704/5040/files/Untitled-1_5525418f-2784-4cf6-b9b9-5ff8e5bd6008.png?v=1693993238 | https://cdn.shopify.com/s/files/1/0715/1704/5040/files/star-slim-PL1_2_1_ab67aaee-4221-44a9-9f52-c54a7e2280b5.jpg?v=1693993238 | https://cdn.shopify.com/s/files/1/0715/1704/5040/files/star-slim-PL2_1_1_91c589a7-28db-49eb-a6bb-fec1175ca082.jpg?v=1693993238 | https://cdn.shopify.com/s/files/1/0715/1704/5040/files/star-slim-PL3_1_1_a2dec801-1168-4ac0-8676-158c66a19bea.jpg?v=1693993238 | https://cdn.shopify.com/s/files/1/0715/1704/5040/files/star-slim-PL4_1_bf8fc503-9593-4986-bbcc-23dc6ed3d009.jpg?v=1693993238,2023-09-05T18:41:54+05:30,2026-09-08T08:56:50+05:30
Crompton,15W Star Slim Square Led Recesss Panel,Ceiling Lights,"Bedroom Lights, Led Panel, Led Recess Panel, type-best-sellers, type-with-false-ceiling, usege-regular",15w-star-slim-square-led-recesss-panel,https://www.crompton.co.in/products/15w-star-slim-square-led-recesss-panel,949.0,949.0,Color,Cool Day Light :: SKU=LSDSMN-15W-CDL :: ₹949.00 | Natural White :: SKU=LSDSMN-15W-NW :: ₹949.00 | Warm White :: SKU=LSDSMN-15W-WW :: ₹949.00,5,https://cdn.shopify.com/s/files/1/0715/1704/5040/files/Untitled-1_f9fd04d8-9376-4fa1-9fc6-e2aa56c0d258.png?v=1693993200 | https://cdn.shopify.com/s/files/1/0715/1704/5040/files/star-slim-PL1_2_1_e3588d28-c2ae-4e00-bbee-567fb3db3e48.jpg?v=1693993200 | https://cdn.shopify.com/s/files/1/0715/1704/5040/files/star-slim-PL2_1_1_b7a01d76-7f60-4a8b-84a3-c053b80d8f30.jpg?v=1693993200 | https://cdn.shopify.com/s/files/1/0715/1704/5040/files/star-slim-PL3_1_1_ff7eb844-9bfd-4c5f-acd3-6b6aa4b5e77a.jpg?v=1693993200 | https://cdn.shopify.com/s/files/1/0715/1704/5040/files/star-slim-PL4_1_03223ff5-74de-4395-beb0-adaa76cc134f.jpg?v=1693993200,2023-09-05T18:40:07+05:30,2026-09-08T08:56:50+05:30
Crompton,12W Star Slim Square Led Recesss Panel,Ceiling Lights,"Bedroom Lights, Led Panel, Led Recess Panel, type-best-sellers, type-with-false-ceiling, usege-regular",12w-star-slim-square-led-recesss-panel,https://www.crompton.co.in/products/12w-star-slim-square-led-recesss-panel,849.0,849.0,Color,Cool Day Light :: SKU=LSDSMN-12W-CDL :: ₹849.00 | Natural White :: SKU=LSDSMN-12W-NW :: ₹849.00 | Warm White :: SKU=LSDSMN-12W-WW :: ₹849.00,5,https://cdn.shopify.com/s/files/1/0715/1704/5040/files/Untitled-1_d9818e5e-8d0a-4725-b2fb-f9d509490a03.png?v=1693993334 | https://cdn.shopify.com/s/files/1/0715/1704/5040/files/star-slim-PL1_2_1_cc0969f9-b614-49db-9f10-9dfc00bbdfd0.jpg?v=1693993334 | https://cdn.shopify.com/s/files/1/0715/1704/5040/files/star-slim-PL2_1_1_0ffb980b-b58c-4bb1-8f9a-e07945e7ea85.jpg?v=1693993334 | https://cdn.shopify.com/s/files/1/0715/1704/5040/files/star-slim-PL3_1_1_1e2f68d6-6ff9-43ff-84c8-5f476a733c6b.jpg?v=1693993334 | https://cdn.shopify.com/s/files/1/0715/1704/5040/files/star-slim-PL4_1_97075051-6220-4ff0-9f4b-b7389eb9eb6f.jpg?v=1693993334,2023-09-05T18:35:06+05:30,2026-09-08T08:56:50+05:30
Crompton,6W Star Slim Square Led Recesss Panel,Ceiling Lights,"Bedroom Lights, Led Panel, Led Recess Panel, type-with-false-ceiling, usege-regular",6w-star-slim-square-led-recesss-panel,https://www.crompton.co.in/products/6w-star-slim-square-led-recesss-panel,499.0,499.0,Color,Cool Day Light :: SKU=LSDSMN-6W-CDL :: ₹499.00 | Natural White :: SKU=LSDSMN-6W-NW :: ₹499.00 | Warm White :: SKU=LSDSMN-6W-WW :: ₹499.00,5,https://cdn.shopify.com/s/files/1/0715/1704/5040/files/Untitled-1_a6352eea-30f3-4006-bb05-0f678a4ca299.png?v=1693993404 | https://cdn.shopify.com/s/files/1/0715/1704/5040/files/star-slim-PL1_2_1_29f49b3d-f9c1-450a-a882-0b86a8e204a0.jpg?v=1693993404 | https://cdn.shopify.com/s/files/1/0715/1704/5040/files/star-slim-PL2_1_1_32fc20cb-fbb6-4523-98ca-b2fd5f9fbcde.jpg?v=1693993404 | https://cdn.shopify.com/s/files/1/0715/1704/5040/files/star-slim-PL3_1_1_642d0e0c-bf0c-4b75-a701-45fc82be6690.jpg?v=1693993404 | https://cdn.shopify.com/s/files/1/0715/1704/5040/files/star-slim-PL4_1_758b007a-bc3e-49a7-9e8d-8bec415cc069.jpg?v=1693993404,2023-09-05T18:33:07+05:30,2026-09-08T08:56:50+05:30
Crompton,3W Star Slim Square Led Recesss Panel,Ceiling Lights,"Bedroom Lights, Led Panel, Led Recess Panel, type-with-false-ceiling, usege-regular",3w-star-slim-square-led-recesss-panel,https://www.crompton.co.in/products/3w-star-slim-square-led-recesss-panel,399.0,399.0,Color,Cool Day Light :: SKU=LSDSMN-3W-CDL :: ₹399.00 | Natural White :: SKU=LSDSMN-3W-NW :: ₹399.00 | Warm White :: SKU=LSDSMN-3W-WW :: ₹399.00,5,https://cdn.shopify.com/s/files/1/0715/1704/5040/files/Untitled-1_8371d089-e115-4e9b-914c-fc6a057706fa.png?v=1693993372 | https://cdn.shopify.com/s/files/1/0715/1704/5040/files/star-slim-PL1_2_1_540e826e-44a6-4a23-91b3-9e395c0d9ae2.jpg?v=1693993372 | https://cdn.shopify.com/s/files/1/0715/1704/5040/files/star-slim-PL2_1_1_177a85e2-ecd2-440a-bcdf-8b2f235fbd3d.jpg?v=1693993372 | https://cdn.shopify.com/s/files/1/0715/1704/5040/files/star-slim-PL3_1_1_9fa005b5-1e8b-417f-b6d4-9e695d45f1d6.jpg?v=1693993372 | https://cdn.shopify.com/s/files/1/0715/1704/5040/files/star-slim-PL4_1_7ca62d94-93c4-47a9-8ac3-8b46c1dc1dee.jpg?v=1693993372,2023-09-05T18:28:33+05:30,2026-09-08T08:56:50+05:30
Crompton,18W Star Slim Round Led Recesss Panel,Ceiling Lights,"Bedroom Lights, Led Panel, Led Recess Panel, type-with-false-ceiling, usege-regular",18w-star-slim-round-led-recesss-panel,https://www.crompton.co.in/products/18w-star-slim-round-led-recesss-panel,1199.0,1199.0,Color,Cool Day Light :: SKU=LSDRMN-18W-CDL :: ₹1199.00 | Natural White :: SKU=LSDRMN-18W-NW :: ₹1199.00 | Warm White :: SKU=LSDRMN-18W-WW :: ₹1199.00,5,https://cdn.shopify.com/s/files/1/0715/1704/5040/files/Untitled-1_ebd80b6d-759d-47d5-ba4f-317b1365d237.png?v=1693993683 | https://cdn.shopify.com/s/files/1/0715/1704/5040/files/star-slim-PL1_2_1_221b04db-b2f9-4c6f-9cda-64ba5befabf6.jpg?v=1693993683 | https://cdn.shopify.com/s/files/1/0715/1704/5040/files/star-slim-PL2_1_1_a5a23de3-7de4-48e4-92ba-284b1a8c8889.jpg?v=1693993683 | https://cdn.shopify.com/s/files/1/0715/1704/5040/files/star-slim-PL3_1_1_c34ba390-df74-4e08-b7d5-bbfd69204587.jpg?v=1693993683 | https://cdn.shopify.com/s/files/1/0715/1704/5040/files/star-slim-PL4_1_aa8dadac-f90b-4653-89dc-a8f112985b47.jpg?v=1693993683,2023-09-05T18:05:42+05:30,2026-09-08T08:56:50+05:30
Crompton,15W Star Slim Round Led Recesss Panel,Ceiling Lights,"Bedroom Lights, Led Panel, Led Recess Panel, type-best-sellers, type-with-false-ceiling, usege-regular",15w-star-slim-round-led-recesss-panel,https://www.crompton.co.in/products/15w-star-slim-round-led-recesss-panel,949.0,949.0,Color,Cool Day Light :: SKU=LSDRMN-15W-CDL :: ₹949.00 | Natural White :: SKU=LSDRMN-15W-NW :: ₹949.00 | Warm White :: SKU=LSDRMN-15W-WW :: ₹949.00,5,https://cdn.shopify.com/s/files/1/0715/1704/5040/files/Untitled-1_32d3eda7-04a5-46e2-ad9a-2ad97f9850f0.png?v=1693993649 | https://cdn.shopify.com/s/files/1/0715/1704/5040/files/star-slim-PL1_2_1_57765874-4db5-4614-9df4-7b81660f8b2a.jpg?v=1693993649 | https://cdn.shopify.com/s/files/1/0715/1704/5040/files/star-slim-PL2_1_1_943259b9-9313-49a4-9579-368e94cb48af.jpg?v=1693993649 | https://cdn.shopify.com/s/files/1/0715/1704/5040/files/star-slim-PL3_1_1_ead85d78-cf45-4ad3-b931-f4ecda3620f0.jpg?v=1693993649 | https://cdn.shopify.com/s/files/1/0715/1704/5040/files/star-slim-PL4_1_74f16f09-9186-402a-a72b-36cf9206f5d2.jpg?v=1693993649,2023-09-05T17:58:37+05:30,2026-09-08T08:56:50+05:30
Crompton,12W Star Slim Round Led Recesss Panel,Ceiling Lights,"Bedroom Lights, Led Panel, Led Recess Panel, type-best-sellers, type-with-false-ceiling, usege-regular",12w-star-slim-round-led-recesss-panel,https://www.crompton.co.in/products/12w-star-slim-round-led-recesss-panel,849.0,849.0,Color,Cool Day Light :: SKU=LSDRMN-12W-CDL :: ₹849.00 | Natural White :: SKU=LSDRMN-12W-NW :: ₹849.00 | Warm White :: SKU=LSDRMN-12W-WW :: ₹849.00,5,https://cdn.shopify.com/s/files/1/0715/1704/5040/files/Untitled-1_aeaa4d07-65db-4a93-a3ba-496d82bfd496.png?v=1693993613 | https://cdn.shopify.com/s/files/1/0715/1704/5040/files/star-slim-PL1_2_1_060f8316-c79c-4660-a899-4055304e9dc4.jpg?v=1693993613 | https://cdn.shopify.com/s/files/1/0715/1704/5040/files/star-slim-PL2_1_1_153ed2d1-d7ad-46d0-b66e-45464c20e3f6.jpg?v=1693993613 | https://cdn.shopify.com/s/files/1/0715/1704/5040/files/star-slim-PL3_1_1_6de1241a-9976-4b14-bc08-c98eff0e99b9.jpg?v=1693993613 | https://cdn.shopify.com/s/files/1/0715/1704/5040/files/star-slim-PL4_1_c1225d9d-aeb0-458d-bb57-abd9200b1062.jpg?v=1693993613,2023-09-05T17:56:30+05:30,2026-09-08T08:56:50+05:30
Crompton,6W Star Slim Round Led Recesss Panel,Ceiling Lights,"Bedroom Lights, Led Panel, Led Recess Panel, type-with-false-ceiling, usege-regular",6w-star-slim-round-led-recesss-panel,https://www.crompton.co.in/products/6w-star-slim-round-led-recesss-panel,499.0,499.0,Color,Cool Day Light :: SKU=LSDRMN-6W-CDL :: ₹499.00 | Natural White :: SKU=LSDRMN-6W-NW :: ₹499.00 | Warm White :: SKU=LSDRMN-6W-WW :: ₹499.00,5,https://cdn.shopify.com/s/files/1/0715/1704/5040/files/Untitled-1_d85ebe49-58c9-4bd4-8a02-173d01064d8f.png?v=1693993759 | https://cdn.shopify.com/s/files/1/0715/1704/5040/files/star-slim-PL1_2_1_8d10614c-38e9-4b01-b20e-9312a563342f.jpg?v=1693993759 | https://cdn.shopify.com/s/files/1/0715/1704/5040/files/star-slim-PL2_1_1_e13e9cfb-cebe-466e-8b34-7445fadbf179.jpg?v=1693993759 | https://cdn.shopify.com/s/files/1/0715/1704/5040/files/star-slim-PL3_1_1_b4ea4457-9027-4299-a0cf-759ccb3e61ef.jpg?v=1693993759 | https://cdn.shopify.com/s/files/1/0715/1704/5040/files/star-slim-PL4_1_297d3f35-41ff-49a7-aaac-4ad1efc1aff4.jpg?v=1693993759,2023-09-05T17:53:17+05:30,2026-09-08T08:56:50+05:30
Crompton,3W Star Slim Round Led Recesss Panel,Ceiling Lights,"Bedroom Lights, Led Panel, Led Recess Panel, type-with-false-ceiling, usege-regular",3w-star-slim-round-led-recesss-panel,https://www.crompton.co.in/products/3w-star-slim-round-led-recesss-panel,399.0,399.0,Color,Cool Day Light :: SKU=LSDRMN-3W-CDL :: ₹399.00 | Natural White :: SKU=LSDRMN-3W-NW :: ₹399.00 | Warm White :: SKU=LSDRMN-3W-WW :: ₹399.00,5,https://cdn.shopify.com/s/files/1/0715/1704/5040/files/Untitled-1_0e9316f7-f8a9-4c8d-9f2c-7f2e6c55ae88.png?v=1693993722 | https://cdn.shopify.com/s/files/1/0715/1704/5040/files/star-slim-PL1_2_1.jpg?v=1693993722 | https://cdn.shopify.com/s/files/1/0715/1704/5040/files/star-slim-PL2_1_1.jpg?v=1693993722 | https://cdn.shopify.com/s/files/1/0715/1704/5040/files/star-slim-PL3_1_1.jpg?v=1693993722 | https://cdn.shopify.com/s/files/1/0715/1704/5040/files/star-slim-PL4_1.jpg?v=1693993722,2023-09-05T17:26:13+05:30,2026-09-08T08:56:50+05:30
Crompton,20W Star Lord Square Led Recess Panel,Ceiling Lights,"Bedroom Lights, Led Panel, Led Recess Panel, type-with-false-ceiling, usege-regular",20w-star-lord-square-led-recess-panel,https://www.crompton.co.in/products/20w-star-lord-square-led-recess-panel,1299.0,1299.0,Color,Cool Day Light :: SKU=LSDSLORD-20W-CDL :: ₹1299.00 | Natural White :: SKU=LSDSLORD-20W-NW :: ₹1299.00 | Warm White :: SKU=LSDSLORD-20W-WW :: ₹1299.00,5,https://cdn.shopify.com/s/files/1/0715/1704/5040/files/Untitled-1_9c1dae69-2bd4-4ca6-bf90-eadd476e52fe.png?v=1693994699 | https://cdn.shopify.com/s/files/1/0715/1704/5040/files/starlord1_2_2_1_6dce65d4-1ee1-4ac5-921b-9f7f5dd5b907.jpg?v=1695187234 | https://cdn.shopify.com/s/files/1/0715/1704/5040/files/starlord1_1_1_1_e7c81ebd-eeac-417a-bbbb-96547d7076c8.jpg?v=1695187234 | https://cdn.shopify.com/s/files/1/0715/1704/5040/files/starlord1_3_1_1_0054316c-b6a0-435d-b6b3-86b92a59193a.jpg?v=1693994699 | https://cdn.shopify.com/s/files/1/0715/1704/5040/files/starlord1_4_1_5efc6423-5b38-4219-b770-d41763fadb88.jpg?v=1693994699,2023-09-05T17:19:52+05:30,2026-09-08T08:56:50+05:30
Crompton,15W Star Lord Square Led Recess Panel,Ceiling Lights,"Bedroom Lights, Led Panel, Led Recess Panel, type-best-sellers, type-with-false-ceiling, usege-regular",15w-star-lord-square-led-recess-panel,https://www.crompton.co.in/products/15w-star-lord-square-led-recess-panel,999.0,999.0,Color,Cool Day Light :: SKU=LSDSLORD-15W-CDL :: ₹999.00 | Natural White :: SKU=LSDSLORD-15W-NW :: ₹999.00 | Warm White :: SKU=LSDSLORD-15W-WW :: ₹999.00,5,https://cdn.shopify.com/s/files/1/0715/1704/5040/files/Untitled-1_6dd409d3-eeb6-446a-bbf7-6b82480305e2.png?v=1693995204 | https://cdn.shopify.com/s/files/1/0715/1704/5040/files/starlord1_2_2_1_d8a99037-7ca8-4249-89be-17073a382ae1.jpg?v=1695187211 | https://cdn.shopify.com/s/files/1/0715/1704/5040/files/starlord1_1_1_1_49faa469-306c-4837-b4d5-f1a4c7db8313.jpg?v=1695187211 | https://cdn.shopify.com/s/files/1/0715/1704/5040/files/starlord1_3_1_1_d215827f-b72c-43a6-91aa-051f182990a4.jpg?v=1693995204 | https://cdn.shopify.com/s/files/1/0715/1704/5040/files/starlord1_4_1_19371910-00d4-4ca6-b9d2-a19040bfb131.jpg?v=1693995204,2023-09-05T17:11:27+05:30,2026-09-08T08:56:50+05:30
Crompton,12W Star Lord Square Led Recess Panel,Ceiling Lights,"Bedroom Lights, Led Panel, Led Recess Panel, type-best-sellers, type-with-false-ceiling, usege-regular",12w-star-lord-square-led-recess-panel,https://www.crompton.co.in/products/12w-star-lord-square-led-recess-panel,899.0,899.0,Color,Cool Day Light :: SKU=LSDSLORD-12W-CDL :: ₹899.00 | Natural White :: SKU=LSDSLORD-12W-NW :: ₹899.00 | Warm White :: SKU=LSDSLORD-12W-WW :: ₹899.00,5,https://cdn.shopify.com/s/files/1/0715/1704/5040/files/Untitled-1_08f4227f-64ed-4d7f-8318-8dfe467bebf5.png?v=1693995286 | https://cdn.shopify.com/s/files/1/0715/1704/5040/files/starlord1_2_2_1_903e6d58-ddca-4653-9240-221f23ae3340.jpg?v=1695187187 | https://cdn.shopify.com/s/files/1/0715/1704/5040/files/starlord1_1_1_1_bb23ba29-55a4-4568-912e-3c33189a6e53.jpg?v=1695187187 | https://cdn.shopify.com/s/files/1/0715/1704/5040/files/starlord1_3_1_1_ebd4dbca-5cf6-48a8-bb07-a0175faeb49f.jpg?v=1693995286 | https://cdn.shopify.com/s/files/1/0715/1704/5040/files/starlord1_4_1_9536ed3f-6095-4446-a4f9-3875b4908dcd.jpg?v=1693995286,2023-09-05T17:07:50+05:30,2026-09-08T08:56:50+05:30
Crompton,10W Star Lord Square Led Recess Panel,Ceiling Lights,"Bedroom Lights, Led Panel, Led Recess Panel, type-best-sellers, type-with-false-ceiling, usege-regular",10w-star-lord-square-led-recess-panel,https://www.crompton.co.in/products/10w-star-lord-square-led-recess-panel,699.0,699.0,Color,Cool Day Light :: SKU=LSDSLORD-10W-CDL :: ₹699.00 | Natural White :: SKU=LSDSLORD-10W-NW :: ₹699.00 | Warm White :: SKU=LSDSLORD-10W-WW :: ₹699.00,5,https://cdn.shopify.com/s/files/1/0715/1704/5040/files/Untitled-1_6e08c2eb-95e9-4a49-bf3b-303a282a9313.png?v=1693995343 | https://cdn.shopify.com/s/files/1/0715/1704/5040/files/starlord1_2_2_1_7464479e-278b-493a-8bb9-12216f681c57.jpg?v=1695187172 | https://cdn.shopify.com/s/files/1/0715/1704/5040/files/starlord1_1_1_1_eaf749b9-3652-4aa1-99ad-1b9f2959de9c.jpg?v=1695187172 | https://cdn.shopify.com/s/files/1/0715/1704/5040/files/starlord1_3_1_1_4222bafa-c2d3-41a4-97a8-8373bda046a1.jpg?v=1693995343 | https://cdn.shopify.com/s/files/1/0715/1704/5040/files/starlord1_4_1_dea708df-4a88-4557-9150-5e3451b9c31a.jpg?v=1693995343,2023-09-05T16:57:52+05:30,2026-09-08T08:56:50+05:30
Crompton,5W Star Lord Square Led Recess Panel,Ceiling Lights,"Bedroom Lights, Led Panel, Led Recess Panel, type-with-false-ceiling",5w-star-lord-square-led-recess-panel,https://www.crompton.co.in/products/5w-star-lord-square-led-recess-panel,499.0,499.0,Color,Cool Day Light :: SKU=LSDSLORD-5W-CDL :: ₹499.00 | Natural White :: SKU=LSDSLORD-5W-NW :: ₹499.00 | Warm White :: SKU=LSDSLORD-5W-WW :: ₹499.00,5,https://cdn.shopify.com/s/files/1/0715/1704/5040/files/Untitled-1_9e9bdde7-6485-4e60-be0f-716bdc47d4e0.png?v=1693995388 | https://cdn.shopify.com/s/files/1/0715/1704/5040/files/starlord1_2_2_1_723f6f1c-2ec6-4126-9bd3-b480e80fb0a2.jpg?v=1695187135 | https://cdn.shopify.com/s/files/1/0715/1704/5040/files/starlord1_1_1_1_a90d549f-28c1-44ab-82e9-c9ef00185977.jpg?v=1695187135 | https://cdn.shopify.com/s/files/1/0715/1704/5040/files/starlord1_3_1_1_dc2784f3-a372-493c-9c92-fcb63dcf5471.jpg?v=1693995388 | https://cdn.shopify.com/s/files/1/0715/1704/5040/files/starlord1_4_1_da91bc60-65f3-449c-bc35-9839cb3f8c79.jpg?v=1693995388,2023-09-05T16:48:57+05:30,2026-09-08T08:56:50+05:30
Crompton,20W Star Lord Round Led Recess Panel,Ceiling Lights,"Bedroom Lights, Led Panel, Led Recess Panel, type-with-false-ceiling, usege-regular",20w-star-lord-round-led-recess-panel,https://www.crompton.co.in/products/20w-star-lord-round-led-recess-panel,1299.0,1299.0,Color,Cool Day Light :: SKU=LSDRLORD-20W-CDL :: ₹1299.00 | Natural White :: SKU=LSDRLORD-20W-NW :: ₹1299.00 | Warm White :: SKU=LSDRLORD-20W-WW :: ₹1299.00,5,https://cdn.shopify.com/s/files/1/0715/1704/5040/files/Untitled-1_6001284e-9c28-4364-b0f3-d08652d2d705.png?v=1693996976 | https://cdn.shopify.com/s/files/1/0715/1704/5040/files/starlord1_2_2_1_4da4b3cb-718d-46e9-b1ed-938887144517.jpg?v=1695187116 | https://cdn.shopify.com/s/files/1/0715/1704/5040/files/starlord1_1_1_1_8a151650-2977-4d98-8564-9e29339ddfd4.jpg?v=1695187116 | https://cdn.shopify.com/s/files/1/0715/1704/5040/files/starlord1_3_1_1_5c750a47-cf62-48ac-a304-9e41d11c14fd.jpg?v=1693996976 | https://cdn.shopify.com/s/files/1/0715/1704/5040/files/starlord1_4_1_0624b5fd-5773-48d0-a157-d81ff3ac6db1.jpg?v=1693996976,2023-09-05T16:43:13+05:30,2026-09-08T08:56:50+05:30
Crompton,15W Star Lord Round Led Recess Panel,Ceiling Lights,"Bedroom Lights, Led Panel, Led Recess Panel, type-best-sellers, type-with-false-ceiling, usege-regular",15w-star-lord-round-led-recess-panel,https://www.crompton.co.in/products/15w-star-lord-round-led-recess-panel,800.0,999.0,Color,Cool Day Light :: SKU=LSDRLORD-15W-CDL :: ₹800.00 | Natural White :: SKU=LSDRLORD-15W-NW :: ₹999.00 | Warm White :: SKU=LSDRLORD-15W-WW :: ₹999.00,5,https://cdn.shopify.com/s/files/1/0715/1704/5040/files/Untitled-1_375ac4db-9606-4c40-aa3d-3b3deb1b59dc.png?v=1693997018 | https://cdn.shopify.com/s/files/1/0715/1704/5040/files/starlord1_2_2_1_51e56027-8ee3-4787-8f6d-5fe4578aac56.jpg?v=1695187101 | https://cdn.shopify.com/s/files/1/0715/1704/5040/files/starlord1_1_1_1_82ea4f02-b1a8-4e0a-8ca0-6a3b55ff5920.jpg?v=1695187101 | https://cdn.shopify.com/s/files/1/0715/1704/5040/files/starlord1_3_1_1_94b721ed-7b8d-486c-a20b-078d5f0b58e4.jpg?v=1693997018 | https://cdn.shopify.com/s/files/1/0715/1704/5040/files/starlord1_4_1_30066137-9bbf-4a42-83a9-3c27da1114ab.jpg?v=1693997018,2023-09-05T16:32:33+05:30,2026-09-08T08:56:50+05:30
Crompton,12W Star Lord Round Led Recess Panel,Ceiling Lights,"Bedroom Lights, Led Panel, Led Recess Panel, type-best-sellers, type-with-false-ceiling, usege-regular",12w-star-lord-round-led-recess-panel,https://www.crompton.co.in/products/12w-star-lord-round-led-recess-panel,899.0,899.0,Color,Cool Day Light :: SKU=LSDRLORD-12W-CDL :: ₹899.00 | Natural White :: SKU=LSDRLORD-12W-NW :: ₹899.00 | Warm White :: SKU=LSDRLORD-12W-WW :: ₹899.00,5,https://cdn.shopify.com/s/files/1/0715/1704/5040/files/Untitled-1_ea299070-aeaa-4f8b-b4c4-972fecf23a77.png?v=1693997057 | https://cdn.shopify.com/s/files/1/0715/1704/5040/files/starlord1_2_2_1_dc5d6324-d215-4337-bf7a-c7dd479ce72c.jpg?v=1695187084 | https://cdn.shopify.com/s/files/1/0715/1704/5040/files/starlord1_1_1_1_06b71845-bda1-48e1-88d4-82bbb878bc6d.jpg?v=1695187084 | https://cdn.shopify.com/s/files/1/0715/1704/5040/files/starlord1_3_1_1_b90452b0-4a38-4da4-8108-8c3180dca339.jpg?v=1693997057 | https://cdn.shopify.com/s/files/1/0715/1704/5040/files/starlord1_4_1_764a0a67-92da-440f-9a26-d4dcea6335cd.jpg?v=1693997057,2023-09-05T16:26:29+05:30,2026-09-08T08:56:50+05:30
Crompton,10W Star Lord Round Led Recess Panel,Ceiling Lights,"Bedroom Lights, Led Panel, Led Recess Panel, type-with-false-ceiling, usege-regular",10w-star-lord-round-led-recess-panel,https://www.crompton.co.in/products/10w-star-lord-round-led-recess-panel,699.0,699.0,Color,Cool Day Light :: SKU=LSDRLORD-10W-CDL :: ₹699.00 | Natural White :: SKU=LSDRLORD-10W-NW :: ₹699.00 | Warm White :: SKU=LSDRLORD-10W-WW :: ₹699.00,5,https://cdn.shopify.com/s/files/1/0715/1704/5040/files/Untitled-1_1f6925f9-0844-40dd-9986-1a11d538ee1c.png?v=1693997094 | https://cdn.shopify.com/s/files/1/0715/1704/5040/files/starlord1_2_2_1_73546d0a-fad7-460a-a9f0-0bcca9fcdec2.jpg?v=1695187064 | https://cdn.shopify.com/s/files/1/0715/1704/5040/files/starlord1_1_1_1_37a4739d-865e-44da-8be0-c550b8591ce0.jpg?v=1695187064 | https://cdn.shopify.com/s/files/1/0715/1704/5040/files/starlord1_3_1_1_65856bd3-aa52-410f-a031-29f14c71bfb8.jpg?v=1693997094 | https://cdn.shopify.com/s/files/1/0715/1704/5040/files/starlord1_4_1_ea2a745f-8118-4df3-acfc-6afe3c0abb57.jpg?v=1693997094,2023-09-05T16:10:23+05:30,2026-09-08T08:56:50+05:30
Crompton,5W Star Lord Round Led Recess Panel,Ceiling Lights,"Bedroom Lights, Led Panel, Led Recess Panel, type-with-false-ceiling, usege-regular",5w-star-lord-round-led-recess-panel,https://www.crompton.co.in/products/5w-star-lord-round-led-recess-panel,499.0,499.0,Color,Cool Day Light :: SKU=LSDRLORD-5W-CDL :: ₹499.00 | Natural White :: SKU=LSDRLORD-5W-NW :: ₹499.00 | Warm White :: SKU=LSDRLORD-5W-WW :: ₹499.00,5,https://cdn.shopify.com/s/files/1/0715/1704/5040/files/Untitled-1_559a8c1b-49f3-4cf0-b8a8-cb0f33541b06.png?v=1693997134 | https://cdn.shopify.com/s/files/1/0715/1704/5040/files/starlord1_2_2_1.jpg?v=1695187044 | https://cdn.shopify.com/s/files/1/0715/1704/5040/files/starlord1_1_1_1.jpg?v=1695187044 | https://cdn.shopify.com/s/files/1/0715/1704/5040/files/starlord1_3_1_1.jpg?v=1693997134 | https://cdn.shopify.com/s/files/1/0715/1704/5040/files/starlord1_4_1.jpg?v=1693997134,2023-09-05T15:54:30+05:30,2026-09-08T08:56:50+05:30
Crompton,15W Star Lord 3-in-1 Square Led Recess Panel,Ceiling Lights,"Bedroom Lights, best-seller, Led Panel, Led Recess Panel, Living Room Lights, type-best-sellers, type-with-false-ceiling, usege-mood",15w-star-lord-3-in-1-square-led-recess-panel,https://www.crompton.co.in/products/15w-star-lord-3-in-1-square-led-recess-panel,1099.0,1099.0,Color,Cool Day Light :: SKU=LSDSLORD-15W-3IN1 :: ₹1099.00 | Natural White :: SKU=LSDSLORD-15W-3IN1 :: ₹1099.00 | Warm White :: SKU=LSDSLORD-15W-3IN1 :: ₹1099.00,5,https://cdn.shopify.com/s/files/1/0715/1704/5040/files/SL3in1-SQ_Pkof1-removebg-preview_a93e860d-198f-41de-8bb2-cf7bf1f91690.png?v=1693908446 | https://cdn.shopify.com/s/files/1/0715/1704/5040/files/Starlord3in1pl1_1_dca57e62-a15d-4445-83eb-54f488b11b03.jpg?v=1693908446 | https://cdn.shopify.com/s/files/1/0715/1704/5040/files/Starlord3in1pl2_1_1c75341e-e99d-41bd-87f1-44a70af4a315.jpg?v=1693908447 | https://cdn.shopify.com/s/files/1/0715/1704/5040/files/Starlord3in1pl3_1_91f172d3-27b1-4451-9772-01922913df6b.jpg?v=1693908447 | https://cdn.shopify.com/s/files/1/0715/1704/5040/files/Star-Lord-3in1-pL_2_1_ad9c1ada-07d4-4b1c-af2a-1c4dcf8ed986.gif?v=1693908447,2023-09-05T15:37:19+05:30,2026-09-08T08:56:50+05:30
Crompton,10W Star Lord 3-in-1 Square Led Recess Panel,Ceiling Lights,"Bedroom Lights, best-seller, Led Panel, Led Recess Panel, Living Room Lights, type-best-sellers, type-with-false-ceiling, usege-mood",10w-star-lord-3-in-1-square-led-recess-panel,https://www.crompton.co.in/products/10w-star-lord-3-in-1-square-led-recess-panel,850.0,850.0,Color,Cool Day Light :: SKU=LSDSLORD-10W-3IN1 :: ₹850.00 | Natural White :: SKU=LSDSLORD-10W-3-IN-1 :: ₹850.00 | Warm White :: SKU=LSDSLORD-10W-3-IN-1 :: ₹850.00,5,https://cdn.shopify.com/s/files/1/0715/1704/5040/files/SL3in1-SQ_Pkof1-removebg-preview_20f44990-01e5-4054-9f60-4d3588a0b818.png?v=1693907899 | https://cdn.shopify.com/s/files/1/0715/1704/5040/files/Starlord3in1pl1_1_9bc6df32-ca83-45ec-9b57-c66280bd56b2.jpg?v=1693907899 | https://cdn.shopify.com/s/files/1/0715/1704/5040/files/Starlord3in1pl2_1_48f4c982-9242-4531-91f5-f0f53cd8f79f.jpg?v=1693907899 | https://cdn.shopify.com/s/files/1/0715/1704/5040/files/Starlord3in1pl3_1_de8352e2-6c5c-48eb-a591-b156eff4912e.jpg?v=1693907899 | https://cdn.shopify.com/s/files/1/0715/1704/5040/files/Star-Lord-3in1-pL_2_1_f8440fe0-df1b-4bad-8be5-9c7a0db54f24.gif?v=1693907899,2023-09-05T15:28:11+05:30,2026-09-08T08:56:50+05:30
Crompton,5W Star Lord 3-in-1 Square Led Recess Panel,Ceiling Lights,"Bedroom Lights, best-seller, Led Panel, Led Recess Panel, Living Room Lights, type-best-sellers, type-with-false-ceiling, usege-mood",5w-star-lord-3-in-1-square-led-recess-panel,https://www.crompton.co.in/products/5w-star-lord-3-in-1-square-led-recess-panel,650.0,650.0,Color,Cool Day Light :: SKU=LSDSLORD-5W-3IN1 :: ₹650.00 | Natural White :: SKU=LSDSLORD-5W-3IN1 :: ₹650.00 | Warm White :: SKU=LSDSLORD-5W-3IN1 :: ₹650.00,5,https://cdn.shopify.com/s/files/1/0715/1704/5040/files/SL3in1-SQ_Pkof1-removebg-preview.png?v=1693907675 | https://cdn.shopify.com/s/files/1/0715/1704/5040/files/Starlord3in1pl1_1_c6c7319c-13de-4ffd-93da-4a64467999bf.jpg?v=1693907675 | https://cdn.shopify.com/s/files/1/0715/1704/5040/files/Starlord3in1pl2_1_2bba21c0-b316-44d0-aee7-0837f538b862.jpg?v=1693907675 | https://cdn.shopify.com/s/files/1/0715/1704/5040/files/Starlord3in1pl3_1_936d469a-26c3-4087-bf42-56f5044a30ae.jpg?v=1693907675 | https://cdn.shopify.com/s/files/1/0715/1704/5040/files/Star-Lord-3in1-pL_2_1_cd92cbb1-b9ac-4a59-8a78-507e520181a0.gif?v=1693907675,2023-09-05T15:24:11+05:30,2026-09-08T08:56:50+05:30
Crompton,15W Star Lord 3-in-1 Round Led Recess Panel,Ceiling Lights,"Bedroom Lights, best-seller, Led Panel, Led Recess Panel, Living Room Lights, type-best-sellers, type-with-false-ceiling, usege-mood",15w-star-lord-3-in-1-round-led-recess-panel,https://www.crompton.co.in/products/15w-star-lord-3-in-1-round-led-recess-panel,1099.0,1099.0,Color,Cool Day Light :: SKU=LSDRLORD-15W-3IN1 :: ₹1099.00 | Natural White :: SKU=LSDRLORD-15W-3IN1 :: ₹1099.00 | Warm White :: SKU=LSDRLORD-15W-3IN1 :: ₹1099.00,5,https://cdn.shopify.com/s/files/1/0715/1704/5040/files/SL3in1_Pkof1-removebg-preview_d2e3fa51-334b-45d2-aad7-6cf07169277e.png?v=1693906606 | https://cdn.shopify.com/s/files/1/0715/1704/5040/files/Starlord3in1pl1_1_4ea5871b-cc11-49c8-adaf-3a81d1293915.jpg?v=1693906606 | https://cdn.shopify.com/s/files/1/0715/1704/5040/files/Starlord3in1pl2_1_ddf67487-dbb3-4389-a590-059ca9b422e2.jpg?v=1693906606 | https://cdn.shopify.com/s/files/1/0715/1704/5040/files/Starlord3in1pl3_1_8c6d3f71-2274-4427-b095-6921d7bd4e03.jpg?v=1693906606 | https://cdn.shopify.com/s/files/1/0715/1704/5040/files/Star-Lord-3in1-pL_2_1_9df5dba5-79c9-408e-b4a1-f88545ec1c65.gif?v=1693906606,2023-09-05T15:06:38+05:30,2026-09-08T08:56:50+05:30
Crompton,10W Star Lord 3-in-1 Round Led Recess Panel,Ceiling Lights,"Bedroom Lights, best-seller, Led Panel, Led Recess Panel, Living Room Lights, type-best-sellers, type-with-false-ceiling, usege-mood",10w-star-lord-3-in-1-round-led-recess-panel,https://www.crompton.co.in/products/10w-star-lord-3-in-1-round-led-recess-panel,850.0,850.0,Color,Cool Day Light :: SKU=LSDRLORD-10W-3-IN-1 :: ₹850.00 | Natural White :: SKU=LSDRLORD-10W-3-IN-1 :: ₹850.00 | Warm White :: SKU=LSDRLORD-10W-3-IN-1 :: ₹850.00,5,https://cdn.shopify.com/s/files/1/0715/1704/5040/files/SL3in1_Pkof1-removebg-preview_e3317403-a86f-49c2-834e-f64fdc278f4d.png?v=1693906286 | https://cdn.shopify.com/s/files/1/0715/1704/5040/files/Starlord3in1pl1_1_65671c74-19bb-4b36-af51-7499f49e24bb.jpg?v=1693906286 | https://cdn.shopify.com/s/files/1/0715/1704/5040/files/Starlord3in1pl2_1_72e59361-c70d-4219-9e2e-073afb800578.jpg?v=1693906286 | https://cdn.shopify.com/s/files/1/0715/1704/5040/files/Starlord3in1pl3_1_45b59ac0-59c7-45ce-93e0-044bb1f724c3.jpg?v=1693906286 | https://cdn.shopify.com/s/files/1/0715/1704/5040/files/Star-Lord-3in1-pL_2_1_ef5b8389-5384-42ac-96bf-eac92af5a1e1.gif?v=1693906286,2023-09-05T15:01:18+05:30,2026-09-08T08:56:50+05:30
Crompton,5W Star Lord 3-in-1 Round Led Recess Panel,Ceiling Lights,"Bedroom Lights, best-seller, Led Panel, Led Recess Panel, Living Room Lights, type-best-sellers, type-with-false-ceiling, usege-mood",5w-star-lord-3-in-1-round-led-recess-panel,https://www.crompton.co.in/products/5w-star-lord-3-in-1-round-led-recess-panel,650.0,650.0,Color,Cool Day Light :: SKU=LSDRLORD-5W-3IN1 :: ₹650.00 | Natural White :: SKU=LSDRLORD-5W-3-IN-1 :: ₹650.00 | Warm White :: SKU=LSDRLORD-5W-3-IN-1 :: ₹650.00,5,https://cdn.shopify.com/s/files/1/0715/1704/5040/files/SL3in1_Pkof1-removebg-preview.png?v=1693905217 | https://cdn.shopify.com/s/files/1/0715/1704/5040/files/Starlord3in1pl1_1.jpg?v=1693905224 | https://cdn.shopify.com/s/files/1/0715/1704/5040/files/Starlord3in1pl2_1.jpg?v=1693905224 | https://cdn.shopify.com/s/files/1/0715/1704/5040/files/Starlord3in1pl3_1.jpg?v=1693905224 | https://cdn.shopify.com/s/files/1/0715/1704/5040/files/Star-Lord-3in1-pL_2_1.gif?v=1693905224,2023-09-05T14:43:23+05:30,2026-09-08T08:56:50+05:30
Crompton,Crompton Baker's Delight 25 Litres Oven Toaster Grill (OTG),Other Cooking Appliances,OTG Oven Toaster Griller,crompton-bakers-delight-25-litres-oven-toaster-grill-otg,https://www.crompton.co.in/products/crompton-bakers-delight-25-litres-oven-toaster-grill-otg,10500.0,10500.0,Color,Black :: SKU=ACGOTG-BAKERSDELIGHT25 :: ₹10500.00,5,https://cdn.shopify.com/s/files/1/0715/1704/5040/files/TO-18G25LWithoutRotisseriefunction-FrontAngle.png?v=1691055246 | https://cdn.shopify.com/s/files/1/0715/1704/5040/files/product1_1_1.jpg?v=1691055246 | https://cdn.shopify.com/s/files/1/0715/1704/5040/files/product2_1_1.jpg?v=1691055246 | https://cdn.shopify.com/s/files/1/0715/1704/5040/files/product4_1.jpg?v=1691055246 | https://cdn.shopify.com/s/files/1/0715/1704/5040/files/product.gif?v=1691055246,2023-06-07T16:35:21+05:30,2026-09-08T08:56:50+05:30
Crompton,2W Star Spot Round Led Spotlight,Ceiling Lights,"Bedroom Lights, Led Spot Light, type-with-false-ceiling, usege-focus",2w-star-spot-round-led-spotlight,https://www.crompton.co.in/products/2w-star-spot-round-led-spotlight,250.0,250.0,Color,Cool Day Light :: SKU=LDSPR2P-CDL :: ₹250.00 | Warm White :: SKU=LDSPR2P-WW :: ₹250.00 | Green :: SKU=LDSPR2P-GRN :: ₹250.00 | Red :: SKU=LDSPR2P-RED :: ₹250.00 | Blue :: SKU=LDSPR2P-BLU :: ₹250.00,5,https://cdn.shopify.com/s/files/1/0715/1704/5040/files/Untitled-1_733db7f3-20b4-4c18-8149-a59c685e5d63.png?v=1694619887 | https://cdn.shopify.com/s/files/1/0715/1704/5040/files/StarSpotPL1_2_1.jpg?v=1694619887 | https://cdn.shopify.com/s/files/1/0715/1704/5040/files/StarSpotPL2_3_1.jpg?v=1694619887 | https://cdn.shopify.com/s/files/1/0715/1704/5040/files/StarSpotPL3_2_1.jpg?v=1694619887 | https://cdn.shopify.com/s/files/1/0715/1704/5040/files/StarSpotPL4_3_1.jpg?v=1694619887,2023-08-28T18:11:36+05:30,2026-09-08T08:56:50+05:30
Crompton,12W B22 Backup Led Bulb,Bulbs,"Backup Lamp Range, Balcony Lights, Bathroom Lights, Bedroom Lights, category-bulbs, Gaming Room Light, Kitchen Lights, Led Bulb, Living Room Lights, type-bedroom, type-kitchen, type-study-room, type-washroom, type-without-false-ceiling",12w-b22-backup-led-bulb,https://www.crompton.co.in/products/12w-b22-backup-led-bulb,751.0,751.0,Color,Cool Day Light :: SKU=LED12WDFINVNB4DCDL :: ₹751.00,6,https://cdn.shopify.com/s/files/1/0715/1704/5040/files/Untitled-1_a69107ea-7cd9-4ab6-8bb5-fc2dfc1501d8.png?v=1694164767 | https://cdn.shopify.com/s/files/1/0715/1704/5040/files/Backup_LightPL1_1_1_61a19c79-5443-45fb-9339-95a72b3351be.jpg?v=1695130387 | https://cdn.shopify.com/s/files/1/0715/1704/5040/files/backuplampPL_1_1_d09e0f7d-02f4-4012-a08c-49f0fcb776b5.jpg?v=1695130387 | https://cdn.shopify.com/s/files/1/0715/1704/5040/files/CopyofPL3_1_8d915e7c-8d46-4feb-a1d7-0b401ec1abf1.jpg?v=1694164767 | https://cdn.shopify.com/s/files/1/0715/1704/5040/files/CopyofPL4_1_6ff60183-fa0f-480a-ab77-5db96c57999e.jpg?v=1694164767 | https://cdn.shopify.com/s/files/1/0715/1704/5040/files/CopyofPL5_1_6e26c159-77c5-45a7-b222-48d23c7b3f85.jpg?v=1694164767,2023-08-28T17:59:24+05:30,2026-09-08T08:56:50+05:30
Crompton,9W B22 Backup Led Bulb,Bulbs,"Backup Lamp Range, Balcony Lights, Bathroom Lights, Bedroom Lights, category-bulbs, Gaming Room Light, Kitchen Lights, Led Bulb, Living Room Lights, Regular Range Lamp, type-bedroom, type-best-sellers, type-kitchen, type-study-room, type-washroom, type-without-false-ceiling",9w-b22-backup-led-bulb,https://www.crompton.co.in/products/9w-b22-backup-led-bulb,651.0,651.0,Color,Cool Day Light :: SKU=LED9WDFINVNB4DCDL :: ₹651.00,6,https://cdn.shopify.com/s/files/1/0715/1704/5040/files/Untitled-1_a69107ea-7cd9-4ab6-8bb5-fc2dfc1501d8.webp?v=1694779673 | https://cdn.shopify.com/s/files/1/0715/1704/5040/files/Backup_LightPL1_1_1.jpg?v=1695130364 | https://cdn.shopify.com/s/files/1/0715/1704/5040/files/backuplampPL_1_1.jpg?v=1695130364 | https://cdn.shopify.com/s/files/1/0715/1704/5040/files/CopyofPL3_1.jpg?v=1694779673 | https://cdn.shopify.com/s/files/1/0715/1704/5040/files/CopyofPL4_1.jpg?v=1694779673 | https://cdn.shopify.com/s/files/1/0715/1704/5040/files/CopyofPL5_1.jpg?v=1694779673,2023-08-28T17:50:07+05:30,2026-09-08T08:56:50+05:30
Crompton,20W Galaxy Strip Light - 5 m,Rope and Strip Lights,"Gaming Room Light, Led Strip Light, type-with-false-ceiling, usege-strip-60",20w-galaxy-strip-light-5-m-1,https://www.crompton.co.in/products/20w-galaxy-strip-light-5-m-1,899.0,899.0,Color,Green :: SKU=LSTGL20-GRN :: ₹899.00 | Blue :: SKU=LSTGL20-BLU :: ₹899.00 | Red :: SKU=LSTGL20-RED :: ₹899.00 | Pink :: SKU=LSTGL20-PNK :: ₹899.00,20,https://cdn.shopify.com/s/files/1/0715/1704/5040/files/StripLight-GRN_Pof1-removebg-preview.png?v=1693224309 | https://cdn.shopify.com/s/files/1/0715/1704/5040/files/1_7_dfcc1f66-548b-4e21-ada1-0b8305b07f45.jpg?v=1702901703 | https://cdn.shopify.com/s/files/1/0715/1704/5040/files/galaxystriplightPL02_1_1_2e8ef52a-5636-40cd-8f05-1653f81a7883.jpg?v=1702901703 | https://cdn.shopify.com/s/files/1/0715/1704/5040/files/2_1_1_adbdd527-1131-4405-a5ca-5626449dea60.jpg?v=1702901703 | https://cdn.shopify.com/s/files/1/0715/1704/5040/files/galaxystriplightPL01_1_1_84a1abc4-8261-4d5e-9bd0-4520114499be.jpg?v=1702901703 | https://cdn.shopify.com/s/files/1/0715/1704/5040/files/StripLight-Blue_Pof1-removebg-preview.png?v=1702901703 | https://cdn.shopify.com/s/files/1/0715/1704/5040/files/1_7_dfcc1f66-548b-4e21-ada1-0b8305b07f45.webp?v=1702901703 | https://cdn.shopify.com/s/files/1/0715/1704/5040/files/galaxystriplightPL02_1_1_2e8ef52a-5636-40cd-8f05-1653f81a7883.webp?v=1702901703 | https://cdn.shopify.com/s/files/1/0715/1704/5040/files/galaxystriplightPL01_1_1_84a1abc4-8261-4d5e-9bd0-4520114499be.webp?v=1702901703 | https://cdn.shopify.com/s/files/1/0715/1704/5040/files/2_1_1_adbdd527-1131-4405-a5ca-5626449dea60.webp?v=1702901703 | https://cdn.shopify.com/s/files/1/0715/1704/5040/files/StripLight-Red_Pof1-removebg-preview.png?v=1702901703 | https://cdn.shopify.com/s/files/1/0715/1704/5040/files/1_7_2e3488d4-4b40-4e9f-9d5b-e6ef94d3317f.webp?v=1702901703 | https://cdn.shopify.com/s/files/1/0715/1704/5040/files/galaxystriplightPL02_1_1_d7697e12-1bd7-4b0b-aba9-c848395556f5.webp?v=1702901703 | https://cdn.shopify.com/s/files/1/0715/1704/5040/files/galaxystriplightPL01_1_1_c84e8df1-a3b8-4ed3-9723-5287329bb022.webp?v=1702901703 | https://cdn.shopify.com/s/files/1/0715/1704/5040/files/2_1_1_a875ef03-d388-4d8b-8b4c-694def1afa36.webp?v=1702901703 | https://cdn.shopify.com/s/files/1/0715/1704/5040/files/StripLight-PNK_Pof1-removebg-preview.png?v=1702901703 | https://cdn.shopify.com/s/files/1/0715/1704/5040/files/1_7_12e6c759-1ac2-4668-9580-06178bb0474a.webp?v=1702901703 | https://cdn.shopify.com/s/files/1/0715/1704/5040/files/galaxystriplightPL02_1_1_914a4bb9-32a4-45ab-8515-ae68ec29d18d.webp?v=1702901703 | https://cdn.shopify.com/s/files/1/0715/1704/5040/files/galaxystriplightPL01_1_1_7e297e3f-1e74-4803-9ebe-7b39fefe973d.webp?v=1702901703 | https://cdn.shopify.com/s/files/1/0715/1704/5040/files/2_1_1_57c0dac8-25b3-4f07-95b2-ecdd1cda13ca.webp?v=1702901703,2023-08-28T17:32:52+05:30,2026-09-08T08:56:50+05:30
Crompton,20W Galaxy Strip Light - 5 m,Rope and Strip Lights,"Gaming Room Light, Led Strip Light, type-with-false-ceiling, usege-strip-60",20w-galaxy-strip-light-5-m,https://www.crompton.co.in/products/20w-galaxy-strip-light-5-m,899.0,899.0,Color,Cool Day Light :: SKU=LSTGL20-CDL :: ₹899.00 | Warm White :: SKU=LSTGL20-WW :: ₹899.00,5,https://cdn.shopify.com/s/files/1/0715/1704/5040/files/StripLight-CDL_Pof1-removebg-preview.png?v=1693222861 | https://cdn.shopify.com/s/files/1/0715/1704/5040/files/1_7.jpg?v=1693223229 | https://cdn.shopify.com/s/files/1/0715/1704/5040/files/2_1_1.jpg?v=1693223228 | https://cdn.shopify.com/s/files/1/0715/1704/5040/files/galaxystriplightPL01_1_1.jpg?v=1693223228 | https://cdn.shopify.com/s/files/1/0715/1704/5040/files/galaxystriplightPL02_1_1.jpg?v=1693223229,2023-08-28T17:10:18+05:30,2026-09-08T08:56:50+05:30
Crompton,Crompton Instadelight Electric Kettle Stainless Steel 1.5 Ltr | SuperFast Boiling | Auto Shut Off | Dry Boil Protection,Kettles,Electric Kettle,crompton-instadelight-electric-kettle-stainless-steel-1-5-ltr-superfast-boiling-auto-shut-off-dry-boil-protection,https://www.crompton.co.in/products/crompton-instadelight-electric-kettle-stainless-steel-1-5-ltr-superfast-boiling-auto-shut-off-dry-boil-protection,1300.0,1300.0,Color,Steel & Black :: SKU=ACGEK-INSTAHOT1.5 :: ₹1300.00,5,https://cdn.shopify.com/s/files/1/0715/1704/5040/files/insta-hot-kettle_ff3b6ef3-717e-499a-a80f-151deb2fbf1a.png?v=1716180013 | https://cdn.shopify.com/s/files/1/0715/1704/5040/files/PL1_38.png?v=1716180013 | https://cdn.shopify.com/s/files/1/0715/1704/5040/files/Artboard2_82_1_65a4b5fe-6118-452c-8d56-fb00278eaf3a.jpg?v=1716180013 | https://cdn.shopify.com/s/files/1/0715/1704/5040/files/Artboard3_75_1_848205b8-6ed5-4e3a-9709-efe845dfa9d1.jpg?v=1716180013 | https://cdn.shopify.com/s/files/1/0715/1704/5040/files/PL4_46_27b5e2e6-c991-46b0-a5f1-1dbf23a23d37.jpg?v=1716180007,2023-08-28T14:01:52+05:30,2026-09-08T08:56:50+05:30
Crompton,3W Spot Eco Round Led Spotlight,Ceiling Lights,"Bedroom Lights, Led Spot Light, type-with-false-ceiling, usege-focus",3w-spot-eco-round-led-spotlight,https://www.crompton.co.in/products/3w-spot-eco-round-led-spotlight,149.0,149.0,Color,Cool Day Light :: SKU=LDSPR3-CDL :: ₹149.00 | Warm White :: SKU=LDSPR3-WW :: ₹149.00 | Green :: SKU=LDSPR3-GRN :: ₹149.00 | Pink :: SKU=LDSPR3-PNK :: ₹149.00 | Red :: SKU=LDSPR3-RED :: ₹149.00 | Blue :: SKU=LDSPR3-BLU :: ₹149.00,5,https://cdn.shopify.com/s/files/1/0715/1704/5040/files/Untitled-1_42b94c44-2747-49cf-9b32-484590ce185b.png?v=1694619763 | https://cdn.shopify.com/s/files/1/0715/1704/5040/files/Artboard1-2023-08-20T140443.177_1_6fcb7d42-7d59-4728-be45-49c93b85d3dc.jpg?v=1694619763 | https://cdn.shopify.com/s/files/1/0715/1704/5040/files/Artboard2-2023-08-17T101819.273_1_9f8cb062-2a5e-426f-a613-df7439dad0de.jpg?v=1694619763 | https://cdn.shopify.com/s/files/1/0715/1704/5040/files/Artboard3-2023-08-17T101822.053_1_d0d31514-d198-4e07-a9d6-cb8a6d5a2637.jpg?v=1694619763 | https://cdn.shopify.com/s/files/1/0715/1704/5040/files/Artboard4_83_1_a53b2781-fb68-4620-98fd-f00612bb9713.jpg?v=1694619763,2023-08-24T15:25:58+05:30,2026-09-08T08:56:50+05:30
Crompton,1W Spot Eco Round Led Spotlight,Ceiling Lights,"Bedroom Lights, Led Spot Light, type-with-false-ceiling, usege-focus",1w-spot-eco-round-led-spotlight,https://www.crompton.co.in/products/1w-spot-eco-round-led-spotlight,129.0,129.0,Color,Cool Day Light :: SKU=LDSPR1-CDL :: ₹129.00 | Warm White :: SKU=LDSPR1-WW :: ₹129.00 | Green :: SKU=LDSPR1-GRN :: ₹129.00 | Pink :: SKU=LDSPR1-PNK :: ₹129.00 | Red :: SKU=LDSPR1-RED :: ₹129.00 | Blue :: SKU=LDSPR1-BLU :: ₹129.00,5,https://cdn.shopify.com/s/files/1/0715/1704/5040/files/Untitled-1_cf57bb5b-6612-4b66-aef1-425a58857bad.png?v=1694619705 | https://cdn.shopify.com/s/files/1/0715/1704/5040/files/Artboard4_83_1.jpg?v=1694619705 | https://cdn.shopify.com/s/files/1/0715/1704/5040/files/Artboard1-2023-08-20T140443.177_1.jpg?v=1694619705 | https://cdn.shopify.com/s/files/1/0715/1704/5040/files/Artboard2-2023-08-17T101819.273_1.jpg?v=1694619705 | https://cdn.shopify.com/s/files/1/0715/1704/5040/files/Artboard3-2023-08-17T101822.053_1.jpg?v=1694619705,2023-08-24T15:17:17+05:30,2026-09-08T08:56:50+05:30
Crompton,5W Star Striko Round Led Spotlight,Ceiling Lights,"Bedroom Lights, Led Spot Light, type-with-false-ceiling, usege-focus",5w-star-striko-round-led-spotlight,https://www.crompton.co.in/products/5w-star-striko-round-led-spotlight,300.0,300.0,Color,Cool Day Light :: SKU=LDSTR-5W-CDL :: ₹300.00 | Warm White :: SKU=LDSTR-5W-WW :: ₹300.00 | Green :: SKU=LDSTR-5W-GREEN :: ₹300.00 | Pink :: SKU=LDSTR-5W-PINK :: ₹300.00 | Red :: SKU=LDSTR-5W-RED :: ₹300.00 | Blue :: SKU=LDSTR-5W-BLUE :: ₹300.00,5,https://cdn.shopify.com/s/files/1/0715/1704/5040/files/Untitled-1_b64349af-7758-4722-9e7a-20e5b563ee0d.png?v=1694619597 | https://cdn.shopify.com/s/files/1/0715/1704/5040/files/StarStrikoPL_1_5_1_b4b97daf-ccdf-4af8-839f-8ac5b6a45907.jpg?v=1694619597 | https://cdn.shopify.com/s/files/1/0715/1704/5040/files/StarStrikoPL_2_4_1_be7319e9-567b-44f7-9a1d-7bcae60a7157.jpg?v=1694619597 | https://cdn.shopify.com/s/files/1/0715/1704/5040/files/StarStrikoPL_3_6_1_5a99e4cb-3687-4931-93ad-a2550a923fdc.jpg?v=1694619597 | https://cdn.shopify.com/s/files/1/0715/1704/5040/files/StarStrikoPL_4_2_1_02a6032e-e663-408f-b558-763884a464a9.jpg?v=1694619597,2023-08-24T15:08:49+05:30,2026-09-08T08:56:50+05:30
Crompton,3W Star Striko Round Led Spotlight,Ceiling Lights,"Bedroom Lights, Led Spot Light, type-with-false-ceiling, usege-focus",3w-star-striko-round-led-spotlight,https://www.crompton.co.in/products/3w-star-striko-round-led-spotlight,200.0,200.0,Color,Cool Day Light :: SKU=LDSTR-3W-CDL :: ₹200.00 | Warm White :: SKU=LDSTR-3W-WW :: ₹200.00 | Green :: SKU=LDSTR-3W-GREEN :: ₹200.00 | Pink :: SKU=LDSTR-3W-PINK :: ₹200.00 | Red :: SKU=LDSTR-3W-RED :: ₹200.00 | Blue :: SKU=LDSTR-3W-BLUE :: ₹200.00,5,https://cdn.shopify.com/s/files/1/0715/1704/5040/files/Untitled-1_ee701647-2860-42fe-a77c-cf23eea6b2ec.png?v=1694619540 | https://cdn.shopify.com/s/files/1/0715/1704/5040/files/StarStrikoPL_1_5_1.jpg?v=1694619540 | https://cdn.shopify.com/s/files/1/0715/1704/5040/files/StarStrikoPL_2_4_1.jpg?v=1694619540 | https://cdn.shopify.com/s/files/1/0715/1704/5040/files/StarStrikoPL_3_6_1.jpg?v=1694619540 | https://cdn.shopify.com/s/files/1/0715/1704/5040/files/StarStrikoPL_4_2_1.jpg?v=1694619540,2023-08-24T14:47:07+05:30,2026-09-08T08:56:50+05:30
Crompton,12W Star Aura Round Led Spotlight,Ceiling Lights,"Bedroom Lights, Led Spot Light, type-with-false-ceiling, usege-regular",12w-star-aura-round-led-spotlight,https://www.crompton.co.in/products/12w-star-aura-round-led-spotlight,1200.0,1200.0,Color,Cool Day Light :: SKU=LDRAUR-12W-CDL :: ₹1200.00 | Natural White :: SKU=LDRAUR-12W-NW :: ₹1200.00 | Warm White :: SKU=LDRAUR-12W-WW :: ₹1200.00,5,https://cdn.shopify.com/s/files/1/0715/1704/5040/files/Untitled-1_1eca804b-e60e-4798-b67f-9dfc032cb9c2.png?v=1694165366 | https://cdn.shopify.com/s/files/1/0715/1704/5040/files/star-aura-PL1_1_2cfef594-addb-4a60-8cd6-1a675960c000.jpg?v=1694165366 | https://cdn.shopify.com/s/files/1/0715/1704/5040/files/star-aura-PL2_2_1_77f14ce9-baec-48a2-a52f-99ee4f524330.jpg?v=1694165366 | https://cdn.shopify.com/s/files/1/0715/1704/5040/files/star-aura-PL3_2_37d81a1e-2c11-45a4-909b-b19b6683b7a8.jpg?v=1694165366 | https://cdn.shopify.com/s/files/1/0715/1704/5040/files/star-aura-PL4_2_a3692e8f-996a-4961-bdc4-4dd7d2bba422.jpg?v=1694165366,2023-08-24T14:37:31+05:30,2026-09-08T08:56:50+05:30
Crompton,9W Star Aura Round Led Spotlight,Ceiling Lights,"Bedroom Lights, Led Spot Light, type-with-false-ceiling, usege-regular",9w-star-aura-round-led-spotlight,https://www.crompton.co.in/products/9w-star-aura-round-led-spotlight,900.0,900.0,Color,Cool Day Light :: SKU=LDRAUR-9W-CDL :: ₹900.00 | Natural White :: SKU=LDRAUR-9W-NW :: ₹900.00 | Warm White :: SKU=LDRAUR-9W-WW :: ₹900.00,5,https://cdn.shopify.com/s/files/1/0715/1704/5040/files/Untitled-1_53ec91ca-4b60-48ec-b0ad-9a9718a85ddd.webp?v=1694619428 | https://cdn.shopify.com/s/files/1/0715/1704/5040/files/star-aura-PL1_1_34e687c6-5acc-422c-9726-5e64d343bb68.jpg?v=1694619428 | https://cdn.shopify.com/s/files/1/0715/1704/5040/files/star-aura-PL2_2_1_b0b8a4bd-7673-4a1a-a6da-fbf25d44a894.jpg?v=1694619428 | https://cdn.shopify.com/s/files/1/0715/1704/5040/files/star-aura-PL3_2_f166b27d-ed76-44e3-8ac1-c8e57754716f.jpg?v=1694619428 | https://cdn.shopify.com/s/files/1/0715/1704/5040/files/star-aura-PL4_2_17966731-1fc5-431c-b22d-24d4e4028773.jpg?v=1694619428,2023-08-24T14:34:45+05:30,2026-09-08T08:56:50+05:30
Crompton,6W Star Aura Round Led Spotlight,Ceiling Lights,"Bedroom Lights, Led Spot Light, type-with-false-ceiling, usege-regular",6w-star-aura-round-led-spotlight,https://www.crompton.co.in/products/6w-star-aura-round-led-spotlight,650.0,650.0,Color,Cool Day Light :: SKU=LDRAUR-6W-CDL :: ₹650.00 | Natural White :: SKU=LDRAUR-6W-NW :: ₹650.00 | Warm White :: SKU=LDRAUR-6W-WW :: ₹650.00,5,https://cdn.shopify.com/s/files/1/0715/1704/5040/files/Untitled-1_e3744dfe-8575-45b2-87a6-373073e181ea.webp?v=1694619387 | https://cdn.shopify.com/s/files/1/0715/1704/5040/files/star-aura-PL1_1_c0d3748a-56e7-468c-8cf9-757877f528ae.jpg?v=1694619387 | https://cdn.shopify.com/s/files/1/0715/1704/5040/files/star-aura-PL2_2_1_6062956a-4509-4bb9-a09c-cf1f05fca220.jpg?v=1694619387 | https://cdn.shopify.com/s/files/1/0715/1704/5040/files/star-aura-PL3_2_9463468a-14ae-4256-aa49-859b1656c170.jpg?v=1694619387 | https://cdn.shopify.com/s/files/1/0715/1704/5040/files/star-aura-PL4_2_dbd99ebf-617c-46c2-8733-70d610cc52e7.jpg?v=1694619387,2023-08-24T14:31:17+05:30,2026-09-08T08:56:50+05:30
Crompton,3W Star Aura Round Led Spotlight,Ceiling Lights,"Bedroom Lights, Led Spot Light, type-with-false-ceiling, usege-regular",3w-star-aura-round-led-spotlight,https://www.crompton.co.in/products/3w-star-aura-round-led-spotlight,525.0,525.0,Color,Cool Day Light :: SKU=LDRAUR-3W-CDL :: ₹525.00 | Natural White :: SKU=LDRAUR-3W-NW :: ₹525.00 | Warm White :: SKU=LDRAUR-3W-WW :: ₹525.00,5,https://cdn.shopify.com/s/files/1/0715/1704/5040/files/Untitled-1_1eca804b-e60e-4798-b67f-9dfc032cb9c2.webp?v=1694619343 | https://cdn.shopify.com/s/files/1/0715/1704/5040/files/star-aura-PL1_1.jpg?v=1694619343 | https://cdn.shopify.com/s/files/1/0715/1704/5040/files/star-aura-PL2_2_1.jpg?v=1694619343 | https://cdn.shopify.com/s/files/1/0715/1704/5040/files/star-aura-PL3_2.jpg?v=1694619343 | https://cdn.shopify.com/s/files/1/0715/1704/5040/files/star-aura-PL4_2.jpg?v=1694619343,2023-08-24T13:20:38+05:30,2026-09-08T08:56:50+05:30
Crompton,9W Star Glaze Pro Round Led Downlighter,Ceiling Lights,"Led Downlighter, LED Tile, Star Glaze Pro, type-with-false-ceiling, usege-focus",9w-star-glaze-pro-round-led-downlighter,https://www.crompton.co.in/products/9w-star-glaze-pro-round-led-downlighter,650.0,650.0,Color,Cool Day Light :: SKU=LDRDLJ9-CDL :: ₹650.00 | Natural White :: SKU=LDRDLJ9-NW :: ₹650.00 | Warm White :: SKU=LDRDLJ9-WW :: ₹650.00,5,https://cdn.shopify.com/s/files/1/0715/1704/5040/files/Glazepro1_d1ecefb6-bba9-44f3-a0db-39df13ae6b0c.png?v=1692616733 | https://cdn.shopify.com/s/files/1/0715/1704/5040/files/StarGlazeProPL_1_8_1_b46ae7e3-93fd-4415-87ea-24e9a4d2503a.jpg?v=1692616733 | https://cdn.shopify.com/s/files/1/0715/1704/5040/files/StarGlazeProPL_2_8_1_5a3a754c-7504-4687-bbf7-d26983b1cc81.jpg?v=1692616733 | https://cdn.shopify.com/s/files/1/0715/1704/5040/files/StarGlazeProPL_3_9_1_ea2832f5-e057-4fe0-9fa7-45366bc21414.jpg?v=1692616733 | https://cdn.shopify.com/s/files/1/0715/1704/5040/files/StarGlazeProPL_4_1_1_897285b9-42ed-49cd-a60c-c60fd8f6032f.jpg?v=1692616733,2023-08-21T16:48:45+05:30,2026-09-08T08:56:50+05:30
Crompton,7W Star Glaze Pro Round Led Downlighter,Ceiling Lights,"Led Downlighter, LED Tile, Star Glaze Pro, type-with-false-ceiling, usege-focus",7w-star-glaze-pro-round-led-downlighter,https://www.crompton.co.in/products/7w-star-glaze-pro-round-led-downlighter,550.0,550.0,Color,Cool Day Light :: SKU=LDRDLJ7-CDL :: ₹550.00 | Natural White :: SKU=LDRDLJ7-NW :: ₹550.00 | Warm White :: SKU=LDRDLJ7-WW :: ₹550.00 | Green :: SKU=LDRDLJ7-GRN :: ₹550.00 | Pink :: SKU=LDRDLJ7-PNK :: ₹550.00 | Red :: SKU=LDRDLJ7-RED :: ₹550.00 | Blue :: SKU=LDRDLJ7-BLU :: ₹550.00,5,https://cdn.shopify.com/s/files/1/0715/1704/5040/files/Glazepro1_f5a3015e-4a35-4c2c-a66e-5f62f6feb3bb.png?v=1692616546 | https://cdn.shopify.com/s/files/1/0715/1704/5040/files/StarGlazeProPL_1_8_1_b3d73afc-d386-40ed-b18b-342b7422d71e.jpg?v=1692616547 | https://cdn.shopify.com/s/files/1/0715/1704/5040/files/StarGlazeProPL_2_8_1_3539761c-8077-4084-886a-ca18474b9aa3.jpg?v=1692616547 | https://cdn.shopify.com/s/files/1/0715/1704/5040/files/StarGlazeProPL_3_9_1_dc0f6656-e50f-4ab7-9870-c0f1bbd61e88.jpg?v=1692616547 | https://cdn.shopify.com/s/files/1/0715/1704/5040/files/StarGlazeProPL_4_1_1_2a29ee81-f882-47bc-9980-642fae136099.jpg?v=1692616547,2023-08-21T16:45:38+05:30,2026-09-08T08:56:50+05:30
Crompton,5W Star Glaze Pro Round Led Downlighter,Ceiling Lights,"Led Downlighter, LED Tile, Star Glaze Pro, type-best-sellers, type-with-false-ceiling, usege-focus",5w-star-glaze-pro-round-led-downlighter,https://www.crompton.co.in/products/5w-star-glaze-pro-round-led-downlighter,450.0,450.0,Color,Cool Day Light :: SKU=LDRDLJ5-CDL :: ₹450.00 | Natural White :: SKU=LDRDLJ5-NW :: ₹450.00 | Warm White :: SKU=LDRDLJ5-WW :: ₹450.00 | Green :: SKU=LDRDLJ5-GRN :: ₹450.00 | Pink :: SKU=LDRDLJ5-PNK :: ₹450.00 | Red :: SKU=LDRDLJ5-RED :: ₹450.00 | Blue :: SKU=LDRDLJ5-BLU :: ₹450.00,5,https://cdn.shopify.com/s/files/1/0715/1704/5040/files/Glazepro1.png?v=1692615824 | https://cdn.shopify.com/s/files/1/0715/1704/5040/files/StarGlazeProPL_1_8_1.jpg?v=1692615823 | https://cdn.shopify.com/s/files/1/0715/1704/5040/files/StarGlazeProPL_2_8_1.jpg?v=1692615824 | https://cdn.shopify.com/s/files/1/0715/1704/5040/files/StarGlazeProPL_3_9_1.jpg?v=1692615824 | https://cdn.shopify.com/s/files/1/0715/1704/5040/files/StarGlazeProPL_4_1_1.jpg?v=1692615824,2023-08-21T16:30:46+05:30,2026-09-08T08:56:50+05:30
Crompton,5W Star Lord JB Round Led Downlighter,Ceiling Lights,"Led Downlighter, LED Tile, Star Lord JB, type-best-sellers, type-with-false-ceiling, usege-focus, usege-regular",5w-star-lord-jb-round-led-downlighter,https://www.crompton.co.in/products/5w-star-lord-jb-round-led-downlighter,399.0,399.0,Color,Cool Day Light :: SKU=LSDRLORDJB-5W-CDL :: ₹399.00 | Warm White :: SKU=LSDRLORDJB-5W-WW :: ₹399.00 | Green :: SKU=LSDRLORDJB-5W-GRN :: ₹399.00 | Pink :: SKU=LSDRLORDJB-5W-PNK :: ₹399.00 | Red :: SKU=LSDRLORDJB-5W-RED :: ₹399.00 | Blue :: SKU=LSDRLORDJB-5W-BLU :: ₹399.00,5,https://cdn.shopify.com/s/files/1/0715/1704/5040/files/lordjb1_1_6c168bc5-d6ab-4118-a873-f6169728c170.png?v=1692615095 | https://cdn.shopify.com/s/files/1/0715/1704/5040/files/StarLordJBPL_1_6_1_bd208844-f84e-4d02-a6fd-35600227b22d.jpg?v=1692615095 | https://cdn.shopify.com/s/files/1/0715/1704/5040/files/StarLordJBPL_2_6_1_1086dbd4-ca19-4c7a-b513-bdfeda1c294b.jpg?v=1692615095 | https://cdn.shopify.com/s/files/1/0715/1704/5040/files/StarLordJBPL_3_6_1_d21c8dc6-9bbf-4573-9007-4c4e28fb4225.jpg?v=1692615096 | https://cdn.shopify.com/s/files/1/0715/1704/5040/files/StarLordJBPL_4_7_1_715ccd78-5d24-4e2c-a819-3b43fc28a672.jpg?v=1692615096,2023-08-21T16:21:26+05:30,2026-09-08T08:56:50+05:30
Crompton,3W Star Lord JB Round Led Downlighter,Ceiling Lights,"Led Downlighter, LED Tile, Star Lord JB, type-with-false-ceiling, usege-focus, usege-regular",3w-star-lord-jb-round-led-downlighter,https://www.crompton.co.in/products/3w-star-lord-jb-round-led-downlighter,250.0,250.0,Color,Cool Day Light :: SKU=LSDRLORDJB-3W-CDL :: ₹250.00 | Warm White :: SKU=LSDRLORDJB-3W-WW :: ₹250.00 | Green :: SKU=LSDRLORDJB-3W-GRN :: ₹250.00 | Pink :: SKU=LSDRLORDJB-3W-PNK :: ₹250.00 | Red :: SKU=LSDRLORDJB-3W-RED :: ₹250.00 | Blue :: SKU=LSDRLORDJB-3W-BLU :: ₹250.00,5,https://cdn.shopify.com/s/files/1/0715/1704/5040/files/lordjb1_1.png?v=1692614222 | https://cdn.shopify.com/s/files/1/0715/1704/5040/files/StarLordJBPL_1_6_1.jpg?v=1692614221 | https://cdn.shopify.com/s/files/1/0715/1704/5040/files/StarLordJBPL_2_6_1.jpg?v=1692614221 | https://cdn.shopify.com/s/files/1/0715/1704/5040/files/StarLordJBPL_3_6_1.jpg?v=1692614221 | https://cdn.shopify.com/s/files/1/0715/1704/5040/files/StarLordJBPL_4_7_1.jpg?v=1692614221,2023-08-21T16:04:42+05:30,2026-09-08T08:56:50+05:30
Crompton,9W Immensa Smart Bulb with Music Mode (E27 Base),Bulbs,"Balcony Lights, Bathroom Lights, Bedroom Lights, Gaming Room Light, Immensa, Kitchen Lights, Living Room Lights, Regular Range Lamp, Smart Led Bulbs, Smart Lighting, type-without-false-ceiling, usege-mood",9w-immensa-smart-bulb-with-music-mode-e27-base,https://www.crompton.co.in/products/9w-immensa-smart-bulb-with-music-mode-e27-base,999.0,999.0,Color,16 million colors :: SKU=LED9WESMWIFI :: ₹999.00,5,https://cdn.shopify.com/s/files/1/0715/1704/5040/files/ImmensaE27_2df92a79-1a43-459d-ba62-2d8f7b5d4165.png?v=1702377085 | https://cdn.shopify.com/s/files/1/0715/1704/5040/files/immensaPl4_fccbe806-0e07-4b4d-a703-7459e76d5e9c.jpg?v=1702377085 | https://cdn.shopify.com/s/files/1/0715/1704/5040/files/ImmensaPl2_2f1fb0ef-c726-4757-8a71-e69d0d238571.jpg?v=1702377085 | https://cdn.shopify.com/s/files/1/0715/1704/5040/files/ImmensaPL1_90e0f12d-f5df-49d2-b264-1a6e773d6eb9.jpg?v=1702377085 | https://cdn.shopify.com/s/files/1/0715/1704/5040/files/ImmensaPL3_18281bb8-403f-4ff8-918f-843a0cb5f666.jpg?v=1702377085,2023-08-21T15:46:19+05:30,2026-09-08T08:56:50+05:30
Crompton,9W Immensa Smart Bulb with Music Mode (B22 Base),Bulbs,"Balcony Lights, Bathroom Lights, Bedroom Lights, Gaming Room Light, Immensa, Kitchen Lights, Regular Range Lamp, Smart Led Bulbs, Smart Lighting, type-without-false-ceiling, usege-mood",9w-immensa-smart-bulb-with-music-mode-b22-base,https://www.crompton.co.in/products/9w-immensa-smart-bulb-with-music-mode-b22-base,999.0,999.0,Color,16 million colors :: SKU=LED9WDFMWIFI :: ₹999.00,5,https://cdn.shopify.com/s/files/1/0715/1704/5040/files/bulb1.png?v=1692612581 | https://cdn.shopify.com/s/files/1/0715/1704/5040/files/immensaPl4.jpg?v=1692612581 | https://cdn.shopify.com/s/files/1/0715/1704/5040/files/ImmensaPl2.jpg?v=1692612581 | https://cdn.shopify.com/s/files/1/0715/1704/5040/files/ImmensaPL1.jpg?v=1692612580 | https://cdn.shopify.com/s/files/1/0715/1704/5040/files/ImmensaPL3.jpg?v=1692612580,2023-08-21T15:39:20+05:30,2026-09-08T08:56:50+05:30
Crompton,4.5 W Mushroom Shaped E27 Candle Lamp - WW,Bulbs,"Balcony Lights, Bathroom Lights, Bedroom Lights, Candle Bulbs, category-bulbs, Decoray Candle, Gaming Room Light, Living Room Lights, Regular Range Lamp, type-bedroom, type-prayer-room, type-study-room, type-without-false-ceiling",4-5-w-mushroom-shaped-e27-candle-lamp-ww,https://www.crompton.co.in/products/4-5-w-mushroom-shaped-e27-candle-lamp-ww,285.0,285.0,Color,Warm White :: SKU=LED4.5WE27MUSHWW :: ₹285.00,6,https://cdn.shopify.com/s/files/1/0715/1704/5040/files/4.png?v=1693982779 | https://cdn.shopify.com/s/files/1/0715/1704/5040/files/Decoray-PL-1_6_1_0bfdeda0-bd5f-47da-b274-6737ecab86ec.jpg?v=1695126272 | https://cdn.shopify.com/s/files/1/0715/1704/5040/files/Decoray-PL2_01_1_1_dd6d61c3-82c2-47c4-86a3-0fd097a8d85e.jpg?v=1695126272 | https://cdn.shopify.com/s/files/1/0715/1704/5040/files/Decoray-PL-3_6_1_a73d57f3-b168-475a-8bc8-052b8f7561b9.jpg?v=1693982778 | https://cdn.shopify.com/s/files/1/0715/1704/5040/files/Decoray-PL_01_1_b5a27c98-3ae2-47ee-859e-dcfc3f8f4ee2.jpg?v=1693982778 | https://cdn.shopify.com/s/files/1/0715/1704/5040/files/Decoray-PL_02_1_9b531f44-0f18-430b-b164-96a6ccaa8ed9.jpg?v=1693982778,2023-08-21T15:22:31+05:30,2026-09-08T08:56:50+05:30
Crompton,4.5 W Mushroom Shaped E14 Candle Lamp - WW,Bulbs,"Balcony Lights, Bathroom Lights, Bedroom Lights, Candle Bulbs, category-bulbs, Decoray Candle, Gaming Room Light, Living Room Lights, Regular Range Lamp, type-bedroom, type-prayer-room, type-study-room, type-without-false-ceiling",4-5-w-mushroom-shaped-e14-candle-lamp-ww,https://www.crompton.co.in/products/4-5-w-mushroom-shaped-e14-candle-lamp-ww,285.0,285.0,Color,Warm White :: SKU=LED4.5WE14MUSHWW :: ₹285.00,6,https://cdn.shopify.com/s/files/1/0715/1704/5040/files/4.5W_clear_Mushroom_E14__1_-removebg-preview.png?v=1692611291 | https://cdn.shopify.com/s/files/1/0715/1704/5040/files/Decoray-PL-1_6_1_1408167f-d714-4221-a1ad-a04a51cb3495.jpg?v=1695126241 | https://cdn.shopify.com/s/files/1/0715/1704/5040/files/Decoray-PL2_01_1_1_00cc0b23-4be7-4e07-b854-743544066af1.jpg?v=1695126241 | https://cdn.shopify.com/s/files/1/0715/1704/5040/files/Decoray-PL-3_6_1_7f752646-39af-4dea-93e8-b0d6702a2e1e.jpg?v=1692611291 | https://cdn.shopify.com/s/files/1/0715/1704/5040/files/Decoray-PL_01_1_0bdcdbe5-23cf-4edf-9879-58b2b2b1c872.jpg?v=1692611291 | https://cdn.shopify.com/s/files/1/0715/1704/5040/files/Decoray-PL_02_1_3f91347b-3346-45a3-a1c9-8e2bcbeec1bd.jpg?v=1692611291,2023-08-21T15:17:44+05:30,2026-09-08T08:56:50+05:30
Crompton,4.5W Clear E27 Candle Lamp,Bulbs,"Balcony Lights, Bathroom Lights, Bedroom Lights, Candle Bulbs, category-bulbs, Decoray Candle, Gaming Room Light, Regular Range Lamp, type-bedroom, type-prayer-room, type-study-room, type-without-false-ceiling",4-5w-clear-e27-candle-lamp,https://www.crompton.co.in/products/4-5w-clear-e27-candle-lamp,285.0,285.0,Color,Cool Day Light :: SKU=LED4.5WE27CLRCDL :: ₹285.00 | Warm White :: SKU=LED4.5WE27CLRWW :: ₹285.00,6,https://cdn.shopify.com/s/files/1/0715/1704/5040/files/4.5W_E27_Clear__1_-removebg-preview.png?v=1692611115 | https://cdn.shopify.com/s/files/1/0715/1704/5040/files/Decoray-PL-1_6_1_21606666-b1e7-4f1d-b791-b9f8d94f7527.jpg?v=1695126217 | https://cdn.shopify.com/s/files/1/0715/1704/5040/files/Decoray-PL2_01_1_1_69124997-f9b5-44cf-ac55-6ba295de5436.jpg?v=1695126217 | https://cdn.shopify.com/s/files/1/0715/1704/5040/files/Decoray-PL-3_6_1_3ef9fe5f-cab0-43a2-9976-707bbdd9cb24.jpg?v=1692611124 | https://cdn.shopify.com/s/files/1/0715/1704/5040/files/Decoray-PL_01_1_efa2962e-36ec-41ef-8433-0c3f2e813569.jpg?v=1692611123 | https://cdn.shopify.com/s/files/1/0715/1704/5040/files/Decoray-PL_02_1_02a6cbe2-b563-4a20-b338-32e196183ae7.jpg?v=1692611123,2023-08-21T15:14:57+05:30,2026-09-08T08:56:50+05:30
Crompton,4.5W Clear E14 Candle Lamp,Bulbs,"Balcony Lights, Bathroom Lights, Bedroom Lights, Candle Bulbs, category-bulbs, Decoray Candle, Gaming Room Light, Regular Range Lamp, type-bedroom, type-prayer-room, type-study-room, type-without-false-ceiling",4-5w-clear-e14-candle-lamp,https://www.crompton.co.in/products/4-5w-clear-e14-candle-lamp,285.0,285.0,Color,Cool Day Light :: SKU=LED4.5WE14CLRCDL :: ₹285.00 | Warm White :: SKU=LED4.5WE14CLRWW :: ₹285.00,6,https://cdn.shopify.com/s/files/1/0715/1704/5040/files/E14--candle_light_clear_Upload01__1_-removebg-preview.png?v=1692610943 | https://cdn.shopify.com/s/files/1/0715/1704/5040/files/Decoray-PL-1_6_1_22db1d44-7011-45c2-8fc4-3d5e406d3fa9.jpg?v=1695126188 | https://cdn.shopify.com/s/files/1/0715/1704/5040/files/Decoray-PL2_01_1_1_9972e4a9-e7fd-46c5-b2f2-31260cdc038d.jpg?v=1695126188 | https://cdn.shopify.com/s/files/1/0715/1704/5040/files/Decoray-PL-3_6_1_4ea5dca4-f428-4fb5-9e72-4bf4b3ce6431.jpg?v=1692610943 | https://cdn.shopify.com/s/files/1/0715/1704/5040/files/Decoray-PL_01_1_b7d8f400-528e-42b1-b767-2b7141a46950.jpg?v=1692610943 | https://cdn.shopify.com/s/files/1/0715/1704/5040/files/Decoray-PL_02_1_702c78d3-3b39-496d-bbfd-161a68c3626e.jpg?v=1692610943,2023-08-21T15:11:49+05:30,2026-09-08T08:56:50+05:30
Crompton,4.5W Frosted E27 Candle Lamp,Bulbs,"Balcony Lights, Bathroom Lights, Bedroom Lights, Candle Bulbs, category-bulbs, Decoray Candle, Gaming Room Light, Regular Range Lamp, type-bedroom, type-prayer-room, type-study-room, type-without-false-ceiling",4-5w-frosted-e27-candle-lamp,https://www.crompton.co.in/products/4-5w-frosted-e27-candle-lamp,285.0,285.0,Color,Cool Day Light :: SKU=LED4.5WE27FRSCDL :: ₹285.00 | Warm White :: SKU=LED4.5WE27FRSWW :: ₹285.00,6,https://cdn.shopify.com/s/files/1/0715/1704/5040/files/3W___4.5W_Frosted_E27__1_-removebg-preview_56f8cdfb-27b1-4d0b-a3ad-6bc1b39f5cdc.png?v=1692610733 | https://cdn.shopify.com/s/files/1/0715/1704/5040/files/Decoray-PL-1_6_1_509fd884-51fa-4f4e-ae31-21fe125f6dfa.jpg?v=1695126131 | https://cdn.shopify.com/s/files/1/0715/1704/5040/files/Decoray-PL2_01_1_1_c9c03001-0b82-4ffd-a318-eef24ff86ba3.jpg?v=1695126131 | https://cdn.shopify.com/s/files/1/0715/1704/5040/files/Decoray-PL-3_6_1_8c4737cc-a9f2-4c20-904b-cd79397de524.jpg?v=1692610742 | https://cdn.shopify.com/s/files/1/0715/1704/5040/files/Decoray-PL_01_1_43a9d6d1-5af5-4608-bbf9-eeaccf78fabc.jpg?v=1692610741 | https://cdn.shopify.com/s/files/1/0715/1704/5040/files/Decoray-PL_02_1_4f6267fa-382c-46c0-bce3-92357f3311c4.jpg?v=1692610741,2023-08-21T15:08:36+05:30,2026-09-08T08:56:50+05:30
Crompton,4.5W Frosted E14 Candle Lamp,Bulbs,"Balcony Lights, Bathroom Lights, Bedroom Lights, Candle Bulbs, category-bulbs, Decoray Candle, Gaming Room Light, Regular Range Lamp, type-bedroom, type-prayer-room, type-study-room, type-without-false-ceiling",4-5w-frosted-e14-candle-lamp,https://www.crompton.co.in/products/4-5w-frosted-e14-candle-lamp,285.0,285.0,Color,Cool Day Light :: SKU=LED4.5WE14FRSCDL :: ₹285.00 | Warm White :: SKU=LED4.5WE14FRSWW :: ₹285.00,6,https://cdn.shopify.com/s/files/1/0715/1704/5040/files/3W___4.5W_Frosted_E27__1_-removebg-preview_eae381e1-eb65-46b3-9993-42f615dc9640.png?v=1692610489 | https://cdn.shopify.com/s/files/1/0715/1704/5040/files/Decoray-PL-1_6_1_cfc85b1d-1751-4f7b-a873-a67fe812760f.jpg?v=1695126113 | https://cdn.shopify.com/s/files/1/0715/1704/5040/files/Decoray-PL2_01_1_1_51ec7b1b-496d-4896-a404-67c7e8ae67c9.jpg?v=1695126113 | https://cdn.shopify.com/s/files/1/0715/1704/5040/files/Decoray-PL-3_6_1_ecd8379c-0b12-4444-b1d5-cc0f7fab66bb.jpg?v=1692610507 | https://cdn.shopify.com/s/files/1/0715/1704/5040/files/Decoray-PL_01_1_b5e931af-52a6-4dae-a2b1-22362ae2289b.jpg?v=1692610506 | https://cdn.shopify.com/s/files/1/0715/1704/5040/files/Decoray-PL_02_1_197e7af8-160e-4dbe-80cb-086a4404a7ed.jpg?v=1692610507,2023-08-21T14:59:25+05:30,2026-09-08T08:56:50+05:30
Crompton,3W Frosted E27 Candle Lamp,Bulbs,"Balcony Lights, Bathroom Lights, Bedroom Lights, Candle Bulbs, category-bulbs, Decoray Candle, Gaming Room Light, Regular Range Lamp, type-bedroom, type-prayer-room, type-study-room, type-without-false-ceiling",3w-frosted-e27-candle-lamp,https://www.crompton.co.in/products/3w-frosted-e27-candle-lamp,175.0,175.0,Color,Cool Day Light :: SKU=LED3WE27FRSCDL :: ₹175.00 | Warm White :: SKU=LED3WE27FRSWW :: ₹175.00,6,https://cdn.shopify.com/s/files/1/0715/1704/5040/files/Untitled-1_430fcc8f-e2fd-4b46-abbd-c9b6d52fcf19.png?v=1694777102 | https://cdn.shopify.com/s/files/1/0715/1704/5040/files/Decoray-PL-1_6_1_b0a22c41-eee1-4317-ad9f-23d925ee3a1c.jpg?v=1695126096 | https://cdn.shopify.com/s/files/1/0715/1704/5040/files/Decoray-PL2_01_1_1_7e112eeb-d5b8-46b3-bfa6-74312905b8b7.jpg?v=1695126096 | https://cdn.shopify.com/s/files/1/0715/1704/5040/files/Decoray-PL-3_6_1_60c34b23-df94-4858-b868-5e243d74b953.jpg?v=1694777102 | https://cdn.shopify.com/s/files/1/0715/1704/5040/files/Decoray-PL_01_1_88c19563-fbad-4f2f-843c-dd7e16f52d59.jpg?v=1694777102 | https://cdn.shopify.com/s/files/1/0715/1704/5040/files/Decoray-PL_02_1_79c06978-afb3-4fa9-9706-4ddce7cfef04.jpg?v=1694777102,2023-08-21T14:46:57+05:30,2026-09-08T08:56:51+05:30
Crompton,3W Frosted E14 Candle Lamp,Bulbs,"Balcony Lights, Bathroom Lights, Bedroom Lights, Candle Bulbs, category-bulbs, Decoray Candle, Gaming Room Light, Led Bulb, Regular Range Lamp, type-bedroom, type-prayer-room, type-study-room, type-without-false-ceiling",3w-frosted-e14-candle-lamp,https://www.crompton.co.in/products/3w-frosted-e14-candle-lamp,175.0,175.0,Color,Cool Day Light :: SKU=LED3WE14FRSCDL :: ₹175.00 | Warm White :: SKU=LED3WE14FRSWW :: ₹175.00,6,https://cdn.shopify.com/s/files/1/0715/1704/5040/files/Untitled-1_8551d0e8-1086-4aa0-ac75-4f32adc9f7ac.png?v=1694777019 | https://cdn.shopify.com/s/files/1/0715/1704/5040/files/Decoray-PL-1_6_1.jpg?v=1695126076 | https://cdn.shopify.com/s/files/1/0715/1704/5040/files/Decoray-PL2_01_1_1.jpg?v=1695126076 | https://cdn.shopify.com/s/files/1/0715/1704/5040/files/Decoray-PL-3_6_1.jpg?v=1694777019 | https://cdn.shopify.com/s/files/1/0715/1704/5040/files/Decoray-PL_01_1.jpg?v=1694777019 | https://cdn.shopify.com/s/files/1/0715/1704/5040/files/Decoray-PL_02_1.jpg?v=1694777019,2023-08-21T14:26:51+05:30,2026-09-08T08:56:51+05:30
Crompton,50W Gleam Led Flood Light - CDL,Outdoor Lights,Led Flood Light,50w-gleam-led-flood-light-cdl,https://www.crompton.co.in/products/50w-gleam-led-flood-light-cdl,2750.0,2750.0,Color,Cool Day Light :: SKU=LDFL50CDL :: ₹2750.00,5,https://cdn.shopify.com/s/files/1/0715/1704/5040/files/50Wtrans.png?v=1692604483 | https://cdn.shopify.com/s/files/1/0715/1704/5040/files/GleamLedFloodLightPl01_1_a5682c64-fc04-4c83-9562-41b1526dc49c.jpg?v=1692604483 | https://cdn.shopify.com/s/files/1/0715/1704/5040/files/gleam-light-50pl2.jpg?v=1712726918 | https://cdn.shopify.com/s/files/1/0715/1704/5040/files/gleam-light-50pl3.jpg?v=1712726918 | https://cdn.shopify.com/s/files/1/0715/1704/5040/files/gleam-light-50pl4.jpg?v=1712726918,2023-08-21T13:24:04+05:30,2026-09-08T08:56:51+05:30
Crompton,30W Gleam Led Flood Light - CDL,Outdoor Lights,Led Flood Light,30w-gleam-led-flood-light-cdl,https://www.crompton.co.in/products/30w-gleam-led-flood-light-cdl,2200.0,2200.0,Color,Cool Day Light :: SKU=LDFL30CDL :: ₹2200.00,5,https://cdn.shopify.com/s/files/1/0715/1704/5040/files/30Wtrans.png?v=1692604326 | https://cdn.shopify.com/s/files/1/0715/1704/5040/files/GleamLedFloodLightPl01_1_5e9c5e33-2167-4516-90b8-3ee6b6e3acf7.jpg?v=1692604326 | https://cdn.shopify.com/s/files/1/0715/1704/5040/files/gleam-light-30-3.jpg?v=1712726759 | https://cdn.shopify.com/s/files/1/0715/1704/5040/files/gleam-light-30-4.jpg?v=1712726759 | https://cdn.shopify.com/s/files/1/0715/1704/5040/files/gleam-light-30-2.jpg?v=1712726752,2023-08-21T13:21:13+05:30,2026-09-08T08:56:51+05:30
Crompton,20W Gleam Led Flood Light - CDL,Outdoor Lights,Led Flood Light,20w-gleam-led-flood-light-cdl,https://www.crompton.co.in/products/20w-gleam-led-flood-light-cdl,1550.0,1550.0,Color,Cool Day Light :: SKU=LDFL20CDL :: ₹1550.00,5,https://cdn.shopify.com/s/files/1/0715/1704/5040/files/20wTrans.png?v=1692603775 | https://cdn.shopify.com/s/files/1/0715/1704/5040/files/GleamLedFloodLightPl01_1.jpg?v=1692603783 | https://cdn.shopify.com/s/files/1/0715/1704/5040/files/GleamLedFloodPL_2_2.jpg?v=1692603782 | https://cdn.shopify.com/s/files/1/0715/1704/5040/files/GleamLedFloodPL_3_2.jpg?v=1692603783 | https://cdn.shopify.com/s/files/1/0715/1704/5040/files/GleamLedFloodPL_4_2.jpg?v=1692603782,2023-08-21T13:11:41+05:30,2026-09-08T08:56:51+05:30
Crompton,60W B22 Higher Wattage Led Bulb - CDL,Bulbs,"Balcony Lights, Bedroom Lights, category-bulbs, feature-low-power, feature-wide-spread-lights, Led Bulb, Living Room Lights, pfs:label-oddcolor, Regular High Wattage Bulbs, Super High Wattage Lamp, type-bedroom, type-kitchen, type-night-lamp, type-prayer-room, type-study-room, type-washroom, type-without-false-ceiling",60w-b22-higher-wattage-led-bulb-cdl,https://www.crompton.co.in/products/60w-b22-higher-wattage-led-bulb-cdl,1575.0,1575.0,Color,Cool Day Light :: SKU=LED60WNDFWBCDL :: ₹1575.00,5,https://cdn.shopify.com/s/files/1/0715/1704/5040/files/Untitled-1_1796eca9-bd53-4cc1-b1e0-1954d5b87fc1.png?v=1694774017 | https://cdn.shopify.com/s/files/1/0715/1704/5040/files/HigherWattageLEDBulbPL_1_3_1_9f000b19-b107-4981-8aa0-758ef064b409.jpg?v=1694774017 | https://cdn.shopify.com/s/files/1/0715/1704/5040/files/HigherWattageLEDBulbPL_2_4_1_400d7324-9666-4e60-8e01-100e127404b1.jpg?v=1694774017 | https://cdn.shopify.com/s/files/1/0715/1704/5040/files/HighWattageLEDBulbPL_3_1_4b84ab50-14bd-453b-ac6e-dc2eeda56060.jpg?v=1694774017 | https://cdn.shopify.com/s/files/1/0715/1704/5040/files/HighWattageLEDBulbPL_4_1_c35606aa-c877-44d9-b2a2-d90a6b0b57d0.jpg?v=1694774017,2023-08-21T13:08:03+05:30,2026-09-08T08:56:51+05:30
Crompton,50W E27 Higher Wattage Led Bulb - CDL,Bulbs,"Balcony Lights, Bedroom Lights, category-bulbs, feature-low-power, feature-wide-spread-lights, Led Bulb, Living Room Lights, pfs:label-oddcolor, Regular High Wattage Bulbs, Super High Wattage Lamp, type-bedroom, type-kitchen, type-night-lamp, type-prayer-room, type-study-room, type-washroom, type-without-false-ceiling",50w-e27-higher-wattage-led-bulb-cdl,https://www.crompton.co.in/products/50w-e27-higher-wattage-led-bulb-cdl,1375.0,1375.0,Color,Cool Day Light :: SKU=LED50WESCDL :: ₹1375.00,5,https://cdn.shopify.com/s/files/1/0715/1704/5040/files/E27HigherWattageLedBulb-CDL_6ea30d05-3fc2-44ab-b7b6-d7ad474ada33.png?v=1701771600 | https://cdn.shopify.com/s/files/1/0715/1704/5040/files/HigherWattageLEDBulbPL_1_3_1_f8d2729b-4cca-4815-8841-e16980596d94.jpg?v=1701771600 | https://cdn.shopify.com/s/files/1/0715/1704/5040/files/HigherWattageLEDBulbPL_2_4_1_d90b464b-16ba-4dac-99d7-81ea5e355aee.jpg?v=1701771600 | https://cdn.shopify.com/s/files/1/0715/1704/5040/files/HighWattageLEDBulbPL_3_1_f5d04517-5eac-4e06-8f49-7691df29f95b.jpg?v=1701771600 | https://cdn.shopify.com/s/files/1/0715/1704/5040/files/HighWattageLEDBulbPL_4_1_264631d3-f6ad-4f3f-a4d4-0190d111af30.jpg?v=1701771600,2023-08-21T13:06:21+05:30,2026-09-08T08:56:51+05:30
Crompton,50W B22 Higher Wattage Led Bulb - CDL,Bulbs,"Balcony Lights, Bedroom Lights, category-bulbs, feature-low-power, feature-wide-spread-lights, Led Bulb, Living Room Lights, pfs:label-oddcolor, Regular High Wattage Bulbs, Super High Wattage Lamp, type-bedroom, type-kitchen, type-night-lamp, type-prayer-room, type-study-room, type-washroom, type-without-false-ceiling",50w-b22-higher-wattage-led-bulb-cdl,https://www.crompton.co.in/products/50w-b22-higher-wattage-led-bulb-cdl,1375.0,1375.0,Color,Cool Day Light :: SKU=LED50WNDFWBCDL :: ₹1375.00,5,https://cdn.shopify.com/s/files/1/0715/1704/5040/files/Untitled-1_038b809c-c0a9-42db-afd7-06809b3bb241.png?v=1694773988 | https://cdn.shopify.com/s/files/1/0715/1704/5040/files/HigherWattageLEDBulbPL_1_3_1_93f34511-ae15-412c-8d4a-6c6d8bab93af.jpg?v=1694773988 | https://cdn.shopify.com/s/files/1/0715/1704/5040/files/HigherWattageLEDBulbPL_2_4_1_bc0f939c-6bb4-47b2-bee7-e65b602d979a.jpg?v=1694773988 | https://cdn.shopify.com/s/files/1/0715/1704/5040/files/HighWattageLEDBulbPL_3_1_e2f1a7b5-73fc-4dab-8d1d-80dcd2ce4f1c.jpg?v=1694773988 | https://cdn.shopify.com/s/files/1/0715/1704/5040/files/HighWattageLEDBulbPL_4_1_d7050fc2-6a58-488d-823f-4a592fd54bf7.jpg?v=1694773988,2023-08-21T13:04:09+05:30,2026-09-08T08:56:51+05:30
Crompton,40W E27 Higher Wattage Led Bulb - CDL,Bulbs,"Balcony Lights, Bedroom Lights, category-bulbs, feature-low-power, feature-wide-spread-lights, Led Bulb, Living Room Lights, pfs:label-oddcolor, Regular High Wattage Bulbs, Super High Wattage Lamp, type-bedroom, type-kitchen, type-night-lamp, type-prayer-room, type-study-room, type-washroom, type-without-false-ceiling",40w-e27-higher-wattage-led-bulb-cdl,https://www.crompton.co.in/products/40w-e27-higher-wattage-led-bulb-cdl,1175.0,1175.0,Color,Cool Day Light :: SKU=LED40WESCDL :: ₹1175.00,5,https://cdn.shopify.com/s/files/1/0715/1704/5040/files/E27HigherWattageLedBulb-CDL_e612e464-437c-4ce8-bbe1-2b510c21a319.png?v=1701771565 | https://cdn.shopify.com/s/files/1/0715/1704/5040/files/HigherWattageLEDBulbPL_1_3_1_5cdfad7c-e68d-4db7-a15c-07e481855e5a.jpg?v=1701771565 | https://cdn.shopify.com/s/files/1/0715/1704/5040/files/HigherWattageLEDBulbPL_2_4_1_24ac96bc-edda-4d44-8264-5fb305ad508d.jpg?v=1701771565 | https://cdn.shopify.com/s/files/1/0715/1704/5040/files/HighWattageLEDBulbPL_3_1_bbb21f87-2cbb-4465-8f05-fbfb53f801ef.jpg?v=1701771565 | https://cdn.shopify.com/s/files/1/0715/1704/5040/files/HighWattageLEDBulbPL_4_1_136b69aa-f77f-4ea7-8037-e4490dea7b66.jpg?v=1701771565,2023-08-21T13:02:43+05:30,2026-09-08T08:56:51+05:30
Crompton,40W B22 Higher Wattage Led Bulb - CDL,Bulbs,"Balcony Lights, Bedroom Lights, category-bulbs, feature-low-power, feature-wide-spread-lights, Led Bulb, Living Room Lights, pfs:label-oddcolor, Regular High Wattage Bulbs, Super High Wattage Lamp, type-bedroom, type-kitchen, type-night-lamp, type-prayer-room, type-study-room, type-washroom, type-without-false-ceiling",40w-b22-higher-wattage-led-bulb-cdl,https://www.crompton.co.in/products/40w-b22-higher-wattage-led-bulb-cdl,1175.0,1175.0,Color,Cool Day Light :: SKU=LED40WNDFWBCDL :: ₹1175.00,5,https://cdn.shopify.com/s/files/1/0715/1704/5040/files/Untitled-1_44a70d74-e316-4fd1-b35b-8f35d2389ca0.png?v=1694773955 | https://cdn.shopify.com/s/files/1/0715/1704/5040/files/HigherWattageLEDBulbPL_1_3_1_14706476-c56a-41ac-9313-68ac51046f5c.jpg?v=1694773955 | https://cdn.shopify.com/s/files/1/0715/1704/5040/files/HigherWattageLEDBulbPL_2_4_1_e0b1c223-5f2d-414d-82b8-e1ac8f8e3909.jpg?v=1694773955 | https://cdn.shopify.com/s/files/1/0715/1704/5040/files/HighWattageLEDBulbPL_3_1_ce0f4761-be3c-42ec-be73-1d206f06bb30.jpg?v=1694773955 | https://cdn.shopify.com/s/files/1/0715/1704/5040/files/HighWattageLEDBulbPL_4_1_3abdd783-ac91-4a5c-bacd-fd1a325bbbf9.jpg?v=1694773955,2023-08-21T13:00:11+05:30,2026-09-08T08:56:51+05:30
Crompton,30W E27 Higher Wattage Led Bulb - CDL,Bulbs,"Balcony Lights, Bedroom Lights, category-bulbs, feature-low-power, feature-wide-spread-lights, Led Bulb, Living Room Lights, pfs:label-oddcolor, Regular High Wattage Bulbs, Super High Wattage Lamp, type-bedroom, type-kitchen, type-night-lamp, type-prayer-room, type-study-room, type-washroom, type-without-false-ceiling",30w-e27-higher-wattage-led-bulb-cdl,https://www.crompton.co.in/products/30w-e27-higher-wattage-led-bulb-cdl,875.0,875.0,Color,Cool Day Light :: SKU=LED30WESCDL :: ₹875.00,5,https://cdn.shopify.com/s/files/1/0715/1704/5040/files/E27HigherWattageLedBulb-CDL.png?v=1701771534 | https://cdn.shopify.com/s/files/1/0715/1704/5040/files/HigherWattageLEDBulbPL_1_3_1_b22653af-4722-4f14-84c7-f16e188d0005.jpg?v=1701771534 | https://cdn.shopify.com/s/files/1/0715/1704/5040/files/HigherWattageLEDBulbPL_2_4_1_204cbbf3-1a2c-4be3-984a-04f239315d81.jpg?v=1701771534 | https://cdn.shopify.com/s/files/1/0715/1704/5040/files/HighWattageLEDBulbPL_3_1_951d864b-a5fb-4777-a96a-e9b1d3bd4464.jpg?v=1701771534 | https://cdn.shopify.com/s/files/1/0715/1704/5040/files/HighWattageLEDBulbPL_4_1_2b2c836c-c877-4e63-92a0-e793e2f9f6a4.jpg?v=1701771534,2023-08-21T12:56:10+05:30,2026-09-08T08:56:51+05:30
Crompton,30W B22 Higher Wattage Led Bulb - CDL,Bulbs,"Balcony Lights, Bedroom Lights, category-bulbs, feature-low-power, feature-wide-spread-lights, Led Bulb, Living Room Lights, pfs:label-oddcolor, Regular High Wattage Bulbs, Super High Wattage Lamp, type-bedroom, type-kitchen, type-night-lamp, type-prayer-room, type-study-room, type-washroom, type-without-false-ceiling",30w-b22-higher-wattage-led-bulb-cdl,https://www.crompton.co.in/products/30w-b22-higher-wattage-led-bulb-cdl,875.0,875.0,Color,CDL :: SKU=LED30WECOCDL :: ₹875.00,5,https://cdn.shopify.com/s/files/1/0715/1704/5040/files/Untitled-1_359e68fc-7977-4285-8238-ec3d2574bf05.png?v=1694773912 | https://cdn.shopify.com/s/files/1/0715/1704/5040/files/HigherWattageLEDBulbPL_1_3_1.jpg?v=1694773912 | https://cdn.shopify.com/s/files/1/0715/1704/5040/files/HigherWattageLEDBulbPL_2_4_1.jpg?v=1694773912 | https://cdn.shopify.com/s/files/1/0715/1704/5040/files/HighWattageLEDBulbPL_3_1.jpg?v=1694773912 | https://cdn.shopify.com/s/files/1/0715/1704/5040/files/HighWattageLEDBulbPL_4_1.jpg?v=1694773912,2023-08-21T12:44:39+05:30,2026-09-08T08:56:51+05:30
Crompton,0.5W Night Buddy Lamp + Charger,Bulbs,"Balcony Lights, Bathroom Lights, Bedroom Lights, category-bulbs, feature-decor, feature-low-power, feature-vibrant-color, Gaming Room Light, Led Bulb, Living Room Lights, type-bedroom, type-night-lamp, type-prayer-room, type-study-room, type-without-false-ceiling",0-5w-night-buddy-lamp-charger,https://www.crompton.co.in/products/0-5w-night-buddy-lamp-charger,175.0,175.0,Color,Cool Day Light :: SKU=LEDNBUDDYCDL :: ₹175.00 | Warm White :: SKU=LEDNBUDDYWW :: ₹175.00 | Natural White :: SKU=LEDNBUDDYNW :: ₹175.00,5,https://cdn.shopify.com/s/files/1/0715/1704/5040/files/Untitled-1_74000d1c-dd3e-4180-a3fe-4a20d9d2e603.png?v=1694161022 | https://cdn.shopify.com/s/files/1/0715/1704/5040/files/nightbuddypl01_1_1.jpg?v=1694161022 | https://cdn.shopify.com/s/files/1/0715/1704/5040/files/nightbuddypl02_3_1.jpg?v=1694161022 | https://cdn.shopify.com/s/files/1/0715/1704/5040/files/nightbuddypl03_4_1.jpg?v=1694161022 | https://cdn.shopify.com/s/files/1/0715/1704/5040/files/nightbuddypl04_3_1.jpg?v=1694161022,2023-08-18T10:22:29+05:30,2026-09-08T08:56:51+05:30
Crompton,7W B22 Colormatic Led Lamp,Bulbs,"Balcony Lights, Bathroom Lights, Bedroom Lights, category-bulbs, Color Bulbs, feature-decor, feature-low-power, feature-vibrant-color, feature-wide-spread-lights, Gaming Room Light, Kitchen Lights, Led Bulb, Living Room Lights, Regular Range Lamp, type-bedroom, type-night-lamp, type-prayer-room, type-study-room, type-without-false-ceiling",7w-b22-colormatic-led-lamp,https://www.crompton.co.in/products/7w-b22-colormatic-led-lamp,200.0,200.0,Color,Red :: SKU=LED7WDFREDCLR :: ₹200.00 | Green :: SKU=LED7WDFGRNCLR :: ₹200.00 | Blue :: SKU=LED7WDFBLUCLR :: ₹200.00 | Yellow :: SKU=LED7WDFYLWCLR :: ₹200.00,20,https://cdn.shopify.com/s/files/1/0715/1704/5040/files/Untitled-1_a85a858b-b550-475a-89af-3720bbc1e92d.png?v=1694620395 | https://cdn.shopify.com/s/files/1/0715/1704/5040/files/colormaticpl01_1.jpg?v=1701857624 | https://cdn.shopify.com/s/files/1/0715/1704/5040/files/colormaticpl02_1_1.jpg?v=1701857624 | https://cdn.shopify.com/s/files/1/0715/1704/5040/files/colormaticpl03_1.jpg?v=1701857624 | https://cdn.shopify.com/s/files/1/0715/1704/5040/files/colormaticpl04_1.webp?v=1701857624 | https://cdn.shopify.com/s/files/1/0715/1704/5040/files/Colormatic_GREEN.png?v=1701857664 | https://cdn.shopify.com/s/files/1/0715/1704/5040/files/colormaticpl01_1.webp?v=1701857664 | https://cdn.shopify.com/s/files/1/0715/1704/5040/files/colormaticpl02_1_1.webp?v=1701857664 | https://cdn.shopify.com/s/files/1/0715/1704/5040/files/colormaticpl03_1.webp?v=1701857664 | https://cdn.shopify.com/s/files/1/0715/1704/5040/files/colormaticpl04_1_0c4008f3-804d-402d-b031-a65952374b93.webp?v=1701857664 | https://cdn.shopify.com/s/files/1/0715/1704/5040/files/Colormatic_BLUE.png?v=1701857664 | https://cdn.shopify.com/s/files/1/0715/1704/5040/files/colormaticpl01_1_a5de031a-ad95-4c32-97ab-d1747f944fcc.webp?v=1701857664 | https://cdn.shopify.com/s/files/1/0715/1704/5040/files/colormaticpl02_1_1_a6f3906c-cffa-4b92-b675-306f13468a3d.webp?v=1701857664 | https://cdn.shopify.com/s/files/1/0715/1704/5040/files/colormaticpl03_1_99931dd9-0ccc-408d-9e18-1c2fb7927da4.webp?v=1701857664 | https://cdn.shopify.com/s/files/1/0715/1704/5040/files/colormaticpl04_1.jpg?v=1701857664 | https://cdn.shopify.com/s/files/1/0715/1704/5040/files/Colormatic_YELLOW.png?v=1701857664 | https://cdn.shopify.com/s/files/1/0715/1704/5040/files/colormaticpl01_1_60800029-2c48-4a11-a8cd-bcda8e6565ee.webp?v=1701857664 | https://cdn.shopify.com/s/files/1/0715/1704/5040/files/colormaticpl02_1_1_f08c1516-7007-4b60-976c-3b7d3c6ec8b6.webp?v=1701857664 | https://cdn.shopify.com/s/files/1/0715/1704/5040/files/colormaticpl03_1_cbbc1552-da03-4cd0-b808-72290d363368.webp?v=1701857664 | https://cdn.shopify.com/s/files/1/0715/1704/5040/files/colormaticpl04_1_94b760df-b1a9-4775-b185-d1fb61a2bbcd.webp?v=1701857664,2023-08-18T09:58:01+05:30,2026-09-08T08:56:51+05:30
Crompton,0.5W Led Deco Socket Lamp,Bulbs,"Balcony Lights, Bathroom Lights, Bedroom Lights, category-bulbs, feature-decor, feature-low-power, feature-vibrant-color, Gaming Room Light, Led Bulb, Living Room Lights, Night Lamp Range, type-bedroom, type-night-lamp, type-prayer-room, type-study-room, type-without-false-ceiling",0-5w-led-deco-socket-lamp,https://www.crompton.co.in/products/0-5w-led-deco-socket-lamp,99.0,99.0,Color,Cool Day Light :: SKU=LEDDECOSOKCDL :: ₹99.00 | Warm White :: SKU=LEDDECOSOKWW :: ₹99.00 | Green :: SKU=LEDDECOSOKGRN :: ₹99.00 | Orange :: SKU=LEDDECOSOKORN :: ₹99.00 | Red :: SKU=LEDDECOSOKRED :: ₹99.00 | Pink :: SKU=LEDDECOSOKPNK :: ₹99.00 | Yellow :: SKU=LEDDECOSOKYEL :: ₹99.00 | Blue :: SKU=LEDDECOSOKBLU :: ₹99.00,30,https://cdn.shopify.com/s/files/1/0715/1704/5040/files/Untitled-1_12d8c526-0402-4600-80d5-60caa62d7e07.png?v=1694160870 | https://cdn.shopify.com/s/files/1/0715/1704/5040/files/Lifestyle_5_1.webp?v=1701856856 | https://cdn.shopify.com/s/files/1/0715/1704/5040/files/Nightlampfunctioning_1_1.webp?v=1701856856 | https://cdn.shopify.com/s/files/1/0715/1704/5040/files/Safetouse_1.webp?v=1701856856 | https://cdn.shopify.com/s/files/1/0715/1704/5040/files/Energyefficient_1_1.webp?v=1701856856 | https://cdn.shopify.com/s/files/1/0715/1704/5040/files/BLUE_SIDE_UPLOAD.png?v=1701856856 | https://cdn.shopify.com/s/files/1/0715/1704/5040/files/Lifestyle_5_1_9e1baabc-81bb-4edf-9146-5179610c78e4.webp?v=1701856856 | https://cdn.shopify.com/s/files/1/0715/1704/5040/files/Nightlampfunctioning_1_1_c1e13631-b27e-4bc2-82e7-2f48bfd71812.webp?v=1701856856 | https://cdn.shopify.com/s/files/1/0715/1704/5040/files/Safetouse_1_4afa3ee0-0af4-4065-9c08-1325e9a129c5.webp?v=1701856856 | https://cdn.shopify.com/s/files/1/0715/1704/5040/files/Energyefficient_1_1_02612800-3b73-426a-b6b3-a894a40b0f4c.webp?v=1701856856 | https://cdn.shopify.com/s/files/1/0715/1704/5040/files/GREEN_FRONT_UPLOAD.png?v=1701856856 | https://cdn.shopify.com/s/files/1/0715/1704/5040/files/Lifestyle_5_1_3128989b-8fb5-48c0-811f-56819bbcc958.webp?v=1701856856 | https://cdn.shopify.com/s/files/1/0715/1704/5040/files/Nightlampfunctioning_1_1_dbf71768-de7e-45d4-b762-445c0ac43cef.webp?v=1701856856 | https://cdn.shopify.com/s/files/1/0715/1704/5040/files/Safetouse_1_aaccd037-951a-4361-8ffb-c4f04e99effa.webp?v=1701856856 | https://cdn.shopify.com/s/files/1/0715/1704/5040/files/Energyefficient_1_1_7191ce01-eecc-40d7-b8b7-7ed92b509145.webp?v=1701856856 | https://cdn.shopify.com/s/files/1/0715/1704/5040/files/PINK_FRONT_UPLOAD.png?v=1701856848 | https://cdn.shopify.com/s/files/1/0715/1704/5040/files/Lifestyle_5_1_6c729453-2c29-4f19-b5ea-b1827b44e737.webp?v=1701856991 | https://cdn.shopify.com/s/files/1/0715/1704/5040/files/Nightlampfunctioning_1_1_2bd98f7f-a721-4132-acec-c510e0ffd864.webp?v=1701856991 | https://cdn.shopify.com/s/files/1/0715/1704/5040/files/Safetouse_1_02550719-8189-43e6-86a7-046c41dd0118.webp?v=1701856991 | https://cdn.shopify.com/s/files/1/0715/1704/5040/files/Energyefficient_1_1_b7a88401-0808-49b2-963b-9a337cfc3d69.webp?v=1701856991 | https://cdn.shopify.com/s/files/1/0715/1704/5040/files/RED_FRONT_UPLOAD.png?v=1701856991 | https://cdn.shopify.com/s/files/1/0715/1704/5040/files/Lifestyle_5_1.jpg?v=1701856991 | https://cdn.shopify.com/s/files/1/0715/1704/5040/files/Nightlampfunctioning_1_1.jpg?v=1701856991 | https://cdn.shopify.com/s/files/1/0715/1704/5040/files/Safetouse_1.jpg?v=1701856991 | https://cdn.shopify.com/s/files/1/0715/1704/5040/files/Energyefficient_1_1.jpg?v=1701856991 | https://cdn.shopify.com/s/files/1/0715/1704/5040/files/Energyefficient_1_1_060c6dc8-ac1d-468b-b73e-433baf086148.webp?v=1701856991 | https://cdn.shopify.com/s/files/1/0715/1704/5040/files/YELLOW_FRONT_UPLOAD.png?v=1701856991 | https://cdn.shopify.com/s/files/1/0715/1704/5040/files/Lifestyle_5_1_0c1914cf-456a-4f45-8837-a769676ef53b.webp?v=1701856991 | https://cdn.shopify.com/s/files/1/0715/1704/5040/files/Nightlampfunctioning_1_1_62088b11-f408-40ad-9aa8-76ea32ae8536.webp?v=1701856991 | https://cdn.shopify.com/s/files/1/0715/1704/5040/files/Safetouse_1_e825f0f9-da56-4276-930f-91c6d59ff7d8.webp?v=1701856991,2023-08-17T19:12:11+05:30,2026-09-08T08:56:51+05:30
Crompton,Crompton Insta Delight 2000W with Blower,Room Heaters,Heat Convectors,crompton-insta-delight-2000w-with-blower,https://www.crompton.co.in/products/crompton-insta-delight-2000w-with-blower,4200.0,4200.0,Color,Slate Grey :: SKU=ACGRH-INSTADELIGHT :: ₹4200.00,5,https://cdn.shopify.com/s/files/1/0715/1704/5040/files/InstaDelightA.png?v=1694415192 | https://cdn.shopify.com/s/files/1/0715/1704/5040/files/LifestylePl1_787f0d62-2926-4502-b61e-edf597a99b51.jpg?v=1694415192 | https://cdn.shopify.com/s/files/1/0715/1704/5040/files/prod_listing2_1.jpg?v=1694415192 | https://cdn.shopify.com/s/files/1/0715/1704/5040/files/prod_listing3_1_1.jpg?v=1694415192 | https://cdn.shopify.com/s/files/1/0715/1704/5040/files/prod_listing_1.jpg?v=1694415192,2023-07-27T15:49:07+05:30,2026-09-08T08:56:51+05:30
Crompton,Crompton Insta Ferve 13 Fins 2900W Oil Filled Room Heater,Room Heaters,"Oil Field Heater, Oil Filled Room Heaters",crompton-insta-ferve-13-fins-2900w-oil-filled-room-heater,https://www.crompton.co.in/products/crompton-insta-ferve-13-fins-2900w-oil-filled-room-heater,18200.0,18200.0,Color,Black Gold :: SKU=ACGRH-INSTAFERVE13 :: ₹18200.00,6,https://cdn.shopify.com/s/files/1/0715/1704/5040/files/Artboard5_d1c8f190-fd96-4144-84ca-2951b79fcd5e.png?v=1767182074 | https://cdn.shopify.com/s/files/1/0715/1704/5040/files/Artboard1_1d6fb877-01c7-400d-998d-5b7516ecb04e.jpg?v=1767778283 | https://cdn.shopify.com/s/files/1/0715/1704/5040/files/Artboard2_3cce74b7-477a-4112-9d6b-2f398df161f5.jpg?v=1767778283 | https://cdn.shopify.com/s/files/1/0715/1704/5040/files/Artboard3_c4cdf6ea-4a85-4b2c-9166-9c84e4ee064c.jpg?v=1767778283 | https://cdn.shopify.com/s/files/1/0715/1704/5040/files/Artboard4_81de7d69-0f45-4294-a61e-05784ef3ba5e.jpg?v=1767778283 | https://cdn.shopify.com/s/files/1/0715/1704/5040/files/Artboard6_d11318a8-4bac-4f3e-aab6-f935af7e0387.jpg?v=1767778283,2023-07-27T15:15:51+05:30,2026-09-08T08:56:51+05:30
Crompton,Crompton Insta Ferve 9 Fins 2400 W Oil Filled Room Heater,Room Heaters,"Oil Field Room Heater, Oil Filled Room Heaters",crompton-insta-ferve-9-fins-2400-w-oil-filled-room-heater,https://www.crompton.co.in/products/crompton-insta-ferve-9-fins-2400-w-oil-filled-room-heater,14800.0,14800.0,Color,Black Gold :: SKU=ACGRH-INSTAFERVE 9 :: ₹14800.00,6,https://cdn.shopify.com/s/files/1/0715/1704/5040/files/Artboard5_bfd90f99-1ca8-492a-b8bd-1a8f12f87d12.png?v=1767609843 | https://cdn.shopify.com/s/files/1/0715/1704/5040/files/Artboard1_48eba3f7-531f-464b-889e-ed8cf73afbbc.jpg?v=1767776858 | https://cdn.shopify.com/s/files/1/0715/1704/5040/files/Artboard2_6bccffd1-b6d2-4be8-991f-84f768536fa6.jpg?v=1767776858 | https://cdn.shopify.com/s/files/1/0715/1704/5040/files/Artboard3_c0dbfec7-9a1f-4c9e-b0ff-26422ea07e96.jpg?v=1767776858 | https://cdn.shopify.com/s/files/1/0715/1704/5040/files/Artboard4_d0dc8c9b-bb07-4b9f-b842-4e9a4b19523a.jpg?v=1767776858 | https://cdn.shopify.com/s/files/1/0715/1704/5040/files/Artboard6_0a2ac14e-3df9-4e89-9636-8ea6b3642ec6.jpg?v=1767776858,2023-07-27T15:09:36+05:30,2026-09-08T08:56:51+05:30
Crompton,Crompton Insta Ferve 11 Fins 2900 W Oil Filled Room Heater,Room Heaters,"Oil Field Heater, Oil Filled Room Heaters",crompton-insta-ferve-11-fins-2900-w-oil-filled-room-heater,https://www.crompton.co.in/products/crompton-insta-ferve-11-fins-2900-w-oil-filled-room-heater,16800.0,16800.0,Color,Black Gold :: SKU=ACGRH-INSTAFERVE11 :: ₹16800.00,6,https://cdn.shopify.com/s/files/1/0715/1704/5040/files/Artboard5_5b0f4a1c-c13a-40f5-8250-ada80c1cad4a.png?v=1767182071 | https://cdn.shopify.com/s/files/1/0715/1704/5040/files/Artboard1_PL.jpg?v=1767777450 | https://cdn.shopify.com/s/files/1/0715/1704/5040/files/Artboard2_df573d00-0e1b-41e9-a54c-ac7718a559df.png?v=1767777450 | https://cdn.shopify.com/s/files/1/0715/1704/5040/files/Artboard3_4142a9d0-2f98-4402-bd22-73f5863d7bca.png?v=1767777450 | https://cdn.shopify.com/s/files/1/0715/1704/5040/files/Artboard4_7a7d91ac-5c35-4cba-9f0a-b12f929a118f.png?v=1767777450 | https://cdn.shopify.com/s/files/1/0715/1704/5040/files/Artboard6_c94c103c-0148-49dd-b62c-d2e7e393ce84.jpg?v=1767777431,2023-07-27T14:28:31+05:30,2026-09-08T08:56:51+05:30
