brand,title,product_type,tags,handle,product_url,price_min_inr,price_max_inr,option_names,variants,num_images,image_urls,created_at,updated_at
Crompton,Crompton Niteo 4 Burner Hob,Hobs,"Built-In Gas Hob, Hobs",crompton-niteo-4-burner-hob,https://www.crompton.co.in/products/crompton-niteo-4-burner-hob,27999.0,27999.0,Color,Black :: SKU=HOB-NIHB784SP-MBL :: ₹27999.00,7,https://cdn.shopify.com/s/files/1/0715/1704/5040/files/NiteoHob4B_PL-Photoroom.png?v=1787720465 | https://cdn.shopify.com/s/files/1/0715/1704/5040/files/NiteoHob4B_1.jpg?v=1787653522 | https://cdn.shopify.com/s/files/1/0715/1704/5040/files/NiteoHob4B_2.jpg?v=1787653523 | https://cdn.shopify.com/s/files/1/0715/1704/5040/files/NiteoHob4B_3.jpg?v=1787653522 | https://cdn.shopify.com/s/files/1/0715/1704/5040/files/NiteoHob4B_4.jpg?v=1787653522 | https://cdn.shopify.com/s/files/1/0715/1704/5040/files/NiteoHob4B_5.jpg?v=1787653522 | https://cdn.shopify.com/s/files/1/0715/1704/5040/files/NiteoHob4B_6.jpg?v=1787653522,2026-08-25T15:55:19+05:30,2026-09-08T08:56:46+05:30
Crompton,Polaris,Professional Indoor Commercial,"application-datacenters, Data Server Rooms, Edu Auditoriums, product-indoor, product-tiles, Server Rooms, Tiles",professional-lighting-polaris,https://www.crompton.co.in/products/professional-lighting-polaris,0.0,0.0,Type,(T) 2x2 RECESS :: SKU=None :: ₹0.00 | (T) 2X2 SURFACE :: SKU=None :: ₹0.00,6,https://cdn.shopify.com/s/files/1/0715/1704/5040/files/Indoor_Polaris_R_-ProductImage.webp?v=1787052745 | https://cdn.shopify.com/s/files/1/0715/1704/5040/files/Indoor_Polaris_R_-ApplicationImage_f98c4354-1976-4c0d-af79-2cf2cd3f3d53.webp?v=1787052745 | https://cdn.shopify.com/s/files/1/0715/1704/5040/files/PDP_Indoor-Polaris1_ead49cde-351d-4ae5-9e74-6afd334729cd.webp?v=1787052745 | https://cdn.shopify.com/s/files/1/0715/1704/5040/files/PDP_Indoor-Polaris2_af5b94e4-b9c8-4a27-ba2a-acb7ec65135e.webp?v=1787052744 | https://cdn.shopify.com/s/files/1/0715/1704/5040/files/PDP_Indoor-Polaris3_c11885cb-3ff0-4832-b62c-e6c65eb4cd3e.webp?v=1787052744 | https://cdn.shopify.com/s/files/1/0715/1704/5040/files/Indoor_Polaris_S_-_Product_Image.webp?v=1787052745,2026-08-18T17:02:21+05:30,2026-09-08T08:56:46+05:30
Crompton,Highmast,Professional High Mast & Poles,"application-high-mast, application-high-mast-poles, Applications, Container yards, High Mast, Highways, HM  Airport, Junction roads, Oil Fields, product-high-mast, product-high-mast-poles, Railway stations, Sea Ports, Toll stations",professional-lighting-highmast,https://www.crompton.co.in/products/professional-lighting-highmast,0.0,0.0,Title,Default Title :: SKU=None :: ₹0.00,5,https://cdn.shopify.com/s/files/1/0715/1704/5040/files/Highmast_Highmast-ProductImage.webp?v=1787052741 | https://cdn.shopify.com/s/files/1/0715/1704/5040/files/Highmast_Highmast-ApplicationImage.webp?v=1787052741 | https://cdn.shopify.com/s/files/1/0715/1704/5040/files/PDP_Mast-Highmast1.webp?v=1787052740 | https://cdn.shopify.com/s/files/1/0715/1704/5040/files/PDP_Mast-Highmast2.webp?v=1787052741 | https://cdn.shopify.com/s/files/1/0715/1704/5040/files/PDP_Mast-Highmast3.webp?v=1787052742,2026-08-18T17:02:17+05:30,2026-09-08T08:56:46+05:30
Crompton,Perseus,Professional Industry,"product-industry, product-wellglass, Wellglass",professional-lighting-perseus,https://www.crompton.co.in/products/professional-lighting-perseus,0.0,0.0,Title,Default Title :: SKU=None :: ₹0.00,5,https://cdn.shopify.com/s/files/1/0715/1704/5040/files/Industry_Perseus.webp?v=1787052894 | https://cdn.shopify.com/s/files/1/0715/1704/5040/files/Industry_AI-Perseus.webp?v=1787052894 | https://cdn.shopify.com/s/files/1/0715/1704/5040/files/PDP_Industry_Perseus1.webp?v=1787052895 | https://cdn.shopify.com/s/files/1/0715/1704/5040/files/PDP_Industry_Perseus2.webp?v=1787052896 | https://cdn.shopify.com/s/files/1/0715/1704/5040/files/PDP_Industry_Perseus3.webp?v=1787052895,2026-08-18T17:04:50+05:30,2026-09-08T08:56:46+05:30
Crompton,Trendz,Professional Indoor Commercial,"Edu Auditoriums, Linear, product-indoor, product-linears",professional-lighting-trendz,https://www.crompton.co.in/products/professional-lighting-trendz,0.0,0.0,Title,Default Title :: SKU=None :: ₹0.00,5,https://cdn.shopify.com/s/files/1/0715/1704/5040/files/Indoor_Trendz-ProductImage.webp?v=1787052891 | https://cdn.shopify.com/s/files/1/0715/1704/5040/files/Indoor_Trendz-ApplicationImage.webp?v=1787052891 | https://cdn.shopify.com/s/files/1/0715/1704/5040/files/PDP_Indoor-Trend1.webp?v=1787052892 | https://cdn.shopify.com/s/files/1/0715/1704/5040/files/PDP_Indoor-Trend2_db49e7a6-5441-4e04-bf88-79de037d7409.webp?v=1787052892 | https://cdn.shopify.com/s/files/1/0715/1704/5040/files/PDP_Indoor-Trend3_40272491-f0d2-4394-a283-2897464cbcac.webp?v=1787052892,2026-08-18T17:04:49+05:30,2026-09-08T08:56:46+05:30
Crompton,Decopole,Professional High Mast & Poles,"application-decorative-poles, application-high-mast-poles, Applications, City garden area, Decorative Poles, DP City Garden Area, Dp City Roads, product-decorative-poles, product-decorative-poles-brackets, product-high-mast-poles, recreational grounds",professional-lighting-decopole,https://www.crompton.co.in/products/professional-lighting-decopole,0.0,0.0,Title,Default Title :: SKU=None :: ₹0.00,5,https://cdn.shopify.com/s/files/1/0715/1704/5040/files/Highmast_DecoPoles.webp?v=1787052891 | https://cdn.shopify.com/s/files/1/0715/1704/5040/files/Highmast_DecoPoles-ApplicationImage-1.webp?v=1787052891 | https://cdn.shopify.com/s/files/1/0715/1704/5040/files/PDP_Mast-Poles1.webp?v=1787052891 | https://cdn.shopify.com/s/files/1/0715/1704/5040/files/PDP_Mast-Poles2.webp?v=1787052890 | https://cdn.shopify.com/s/files/1/0715/1704/5040/files/PDP_Mast-Poles3.webp?v=1787052893,2026-08-18T17:04:47+05:30,2026-09-08T08:56:46+05:30
Crompton,Visualine,Professional Industry,"application-flameproof, application-indoor, Applications, Oil & Gas Facilities, Oil & Gas Outlets, product-industry, product-under-canopy, Under Canopy",professional-lighting-visualine,https://www.crompton.co.in/products/professional-lighting-visualine,0.0,0.0,Title,Default Title :: SKU=None :: ₹0.00,5,https://cdn.shopify.com/s/files/1/0715/1704/5040/files/Industry_Visualine.webp?v=1787052884 | https://cdn.shopify.com/s/files/1/0715/1704/5040/files/Industry_Visualine-ApplicationImage.jpg?v=1787052884 | https://cdn.shopify.com/s/files/1/0715/1704/5040/files/PDP_Industry_Visualine1.webp?v=1787052883 | https://cdn.shopify.com/s/files/1/0715/1704/5040/files/PDP_Industry_Visualine2.webp?v=1787052884 | https://cdn.shopify.com/s/files/1/0715/1704/5040/files/PDP_Industry_Visualine3.webp?v=1787052883,2026-08-18T17:04:40+05:30,2026-09-08T08:56:46+05:30
Crompton,Eridanus,Professional Industry,"application-automotive, application-food-beverage, application-industry, application-logistics, application-manufacturing-plants, application-steel-industry, Applications, Auto Production & Assembly Lines, Auto Quality Control & Inspection Zones, Chemical / Processing Areas, Cold Storage, Data Production & Assembly Lines, Dry Storage / Warehouses, Fabrication & Workshop Areas, Highbays, Inspection & Quality Control, Loading & Unloading Bays, Machine Shops / Heavy Equipment Areas, Material Handling & Conveyors, MP Material Handling & Conveyors, Mp Production / Assembly Lines, MP Quality Control & Inspection Zones, Open Warehouses, Packaging & Filling Lines, Packing Zones, product-highbays, product-industry, Production & Assembly Lines, Production / Processing Areas, Quality Control & Inspection Zones, Raw Material Handling & Storage Areas, Raw Material Handling / Storage Yards, Rolling Mills & Finishing Lines, Service & Maintenance Area, SI Material Handling & Conveyors, Storage Aisles, Warehousing & Finished Goods Storage",professional-lighting-eridanus,https://www.crompton.co.in/products/professional-lighting-eridanus,0.0,0.0,Title,Default Title :: SKU=None :: ₹0.00,5,https://cdn.shopify.com/s/files/1/0715/1704/5040/files/Industry_Eridanus.webp?v=1787052860 | https://cdn.shopify.com/s/files/1/0715/1704/5040/files/Industry_Eridanus-ApplicationImage_1.webp?v=1787052860 | https://cdn.shopify.com/s/files/1/0715/1704/5040/files/PDP_Industry_Eridanus1.webp?v=1787052861 | https://cdn.shopify.com/s/files/1/0715/1704/5040/files/PDP_Industry_Eridanus2.webp?v=1787052862 | https://cdn.shopify.com/s/files/1/0715/1704/5040/files/PDP_Industry_Eridanus3.webp?v=1787052860,2026-08-18T17:04:16+05:30,2026-09-08T08:56:46+05:30
Crompton,Capricornus Pro,Professional Industry,"application-automotive, application-food-beverage, application-industry, application-logistics, application-manufacturing-plants, application-steel-industry, Applications, Auto Production & Assembly Lines, Auto Quality Control & Inspection Zones, Chemical / Processing Areas, Cold Storage, Data Production & Assembly Lines, Dry Storage / Warehouses, Fabrication & Workshop Areas, Highbays, Inspection & Quality Control, Loading & Unloading Bays, Machine Shops / Heavy Equipment Areas, Material Handling & Conveyors, MP Material Handling & Conveyors, Mp Production / Assembly Lines, MP Quality Control & Inspection Zones, Open Warehouses, Packaging & Filling Lines, Packing Zones, product-highbays, product-industry, Production & Assembly Lines, Production / Processing Areas, Quality Control & Inspection Zones, Raw Material Handling & Storage Areas, Raw Material Handling / Storage Yards, Rolling Mills & Finishing Lines, Service & Maintenance Area, SI Material Handling & Conveyors, Storage Aisles, Warehousing & Finished Goods Storage",professional-lighting-capricornus-pro,https://www.crompton.co.in/products/professional-lighting-capricornus-pro,0.0,0.0,Title,Default Title :: SKU=None :: ₹0.00,5,https://cdn.shopify.com/s/files/1/0715/1704/5040/files/Industry_CapricornusPro.webp?v=1787052858 | https://cdn.shopify.com/s/files/1/0715/1704/5040/files/Industry_AI-CapricornusPro.webp?v=1787052858 | https://cdn.shopify.com/s/files/1/0715/1704/5040/files/PDP_Industry_CapricornusPro1.webp?v=1787052859 | https://cdn.shopify.com/s/files/1/0715/1704/5040/files/PDP_Industry_CapricornusPro2.webp?v=1787052858 | https://cdn.shopify.com/s/files/1/0715/1704/5040/files/PDP_Industry_CapricornusPro3.webp?v=1787052857,2026-08-18T17:04:14+05:30,2026-09-08T08:56:46+05:30
Crompton,Capricornus,Professional Industry,"application-automotive, application-food-beverage, application-industry, application-logistics, application-manufacturing-plants, application-steel-industry, Applications, Auto Production & Assembly Lines, Auto Quality Control & Inspection Zones, Chemical / Processing Areas, Cold Storage, Data Production & Assembly Lines, Dry Storage / Warehouses, Fabrication & Workshop Areas, Highbays, Inspection & Quality Control, Loading & Unloading Bays, Machine Shops / Heavy Equipment Areas, Material Handling & Conveyors, MP Material Handling & Conveyors, Mp Production / Assembly Lines, MP Quality Control & Inspection Zones, Open Warehouses, Packaging & Filling Lines, Packing Zones, product-highbays, product-industry, Production & Assembly Lines, Production / Processing Areas, Quality Control & Inspection Zones, Raw Material Handling & Storage Areas, Raw Material Handling / Storage Yards, Rolling Mills & Finishing Lines, Service & Maintenance Area, SI Material Handling & Conveyors, Storage Aisles, Warehousing & Finished Goods Storage",professional-lighting-capricornus,https://www.crompton.co.in/products/professional-lighting-capricornus,0.0,0.0,Title,Default Title :: SKU=None :: ₹0.00,5,https://cdn.shopify.com/s/files/1/0715/1704/5040/files/Industry_Capricornus.webp?v=1787052856 | https://cdn.shopify.com/s/files/1/0715/1704/5040/files/Industry_Capricornus-ApplicationImage.webp?v=1787052857 | https://cdn.shopify.com/s/files/1/0715/1704/5040/files/PDP_Industry_Capricornus1.webp?v=1787052856 | https://cdn.shopify.com/s/files/1/0715/1704/5040/files/PDP_Industry_Capricornus2.webp?v=1787052856 | https://cdn.shopify.com/s/files/1/0715/1704/5040/files/PDP_Industry_Capricornus3.webp?v=1787052855,2026-08-18T17:04:12+05:30,2026-09-08T08:56:46+05:30
Crompton,Aquilla+,Professional Industry,"application-automotive, application-food-beverage, application-industry, application-logistics, application-manufacturing-plants, application-steel-industry, Applications, Auto Production & Assembly Lines, Auto Quality Control & Inspection Zones, Chemical / Processing Areas, Cold Storage, Data Production & Assembly Lines, Dry Storage / Warehouses, Fabrication & Workshop Areas, Highbays, Inspection & Quality Control, Loading & Unloading Bays, Machine Shops / Heavy Equipment Areas, Material Handling & Conveyors, MP Material Handling & Conveyors, Mp Production / Assembly Lines, MP Quality Control & Inspection Zones, Open Warehouses, Packaging & Filling Lines, Packing Zones, product-highbays, product-industry, Production & Assembly Lines, Production / Processing Areas, Quality Control & Inspection Zones, Raw Material Handling & Storage Areas, Raw Material Handling / Storage Yards, Rolling Mills & Finishing Lines, Service & Maintenance Area, SI Material Handling & Conveyors, Storage Aisles, Warehousing & Finished Goods Storage",professional-lighting-aquilla-plus,https://www.crompton.co.in/products/professional-lighting-aquilla-plus,0.0,0.0,Title,Default Title :: SKU=None :: ₹0.00,5,https://cdn.shopify.com/s/files/1/0715/1704/5040/files/Industry_Aquilla.webp?v=1787052854 | https://cdn.shopify.com/s/files/1/0715/1704/5040/files/Industry_AI-Aquilla.webp?v=1787052855 | https://cdn.shopify.com/s/files/1/0715/1704/5040/files/PDP_Industry_AquillaPlus1.webp?v=1787052856 | https://cdn.shopify.com/s/files/1/0715/1704/5040/files/PDP_Industry_AquillaPlus2.webp?v=1787052856 | https://cdn.shopify.com/s/files/1/0715/1704/5040/files/PDP_Industry_AquillaPlus3.webp?v=1787052856,2026-08-18T17:04:11+05:30,2026-09-08T08:56:46+05:30
Crompton,Delphinus+,Professional Industry,"application-automotive, application-food-beverage, application-industry, application-logistics, application-manufacturing-plants, application-steel-industry, Applications, Auto Production & Assembly Lines, Auto Quality Control & Inspection Zones, Chemical / Processing Areas, Cold Storage, Data Production & Assembly Lines, Dry Storage / Warehouses, Fabrication & Workshop Areas, Highbays, Inspection & Quality Control, Loading & Unloading Bays, Machine Shops / Heavy Equipment Areas, Material Handling & Conveyors, MP Material Handling & Conveyors, Mp Production / Assembly Lines, MP Quality Control & Inspection Zones, Open Warehouses, Packaging & Filling Lines, Packing Zones, product-highbays, product-industry, Production & Assembly Lines, Production / Processing Areas, Quality Control & Inspection Zones, Raw Material Handling & Storage Areas, Raw Material Handling / Storage Yards, Rolling Mills & Finishing Lines, Service & Maintenance Area, SI Material Handling & Conveyors, Storage Aisles, Warehousing & Finished Goods Storage",professional-lighting-delphinus-plus,https://www.crompton.co.in/products/professional-lighting-delphinus-plus,0.0,0.0,Title,Default Title :: SKU=None :: ₹0.00,5,https://cdn.shopify.com/s/files/1/0715/1704/5040/files/Industry_Delphinus_plus-_Product_Image.webp?v=1787052853 | https://cdn.shopify.com/s/files/1/0715/1704/5040/files/Industry_AI-Delphinus.webp?v=1787052853 | https://cdn.shopify.com/s/files/1/0715/1704/5040/files/PDP_Industry_DelphinusPlus1.webp?v=1787052852 | https://cdn.shopify.com/s/files/1/0715/1704/5040/files/PDP_Industry_DelphinusPlus2.webp?v=1787052852 | https://cdn.shopify.com/s/files/1/0715/1704/5040/files/PDP_Industry_DelphinusPlus3.webp?v=1787052852,2026-08-18T17:04:09+05:30,2026-09-08T08:56:46+05:30
Crompton,Trendz+,Professional Indoor Commercial,"Administrative Offices, application-datacenters, application-education, application-healthcare, application-indoor, application-modern-office, application-retail, Applications, Art Gallerys, Cabins, Classrooms & Lecture Halls, Co-Working Spaces, Conference / Training Rooms, Conference/Board Rooms, Data Halls, Diagnostic Labs, Dialysis / Chemo / Day Care, Edu Auditoriums, Emergency Dept, Executive Cabins, Laboratories, Libraries, Linear, Main Lobby / Reception, Meeting Rooms, OPD/Examination Rooms, Open Workstations, product-indoor, product-linears, Seminar Halls, Showrooms, Staff Rooms, Super Markets, Waiting Areas/Nursing Stations",professional-lighting-trendz-plus,https://www.crompton.co.in/products/professional-lighting-trendz-plus,0.0,0.0,Title,Default Title :: SKU=None :: ₹0.00,8,https://cdn.shopify.com/s/files/1/0715/1704/5040/files/PDP__Indoor_-_TrendZ_2.webp?v=1787052839 | https://cdn.shopify.com/s/files/1/0715/1704/5040/files/Indoor__AI-TrendZ_932f3e2f-aab4-4374-a5cc-e5395ddbfef0.png?v=1787052839 | https://cdn.shopify.com/s/files/1/0715/1704/5040/files/PDP__Indoor-TrendZ1.webp?v=1787052839 | https://cdn.shopify.com/s/files/1/0715/1704/5040/files/PDP__Indoor-TrendZ2.webp?v=1787052839 | https://cdn.shopify.com/s/files/1/0715/1704/5040/files/PDP__Indoor-TrendZ3.webp?v=1787052839 | https://cdn.shopify.com/s/files/1/0715/1704/5040/files/PDP__Indoor-TrendZ4.webp?v=1787052839 | https://cdn.shopify.com/s/files/1/0715/1704/5040/files/PDP__Indoor-TrendZ5.webp?v=1787052839 | https://cdn.shopify.com/s/files/1/0715/1704/5040/files/PDP__Indoor-TrendZ6.webp?v=1787052839,2026-08-18T17:03:56+05:30,2026-09-08T08:56:46+05:30
Crompton,Cromline,Professional Indoor Commercial,"Administrative Offices, application-education, application-healthcare, application-indoor, application-modern-office, application-retail, Applications, Art Gallerys, Cabins, Classrooms & Lecture Halls, Co-Working Spaces, Conference / Training Rooms, Conference/Board Rooms, Edu Auditoriums, Executive Cabins, Laboratories, Libraries, Linear, Main Lobby / Reception, Meeting Rooms, Open Workstations, product-indoor, product-linears, Seminar Halls, Showrooms, Staff Rooms, Super Markets",professional-lighting-cromline,https://www.crompton.co.in/products/professional-lighting-cromline,0.0,0.0,Title,Default Title :: SKU=None :: ₹0.00,5,https://cdn.shopify.com/s/files/1/0715/1704/5040/files/PDP__Indoor-Cromline1.webp?v=1787052837 | https://cdn.shopify.com/s/files/1/0715/1704/5040/files/Indoor_Cromline_S_-ApplicationImage_a1f7e319-c69b-46b4-8c85-d8953a9cf484.webp?v=1787052838 | https://cdn.shopify.com/s/files/1/0715/1704/5040/files/Indoor__Cromline_S.png?v=1787052837 | https://cdn.shopify.com/s/files/1/0715/1704/5040/files/PDP__Indoor-Cromline2.webp?v=1787052839 | https://cdn.shopify.com/s/files/1/0715/1704/5040/files/PDP__Indoor-Cromline3.webp?v=1787052838,2026-08-18T17:03:55+05:30,2026-09-08T08:56:46+05:30
Crompton,Crominfinite,Professional Indoor Commercial,product-indoor,professional-lighting-crominfinite,https://www.crompton.co.in/products/professional-lighting-crominfinite,0.0,0.0,Title,Default Title :: SKU=None :: ₹0.00,5,https://cdn.shopify.com/s/files/1/0715/1704/5040/files/PDP_Indoor-Crominfinite1.webp?v=1787052828 | https://cdn.shopify.com/s/files/1/0715/1704/5040/files/PDP_Indoor-Crominfinite2.webp?v=1787052829 | https://cdn.shopify.com/s/files/1/0715/1704/5040/files/PDP_Indoor-Crominfinite1_d13d19c7-16ff-4b25-91d6-b557229c5398.webp?v=1787052828 | https://cdn.shopify.com/s/files/1/0715/1704/5040/files/PDP_Indoor-Crominfinite2_ec7fe382-55c7-4b23-a281-6db0e1c0fda2.webp?v=1787052828 | https://cdn.shopify.com/s/files/1/0715/1704/5040/files/PDP_Indoor-Crominfinite3.webp?v=1787052829,2026-08-18T17:03:45+05:30,2026-09-08T08:56:46+05:30
Crompton,Crompton Niteo 3 Burner Hob,Hobs,"Built-In Gas Hob, Hobs",crompton-niteo-3-burner-hob,https://www.crompton.co.in/products/crompton-niteo-3-burner-hob,24999.0,24999.0,Color,Black :: SKU=HOB-NIHB783SP-MBL :: ₹24999.00,7,https://cdn.shopify.com/s/files/1/0715/1704/5040/files/NiteoHob3B_1-Photoroom.png?v=1786689347 | https://cdn.shopify.com/s/files/1/0715/1704/5040/files/NiteoHob3B_2.jpg?v=1786689346 | https://cdn.shopify.com/s/files/1/0715/1704/5040/files/WhatsAppImage2026-08-12at4.33.44PM.jpg?v=1786689346 | https://cdn.shopify.com/s/files/1/0715/1704/5040/files/NiteoHob3B_5.jpg?v=1786689346 | https://cdn.shopify.com/s/files/1/0715/1704/5040/files/NiteoHob3B_6.jpg?v=1786689346 | https://cdn.shopify.com/s/files/1/0715/1704/5040/files/NiteoHob3B_7.jpg?v=1786689346 | https://cdn.shopify.com/s/files/1/0715/1704/5040/files/NiteoHob3B_8.jpg?v=1786689346,2026-08-14T12:05:43+05:30,2026-09-08T08:56:46+05:30
Crompton,Crompton Ameo Edge Airfryer,Air Fryer,Air Fryer,crompton-ameo-edge-airfryer,https://www.crompton.co.in/products/crompton-ameo-edge-airfryer,10999.0,10999.0,Color,Black :: SKU=ACGAF-AMEON :: ₹10999.00,7,https://cdn.shopify.com/s/files/1/0715/1704/5040/files/tranparent.png?v=1786525576 | https://cdn.shopify.com/s/files/1/0715/1704/5040/files/1_6701d831-a5c9-4dc9-90cb-a0e38fe843e8.jpg?v=1786525576 | https://cdn.shopify.com/s/files/1/0715/1704/5040/files/2_66f06441-4cee-4de5-9f9c-93d2e67a1581.jpg?v=1786525576 | https://cdn.shopify.com/s/files/1/0715/1704/5040/files/3_cb126a02-ff62-48e6-927c-d3bf46c12c2a.jpg?v=1786525576 | https://cdn.shopify.com/s/files/1/0715/1704/5040/files/4_edc6d4fb-af9c-42ae-9c6d-29e50b136e44.jpg?v=1786525576 | https://cdn.shopify.com/s/files/1/0715/1704/5040/files/5_35b120a9-3025-4bce-9389-31172109147d.jpg?v=1786525576 | https://cdn.shopify.com/s/files/1/0715/1704/5040/files/6_acc8a01d-8de6-4318-9942-db2997daee32.jpg?v=1786525576,2026-08-12T14:36:13+05:30,2026-09-08T08:56:46+05:30
Crompton,Crompton PowerBox Alpha Max Extension Board,Extension Board,Extension Board,crompton-powerbox-alpha-max-extension-board,https://www.crompton.co.in/products/crompton-powerbox-alpha-max-extension-board,1699.0,1699.0,Color,White :: SKU=LEDPB-ALPHA-MAX :: ₹1699.00,7,https://cdn.shopify.com/s/files/1/0715/1704/5040/files/Artboard1_d4cd5279-fa06-44e6-94c2-001dcebeb08f.png?v=1785998084 | https://cdn.shopify.com/s/files/1/0715/1704/5040/files/Artboard2_3a23cdae-af80-4aa4-99f4-f43e50602237.jpg?v=1785996542 | https://cdn.shopify.com/s/files/1/0715/1704/5040/files/Artboard3_72c883ea-96f3-4a61-b533-e32070ab36b5.png?v=1785996543 | https://cdn.shopify.com/s/files/1/0715/1704/5040/files/Artboard4_12a8d613-7d72-40b9-9b19-e3fdaabb415d.png?v=1785996542 | https://cdn.shopify.com/s/files/1/0715/1704/5040/files/Artboard5_7c65b6bc-012e-4b23-8ea0-d46891431753.png?v=1785996543 | https://cdn.shopify.com/s/files/1/0715/1704/5040/files/Artboard6_a1352f34-1a44-43cf-9a5a-9a1c0e7e4fb9.jpg?v=1785996543 | https://cdn.shopify.com/s/files/1/0715/1704/5040/files/Artboard7_cd92fe1f-2dda-492e-aa74-b8121eb04eee.png?v=1785996543,2026-08-06T11:39:00+05:30,2026-09-08T08:56:46+05:30
Crompton,Crompton 3 Way Multiplug Plugmate Lite,Extension Board,Multiplugs,crompton-3-way-multiplug-plugmate-lite,https://www.crompton.co.in/products/crompton-3-way-multiplug-plugmate-lite,200.0,200.0,Color,White :: SKU=LEDPM-3WAYLITE :: ₹200.00,7,https://cdn.shopify.com/s/files/1/0715/1704/5040/files/Artboard1_ece42e6f-e88c-4309-872f-08dbdd464df9-Photoroom.png?v=1784895716 | https://cdn.shopify.com/s/files/1/0715/1704/5040/files/Artboard6_2d8e3efb-30d4-4518-984c-4b0acb44e457.png?v=1784894849 | https://cdn.shopify.com/s/files/1/0715/1704/5040/files/Artboard2_919e0ec3-43a5-4d82-b467-0c87063ce0b9.png?v=1784894849 | https://cdn.shopify.com/s/files/1/0715/1704/5040/files/Artboard3_07ae3891-8eb4-4258-b2fb-b7559aa2a6dd.png?v=1784894850 | https://cdn.shopify.com/s/files/1/0715/1704/5040/files/Artboard4_7b6bd8ae-00a5-4ca0-884e-c3ae733951ba.png?v=1784894850 | https://cdn.shopify.com/s/files/1/0715/1704/5040/files/Artboard5_3e10b4dc-1974-487e-a348-04c417b4d96d.png?v=1784894850 | https://cdn.shopify.com/s/files/1/0715/1704/5040/files/Artboard7_f5390a2b-0f6e-4618-badf-fd6e47046e55.png?v=1784894849,2026-07-24T17:37:26+05:30,2026-09-08T08:56:46+05:30
Crompton,Crompton 4 Way Multiplug Plugmate Max,Extension Board,Multiplugs,crompton-4-way-multiplug-plugmate-max,https://www.crompton.co.in/products/crompton-4-way-multiplug-plugmate-max,400.0,400.0,Color,White :: SKU=LEDPM-4WAYMAX :: ₹400.00,7,https://cdn.shopify.com/s/files/1/0715/1704/5040/files/1_c3999f95-1d82-49ad-9ecf-d7eb659f6bcf-Photoroom.png?v=1784895751 | https://cdn.shopify.com/s/files/1/0715/1704/5040/files/2_d229c350-e04a-45bc-907d-e85ea4582b8e.png?v=1784894848 | https://cdn.shopify.com/s/files/1/0715/1704/5040/files/3_0c095bf3-41f4-4dab-81a6-bf1a8938c5a7.png?v=1784894849 | https://cdn.shopify.com/s/files/1/0715/1704/5040/files/4_3d153adb-85ad-450a-bd45-8e0c3086d60e.png?v=1784894848 | https://cdn.shopify.com/s/files/1/0715/1704/5040/files/5_feb32fec-7399-4210-be69-1d1c533ec14f.png?v=1784894849 | https://cdn.shopify.com/s/files/1/0715/1704/5040/files/6_b15b6d20-b51e-4e88-b2c1-b6c4645aa61b.png?v=1784894849 | https://cdn.shopify.com/s/files/1/0715/1704/5040/files/7_e440a118-bf5d-457e-8e4e-7691d02fce74.png?v=1784894849,2026-07-24T17:37:24+05:30,2026-09-08T08:56:46+05:30
Crompton,Crompton Solarium DLX Water Heater,Storage Water Heaters,"Storage Water Heaters, type-storage-geysers",crompton-solarium-dlx-water-heater,https://www.crompton.co.in/products/crompton-solarium-dlx-water-heater,13000.0,16300.0,"Color, Capacity",Black and White/10-L :: SKU=ASWH 6810 :: ₹13000.00 | Black and White/15-L :: SKU=ASWH 6815 :: ₹14300.00 | Black and White/25-L :: SKU=ASWH 6825 :: ₹16300.00,7,https://cdn.shopify.com/s/files/1/0715/1704/5040/files/SolariumDLX-WaterHeater____29-06-26______1X1__1.png?v=1784263760 | https://cdn.shopify.com/s/files/1/0715/1704/5040/files/SolariumDLX-WaterHeater____29-06-26______1X1__2.jpg?v=1784194198 | https://cdn.shopify.com/s/files/1/0715/1704/5040/files/SolariumDLX-WaterHeater____29-06-26______1X1__3.jpg?v=1784194198 | https://cdn.shopify.com/s/files/1/0715/1704/5040/files/SolariumDLX-WaterHeater____29-06-26______1X1__4.jpg?v=1784194198 | https://cdn.shopify.com/s/files/1/0715/1704/5040/files/SolariumDLX-WaterHeater____29-06-26______1X1__5.jpg?v=1784194198 | https://cdn.shopify.com/s/files/1/0715/1704/5040/files/SolariumDLX-WaterHeater____29-06-26______1X1__7.jpg?v=1784194198 | https://cdn.shopify.com/s/files/1/0715/1704/5040/files/SolariumDLX-WaterHeater____29-06-26______1X1__6.jpg?v=1784194198,2026-07-16T14:59:55+05:30,2026-09-08T08:56:46+05:30
Crompton,Crompton Versa DLX Water Heater,Storage Water Heaters,"Storage Water Heaters, type-storage-geysers",crompton-versa-dlx-water-heater,https://www.crompton.co.in/products/crompton-versa-dlx-water-heater,10700.0,14500.0,"Color, Capacity",White/6-L :: SKU=ASWH 6706 :: ₹10700.00 | White/10-L :: SKU=ASWH 6710 :: ₹11500.00 | White/15-L :: SKU=ASWH 6715 :: ₹12500.00 | White/25-L :: SKU=ASWH 6725 :: ₹14500.00,8,https://cdn.shopify.com/s/files/1/0715/1704/5040/files/VersaDLX__1080x1080__1-removebg-preview-removebg-preview.png?v=1783933686 | https://cdn.shopify.com/s/files/1/0715/1704/5040/files/VersaDLX__1080x1080__1-removebg-preview.png?v=1783933190 | https://cdn.shopify.com/s/files/1/0715/1704/5040/files/VersaDLX__1080x1080__2.jpg?v=1783077411 | https://cdn.shopify.com/s/files/1/0715/1704/5040/files/VersaDLX__1080x1080__3.jpg?v=1783077410 | https://cdn.shopify.com/s/files/1/0715/1704/5040/files/VersaDLX__1080x1080__4.jpg?v=1783077410 | https://cdn.shopify.com/s/files/1/0715/1704/5040/files/VersaDLX__1080x1080__6.jpg?v=1783077411 | https://cdn.shopify.com/s/files/1/0715/1704/5040/files/VersaDLX__1080x1080__7.jpg?v=1783077410 | https://cdn.shopify.com/s/files/1/0715/1704/5040/files/VersaDLX__1080x1080__5.jpg?v=1783077410,2026-07-03T16:46:47+05:30,2026-09-08T08:56:46+05:30
Crompton,Crompton Radiant DLX Water Heater,Storage Water Heaters,"Storage Water Heaters, type-storage-geysers",crompton-radiant-dlx-water-heater,https://www.crompton.co.in/products/crompton-radiant-dlx-water-heater,15500.0,31950.0,"Color, Capacity",White/35-L :: SKU=ASWH-2735 :: ₹15500.00 | White/50-L :: SKU=ASWH-2750 :: ₹18500.00 | White/70-L :: SKU=ASWH 2770 :: ₹25950.00 | White/100-L :: SKU=ASWH 27100 :: ₹31950.00,13,https://cdn.shopify.com/s/files/1/0715/1704/5040/files/CopyofRadiantDLXWaterHeaterPL.png?v=1783058755 | https://cdn.shopify.com/s/files/1/0715/1704/5040/files/CopyofRadiantDLXWaterHeaterPL_01.jpg?v=1783058755 | https://cdn.shopify.com/s/files/1/0715/1704/5040/files/CopyofRadiantDLXWaterHeaterPL_02.jpg?v=1783058755 | https://cdn.shopify.com/s/files/1/0715/1704/5040/files/CopyofRadiantDLXWaterHeaterPL_03.jpg?v=1783058755 | https://cdn.shopify.com/s/files/1/0715/1704/5040/files/CopyofRadiantDLXWaterHeaterPL_04.jpg?v=1783058755 | https://cdn.shopify.com/s/files/1/0715/1704/5040/files/CopyofRadiantDLXWaterHeaterPL_05.jpg?v=1783058755 | https://cdn.shopify.com/s/files/1/0715/1704/5040/files/CopyofRadiantDLXWaterHeaterPL_c41feab9-bea4-4530-b51a-02778684efba.png?v=1783058755 | https://cdn.shopify.com/s/files/1/0715/1704/5040/files/CopyofRadiantDLXWaterHeaterPL_01_0b4597bc-7c06-469b-a80a-2aba0992c117.jpg?v=1783058755 | https://cdn.shopify.com/s/files/1/0715/1704/5040/files/CopyofRadiantDLXWaterHeaterPL_02_d8466c3e-f6c3-42ce-96b5-ad278063c4e6.jpg?v=1783058755 | https://cdn.shopify.com/s/files/1/0715/1704/5040/files/CopyofRadiantDLXWaterHeaterPL_03_ae8f6db0-2bab-4bf7-9ca2-ddf9ab53fe7f.jpg?v=1783058755 | https://cdn.shopify.com/s/files/1/0715/1704/5040/files/CopyofRadiantDLXWaterHeaterPL_04_7690195c-74db-45bc-a702-9cd8301405e6.jpg?v=1783058755 | https://cdn.shopify.com/s/files/1/0715/1704/5040/files/CopyofRadiantDLXWaterHeaterPL_05_9c0968bd-7bf0-493f-975f-80c7fa39fec6.jpg?v=1783058755 | https://cdn.shopify.com/s/files/1/0715/1704/5040/files/CopyofRadiantDLXWaterHeaterPL_06.jpg?v=1783058755,2026-07-03T11:35:52+05:30,2026-09-08T08:56:46+05:30
Crompton,Crompton Regera HZ RHS Water Heater,Storage Water Heaters,"Storage Water Heaters, type-storage-geysers",crompton-regera-hz-rhs-water-heater,https://www.crompton.co.in/products/crompton-regera-hz-rhs-water-heater,10700.0,13700.0,"Color, Capacity",White/10-L :: SKU=ASWH-5710 :: ₹10700.00 | White/15-L :: SKU=ASWH-5715 :: ₹11700.00 | White/25-L :: SKU=ASWH-5725 :: ₹13700.00,7,https://cdn.shopify.com/s/files/1/0715/1704/5040/files/CopyofRegeraRHSWaterHeaterPL.png?v=1783058753 | https://cdn.shopify.com/s/files/1/0715/1704/5040/files/CopyofRegeraRHSWaterHeaterPL_01.jpg?v=1783058753 | https://cdn.shopify.com/s/files/1/0715/1704/5040/files/RegeraRHSWaterHeaterPL_02_2.jpg?v=1783058753 | https://cdn.shopify.com/s/files/1/0715/1704/5040/files/CopyofRegeraRHSWaterHeaterPL_03.jpg?v=1783058753 | https://cdn.shopify.com/s/files/1/0715/1704/5040/files/CopyofRegeraRHSWaterHeaterPL_04.jpg?v=1783058753 | https://cdn.shopify.com/s/files/1/0715/1704/5040/files/RegeraRHSWaterHeaterPL_05_2.jpg?v=1783058753 | https://cdn.shopify.com/s/files/1/0715/1704/5040/files/CopyofRegeraRHSWaterHeaterPL_06.jpg?v=1783058753,2026-07-03T11:35:50+05:30,2026-09-08T08:56:46+05:30
Crompton,Crompton Acenza Plus Water Heater,Storage Water Heaters,"Storage Water Heaters, type-storage-geysers",crompton-acenza-plus-water-heater,https://www.crompton.co.in/products/crompton-acenza-plus-water-heater,8900.0,12700.0,"Color, Capacity",White/6-L :: SKU=ASWH-6106 :: ₹8900.00 | White/10-L :: SKU=ASWH-6110 :: ₹9700.00 | White/15-L :: SKU=ASWH-6115 :: ₹10700.00 | White/25-L :: SKU=ASWH-6125 :: ₹12700.00,7,https://cdn.shopify.com/s/files/1/0715/1704/5040/files/CopyofAcenzaPlus_PL.png?v=1783058751 | https://cdn.shopify.com/s/files/1/0715/1704/5040/files/CopyofAcenzaPlus_PL_01.jpg?v=1783058751 | https://cdn.shopify.com/s/files/1/0715/1704/5040/files/AcenzaPlus_PL_02.jpg?v=1783058751 | https://cdn.shopify.com/s/files/1/0715/1704/5040/files/CopyofAcenzaPlus_PL_03.jpg?v=1783058751 | https://cdn.shopify.com/s/files/1/0715/1704/5040/files/AcenzaPlus_PL_04.jpg?v=1783058751 | https://cdn.shopify.com/s/files/1/0715/1704/5040/files/CopyofAcenzaPlus_PL_05.1.jpg?v=1783058751 | https://cdn.shopify.com/s/files/1/0715/1704/5040/files/CopyofAcenzaPlus_PL_06.jpg?v=1783058751,2026-07-03T11:35:48+05:30,2026-09-08T08:56:46+05:30
Crompton,Crompton AMEO Chop'N'Peel,Mixers & Grinders,chopper,crompton-ameo-chopnpeel,https://www.crompton.co.in/products/crompton-ameo-chopnpeel,2999.0,2999.0,Color,Blue :: SKU=ACGCP-AMEOCHOPEEL :: ₹2999.00,7,https://cdn.shopify.com/s/files/1/0715/1704/5040/files/AMEOCHOPNPEEL_PL.png?v=1781759656 | https://cdn.shopify.com/s/files/1/0715/1704/5040/files/AMEOCHOPNPEEL_PL_01.jpg?v=1781759656 | https://cdn.shopify.com/s/files/1/0715/1704/5040/files/AMEO_CHOP_N_PEEL_PL_06.jpg?v=1781855587 | https://cdn.shopify.com/s/files/1/0715/1704/5040/files/AMEOCHOPNPEEL_PL_02.jpg?v=1781759656 | https://cdn.shopify.com/s/files/1/0715/1704/5040/files/AMEOCHOPNPEEL_PL_03.jpg?v=1781759656 | https://cdn.shopify.com/s/files/1/0715/1704/5040/files/AMEOCHOPNPEEL_PL_04.jpg?v=1781759656 | https://cdn.shopify.com/s/files/1/0715/1704/5040/files/AMEOCHOPNPEEL_PL_05.jpg?v=1781759656,2026-06-15T18:16:54+05:30,2026-09-08T08:56:46+05:30
Crompton,Crompton InstaNourish Pro 1.2L Multi Purpose Electric Kettle with Steamer,Kettles,Electric Kettle,crompton-instanourish-pro-1-2l-multi-purpose-electric-kettle-with-steamer,https://www.crompton.co.in/products/crompton-instanourish-pro-1-2l-multi-purpose-electric-kettle-with-steamer,2700.0,2700.0,Color,Black :: SKU=ACGEK-INSTANOURSHP :: ₹2700.00,7,https://cdn.shopify.com/s/files/1/0715/1704/5040/files/InstaNourishPro_1.2L_PL.png?v=1781526969 | https://cdn.shopify.com/s/files/1/0715/1704/5040/files/InstaNourishPro_1.2L_PL_01_d258b6d0-f5ce-4eae-ab67-b55b6883131f.jpg?v=1781526970 | https://cdn.shopify.com/s/files/1/0715/1704/5040/files/InstaNourishPro_1.2L_PL_02_1.jpg?v=1781526969 | https://cdn.shopify.com/s/files/1/0715/1704/5040/files/InstaNourishPro_1.2L_PL_03_0f3b5b8d-ad35-442b-8516-1e9348342663.jpg?v=1781526969 | https://cdn.shopify.com/s/files/1/0715/1704/5040/files/InstaNourishPro_1.2L_PL_04_1.jpg?v=1781526968 | https://cdn.shopify.com/s/files/1/0715/1704/5040/files/InstaNourishPro_1.2L_PL_05_30ee20be-8460-493e-ba7a-9b48c5d70aff.jpg?v=1781526969 | https://cdn.shopify.com/s/files/1/0715/1704/5040/files/InstaNourishPro_1.2L_PL_06_f3317d58-8ee1-4d88-9fc2-47a55a6f9176.jpg?v=1781526969,2026-06-15T18:06:06+05:30,2026-09-08T08:56:46+05:30
Crompton,Crompton Activhot 1.8L Cool-Touch Kettle with Wide Mouth,Kettles,Electric Kettle,crompton-activhot-1-8l-cool-touch-kettle-with-wide-mouth,https://www.crompton.co.in/products/crompton-activhot-1-8l-cool-touch-kettle-with-wide-mouth,2999.0,2999.0,Color,Black :: SKU=ACGEK-ACTIVHOT1.8 :: ₹2999.00,6,https://cdn.shopify.com/s/files/1/0715/1704/5040/files/ActivHot1.8L_PL_6a322306-6ef9-4c7a-8b48-54e2b3b5120a.png?v=1781526967 | https://cdn.shopify.com/s/files/1/0715/1704/5040/files/ActivHot1.8L_PL_01_1.jpg?v=1781526966 | https://cdn.shopify.com/s/files/1/0715/1704/5040/files/ActivHot1.8L_PL_02_1.jpg?v=1781526966 | https://cdn.shopify.com/s/files/1/0715/1704/5040/files/ActivHot1.8L_PL_03.1.jpg?v=1781526966 | https://cdn.shopify.com/s/files/1/0715/1704/5040/files/ActivHot1.8L_PL_04_1.jpg?v=1781526966 | https://cdn.shopify.com/s/files/1/0715/1704/5040/files/ActivHot1.8L_PL_05_1.jpg?v=1781526966,2026-06-15T18:06:03+05:30,2026-09-08T08:56:46+05:30
Crompton,Crompton AMEO Fresh Portable Blender,Blenders & Juicers,Nutri Blender,crompton-ameo-fresh-portable-blender,https://www.crompton.co.in/products/crompton-ameo-fresh-portable-blender,3499.0,3499.0,Color,Black :: SKU=ACGJMG-AMEOFRSHPB :: ₹3499.00,5,https://cdn.shopify.com/s/files/1/0715/1704/5040/files/Ameo_fresh_A0_off.png?v=1781854625 | https://cdn.shopify.com/s/files/1/0715/1704/5040/files/AmeoPort1ableblender_PL_01.jpg?v=1781238153 | https://cdn.shopify.com/s/files/1/0715/1704/5040/files/AmeoPort1ableblender_PL_02.jpg?v=1781238153 | https://cdn.shopify.com/s/files/1/0715/1704/5040/files/AmeoPort1ableblender_PL_03_jpg.jpg?v=1781238153 | https://cdn.shopify.com/s/files/1/0715/1704/5040/files/AmeoPort1ableblender_PL_04.jpg?v=1781238153,2026-06-12T09:52:29+05:30,2026-09-08T08:56:46+05:30
Crompton,Crompton Duro Grand Plus 750W Mixer Grinder,Mixers & Grinders,"Mixer Grinder, Mixer Grinder & Blenders",crompton-duro-grand-plus-750w-mixer-grinder,https://www.crompton.co.in/products/crompton-duro-grand-plus-750w-mixer-grinder,8700.0,8700.0,Color,Burgundy Black :: SKU=ACGM- DUROGRAND PLUS :: ₹8700.00,8,https://cdn.shopify.com/s/files/1/0715/1704/5040/files/DuroGrandPlus_ff8b87ef-560a-4d10-9737-0301865733c6.png?v=1781156946 | https://cdn.shopify.com/s/files/1/0715/1704/5040/files/DuroGrandPlus_1_ec7598a8-fc67-411d-80b5-209b43f2e23e.jpg?v=1781156946 | https://cdn.shopify.com/s/files/1/0715/1704/5040/files/DuroGrandPlus_2_d02c3a92-a684-404b-9e7b-d4136abfa056.jpg?v=1781156946 | https://cdn.shopify.com/s/files/1/0715/1704/5040/files/DuroGrandPlus_3_42c3905a-6a9a-48c4-80db-52f34a0cd789.jpg?v=1781156947 | https://cdn.shopify.com/s/files/1/0715/1704/5040/files/DuroGrandPlus_4_ffdc898f-3f55-4174-b70e-ca39d8ba6fac.jpg?v=1781156946 | https://cdn.shopify.com/s/files/1/0715/1704/5040/files/DuroGrandPlus_5_5c30ffb5-74bd-468e-834e-e6f209e1e86b.jpg?v=1781156946 | https://cdn.shopify.com/s/files/1/0715/1704/5040/files/DuroGrandPlus_6_4e9eba95-7ac0-4180-82cf-8ff86bbfb5e9.jpg?v=1781156946 | https://cdn.shopify.com/s/files/1/0715/1704/5040/files/DuroGrandPlus_7_e7a7ca8b-70b8-4247-8080-dd65808f1632.jpg?v=1781156946,2026-06-11T11:19:04+05:30,2026-09-08T08:56:46+05:30
Crompton,Crompton Ameo Pro Air Fryer,Air Fryer,Air Fryer,crompton-ameo-pro-air-fryer,https://www.crompton.co.in/products/crompton-ameo-pro-air-fryer,11999.0,11999.0,Color,Black :: SKU=ACGAF-AMEOPRO :: ₹11999.00,8,https://cdn.shopify.com/s/files/1/0715/1704/5040/files/AirFryerPNG.png?v=1781164521 | https://cdn.shopify.com/s/files/1/0715/1704/5040/files/2_c4c58f19-136c-4bc6-b446-a2c67c8e4c5e.jpg?v=1781071305 | https://cdn.shopify.com/s/files/1/0715/1704/5040/files/3_acfd3fc7-0600-458c-a00b-34b731e763f3.jpg?v=1781071305 | https://cdn.shopify.com/s/files/1/0715/1704/5040/files/4_f3ee69bb-4257-456b-a095-445936519e1a.jpg?v=1781071305 | https://cdn.shopify.com/s/files/1/0715/1704/5040/files/5_7e0730cb-99db-49fc-8c84-972e374266f2.jpg?v=1781071305 | https://cdn.shopify.com/s/files/1/0715/1704/5040/files/7_6af32a1d-61f4-42c1-929e-a5720fab1271.jpg?v=1781071305 | https://cdn.shopify.com/s/files/1/0715/1704/5040/files/8_ac418cc5-e688-43d2-b268-81ea9f475725.jpg?v=1781071305 | https://cdn.shopify.com/s/files/1/0715/1704/5040/files/6_89006c42-c905-42a9-b3d1-9ace1d2414c9.jpg?v=1781071305,2026-06-10T11:31:42+05:30,2026-09-08T08:56:46+05:30
Crompton,"Crompton Snap-10K, 10,000 mAh Wireless Power Bank",Power Banks,Power Banks,crompton-snap-10k-10-000-mah-wireless-power-bank,https://www.crompton.co.in/products/crompton-snap-10k-10-000-mah-wireless-power-bank,3799.0,3799.0,Color,Black :: SKU=PB10-SP22CI-BLK :: ₹3799.00,7,https://cdn.shopify.com/s/files/1/0715/1704/5040/files/PLTilescopy.png?v=1777987762 | https://cdn.shopify.com/s/files/1/0715/1704/5040/files/PLTilescopy2.png?v=1777987762 | https://cdn.shopify.com/s/files/1/0715/1704/5040/files/EnergionPLTiles_3_jpg.jpg?v=1777987762 | https://cdn.shopify.com/s/files/1/0715/1704/5040/files/PLTilescopy4.png?v=1777987762 | https://cdn.shopify.com/s/files/1/0715/1704/5040/files/PLTilescopy5.png?v=1777987762 | https://cdn.shopify.com/s/files/1/0715/1704/5040/files/PLTilescopy6.png?v=1777987762 | https://cdn.shopify.com/s/files/1/0715/1704/5040/files/PLTilescopy7.png?v=1777987762,2026-05-05T18:59:19+05:30,2026-09-08T08:56:46+05:30
Crompton,Crompton Pyra 4 Burner 70 cm Slim Cooktop,Cooktop,Cooktop,crompton-pyra-4-burner-70-cm-slim-cooktop,https://www.crompton.co.in/products/crompton-pyra-4-burner-70-cm-slim-cooktop,16999.0,16999.0,Color,Black :: SKU=CKT-PYR704-MSB :: ₹16999.00,8,https://cdn.shopify.com/s/files/1/0715/1704/5040/files/transprent_07625d25-f9af-4755-9e03-7fb484a97f7f.png?v=1777881247 | https://cdn.shopify.com/s/files/1/0715/1704/5040/files/Lifestyle_966c4b38-648d-4f93-a70f-ab7e8e452db4.png?v=1777881247 | https://cdn.shopify.com/s/files/1/0715/1704/5040/files/BrassBurner_7823929d-6a58-43f6-a589-45f30c9aa3e6.png?v=1777881247 | https://cdn.shopify.com/s/files/1/0715/1704/5040/files/PansupportwithFlameGuard_3f7fc841-a6c3-4e0e-b8bc-8279559c15c3.png?v=1777881247 | https://cdn.shopify.com/s/files/1/0715/1704/5040/files/8mmMattToughened_ccb6b3c7-5989-49c0-9013-6f487d0929fc.png?v=1777881247 | https://cdn.shopify.com/s/files/1/0715/1704/5040/files/Pyra4BurnerSpaciousDesignFold.png?v=1777891259 | https://cdn.shopify.com/s/files/1/0715/1704/5040/files/PyraPL4B.png?v=1777893033 | https://cdn.shopify.com/s/files/1/0715/1704/5040/files/Warranty_77586a46-18f8-4078-b790-9eab5f5b2798.png?v=1777881247,2026-05-04T13:24:04+05:30,2026-09-08T08:56:46+05:30
Crompton,Crompton Pyra 3 Burner 77cm Slim Cooktop,Cooktop,Cooktop,crompton-pyra-3-burner-77cm-slim-cooktop,https://www.crompton.co.in/products/crompton-pyra-3-burner-77cm-slim-cooktop,14999.0,14999.0,Color,Black :: SKU=CKT-PYR773-MSB :: ₹14999.00,8,https://cdn.shopify.com/s/files/1/0715/1704/5040/files/PyraPL_6a069a74-71d9-4ae6-880a-37341b81acf7.png?v=1777881245 | https://cdn.shopify.com/s/files/1/0715/1704/5040/files/PyraLifestylePL.jpg?v=1777881245 | https://cdn.shopify.com/s/files/1/0715/1704/5040/files/BrassBurner_cb8802a5-9f7a-4d65-b9ad-04f6301c5efa.jpg?v=1777881244 | https://cdn.shopify.com/s/files/1/0715/1704/5040/files/PansupportwithFlameGuard_99887857-8cc9-4b8c-84f4-e9f168be091a.jpg?v=1777881245 | https://cdn.shopify.com/s/files/1/0715/1704/5040/files/8mmMattToughened_c8cb914e-ad26-4fe1-9808-c5510639b821.jpg?v=1777881245 | https://cdn.shopify.com/s/files/1/0715/1704/5040/files/Pyra3BurnerSpaciousDesign.jpg?v=1777892975 | https://cdn.shopify.com/s/files/1/0715/1704/5040/files/Pyra3burnerPL.jpg?v=1777893000 | https://cdn.shopify.com/s/files/1/0715/1704/5040/files/Warranty_9eb5f68e-5954-4015-980b-b74a6891bf8b.jpg?v=1777881244,2026-05-04T13:24:02+05:30,2026-09-08T08:56:46+05:30
Crompton,AQUAGOLD 50-23 - Mini Self Priming Regenerative Pump,Agricultural Pumps,"agricultural, Agriculture Pumps, Mini Pump",aquagold-50-23-mini-self-priming-regenerative-pump,https://www.crompton.co.in/products/aquagold-50-23-mini-self-priming-regenerative-pump,8525.0,8525.0,Color,Black & Silver :: SKU=AQUAGOLD 50-23 :: ₹8525.00,5,https://cdn.shopify.com/s/files/1/0715/1704/5040/files/AquaGola50-23.png?v=1777437718 | https://cdn.shopify.com/s/files/1/0715/1704/5040/files/Artboard1_844792a2-1297-4aa2-b9ea-307c2cfd1eda.jpg?v=1777437718 | https://cdn.shopify.com/s/files/1/0715/1704/5040/files/Artboard2_07bbf708-74be-4f61-b841-3b437d2a2a0c.jpg?v=1777437718 | https://cdn.shopify.com/s/files/1/0715/1704/5040/files/Artboard3_30700903-eb71-4188-bc76-1da8961882f2.jpg?v=1777437718 | https://cdn.shopify.com/s/files/1/0715/1704/5040/files/Artboard4_d0ac4dc0-3b70-4845-b340-7198949190ac.jpg?v=1777437718,2026-04-27T17:10:15+05:30,2026-09-08T08:56:46+05:30
Crompton,OWE1.52(1PH)B-38FS - Openwell Submersible Pump 1.5 HP,Agricultural Pumps,"agricultural, Agriculture Pumps, Openwell Submersible Pumps",owe1-521phb-38fs-openwell-submersible-pump-1-5-hp,https://www.crompton.co.in/products/owe1-521phb-38fs-openwell-submersible-pump-1-5-hp,28525.0,28525.0,Color,Black & Silver :: SKU=OWE1.52(1PH)B-38FS :: ₹28525.00,5,https://cdn.shopify.com/s/files/1/0715/1704/5040/files/Artboard0_a7f35d51-c801-4fcf-b435-931efb7e6fbd.png?v=1777290020 | https://cdn.shopify.com/s/files/1/0715/1704/5040/files/Artboard1_98ba88ba-ee0f-41ce-b6fc-ee0ad75da8cf.jpg?v=1777290019 | https://cdn.shopify.com/s/files/1/0715/1704/5040/files/Artboard2_2448c18a-d3d0-4bff-949f-41dddae73d60.jpg?v=1777290019 | https://cdn.shopify.com/s/files/1/0715/1704/5040/files/Artboard3_8d2e17ae-bd68-440a-ac75-3930e24164c6.jpg?v=1777290020 | https://cdn.shopify.com/s/files/1/0715/1704/5040/files/Artboard4_c6093da1-ff9c-4858-8e7c-7464f53b3ee4.jpg?v=1777290019,2026-04-27T17:10:17+05:30,2026-09-08T08:56:46+05:30
Crompton,Crompton Armor 5X90 Ultra Halogen Free Flame Retardant XLPE Cable,House Wires,"FR House Wires, House Wire",crompton-armor-5x90-ultra-halogen-free-flame-retardant-xlpe-cable,https://www.crompton.co.in/products/crompton-armor-5x90-ultra-halogen-free-flame-retardant-xlpe-cable,3440.0,12610.0,"Color, Core Size (sq mm)",Blue/1 :: SKU=AR5X09011D00B :: ₹3440.00 | Blue/1.5 :: SKU=AR5X09011D50B :: ₹5160.00 | Blue/2.5 :: SKU=AR5X09012D50B :: ₹8600.00 | Blue/4 :: SKU=AR5X09014D00B :: ₹12610.00 | red/1 :: SKU=AR5X09011D00R :: ₹3440.00 | red/1.5 :: SKU=AR5X09011D50R :: ₹5160.00 | red/2.5 :: SKU=AR5X09012D50R :: ₹8600.00 | red/4 :: SKU=AR5X09014D00R :: ₹12610.00 | Green/1 :: SKU=AR5X09011D00G :: ₹3440.00 | Green/1.5 :: SKU=AR5X09011D50G :: ₹5160.00 | Green/2.5 :: SKU=AR5X09012D50G :: ₹8600.00 | Green/4 :: SKU=AR5X09014D00G :: ₹12610.00 | Black/1 :: SKU=AR5X09011D00K :: ₹3440.00 | Black/1.5 :: SKU=AR5X09011D50K :: ₹5160.00 | Black/2.5 :: SKU=AR5X09012D50K :: ₹8600.00 | Black/4 :: SKU=AR5X09014D00K :: ₹12610.00 | Yellow/1 :: SKU=AR5X09011D00Y :: ₹3440.00 | Yellow/1.5 :: SKU=AR5X09011D50Y :: ₹5160.00 | Yellow/2.5 :: SKU=AR5X09012D50Y :: ₹8600.00 | Yellow/4 :: SKU=AR5X09014D00Y :: ₹12610.00,25,https://cdn.shopify.com/s/files/1/0715/1704/5040/files/Ultra_PL_RED_Fold_1_06402c79-bfd0-4136-9544-617a708e77f0.png?v=1777286695 | https://cdn.shopify.com/s/files/1/0715/1704/5040/files/Ultra_PL_RED_Fold_2_a561e638-8334-4231-8e63-a589f0155407.jpg?v=1777286695 | https://cdn.shopify.com/s/files/1/0715/1704/5040/files/1SQArtboard3_0e1ee61f-63db-4dfc-a28a-8a1a95ce10df.png?v=1777286695 | https://cdn.shopify.com/s/files/1/0715/1704/5040/files/1SQArtboard4_93b0cfe4-bb47-4c59-b298-b6e6e745c9d0.jpg?v=1777286695 | https://cdn.shopify.com/s/files/1/0715/1704/5040/files/1SQArtboard5_83e113c1-2cc7-4b34-be64-31eb7ce99fa5.jpg?v=1777286695 | https://cdn.shopify.com/s/files/1/0715/1704/5040/files/Ultra_PL_BLUE_Fold_1_39f95961-ea23-442c-801a-49b70f1d7d81.png?v=1777286695 | https://cdn.shopify.com/s/files/1/0715/1704/5040/files/Ultra_PL_BLUE_Fold_2_36c7f71c-1438-4dbf-90d6-4c63b80390f1.jpg?v=1777286695 | https://cdn.shopify.com/s/files/1/0715/1704/5040/files/Fold3_4321b9c6-e5c3-4ad1-ad35-6e8955016ce1.jpg?v=1777286695 | https://cdn.shopify.com/s/files/1/0715/1704/5040/files/Fold4_fa3f2b27-47df-42cc-8974-8e380723fc52.jpg?v=1777286695 | https://cdn.shopify.com/s/files/1/0715/1704/5040/files/Fold5_735e56c5-dea4-4640-969a-c4d6519966e9.jpg?v=1777286695 | https://cdn.shopify.com/s/files/1/0715/1704/5040/files/Ultra_PL_BLACK_Fold_1.png?v=1777286695 | https://cdn.shopify.com/s/files/1/0715/1704/5040/files/Ultra_PL_BLACK_Fold_2_7aaa0820-ff12-439a-b712-e548ef6bbdad.jpg?v=1777286695 | https://cdn.shopify.com/s/files/1/0715/1704/5040/files/Artboard2_9901f9b8-bd37-44bc-a9ce-5c438cf098eb.png?v=1777286695 | https://cdn.shopify.com/s/files/1/0715/1704/5040/files/Artboard3_30922740-d3a0-4975-b5d8-75f2cd7f2aec.jpg?v=1777286695 | https://cdn.shopify.com/s/files/1/0715/1704/5040/files/Artboard4_90adc910-5b21-4494-aff2-f246d647a693.png?v=1777286695 | https://cdn.shopify.com/s/files/1/0715/1704/5040/files/Ultra_PL_YELLOW_Fold_1.png?v=1777286695 | https://cdn.shopify.com/s/files/1/0715/1704/5040/files/Ultra_PL_YELLOW_Fold_2_39e9c3c3-0d40-477d-9379-dfbe4708da89.jpg?v=1777286695 | https://cdn.shopify.com/s/files/1/0715/1704/5040/files/1Artboard_2_7e38d0b2-6bc8-45e2-b426-cc30814c1c94.jpg?v=1777286695 | https://cdn.shopify.com/s/files/1/0715/1704/5040/files/1Artboard_3_e4839499-3ede-4fd8-b7d9-423e60f51394.jpg?v=1777286695 | https://cdn.shopify.com/s/files/1/0715/1704/5040/files/1Artboard_4_baaddcc1-3c3a-4989-948c-a838ab9d9ef7.jpg?v=1777286695 | https://cdn.shopify.com/s/files/1/0715/1704/5040/files/Ultra_PL_GREEN_Fold_1_71d37123-e205-4418-9200-2f620fa7b2f8.png?v=1777286695 | https://cdn.shopify.com/s/files/1/0715/1704/5040/files/Ultra_PL_GREEN_Fold_2.png?v=1777286695 | https://cdn.shopify.com/s/files/1/0715/1704/5040/files/Ultra_PL_GREEN_Fold_3.png?v=1777286695 | https://cdn.shopify.com/s/files/1/0715/1704/5040/files/Ultra_PL_GREEN_Fold_4.png?v=1777286696 | https://cdn.shopify.com/s/files/1/0715/1704/5040/files/Ultra_PL_GREEN_Fold_5.png?v=1777286696,2026-04-08T16:50:05+05:30,2026-09-08T08:56:46+05:30
Crompton,Crompton Armor 5F90 Flame Retardant Insulated Cable,House Wires,"FR House Wires, House Wire",crompton-armor-5f90-flame-retardant-insulated-cable,https://www.crompton.co.in/products/crompton-armor-5f90-flame-retardant-insulated-cable,2500.0,16000.0,"Color, Core Size (sq mm)",red/0.75 :: SKU=AR5F09010D75R :: ₹2500.00 | red/1 :: SKU=AR5F09011D00R :: ₹3000.00 | red/1.5 :: SKU=AR5F09011D50R :: ₹4500.00 | red/2.5 :: SKU=AR5F09012D50R :: ₹7500.00 | red/4 :: SKU=AR5F09014D00R :: ₹11000.00 | red/6 :: SKU=AR5F09016D00R :: ₹16000.00 | Green/0.75 :: SKU=AR5F09010D75G :: ₹2500.00 | Green/1 :: SKU=AR5F09011D00G :: ₹3000.00 | Green/1.5 :: SKU=AR5F09011D50G :: ₹4500.00 | Green/2.5 :: SKU=AR5F09012D50G :: ₹7500.00 | Green/4 :: SKU=AR5F09014D00G :: ₹11000.00 | Green/6 :: SKU=AR5F09016D00G :: ₹16000.00 | Blue/0.75 :: SKU=AR5F09010D75B :: ₹2500.00 | Blue/1 :: SKU=AR5F09011D00B :: ₹3000.00 | Blue/1.5 :: SKU=AR5F09011D50B :: ₹4500.00 | Blue/2.5 :: SKU=AR5F09012D50B :: ₹7500.00 | Blue/4 :: SKU=AR5F09014D00B :: ₹11000.00 | Blue/6 :: SKU=AR5F09016D00B :: ₹16000.00 | Black/0.75 :: SKU=AR5F09010D75K :: ₹2500.00 | Black/1 :: SKU=AR5F09011D00K :: ₹3000.00 | Black/1.5 :: SKU=AR5F09011D50K :: ₹4500.00 | Black/2.5 :: SKU=AR5F09012D50K :: ₹7500.00 | Black/4 :: SKU=AR5F09014D00K :: ₹11000.00 | Black/6 :: SKU=AR5F09016D00K :: ₹16000.00 | Yellow/0.75 :: SKU=AR5F09010D75Y :: ₹2500.00 | Yellow/1 :: SKU=AR5F09011D00Y :: ₹3000.00 | Yellow/1.5 :: SKU=AR5F09011D50Y :: ₹4500.00 | Yellow/2.5 :: SKU=AR5F09012D50Y :: ₹7500.00 | Yellow/4 :: SKU=AR5F09014D00Y :: ₹11000.00 | Yellow/6 :: SKU=AR5F09016D00Y :: ₹16000.00,151,https://cdn.shopify.com/s/files/1/0715/1704/5040/files/FR__5F90_PL_RED_Fold_1.png?v=1777286689 | https://cdn.shopify.com/s/files/1/0715/1704/5040/files/FR__5F90_PL_RED_Fold_2_48974e21-e2a4-46a9-a956-1a25b32e91d6.jpg?v=1777286689 | https://cdn.shopify.com/s/files/1/0715/1704/5040/files/0.75Artboard3_8e719159-ea79-407e-9e92-52ea784ad936.png?v=1777286689 | https://cdn.shopify.com/s/files/1/0715/1704/5040/files/0.75Artboard4_3b1b505e-b3f4-4604-ae06-97a6e04b3140.jpg?v=1777286689 | https://cdn.shopify.com/s/files/1/0715/1704/5040/files/0.75Artboard5_975cc21a-b90d-4919-bcdb-73c29cee66dd.jpg?v=1777286689 | https://cdn.shopify.com/s/files/1/0715/1704/5040/files/FR__5F90_PL_RED_Fold_1_7c9854dc-d0ef-4744-913c-088d228b9bc1.png?v=1777286689 | https://cdn.shopify.com/s/files/1/0715/1704/5040/files/FR__5F90_PL_RED_Fold_2_bea88c90-8fad-489c-b137-e4b9a0747758.jpg?v=1777286689 | https://cdn.shopify.com/s/files/1/0715/1704/5040/files/1Artboard3_b114aed0-24a0-4a23-844f-b96cba5ebfea.png?v=1777286689 | https://cdn.shopify.com/s/files/1/0715/1704/5040/files/1Artboard4_54b030f4-b5e9-4e29-a510-d1b0a8c4a713.jpg?v=1777286689 | https://cdn.shopify.com/s/files/1/0715/1704/5040/files/1Artboard5_2ad1c8d6-8d37-46f2-a06f-0ee77debc6d3.jpg?v=1777286690 | https://cdn.shopify.com/s/files/1/0715/1704/5040/files/FR__5F90_PL_RED_Fold_1_9dbcc606-bf28-4e78-8c58-5c4fa3db6355.png?v=1777286689 | https://cdn.shopify.com/s/files/1/0715/1704/5040/files/FR__5F90_PL_RED_Fold_2_13adc667-67cc-411b-bb38-cf50c4318c38.jpg?v=1777286689 | https://cdn.shopify.com/s/files/1/0715/1704/5040/files/1.5Artboard3_386dcbc4-5f51-45dc-840c-b7be31e7b77a.png?v=1777286690 | https://cdn.shopify.com/s/files/1/0715/1704/5040/files/1.5Artboard4_f0a6ea06-b5e9-4660-ad3e-4d7bc7b440d5.jpg?v=1777286689 | https://cdn.shopify.com/s/files/1/0715/1704/5040/files/1.5Artboard5_590f4cef-4e6e-4014-9214-f7b096830e4b.jpg?v=1777286689 | https://cdn.shopify.com/s/files/1/0715/1704/5040/files/FR__5F90_PL_RED_Fold_1_b97bdae8-7539-4729-aa29-a2ef03043a40.png?v=1777286689 | https://cdn.shopify.com/s/files/1/0715/1704/5040/files/FR__5F90_PL_RED_Fold_2_2728d283-225e-4226-818b-c8fff58b3dfc.jpg?v=1777286689 | https://cdn.shopify.com/s/files/1/0715/1704/5040/files/2.5Artboard3_e5becc05-5268-4366-b95c-327da69eb25a.png?v=1777286690 | https://cdn.shopify.com/s/files/1/0715/1704/5040/files/2.5Artboard4_3cf55b43-9d42-4531-9c21-6829920a1acc.jpg?v=1777286689 | https://cdn.shopify.com/s/files/1/0715/1704/5040/files/2.5Artboard5_2388b290-eb58-45f6-badb-0ded7973050f.jpg?v=1777286689 | https://cdn.shopify.com/s/files/1/0715/1704/5040/files/FR__5F90_PL_RED_Fold_1_18e01128-6f7b-4a0a-9559-9a96cff6f7ca.png?v=1777286689 | https://cdn.shopify.com/s/files/1/0715/1704/5040/files/FR__5F90_PL_RED_Fold_2_fb82e3fc-e9cf-41cc-aad6-74646fc6ab1e.jpg?v=1777286689 | https://cdn.shopify.com/s/files/1/0715/1704/5040/files/2.5Artboard3_9c8cf54a-591b-489f-a116-5a0aead074c8.png?v=1777286690 | https://cdn.shopify.com/s/files/1/0715/1704/5040/files/2.5Artboard4_0688d01f-4230-4d57-919c-af966b1cd2f5.jpg?v=1777286689 | https://cdn.shopify.com/s/files/1/0715/1704/5040/files/2.5Artboard5_3e56f804-1842-4f90-b8a2-160f4a75238f.jpg?v=1777286689 | https://cdn.shopify.com/s/files/1/0715/1704/5040/files/4SQ_487be846-e786-428c-8593-53243d454fe6.png?v=1777286689 | https://cdn.shopify.com/s/files/1/0715/1704/5040/files/4SQ_c5c40081-ff25-42f8-b5d5-7473077242f8.jpg?v=1777286689 | https://cdn.shopify.com/s/files/1/0715/1704/5040/files/4Artboard3_34bfddfa-ede9-4894-a4e3-89076299408d.png?v=1777286690 | https://cdn.shopify.com/s/files/1/0715/1704/5040/files/4Artboard4_29bb5a6f-ed77-4006-9f05-251f30d64394.jpg?v=1777286689 | https://cdn.shopify.com/s/files/1/0715/1704/5040/files/4Artboard5_2f9c2eba-1e5a-4a51-89e5-40613a759deb.jpg?v=1777286689 | https://cdn.shopify.com/s/files/1/0715/1704/5040/files/FR__5F90_PL_RED_Fold_1_25fd9790-801b-4f7d-b42c-7bc7a68863b5.png?v=1777286693 | https://cdn.shopify.com/s/files/1/0715/1704/5040/files/FR__5F90_PL_RED_Fold_2_f44fbb7b-59ea-4554-922b-bb402fa4ba99.jpg?v=1777286689 | https://cdn.shopify.com/s/files/1/0715/1704/5040/files/6Artboard3_bfcabcba-23ac-4548-ada2-262129de7804.png?v=1777286689 | https://cdn.shopify.com/s/files/1/0715/1704/5040/files/6Artboard4_476edd1f-4f0b-47c9-b172-6b2925108ce6.jpg?v=1777286689 | https://cdn.shopify.com/s/files/1/0715/1704/5040/files/6Artboard5_357859a6-e754-4f52-8184-c1aa6f42ba75.jpg?v=1777286689 | https://cdn.shopify.com/s/files/1/0715/1704/5040/files/10SQ_04af904d-f162-4154-93d7-6a326bf14809.png?v=1777286690 | https://cdn.shopify.com/s/files/1/0715/1704/5040/files/10SQ_866c73a2-5604-4ad8-835f-eef3d6b7032f.jpg?v=1777286689 | https://cdn.shopify.com/s/files/1/0715/1704/5040/files/10Artboard3_4e83ae6b-f78c-4d21-a083-00084a3a1edf.png?v=1777286689 | https://cdn.shopify.com/s/files/1/0715/1704/5040/files/10Artboard4_c9e4998f-bcc5-4aa4-bbc0-e25e0b0659e6.jpg?v=1777286689 | https://cdn.shopify.com/s/files/1/0715/1704/5040/files/10Artboard5_116ef919-e992-4c67-842e-a5ad9a638121.jpg?v=1777286689 | https://cdn.shopify.com/s/files/1/0715/1704/5040/files/4Fold5_b08d6cfc-c050-42fd-9f70-4a5f851698c4.jpg?v=1777286690 | https://cdn.shopify.com/s/files/1/0715/1704/5040/files/FR__5F90_PL_YELLOW_Fold_1_1ea17a16-15c9-4425-bdb8-6fe48874d431.png?v=1777286689 | https://cdn.shopify.com/s/files/1/0715/1704/5040/files/FR__5F90_PL_YELLOW_Fold_2_da87bea6-341f-41a3-a24d-55cd26b9349a.jpg?v=1777286689 | https://cdn.shopify.com/s/files/1/0715/1704/5040/files/0.75Artboard2_78cc944e-4f00-43bf-8a41-a203bbe100ac.jpg?v=1777286689 | https://cdn.shopify.com/s/files/1/0715/1704/5040/files/0.75Artboard3_628e809f-41d0-4b35-9f90-59bac97ea22f.jpg?v=1777286690 | https://cdn.shopify.com/s/files/1/0715/1704/5040/files/0.75Artboard4_185b9fed-bdcc-4c18-aa7b-c7d8d10e18ff.jpg?v=1777286690 | https://cdn.shopify.com/s/files/1/0715/1704/5040/files/FR__5F90_PL_YELLOW_Fold_1_939835da-51b1-4701-a050-8ff27c86d702.png?v=1777286689 | https://cdn.shopify.com/s/files/1/0715/1704/5040/files/FR__5F90_PL_YELLOW_Fold_2_690248cc-29b5-4df8-a612-1fd5f21bdb8c.jpg?v=1777286689 | https://cdn.shopify.com/s/files/1/0715/1704/5040/files/1Artboard2_7a4a6406-036a-4445-9f7f-c156968c7a7d.jpg?v=1777286689 | https://cdn.shopify.com/s/files/1/0715/1704/5040/files/1Artboard3_5437be82-8ba3-430f-934a-166d7584e7b4.jpg?v=1777286689 | https://cdn.shopify.com/s/files/1/0715/1704/5040/files/1Artboard4_a1cec41e-7946-4d02-9034-bbeaa654eeb2.jpg?v=1777286689 | https://cdn.shopify.com/s/files/1/0715/1704/5040/files/FR__5F90_PL_YELLOW_Fold_1_cee7f3d2-f88e-44ff-9210-a5ed248d271f.png?v=1777286689 | https://cdn.shopify.com/s/files/1/0715/1704/5040/files/FR__5F90_PL_YELLOW_Fold_2_e045fea3-4253-4fd9-a504-5dc03c719012.jpg?v=1777286691 | https://cdn.shopify.com/s/files/1/0715/1704/5040/files/1.5Artboard2_124137d5-3cde-49c9-b914-31842dc5ba4a.jpg?v=1777286689 | https://cdn.shopify.com/s/files/1/0715/1704/5040/files/1.5Artboard3_def5fb13-9d2b-4034-98a0-bb5d26702ed9.jpg?v=1777286689 | https://cdn.shopify.com/s/files/1/0715/1704/5040/files/1.5Artboard4_e6ba6125-604f-43af-9d07-ac43cab08316.jpg?v=1777286689 | https://cdn.shopify.com/s/files/1/0715/1704/5040/files/FR__5F90_PL_YELLOW_Fold_1_f6632359-216b-43a6-9c0e-375d5fdf5d24.png?v=1777286689 | https://cdn.shopify.com/s/files/1/0715/1704/5040/files/FR__5F90_PL_YELLOW_Fold_2_814c75fe-55f9-466c-94da-53920227b28a.jpg?v=1777286690 | https://cdn.shopify.com/s/files/1/0715/1704/5040/files/2.5Artboard2_8a5a925a-a768-4511-877a-08c8ec0ebe1a.jpg?v=1777286689 | https://cdn.shopify.com/s/files/1/0715/1704/5040/files/2.5Artboard3_3ae748bc-bf2a-40d4-ac16-75779fb6bf1a.jpg?v=1777286689 | https://cdn.shopify.com/s/files/1/0715/1704/5040/files/2.5Artboard4_39632b65-82ce-471d-ac33-5abb7b83b202.jpg?v=1777286690 | https://cdn.shopify.com/s/files/1/0715/1704/5040/files/FR__5F90_PL_YELLOW_Fold_1_3e9ee4db-9cc6-4722-829d-23c70613a0cc.png?v=1777286690 | https://cdn.shopify.com/s/files/1/0715/1704/5040/files/FR__5F90_PL_YELLOW_Fold_2_39b174a6-6f25-4f32-8d7d-8aec7f3434e6.jpg?v=1777286689 | https://cdn.shopify.com/s/files/1/0715/1704/5040/files/4Artboard2_e26c12d3-0de8-49f6-b5cf-d9493f4172ee.jpg?v=1777286689 | https://cdn.shopify.com/s/files/1/0715/1704/5040/files/4Artboard3_ea757706-07d2-4c62-9aad-a516842bb3bd.jpg?v=1777286689 | https://cdn.shopify.com/s/files/1/0715/1704/5040/files/4Artboard4_c56df75a-3fde-459b-9aea-0e231d25b54b.jpg?v=1777286689 | https://cdn.shopify.com/s/files/1/0715/1704/5040/files/FR__5F90_PL_YELLOW_Fold_1_1bbd2d3b-869f-43c2-aadf-400f19308273.png?v=1777286689 | https://cdn.shopify.com/s/files/1/0715/1704/5040/files/FR__5F90_PL_YELLOW_Fold_2_269ec2d8-fc71-4810-acae-edd0b76d3665.jpg?v=1777286690 | https://cdn.shopify.com/s/files/1/0715/1704/5040/files/6Artboard2_f5d77d83-7f50-4f78-9ebd-5d1819f56879.jpg?v=1777286689 | https://cdn.shopify.com/s/files/1/0715/1704/5040/files/6Artboard3_afaeb657-154c-4d92-9da0-962cc18c5611.jpg?v=1777286689 | https://cdn.shopify.com/s/files/1/0715/1704/5040/files/6Artboard4_ec62678f-5dc5-4855-9d60-a9a208bb4811.jpg?v=1777286689 | https://cdn.shopify.com/s/files/1/0715/1704/5040/files/10_SQ_1fa0a0c3-f7f7-4370-a95a-9579aa08a65d.png?v=1777286690 | https://cdn.shopify.com/s/files/1/0715/1704/5040/files/FR_10SQ_66c60237-a8b2-4fa1-91c8-b0a4c3a1f89b.jpg?v=1777286689 | https://cdn.shopify.com/s/files/1/0715/1704/5040/files/10Artboard2_b8726f25-5c74-4fad-8f30-89fd702be696.jpg?v=1777286689 | https://cdn.shopify.com/s/files/1/0715/1704/5040/files/10Artboard3_68073193-473e-426b-848a-278258475b52.jpg?v=1777286689 | https://cdn.shopify.com/s/files/1/0715/1704/5040/files/10Artboard4_45e46d04-fef5-4b88-8612-5ad100d4fe74.jpg?v=1777286690 | https://cdn.shopify.com/s/files/1/0715/1704/5040/files/FR__5F90_PL_BLACK_Fold_1_1c3d8de1-476b-447c-9189-4bd0fba5ac6b.png?v=1777286689 | https://cdn.shopify.com/s/files/1/0715/1704/5040/files/FR__5F90_PL_BLACK_Fold_2_f6cb78bd-75a1-4382-a17f-4d0ebabe2518.jpg?v=1777286689 | https://cdn.shopify.com/s/files/1/0715/1704/5040/files/Artboard2_07558661-0060-4f54-9347-81cc2dff2670.png?v=1777286690 | https://cdn.shopify.com/s/files/1/0715/1704/5040/files/Artboard3_e92c7a2c-c327-4dbb-bda1-d43eb3182fca.jpg?v=1777286689 | https://cdn.shopify.com/s/files/1/0715/1704/5040/files/Artboard4_10e8b4a1-4901-40c5-8456-24add14d28c5.png?v=1777286689 | https://cdn.shopify.com/s/files/1/0715/1704/5040/files/FR__5F90_PL_BLACK_Fold_1_af43bdf2-868b-4133-8a67-076edb5ff02a.png?v=1777286690 | https://cdn.shopify.com/s/files/1/0715/1704/5040/files/FR__5F90_PL_BLACK_Fold_2_ff8732bf-2ade-4a7a-8c72-558617b11e13.jpg?v=1777286689 | https://cdn.shopify.com/s/files/1/0715/1704/5040/files/Artboard2_36f53b23-e41f-4d37-af93-060623813af3.png?v=1777286690 | https://cdn.shopify.com/s/files/1/0715/1704/5040/files/Artboard3_b52df5c0-bab4-4faa-b0af-bcb6601845a1.jpg?v=1777286689 | https://cdn.shopify.com/s/files/1/0715/1704/5040/files/Artboard4_846aae12-da01-4d7d-91fd-3245a3500f88.png?v=1777286689 | https://cdn.shopify.com/s/files/1/0715/1704/5040/files/FR__5F90_PL_BLACK_Fold_1_0ae3cea0-81a7-4e2a-abe6-648bd9b51263.png?v=1777286689 | https://cdn.shopify.com/s/files/1/0715/1704/5040/files/FR__5F90_PL_BLACK_Fold_2_bacc4f8d-efc8-463a-94d5-b88afad306a6.jpg?v=1777286689 | https://cdn.shopify.com/s/files/1/0715/1704/5040/files/Artboard2_9d7cecab-a02e-45f8-b8ed-535d461fe290.png?v=1777286689 | https://cdn.shopify.com/s/files/1/0715/1704/5040/files/Artboard3_98990598-69c3-4c90-98f1-73bdba093907.jpg?v=1777286689 | https://cdn.shopify.com/s/files/1/0715/1704/5040/files/Artboard4_e91bb5f9-262a-4ef8-abe4-e222b4143d5b.png?v=1777286690 | https://cdn.shopify.com/s/files/1/0715/1704/5040/files/FR__5F90_PL_BLACK_Fold_1_2ec98be4-899a-457e-bb2b-59dc46f5c111.png?v=1777286689 | https://cdn.shopify.com/s/files/1/0715/1704/5040/files/FR__5F90_PL_BLACK_Fold_2_9a3f3ce3-9385-48c0-9260-688f7e1925b9.jpg?v=1777286689 | https://cdn.shopify.com/s/files/1/0715/1704/5040/files/Artboard2_b9feabf1-f390-4edd-92ef-2af02d4bd1c7.png?v=1777286690 | https://cdn.shopify.com/s/files/1/0715/1704/5040/files/Artboard3_2353f734-139c-4cbf-b3a5-0d022c84ea5f.jpg?v=1777286689 | https://cdn.shopify.com/s/files/1/0715/1704/5040/files/Artboard4_3593e738-7ac8-463e-8f3d-6edd2f3eca09.png?v=1777286690 | https://cdn.shopify.com/s/files/1/0715/1704/5040/files/FR__5F90_PL_BLACK_Fold_1_0c9bda95-72e7-4862-b2e1-4155be6e1d83.png?v=1777286690 | https://cdn.shopify.com/s/files/1/0715/1704/5040/files/FR__5F90_PL_BLACK_Fold_2_32731d01-2d73-40fc-8739-12f0a959a64d.jpg?v=1777286689 | https://cdn.shopify.com/s/files/1/0715/1704/5040/files/Artboard2_b6af2fb0-1fbe-491c-949a-301c3f721573.png?v=1777286690 | https://cdn.shopify.com/s/files/1/0715/1704/5040/files/Artboard3_b27e1e29-9df0-48df-b43a-d553f01a7f78.jpg?v=1777286689 | https://cdn.shopify.com/s/files/1/0715/1704/5040/files/Artboard4_45e1a488-10ee-4222-9aed-cd39b8f7751f.png?v=1777286690 | https://cdn.shopify.com/s/files/1/0715/1704/5040/files/FR__5F90_PL_BLACK_Fold_1_4d32e838-0c95-4410-a435-3757d1f3bac0.png?v=1777286689 | https://cdn.shopify.com/s/files/1/0715/1704/5040/files/FR__5F90_PL_BLACK_Fold_2_4c40240d-63bb-40c9-abab-8a5b2148bc4c.jpg?v=1777286689 | https://cdn.shopify.com/s/files/1/0715/1704/5040/files/Artboard2_3fdeda2f-d157-4ec7-a81b-24d7fe129482.png?v=1777286690 | https://cdn.shopify.com/s/files/1/0715/1704/5040/files/Artboard3_49b56e8e-7c30-4988-8eb4-064d634eea0c.jpg?v=1777286689 | https://cdn.shopify.com/s/files/1/0715/1704/5040/files/Artboard4_0db75dda-85ac-4da7-bb75-039e6e1a83f9.png?v=1777286690 | https://cdn.shopify.com/s/files/1/0715/1704/5040/files/10SQ_7d5cc663-266d-45ef-8037-196e8b34324f.png?v=1777286689 | https://cdn.shopify.com/s/files/1/0715/1704/5040/files/10SQ_69a3b2d1-d374-4209-a402-8ccee668c8b3.jpg?v=1777286689 | https://cdn.shopify.com/s/files/1/0715/1704/5040/files/Artboard2_6522cf75-286a-4c28-b1ec-cb29f3683089.png?v=1777286690 | https://cdn.shopify.com/s/files/1/0715/1704/5040/files/Artboard3_049b3f58-a4a4-4971-a630-00fb59ee5e9e.jpg?v=1777286689 | https://cdn.shopify.com/s/files/1/0715/1704/5040/files/Artboard4_8c4b2186-1123-4b9a-af84-21ec1a99b085.png?v=1777286690 | https://cdn.shopify.com/s/files/1/0715/1704/5040/files/FR__5F90_PL_BLUE_Fold_1_9d2c43f6-ee2d-4579-9bb0-9aeeffcfc49f.png?v=1777286690 | https://cdn.shopify.com/s/files/1/0715/1704/5040/files/FR__5F90_PL_BLUE_Fold_2_01e7cf79-2e01-4e85-8e63-e963dedec4d8.jpg?v=1777286689 | https://cdn.shopify.com/s/files/1/0715/1704/5040/files/Fold3_c8818de1-b161-4efb-baed-753d05fbcc51.jpg?v=1777286689 | https://cdn.shopify.com/s/files/1/0715/1704/5040/files/Fold4_3239849f-dd77-45f5-8a53-761569ab59a5.jpg?v=1777286689 | https://cdn.shopify.com/s/files/1/0715/1704/5040/files/Fold5_aebb30dd-2c85-4f0a-b194-45bee8b43018.jpg?v=1777286689 | https://cdn.shopify.com/s/files/1/0715/1704/5040/files/FR__5F90_PL_BLUE_Fold_1_ddcbbba8-1f55-417e-bce6-542ab1d9c2d3.png?v=1777286690 | https://cdn.shopify.com/s/files/1/0715/1704/5040/files/FR__5F90_PL_BLUE_Fold_2_1d48e658-5efe-412a-b450-35f1096f258b.jpg?v=1777286689 | https://cdn.shopify.com/s/files/1/0715/1704/5040/files/Fold3_018839fd-2ddc-4897-a126-2bc870356a67.jpg?v=1777286689 | https://cdn.shopify.com/s/files/1/0715/1704/5040/files/Fold4_b7a73f05-4307-4eb1-8077-7f5664133437.jpg?v=1777286689 | https://cdn.shopify.com/s/files/1/0715/1704/5040/files/Fold5_fa811412-92cf-44c8-abd8-88e2799f6998.jpg?v=1777286689 | https://cdn.shopify.com/s/files/1/0715/1704/5040/files/FR__5F90_PL_BLUE_Fold_1_18246767-a9ea-4cba-97c8-06dac62015bf.png?v=1777286689 | https://cdn.shopify.com/s/files/1/0715/1704/5040/files/FR__5F90_PL_BLUE_Fold_2_9e39ced7-1531-47c1-9407-4d1f67fe1194.jpg?v=1777286689 | https://cdn.shopify.com/s/files/1/0715/1704/5040/files/Fold3_2ecc19d2-b0b9-4e20-bd9f-d3611929b179.jpg?v=1777286689 | https://cdn.shopify.com/s/files/1/0715/1704/5040/files/Fold4_75bd06b7-e419-4163-8e1d-150c27e3fc85.jpg?v=1777286690 | https://cdn.shopify.com/s/files/1/0715/1704/5040/files/Fold5_a1616c28-0207-46b4-a7ba-b67486e18719.jpg?v=1777286689 | https://cdn.shopify.com/s/files/1/0715/1704/5040/files/FR__5F90_PL_BLUE_Fold_1_3f3b468f-c989-48c1-8ccd-fa0b066b7622.png?v=1777286690 | https://cdn.shopify.com/s/files/1/0715/1704/5040/files/FR__5F90_PL_BLUE_Fold_2_ff1ca6b4-cb29-4452-82ff-a42a70ff8ae6.jpg?v=1777286689 | https://cdn.shopify.com/s/files/1/0715/1704/5040/files/Fold3_ead73b84-1bba-4b43-8a86-3cc6b81c55ee.jpg?v=1777286689 | https://cdn.shopify.com/s/files/1/0715/1704/5040/files/Fold4_f92441bd-4e6e-46b4-87a9-4d681e0e2d20.jpg?v=1777286689 | https://cdn.shopify.com/s/files/1/0715/1704/5040/files/Fold5_f9a51ff9-5103-400e-b85b-be1d2aef1104.jpg?v=1777286689 | https://cdn.shopify.com/s/files/1/0715/1704/5040/files/FR__5F90_PL_BLUE_Fold_1_3def14e9-ceb7-43bc-ab9f-7ca031693ab1.png?v=1777286689 | https://cdn.shopify.com/s/files/1/0715/1704/5040/files/FR__5F90_PL_BLUE_Fold_2_c8ad0dd4-b87a-4657-afa5-4515c2ad02e1.jpg?v=1777286689 | https://cdn.shopify.com/s/files/1/0715/1704/5040/files/Fold3_41366574-3b19-45e6-844b-497b4bd75e38.jpg?v=1777286689 | https://cdn.shopify.com/s/files/1/0715/1704/5040/files/Fold4_2b554ac4-dc93-4231-8de4-86d454943b12.jpg?v=1777286690 | https://cdn.shopify.com/s/files/1/0715/1704/5040/files/Fold5_ab78eba3-2a34-4752-8279-d9e2c3254caf.jpg?v=1777286689 | https://cdn.shopify.com/s/files/1/0715/1704/5040/files/FR__5F90_PL_BLUE_Fold_1_2d55ccfa-e1b7-4fa5-a17c-3bad7dbbfd88.png?v=1777286690 | https://cdn.shopify.com/s/files/1/0715/1704/5040/files/FR__5F90_PL_BLUE_Fold_2_242ebf27-66f4-4164-9b27-c3114078a616.jpg?v=1777286689 | https://cdn.shopify.com/s/files/1/0715/1704/5040/files/Fold3_2c90ec4f-e999-4a6c-afe8-977b06117949.jpg?v=1777286689 | https://cdn.shopify.com/s/files/1/0715/1704/5040/files/Fold4_40f134b9-cb6c-4979-a4d7-4077a044c222.jpg?v=1777286689 | https://cdn.shopify.com/s/files/1/0715/1704/5040/files/Fold5_c44585ff-e430-4260-b70e-bacb40b7fb09.jpg?v=1777286690 | https://cdn.shopify.com/s/files/1/0715/1704/5040/files/10SQ_33033e0f-b86c-46be-b4d2-5d9ce5a9d50b.png?v=1777286690 | https://cdn.shopify.com/s/files/1/0715/1704/5040/files/10SQ_9ef8ee52-0fe2-4384-9eae-9db20cc58afe.jpg?v=1777286690 | https://cdn.shopify.com/s/files/1/0715/1704/5040/files/Fold3_424ae1d4-3127-4229-8ff1-6d7600fa7ddb.jpg?v=1777286690 | https://cdn.shopify.com/s/files/1/0715/1704/5040/files/Fold4_e1ffed46-ce3e-4aef-bece-9023f351f816.jpg?v=1777286689 | https://cdn.shopify.com/s/files/1/0715/1704/5040/files/Fold5_4b603981-4c6b-4a65-9c0f-ec5528446db4.jpg?v=1777286689 | https://cdn.shopify.com/s/files/1/0715/1704/5040/files/FR_5F90_PL_GREEN_Fold_1.png?v=1777286689 | https://cdn.shopify.com/s/files/1/0715/1704/5040/files/FR_5F90_PL_GREEN_Fold_2.png?v=1777286690 | https://cdn.shopify.com/s/files/1/0715/1704/5040/files/FR_5F90_PL_GREEN_Fold_3.png?v=1777286690 | https://cdn.shopify.com/s/files/1/0715/1704/5040/files/FR_5F90_PL_GREEN_Fold_4.png?v=1777286690 | https://cdn.shopify.com/s/files/1/0715/1704/5040/files/FR_5F90_PL_GREEN_Fold_5.png?v=1777286690,2026-04-08T16:50:00+05:30,2026-09-08T08:56:46+05:30
Crompton,Crompton Armor 5Z90 Halogen Free Flame Retardant Insulated Cable,House Wires,"FR House Wires, House Wire",crompton-armor-5z90-halogen-free-flame-retardant-insulated-cable,https://www.crompton.co.in/products/crompton-armor-5z90-halogen-free-flame-retardant-insulated-cable,3275.0,12010.0,"Color, Core Size (sq mm)",Green/1 :: SKU=AR5Z09011D00G :: ₹3275.00 | Green/1.5 :: SKU=AR5Z09011D50G :: ₹4915.00 | Green/2.5 :: SKU=AR5Z09012D50G :: ₹8190.00 | Green/4 :: SKU=AR5Z09014D00G :: ₹12010.00 | red/1 :: SKU=AR5Z09011D00R :: ₹3275.00 | red/1.5 :: SKU=AR5Z09011D50R :: ₹4915.00 | red/2.5 :: SKU=AR5Z09012D50R :: ₹8190.00 | red/4 :: SKU=AR5Z09014D00R :: ₹12010.00 | Blue/1 :: SKU=AR5Z09011D00B :: ₹3275.00 | Blue/1.5 :: SKU=AR5Z09011D50B :: ₹4915.00 | Blue/2.5 :: SKU=AR5Z09012D50B :: ₹8190.00 | Blue/4 :: SKU=AR5Z09014D00B :: ₹12010.00 | Black/1 :: SKU=AR5Z09011D00K :: ₹3275.00 | Black/1.5 :: SKU=AR5Z09011D50K :: ₹4915.00 | Black/2.5 :: SKU=AR5Z09012D50K :: ₹8190.00 | Black/4 :: SKU=AR5Z09014D00K :: ₹12010.00 | Yellow/1 :: SKU=AR5Z09011D00Y :: ₹3275.00 | Yellow/1.5 :: SKU=AR5Z09011D50Y :: ₹4915.00 | Yellow/2.5 :: SKU=AR5Z09012D50Y :: ₹8190.00 | Yellow/4 :: SKU=AR5Z09014D00Y :: ₹12010.00,25,https://cdn.shopify.com/s/files/1/0715/1704/5040/files/HFFR_5Z90_PL_RED_Fold_1.png?v=1777286666 | https://cdn.shopify.com/s/files/1/0715/1704/5040/files/HFFR_5Z90_PL_RED_Fold_2_1c5fe08f-f862-4cf4-8bd4-a43d61d582f1.jpg?v=1777286666 | https://cdn.shopify.com/s/files/1/0715/1704/5040/files/1SQArtboard3_e662e40e-a80e-457e-81e5-c7971caa2802.png?v=1777286666 | https://cdn.shopify.com/s/files/1/0715/1704/5040/files/1SQArtboard4_bc911f8a-cb15-464c-8a88-c2abe3761d2d.jpg?v=1777286666 | https://cdn.shopify.com/s/files/1/0715/1704/5040/files/1SQArtboard5_a99c4331-46d4-4c9e-aefd-de1f3d461272.jpg?v=1777286666 | https://cdn.shopify.com/s/files/1/0715/1704/5040/files/HFFR_5Z90_PL_BLUE_Fold_1_3b909696-ed1c-4d17-8b3a-2a59f166bafe.png?v=1777286666 | https://cdn.shopify.com/s/files/1/0715/1704/5040/files/HFFR_5Z90_PL_BLUE_Fold_2_1056ad24-038b-464f-8052-b2842ec41c59.jpg?v=1777286666 | https://cdn.shopify.com/s/files/1/0715/1704/5040/files/Fold3_6cbf1251-4f5b-4442-87c4-e11a9d9a9682.jpg?v=1777286666 | https://cdn.shopify.com/s/files/1/0715/1704/5040/files/Fold4_7cc2a4f5-cafd-4cb5-aee3-cd07b4460ace.jpg?v=1777286666 | https://cdn.shopify.com/s/files/1/0715/1704/5040/files/Fold5_6187ea1c-525b-4d74-bd25-8686fb2983aa.jpg?v=1777286666 | https://cdn.shopify.com/s/files/1/0715/1704/5040/files/HFFR_5Z90_PL_BLACK_Fold_1.png?v=1777286666 | https://cdn.shopify.com/s/files/1/0715/1704/5040/files/HFFR_5Z90_PL_BLACK_Fold_2_abfd40d3-2d8b-489e-aca3-3cb731d72cd0.jpg?v=1777286666 | https://cdn.shopify.com/s/files/1/0715/1704/5040/files/Artboard2_384be637-4709-4d1c-aba8-b7abb9fcad0c.png?v=1777286666 | https://cdn.shopify.com/s/files/1/0715/1704/5040/files/Artboard3_ec5a169c-9f01-45ea-ba2c-86331583403f.jpg?v=1777286666 | https://cdn.shopify.com/s/files/1/0715/1704/5040/files/Artboard4_1ce3725e-4cf4-467c-8ebf-af43983aa890.png?v=1777286667 | https://cdn.shopify.com/s/files/1/0715/1704/5040/files/HFFR_5Z90_PL_YELLOW_Fold_1.png?v=1777286666 | https://cdn.shopify.com/s/files/1/0715/1704/5040/files/HFFR_5Z90_PL_YELLOW_Fold_2_4cc77078-bfbc-4061-9f26-3457816a5400.jpg?v=1777286666 | https://cdn.shopify.com/s/files/1/0715/1704/5040/files/1Artboard_2_3ca16236-0d42-4682-ba88-adc3c9edaafd.jpg?v=1777286666 | https://cdn.shopify.com/s/files/1/0715/1704/5040/files/1Artboard_3_2cf6856e-00fd-4f0f-aed1-ce0ceef8bc8d.jpg?v=1777286666 | https://cdn.shopify.com/s/files/1/0715/1704/5040/files/1Artboard_4_33e28565-4c4e-40d8-9ed9-d18545878d8d.jpg?v=1777286666 | https://cdn.shopify.com/s/files/1/0715/1704/5040/files/HFFR_5Z90_PL_GREEN_Fold_1_a224410a-7248-40ee-82a4-13c3c8dd24ee.png?v=1777286667 | https://cdn.shopify.com/s/files/1/0715/1704/5040/files/HFFR_5Z90_PL_GREEN_Fold_2.png?v=1777286667 | https://cdn.shopify.com/s/files/1/0715/1704/5040/files/HFFR_5Z90_PL_GREEN_Fold_3.png?v=1777286666 | https://cdn.shopify.com/s/files/1/0715/1704/5040/files/HFFR_5Z90_PL_GREEN_Fold_4.png?v=1777286666 | https://cdn.shopify.com/s/files/1/0715/1704/5040/files/HFFR_5Z90_PL_GREEN_Fold_5.png?v=1777286666,2026-04-08T16:49:56+05:30,2026-09-08T08:56:46+05:30
Crompton,Crompton Armor 5L90 Flame Retardant Low Smoke Low Halogen Insulated Cable,House Wires,"FR House Wires, House Wire",crompton-armor-5l90-flame-retardant-low-smoke-low-halogen-insulated-cable,https://www.crompton.co.in/products/crompton-armor-5l90-flame-retardant-low-smoke-low-halogen-insulated-cable,2600.0,16640.0,"Color, Core Size (sq mm)",Yellow/0.75 :: SKU=AR5L09010D75Y :: ₹2600.00 | Yellow/1 :: SKU=AR5L09011D00Y :: ₹3120.00 | Yellow/1.5 :: SKU=AR5L09011D50Y :: ₹4680.00 | Yellow/2.5 :: SKU=AR5L09012D50Y :: ₹7800.00 | Yellow/4 :: SKU=AR5L09014D00Y :: ₹11440.00 | Yellow/6 :: SKU=AR5L09016D00Y :: ₹16640.00 | red/0.75 :: SKU=AR5L09010D75R :: ₹2600.00 | red/1 :: SKU=AR5L09011D00R :: ₹3120.00 | red/1.5 :: SKU=AR5L09011D50R :: ₹4680.00 | red/2.5 :: SKU=AR5L09012D50R :: ₹7800.00 | red/4 :: SKU=AR5L09014D00R :: ₹11440.00 | red/6 :: SKU=AR5L09016D00R :: ₹16640.00 | Green/0.75 :: SKU=AR5L09010D75G :: ₹2600.00 | Green/1 :: SKU=AR5L09011D00G :: ₹3120.00 | Green/1.5 :: SKU=AR5L09011D50G :: ₹4680.00 | Green/2.5 :: SKU=AR5L09012D50G :: ₹7800.00 | Green/4 :: SKU=AR5L09014D00G :: ₹11440.00 | Green/6 :: SKU=AR5L09016D00G :: ₹16640.00 | Blue/0.75 :: SKU=AR5L09010D75B :: ₹2600.00 | Blue/1 :: SKU=AR5L09011D00B :: ₹3120.00 | Blue/1.5 :: SKU=AR5L09011D50B :: ₹4680.00 | Blue/2.5 :: SKU=AR5L09012D50B :: ₹7800.00 | Blue/4 :: SKU=AR5L09014D00B :: ₹11440.00 | Blue/6 :: SKU=AR5L09016D00B :: ₹16640.00 | Black/0.75 :: SKU=AR5L09010D75K :: ₹2600.00 | Black/1 :: SKU=AR5L09011D00K :: ₹3120.00 | Black/1.5 :: SKU=AR5L09011D50K :: ₹4680.00 | Black/2.5 :: SKU=AR5L09012D50K :: ₹7800.00 | Black/4 :: SKU=AR5L09014D00K :: ₹11440.00 | Black/6 :: SKU=AR5L09016D00K :: ₹16640.00,145,https://cdn.shopify.com/s/files/1/0715/1704/5040/files/FRLSH_5L90_PL_BLUE_Fold_1.png?v=1777286660 | https://cdn.shopify.com/s/files/1/0715/1704/5040/files/FRLSH_5L90_PL_BLUE_Fold_2_9c880f5b-465d-435e-b4ef-2267b264ef38.jpg?v=1777286660 | https://cdn.shopify.com/s/files/1/0715/1704/5040/files/Fold3_6ee91b36-e472-42be-a62d-27d0cf28c8dd.jpg?v=1777286660 | https://cdn.shopify.com/s/files/1/0715/1704/5040/files/Fold4_1aa23ded-126f-4a1c-93de-8fea545e55b6.jpg?v=1777286660 | https://cdn.shopify.com/s/files/1/0715/1704/5040/files/Fold5_52ffd10b-26c1-4fda-affb-d939d02c89fd.jpg?v=1777286660 | https://cdn.shopify.com/s/files/1/0715/1704/5040/files/FRLSH_5L90_PL_BLUE_Fold_1_67765a25-cab7-446c-8c75-47270c801a43.png?v=1777286660 | https://cdn.shopify.com/s/files/1/0715/1704/5040/files/FRLSH_5L90_PL_BLUE_Fold_2_7d282cb0-c023-4b42-9620-67b62eacea0f.jpg?v=1777286660 | https://cdn.shopify.com/s/files/1/0715/1704/5040/files/Fold3_cd951c81-1d5b-4e9b-9316-4d77260735a9.jpg?v=1777286661 | https://cdn.shopify.com/s/files/1/0715/1704/5040/files/Fold4_2f90061f-3de0-4da1-aa5d-bf944f534579.jpg?v=1777286660 | https://cdn.shopify.com/s/files/1/0715/1704/5040/files/Fold5_cdfbbb43-cd4a-471e-8118-e9a15e9f7848.jpg?v=1777286660 | https://cdn.shopify.com/s/files/1/0715/1704/5040/files/FRLSH_5L90_PL_BLUE_Fold_1_722e7689-3d34-4777-b3db-085ccef89690.png?v=1777286661 | https://cdn.shopify.com/s/files/1/0715/1704/5040/files/FRLSH_5L90_PL_BLUE_Fold_2_59227e5f-014c-4016-acd0-e49445fd01c0.jpg?v=1777286660 | https://cdn.shopify.com/s/files/1/0715/1704/5040/files/Fold3_512bf311-1339-4b14-91a9-9c62e6b052bf.jpg?v=1777286661 | https://cdn.shopify.com/s/files/1/0715/1704/5040/files/Fold4_5e4da34c-a471-407d-893a-f7bd02de83e4.jpg?v=1777286660 | https://cdn.shopify.com/s/files/1/0715/1704/5040/files/Fold5_463df6c6-af11-4058-918a-2863a2404792.jpg?v=1777286660 | https://cdn.shopify.com/s/files/1/0715/1704/5040/files/FRLSH_5L90_PL_BLUE_Fold_1_11913b68-41e4-45c1-8369-a93608939327.png?v=1777286661 | https://cdn.shopify.com/s/files/1/0715/1704/5040/files/FRLSH_5L90_PL_BLUE_Fold_2_23529921-9276-43c5-a9ec-be9a1774877d.jpg?v=1777286660 | https://cdn.shopify.com/s/files/1/0715/1704/5040/files/Fold3_5f463d09-1fb6-4e10-89c9-78e85563017d.jpg?v=1777286660 | https://cdn.shopify.com/s/files/1/0715/1704/5040/files/Fold4_508f8909-61eb-41b7-a0a1-d27fc85b0320.jpg?v=1777286661 | https://cdn.shopify.com/s/files/1/0715/1704/5040/files/Fold5_f4a430ec-197f-4dce-b735-e28531d5a0ff.jpg?v=1777286660 | https://cdn.shopify.com/s/files/1/0715/1704/5040/files/FRLSH_5L90_PL_BLUE_Fold_1_22808250-2cfa-4df2-8c8d-396c988ac0c3.png?v=1777286661 | https://cdn.shopify.com/s/files/1/0715/1704/5040/files/FRLSH_5L90_PL_BLUE_Fold_2_036343cd-ea0f-42fc-9393-5f887ce7a16e.jpg?v=1777286660 | https://cdn.shopify.com/s/files/1/0715/1704/5040/files/Fold3_19069a1c-e34d-466b-a8e0-80b23bc9638c.jpg?v=1777286661 | https://cdn.shopify.com/s/files/1/0715/1704/5040/files/Fold4_a7544d71-1756-4c90-8056-bef59b873a4b.jpg?v=1777286660 | https://cdn.shopify.com/s/files/1/0715/1704/5040/files/Fold5_0b65da18-1c7a-45c5-92a8-86dc4ed0698c.jpg?v=1777286660 | https://cdn.shopify.com/s/files/1/0715/1704/5040/files/FRLSH_5L90_PL_BLUE_Fold_1_6a7051fc-6753-436d-b998-b66e0bc827b1.png?v=1777286661 | https://cdn.shopify.com/s/files/1/0715/1704/5040/files/FRLSH_5L90_PL_BLUE_Fold_2_f495566a-21b1-4789-8a48-f723d8dd156d.jpg?v=1777286660 | https://cdn.shopify.com/s/files/1/0715/1704/5040/files/Fold3_03d4ad85-2b04-408f-8745-12f4fba5d3ef.jpg?v=1777286661 | https://cdn.shopify.com/s/files/1/0715/1704/5040/files/Fold4_c462573d-f47a-4748-9482-459b1d3b2921.jpg?v=1777286660 | https://cdn.shopify.com/s/files/1/0715/1704/5040/files/Fold5_b3bb3499-5010-49cd-8660-f6295d1b3f0c.jpg?v=1777286660 | https://cdn.shopify.com/s/files/1/0715/1704/5040/files/10SQ_66982b12-d391-416c-a863-b213cc022b73.png?v=1777286660 | https://cdn.shopify.com/s/files/1/0715/1704/5040/files/10SQ_a2e5a369-90c5-4fb7-8651-d6887f7efd79.jpg?v=1777286660 | https://cdn.shopify.com/s/files/1/0715/1704/5040/files/Fold3_755e1925-31e2-4e3c-b0b6-aff52e9a2943.jpg?v=1777286660 | https://cdn.shopify.com/s/files/1/0715/1704/5040/files/Fold4_dae39637-7be8-41e7-9510-ce1be73d3e18.jpg?v=1777286661 | https://cdn.shopify.com/s/files/1/0715/1704/5040/files/Fold5_6fc20c01-c9dc-4b32-beb6-5980b6181927.jpg?v=1777286660 | https://cdn.shopify.com/s/files/1/0715/1704/5040/files/FRLSH_5L90_PL_RED_Fold_1_47c2ef2e-f76f-4e52-9027-3e777840dd45.png?v=1777286660 | https://cdn.shopify.com/s/files/1/0715/1704/5040/files/FRLSH_5L90_PL_RED_Fold_2_03191c06-c134-4aec-94b5-0ac416526eb7.jpg?v=1777286660 | https://cdn.shopify.com/s/files/1/0715/1704/5040/files/0.75Artboard_3.png?v=1777286661 | https://cdn.shopify.com/s/files/1/0715/1704/5040/files/0.75Artboard_4_5141113d-ca7d-4ccb-b9b9-ccc0d0f6893d.jpg?v=1777286660 | https://cdn.shopify.com/s/files/1/0715/1704/5040/files/0.75Artboard_5_e4d1aac5-9e1d-4ec7-9973-0d2b45aecc85.jpg?v=1777286660 | https://cdn.shopify.com/s/files/1/0715/1704/5040/files/FRLSH_5L90_PL_RED_Fold_1_b2dcf9bf-1ba8-4152-9f70-da10af35da1b.png?v=1777286660 | https://cdn.shopify.com/s/files/1/0715/1704/5040/files/FRLSH_5L90_PL_RED_Fold_2_2ed0df7e-9f8b-4060-9bd1-87c4560109df.jpg?v=1777286660 | https://cdn.shopify.com/s/files/1/0715/1704/5040/files/1Artboard_3.png?v=1777286661 | https://cdn.shopify.com/s/files/1/0715/1704/5040/files/1Artboard_4_54e51da0-2602-4185-8591-d9b259cc876b.jpg?v=1777286660 | https://cdn.shopify.com/s/files/1/0715/1704/5040/files/1Artboard_5_5725bc7d-fecd-4d20-bc78-de2c8e88af80.jpg?v=1777286661 | https://cdn.shopify.com/s/files/1/0715/1704/5040/files/FRLSH_5L90_PL_RED_Fold_1_d002ab40-860b-4cef-9ad0-cf7e8cd2f7ef.png?v=1777286660 | https://cdn.shopify.com/s/files/1/0715/1704/5040/files/FRLSH_5L90_PL_RED_Fold_2_29c51f4a-b22e-497a-a95c-2ebc34f08403.jpg?v=1777286660 | https://cdn.shopify.com/s/files/1/0715/1704/5040/files/1.5Artboard_3_ec59f208-6142-44aa-bd70-3b46530f942e.png?v=1777286661 | https://cdn.shopify.com/s/files/1/0715/1704/5040/files/1.5Artboard_4_3f0b8ead-95c9-4508-a76d-4f1bb8f914d1.jpg?v=1777286660 | https://cdn.shopify.com/s/files/1/0715/1704/5040/files/1.5Artboard_5.jpg?v=1777286661 | https://cdn.shopify.com/s/files/1/0715/1704/5040/files/FRLSH_5L90_PL_RED_Fold_1_d59e43e9-d633-47fc-85a2-8c600ea184e8.png?v=1777286661 | https://cdn.shopify.com/s/files/1/0715/1704/5040/files/FRLSH_5L90_PL_RED_Fold_2_514ccc7f-899c-4c6b-a4ef-8f3e18a114de.jpg?v=1777286661 | https://cdn.shopify.com/s/files/1/0715/1704/5040/files/2.5Artboard_3.png?v=1777286661 | https://cdn.shopify.com/s/files/1/0715/1704/5040/files/2.5Artboard_4_525a273d-ed03-44d9-b40a-bccd22417836.jpg?v=1777286661 | https://cdn.shopify.com/s/files/1/0715/1704/5040/files/2.5Artboard_5_1aece3a0-42c3-402b-87a6-d024c3017a82.jpg?v=1777286660 | https://cdn.shopify.com/s/files/1/0715/1704/5040/files/FRLSH_5L90_PL_RED_Fold_1_a69f49a2-e21d-4f06-8a1a-a8181750f764.png?v=1777286661 | https://cdn.shopify.com/s/files/1/0715/1704/5040/files/FRLSH_5L90_PL_RED_Fold_2_87c1ee03-1b6d-47a0-809e-cda5ea8dec38.jpg?v=1777286660 | https://cdn.shopify.com/s/files/1/0715/1704/5040/files/4Artboard_3.png?v=1777286661 | https://cdn.shopify.com/s/files/1/0715/1704/5040/files/4Artboard_4_ddf6ca83-dda3-490d-969b-7c895e91704d.jpg?v=1777286661 | https://cdn.shopify.com/s/files/1/0715/1704/5040/files/4Artboard_5_632fd377-b2cd-415e-804b-81ed15a5cdc8.jpg?v=1777286660 | https://cdn.shopify.com/s/files/1/0715/1704/5040/files/FRLSH_5L90_PL_RED_Fold_1_c334ad7c-cfd5-4df1-9dbd-36f7ba1b41c3.png?v=1777286661 | https://cdn.shopify.com/s/files/1/0715/1704/5040/files/FRLSH_5L90_PL_RED_Fold_2_2b941033-9cc6-436c-97d5-cb2d143f98dd.jpg?v=1777286660 | https://cdn.shopify.com/s/files/1/0715/1704/5040/files/6Artboard_3_29b36ed1-88c2-4d8d-968e-577226f941ee.png?v=1777286661 | https://cdn.shopify.com/s/files/1/0715/1704/5040/files/6Artboard_4_732f53c2-287c-433e-a07c-0fcc9b314ea7.jpg?v=1777286661 | https://cdn.shopify.com/s/files/1/0715/1704/5040/files/6Artboard_5_bb2ddcb5-6b2a-4b24-972c-93912f99c58d.jpg?v=1777286660 | https://cdn.shopify.com/s/files/1/0715/1704/5040/files/10_SQ_b9d8c890-45dd-49cb-ac25-97e24a0bcd2d.png?v=1777286661 | https://cdn.shopify.com/s/files/1/0715/1704/5040/files/10_SQ_416e5a47-d13d-4feb-afe7-d78b2caf8ca1.jpg?v=1777286661 | https://cdn.shopify.com/s/files/1/0715/1704/5040/files/10Artboard_3_b44f8dd9-0ae5-4a51-bf13-09d7ddffc272.png?v=1777286661 | https://cdn.shopify.com/s/files/1/0715/1704/5040/files/10Artboard_4_cfb63226-4daa-4774-ab9f-5ae80a682e65.jpg?v=1777286661 | https://cdn.shopify.com/s/files/1/0715/1704/5040/files/10Artboard_5_c769c4b9-7b47-48cd-92e0-143fa6a0f20c.jpg?v=1777286660 | https://cdn.shopify.com/s/files/1/0715/1704/5040/files/FRLSH_5L90_PL_YELLOW_Fold_1_fcf51398-fca8-4e21-a1f1-eeb434d5cd46.png?v=1777286660 | https://cdn.shopify.com/s/files/1/0715/1704/5040/files/FRLSH_5L90_PL_YELLOW_Fold_2_ec705a12-b551-4930-832d-ef2ac31bab71.jpg?v=1777286660 | https://cdn.shopify.com/s/files/1/0715/1704/5040/files/0.75Artboard_2_d3eb550b-321d-473a-befa-62a16c9d2e2f.jpg?v=1777286661 | https://cdn.shopify.com/s/files/1/0715/1704/5040/files/0.75Artboard_3_52629f12-9d9e-4923-807d-b60099d82947.jpg?v=1777286661 | https://cdn.shopify.com/s/files/1/0715/1704/5040/files/0.75Artboard_4_51e6bea8-709d-41bc-8627-ca96dcdf1f1e.jpg?v=1777286660 | https://cdn.shopify.com/s/files/1/0715/1704/5040/files/FRLSH_5L90_PL_YELLOW_Fold_1_c876151b-8093-457c-a7a6-befd5ef8d5dc.png?v=1777286660 | https://cdn.shopify.com/s/files/1/0715/1704/5040/files/FRLSH_5L90_PL_YELLOW_Fold_2_46d3b2bd-e4db-476d-9440-dbb90cf0b36d.jpg?v=1777286660 | https://cdn.shopify.com/s/files/1/0715/1704/5040/files/1Artboard_2_5d9e25d5-7479-4389-bac7-0d5b9422b4ce.jpg?v=1777286660 | https://cdn.shopify.com/s/files/1/0715/1704/5040/files/1Artboard_3_794e3581-0d5a-4d84-928b-987d7a1c5552.jpg?v=1777286660 | https://cdn.shopify.com/s/files/1/0715/1704/5040/files/1Artboard_4_db18a48f-ae24-4cac-a965-89e63e72e2ce.jpg?v=1777286660 | https://cdn.shopify.com/s/files/1/0715/1704/5040/files/FRLSH_5L90_PL_YELLOW_Fold_1_3eae2124-008e-45a7-a5d0-3a88efd05fc5.png?v=1777286661 | https://cdn.shopify.com/s/files/1/0715/1704/5040/files/FRLSH_5L90_PL_YELLOW_Fold_2_4d1e0519-7e66-4a84-9e19-482a1d664a24.jpg?v=1777286660 | https://cdn.shopify.com/s/files/1/0715/1704/5040/files/2.5Artboard_2_3f65aef4-8052-45ca-9c75-1461224ccc02.jpg?v=1777286661 | https://cdn.shopify.com/s/files/1/0715/1704/5040/files/2.5Artboard_3_bf44ed55-afbc-4be9-a605-f788ee0944a7.jpg?v=1777286660 | https://cdn.shopify.com/s/files/1/0715/1704/5040/files/1.5Artboard_4_a8f51c9e-1bc3-4f67-8264-baa983549f76.jpg?v=1777286660 | https://cdn.shopify.com/s/files/1/0715/1704/5040/files/FRLSH_5L90_PL_YELLOW_Fold_1_f96d56cd-95a5-4c19-9ccc-d2437cc3de45.png?v=1777286660 | https://cdn.shopify.com/s/files/1/0715/1704/5040/files/FRLSH_5L90_PL_YELLOW_Fold_2_46ff63e7-eaeb-4728-954b-9b38c522d569.jpg?v=1777286661 | https://cdn.shopify.com/s/files/1/0715/1704/5040/files/6Artboard_2_beddb45c-42ed-480e-bfd5-50bf7fd77e36.jpg?v=1777286660 | https://cdn.shopify.com/s/files/1/0715/1704/5040/files/4Artboard_3_44552ea5-df90-4db4-96de-9bab108790a8.jpg?v=1777286660 | https://cdn.shopify.com/s/files/1/0715/1704/5040/files/4Artboard_4_ab020447-50d6-4b75-a661-d56dc7034138.jpg?v=1777286660 | https://cdn.shopify.com/s/files/1/0715/1704/5040/files/FRLSH_5L90_PL_YELLOW_Fold_1_f37f5e01-2374-4829-9d79-b89b7ff4c1bc.png?v=1777286660 | https://cdn.shopify.com/s/files/1/0715/1704/5040/files/FRLSH_5L90_PL_YELLOW_Fold_2_a6817d73-27e1-4c8b-a07a-a0c53b6f1417.jpg?v=1777286660 | https://cdn.shopify.com/s/files/1/0715/1704/5040/files/4Artboard_2_c4474033-40fd-46df-8f9b-c2255ad70634.jpg?v=1777286660 | https://cdn.shopify.com/s/files/1/0715/1704/5040/files/6Artboard_3_528ae681-076c-4fb0-9764-4276a3c8a337.jpg?v=1777286661 | https://cdn.shopify.com/s/files/1/0715/1704/5040/files/6Artboard_4_a4e9d4a6-af55-4d5e-bbcc-7ed29941d9ce.jpg?v=1777286661 | https://cdn.shopify.com/s/files/1/0715/1704/5040/files/10_SQ_caccc9a0-6817-42aa-91d7-26139c7cd3d5.png?v=1777286661 | https://cdn.shopify.com/s/files/1/0715/1704/5040/files/10_SQ_8eb00e30-184b-4336-9bfb-22f01c0b8c26.jpg?v=1777286661 | https://cdn.shopify.com/s/files/1/0715/1704/5040/files/1.5Artboard_2_76517f46-ca65-4a03-85e6-70cf18ff1d1a.jpg?v=1777286661 | https://cdn.shopify.com/s/files/1/0715/1704/5040/files/1.5Artboard_3_dd20bcd6-3678-441a-a088-64398056a151.jpg?v=1777286661 | https://cdn.shopify.com/s/files/1/0715/1704/5040/files/2.5Artboard_4_8ac363f2-55f6-4488-94d0-7eae69307693.jpg?v=1777286660 | https://cdn.shopify.com/s/files/1/0715/1704/5040/files/FRLSH_5L90_PL_YELLOW_Fold_1_dc8de30a-2a3f-401b-9633-1a7fc9f86b65.png?v=1777286660 | https://cdn.shopify.com/s/files/1/0715/1704/5040/files/FRLSH_5L90_PL_YELLOW_Fold_2_87f398d3-1ae3-42fb-b11a-d396d14e0d27.jpg?v=1777286661 | https://cdn.shopify.com/s/files/1/0715/1704/5040/files/10Artboard_2_16b8dd73-e37e-4ac9-9a83-4c61e68c2797.jpg?v=1777286661 | https://cdn.shopify.com/s/files/1/0715/1704/5040/files/10Artboard_3_001a70a9-c807-427a-ac66-2f958e09d532.jpg?v=1777286660 | https://cdn.shopify.com/s/files/1/0715/1704/5040/files/10Artboard_4_11c6b72c-bbd0-42bc-b5bb-b8f8b6812531.jpg?v=1777286660 | https://cdn.shopify.com/s/files/1/0715/1704/5040/files/FRLSH_5L90_PL_BLACK_Fold_1_41947a49-5efe-4d55-95ed-0e9c838f089e.png?v=1777286660 | https://cdn.shopify.com/s/files/1/0715/1704/5040/files/FRLSH_5L90_PL_BLACK_Fold_2_c311da5e-3192-4180-992f-acfc4ad44e48.jpg?v=1777286660 | https://cdn.shopify.com/s/files/1/0715/1704/5040/files/Artboard2_0449cd90-5cdc-444a-8b81-a6cd67dd9f04.png?v=1777286661 | https://cdn.shopify.com/s/files/1/0715/1704/5040/files/Fold3_86f044b6-4df8-4186-9ab7-7e849bad702c.jpg?v=1777286660 | https://cdn.shopify.com/s/files/1/0715/1704/5040/files/Artboard4_77290d1b-bd56-4aeb-b493-0c141eb588c2.png?v=1777286661 | https://cdn.shopify.com/s/files/1/0715/1704/5040/files/FRLSH_5L90_PL_BLACK_Fold_1_1d25455e-07a4-441e-8bb7-43dbc7bc1023.png?v=1777286661 | https://cdn.shopify.com/s/files/1/0715/1704/5040/files/FRLSH_5L90_PL_BLACK_Fold_2_70f23186-3919-4dd4-8587-e636d5d3abc9.jpg?v=1777286660 | https://cdn.shopify.com/s/files/1/0715/1704/5040/files/Artboard2_f9ebde72-031c-4f42-bce4-a3792e79377f.png?v=1777286661 | https://cdn.shopify.com/s/files/1/0715/1704/5040/files/Fold3_ba49a3ee-ce99-41d6-8249-e569587380f7.jpg?v=1777286660 | https://cdn.shopify.com/s/files/1/0715/1704/5040/files/Artboard4_ae8737f1-9c4b-44b4-a818-72c9a81d89fc.png?v=1777286661 | https://cdn.shopify.com/s/files/1/0715/1704/5040/files/FRLSH_5L90_PL_BLACK_Fold_1_80a76e7d-a220-4eb1-b7e5-19fd65182614.png?v=1777286661 | https://cdn.shopify.com/s/files/1/0715/1704/5040/files/FRLSH_5L90_PL_BLACK_Fold_2_71f98f6d-8a3d-4b49-99ff-046b80faa863.jpg?v=1777286660 | https://cdn.shopify.com/s/files/1/0715/1704/5040/files/Artboard2_bcb5868b-6bd1-4cec-8a76-a4e20b3da3d8.png?v=1777286661 | https://cdn.shopify.com/s/files/1/0715/1704/5040/files/Fold3_75f6cd2e-7906-41fa-95d3-436c10596591.jpg?v=1777286660 | https://cdn.shopify.com/s/files/1/0715/1704/5040/files/Artboard4_c7b376e6-124a-4608-aedf-2e52b601bce4.png?v=1777286661 | https://cdn.shopify.com/s/files/1/0715/1704/5040/files/FRLSH_5L90_PL_BLACK_Fold_1_51c34218-d814-4bb2-940e-bec174cfaea8.png?v=1777286661 | https://cdn.shopify.com/s/files/1/0715/1704/5040/files/FRLSH_5L90_PL_BLACK_Fold_2_47d33cb2-1105-45d7-bea3-9e2bd49c64cb.jpg?v=1777286660 | https://cdn.shopify.com/s/files/1/0715/1704/5040/files/Artboard2_f09abcca-3bdb-4760-b1c9-032b3f1f6342.png?v=1777286661 | https://cdn.shopify.com/s/files/1/0715/1704/5040/files/Fold3_e96983ed-9176-40a2-b69e-ed5cb04b5d3b.jpg?v=1777286660 | https://cdn.shopify.com/s/files/1/0715/1704/5040/files/Artboard4_87f9a907-2327-46f8-a4b1-6bc191c9ffc9.png?v=1777286661 | https://cdn.shopify.com/s/files/1/0715/1704/5040/files/FRLSH_5L90_PL_BLACK_Fold_1_b21c43bd-a78e-4456-bf6b-a3d02e44830d.png?v=1777286661 | https://cdn.shopify.com/s/files/1/0715/1704/5040/files/FRLSH_5L90_PL_BLACK_Fold_2_03a3bb71-7021-4beb-8546-efeb396966b5.jpg?v=1777286660 | https://cdn.shopify.com/s/files/1/0715/1704/5040/files/Artboard2_77ea6fea-9f41-4ea5-a5b4-f271e35642f3.png?v=1777286661 | https://cdn.shopify.com/s/files/1/0715/1704/5040/files/Fold3_7baee82f-1aef-4dc6-bdd5-b4ca0149cc95.jpg?v=1777286660 | https://cdn.shopify.com/s/files/1/0715/1704/5040/files/Artboard4_6094e0a2-28e0-4117-a93e-4bc256a207d8.png?v=1777286661 | https://cdn.shopify.com/s/files/1/0715/1704/5040/files/FRLSH_5L90_PL_BLACK_Fold_1_86146377-5bcc-4707-9948-8336052483de.png?v=1777286661 | https://cdn.shopify.com/s/files/1/0715/1704/5040/files/FRLSH_5L90_PL_BLACK_Fold_2_dae57130-2bdc-4c9e-9efa-af755b2e7318.jpg?v=1777286661 | https://cdn.shopify.com/s/files/1/0715/1704/5040/files/Artboard2_0550ab2c-2456-49b0-a776-b78675963045.png?v=1777286661 | https://cdn.shopify.com/s/files/1/0715/1704/5040/files/Fold3_4230a5cc-1729-40d5-aba6-ccef1521d105.jpg?v=1777286660 | https://cdn.shopify.com/s/files/1/0715/1704/5040/files/Artboard4_c4c6423d-4993-47d1-bc84-98fe60fbb76d.png?v=1777286661 | https://cdn.shopify.com/s/files/1/0715/1704/5040/files/10SQ_270c9a82-251f-4e97-96d1-3ecf44d16bd9.png?v=1777286660 | https://cdn.shopify.com/s/files/1/0715/1704/5040/files/10SQ_4b6c15a8-83a7-4e6d-9064-e394e4605e0e.jpg?v=1777286661 | https://cdn.shopify.com/s/files/1/0715/1704/5040/files/Artboard2_cab93e5d-2766-41ba-8464-fd8c2ca84e33.png?v=1777286661 | https://cdn.shopify.com/s/files/1/0715/1704/5040/files/Fold3_832b3b65-7f42-4634-938a-1c6cf173d7ba.jpg?v=1777286661 | https://cdn.shopify.com/s/files/1/0715/1704/5040/files/Artboard4_74f6b642-1a8f-4336-8e33-8d221b7ddcce.png?v=1777286661 | https://cdn.shopify.com/s/files/1/0715/1704/5040/files/FRLSH_5L90_PL_GREEN_Fold_1.png?v=1777286661 | https://cdn.shopify.com/s/files/1/0715/1704/5040/files/FRLSH_5L90_PL_GREEN_Fold_2.png?v=1777286661 | https://cdn.shopify.com/s/files/1/0715/1704/5040/files/FRLSH_5L90_PL_GREEN_Fold_3.png?v=1777286661 | https://cdn.shopify.com/s/files/1/0715/1704/5040/files/FRLSH_5L90_PL_GREEN_Fold_4.png?v=1777286661 | https://cdn.shopify.com/s/files/1/0715/1704/5040/files/FRLSH_5L90_PL_GREEN_Fold_5.png?v=1777286661,2026-04-08T16:49:50+05:30,2026-09-08T08:56:46+05:30
Crompton,Crompton EZ400 AC Stabilizer,AC Stabilizers,"AC Stabilizers, Stabilizers",crompton-ez400-ac-stabilizer,https://www.crompton.co.in/products/crompton-ez400-ac-stabilizer,2799.0,2799.0,Color,White :: SKU=STBACNAWHWL170ENZE :: ₹2799.00,6,https://cdn.shopify.com/s/files/1/0715/1704/5040/files/PLBanner1_52d055b5-5b8d-444b-8012-f206e5ed5023.png?v=1775218804 | https://cdn.shopify.com/s/files/1/0715/1704/5040/files/PLBanner2_b332542d-285f-471e-8267-ceb9de4a5285.jpg?v=1775218804 | https://cdn.shopify.com/s/files/1/0715/1704/5040/files/PLBanner3_baff6f19-60c5-4ff0-970e-c1aa77f77aed.jpg?v=1775218804 | https://cdn.shopify.com/s/files/1/0715/1704/5040/files/PLBanner4_61f983a5-6ea2-48bf-a8b6-a8b5cc76c395.jpg?v=1775218804 | https://cdn.shopify.com/s/files/1/0715/1704/5040/files/PLBanner5_ce207fc0-1752-4a8b-a42b-6b028002c2ec.jpg?v=1775218804 | https://cdn.shopify.com/s/files/1/0715/1704/5040/files/PLBanner6_4ef747e6-d5b0-42d9-94a4-55d1193053a6.jpg?v=1775218804,2026-04-03T17:50:02+05:30,2026-09-08T08:56:46+05:30
Crompton,Crompton Ameo Fresh Cold Press Juicer | 200 Watts,Blenders & Juicers,"Cold Press Juicer, juicer, Juicer Mixer Grinder",crompton-ameo-fresh-cold-press-juicer-200-watts,https://www.crompton.co.in/products/crompton-ameo-fresh-cold-press-juicer-200-watts,13999.0,13999.0,Color,Emerald Green and Black :: SKU=ACGJMG-AMEOFRSHSJW :: ₹13999.00,8,https://cdn.shopify.com/s/files/1/0715/1704/5040/files/PLBanner1_c729d280-6417-4cfa-9b15-37ff598ebe8e.png?v=1772704538 | https://cdn.shopify.com/s/files/1/0715/1704/5040/files/Artboard1_4ee0ebc2-5184-45c2-ac35-4d5a00c16e0c.jpg?v=1772704537 | https://cdn.shopify.com/s/files/1/0715/1704/5040/files/Artboard2_1bc0f49d-b1ac-4453-b943-300e74d5719c.jpg?v=1772704538 | https://cdn.shopify.com/s/files/1/0715/1704/5040/files/Artboard6_jpg_f6234549-c9b8-4145-b52e-08fb5271ead2.jpg?v=1772704537 | https://cdn.shopify.com/s/files/1/0715/1704/5040/files/Artboard7_2f7df8ec-a5d1-4af6-b714-4df020a331e1.jpg?v=1772704537 | https://cdn.shopify.com/s/files/1/0715/1704/5040/files/Artboard9_daf408fc-9e7f-4b86-a55e-aa1f7b5e87a8.jpg?v=1772704537 | https://cdn.shopify.com/s/files/1/0715/1704/5040/files/Artboard10_322da045-e1d5-4191-a1f6-577f51b1ff09.jpg?v=1772704537 | https://cdn.shopify.com/s/files/1/0715/1704/5040/files/Artboard8_5e055149-fae9-4c19-8bcb-90e951de5aa3.jpg?v=1772704537,2026-02-27T19:15:27+05:30,2026-09-08T08:56:46+05:30
Crompton,Crompton Energion Mobile GaN Charger QC+PD,Chargers,Wall Chargers,crompton-energion-mobile-gan-charger-qc-pd,https://www.crompton.co.in/products/crompton-energion-mobile-gan-charger-qc-pd,1899.0,3499.0,"Color, Wattage",White/33 :: SKU=CENGCHRG33-QCPD :: ₹1899.00 | White/65 :: SKU=CENGCHRG65-QCPD :: ₹3499.00,14,https://cdn.shopify.com/s/files/1/0715/1704/5040/files/PLBanner1_163b89cd-b21a-4b9a-ac9f-84231d12650c.png?v=1772005210 | https://cdn.shopify.com/s/files/1/0715/1704/5040/files/PLBanner2_57eb9b9d-21d1-491f-a4e2-cfc6534b425c.jpg?v=1772005210 | https://cdn.shopify.com/s/files/1/0715/1704/5040/files/PLBanner3_146d1bd7-0020-4b55-b7e2-646c97ab1cf4.jpg?v=1778584017 | https://cdn.shopify.com/s/files/1/0715/1704/5040/files/PLBanner4_f0e99b6d-b99b-4958-a63d-a06b43161267.jpg?v=1772005210 | https://cdn.shopify.com/s/files/1/0715/1704/5040/files/PLBanner5_4b16d6c8-188c-4f70-bc14-f111c5b3a90c.jpg?v=1772005210 | https://cdn.shopify.com/s/files/1/0715/1704/5040/files/PLBanner6_dfbf13a7-dde3-4a76-ad82-377191cd9d89.jpg?v=1772005210 | https://cdn.shopify.com/s/files/1/0715/1704/5040/files/PLBanner7_261372e5-8c11-457a-9f1f-2aa5a7940276.jpg?v=1772005209 | https://cdn.shopify.com/s/files/1/0715/1704/5040/files/PLBanner1_1213c1e8-8c7b-47b0-bcdc-13f6a548589c.png?v=1772005210 | https://cdn.shopify.com/s/files/1/0715/1704/5040/files/PLBanner2_696f0fc0-30cf-44de-8366-3cb6b8ae0da4.jpg?v=1772005210 | https://cdn.shopify.com/s/files/1/0715/1704/5040/files/PLBanner3_1c8102b2-a178-4853-83bd-5a986f2fcfcf.jpg?v=1772005210 | https://cdn.shopify.com/s/files/1/0715/1704/5040/files/PLBanner4_984fd9ed-5e3b-404f-b117-168f3a61a1d9.jpg?v=1772005210 | https://cdn.shopify.com/s/files/1/0715/1704/5040/files/PLBanner5_2b8b4a60-145a-4fa6-a3dc-5fdcb50b2e85.jpg?v=1772005210 | https://cdn.shopify.com/s/files/1/0715/1704/5040/files/PLBanner6_9dd3d691-507b-4265-a40d-4c081c51a12c.jpg?v=1772005209 | https://cdn.shopify.com/s/files/1/0715/1704/5040/files/PLBanner7_98d5a9c2-c6b4-4e39-b3e1-e0addb616624.jpg?v=1772005210,2026-02-25T13:10:07+05:30,2026-09-08T08:56:46+05:30
Crompton,Crompton Energion Mobile Charger 20W PD,Chargers,Wall Chargers,crompton-energion-mobile-charger-20w-pd,https://www.crompton.co.in/products/crompton-energion-mobile-charger-20w-pd,999.0,999.0,Color,White :: SKU=CENGCHRG20-PD :: ₹999.00,6,https://cdn.shopify.com/s/files/1/0715/1704/5040/files/PLBanner1_e67aca56-97db-4909-8253-7794ca453a78.png?v=1772005208 | https://cdn.shopify.com/s/files/1/0715/1704/5040/files/PLBanner2_97ace90d-4619-4c61-81f5-b94ee56abc0e.jpg?v=1772005207 | https://cdn.shopify.com/s/files/1/0715/1704/5040/files/PLBanner3_9530f0fb-6f02-4a0c-a92d-12f89bcf842e.jpg?v=1772005207 | https://cdn.shopify.com/s/files/1/0715/1704/5040/files/PLBanner4_c7c60c03-e418-42ee-b735-bc40e57d5308.jpg?v=1772005208 | https://cdn.shopify.com/s/files/1/0715/1704/5040/files/PLBanner5_e5d99c6e-b3c3-4c94-9e29-15345a573bb1.jpg?v=1772005208 | https://cdn.shopify.com/s/files/1/0715/1704/5040/files/PLBanner7_ed63242b-f2f1-41c3-9ed5-847bac182bfe.jpg?v=1772005207,2026-02-25T13:10:05+05:30,2026-09-08T08:56:46+05:30
Crompton,Crompton Ameo Fresh Nutri Blender | 400 Watts | 3 Food Grade Jars,Blenders & Juicers,"Mixer Grinder & Blenders, Nutri Blender",crompton-ameo-fresh-nutri-blender-400-watts-3-food-grade-jars,https://www.crompton.co.in/products/crompton-ameo-fresh-nutri-blender-400-watts-3-food-grade-jars,5499.0,5499.0,Color,Red and Black :: SKU=ACGJMG-AMEOFRSHBL3 :: ₹5499.00,6,https://cdn.shopify.com/s/files/1/0715/1704/5040/files/Artboard0_4a92abcb-a4dd-4eaa-b429-9b02f7c8765b.png?v=1771905377 | https://cdn.shopify.com/s/files/1/0715/1704/5040/files/Artboard1_81a5f71a-89c6-4470-bb7d-e29bc3b109a3.jpg?v=1771905376 | https://cdn.shopify.com/s/files/1/0715/1704/5040/files/Artboard2_8fdd740a-2498-4d4a-84fe-61fca7e7e6e8.jpg?v=1771905376 | https://cdn.shopify.com/s/files/1/0715/1704/5040/files/Artboard3_4e6cdcf6-ca9b-49ad-b2d1-fcafc122a1bb.jpg?v=1771905376 | https://cdn.shopify.com/s/files/1/0715/1704/5040/files/Artboard4_1db376a3-c473-4049-b8f1-29be64271a11.jpg?v=1771905376 | https://cdn.shopify.com/s/files/1/0715/1704/5040/files/Artboard5_fa6ca2c1-0ca6-4aea-a634-c02cbb0a2312.jpg?v=1771905376,2026-02-24T09:26:14+05:30,2026-09-08T08:56:46+05:30
Crompton,Crompton Mosquito Racquet Zappy Neo W String,Mosquito Racquet,"150-300-sqft, Mosquito Racquet",crompton-mosquito-racquet-zappy-neo-w-string,https://www.crompton.co.in/products/crompton-mosquito-racquet-zappy-neo-w-string,1099.0,1099.0,Color,Yellow :: SKU=LEDMRCHWSTGZAPNYLW :: ₹1099.00,6,https://cdn.shopify.com/s/files/1/0715/1704/5040/files/PLBanner1_04d7e1d9-dd50-49c0-bf61-9d95feb724d8.png?v=1782970552 | https://cdn.shopify.com/s/files/1/0715/1704/5040/files/PLBanner2_2120a9d8-5611-4d17-94c7-85d81486eb81.jpg?v=1782970552 | https://cdn.shopify.com/s/files/1/0715/1704/5040/files/PLBanner3_a255018a-ebcb-4cd2-bc4a-93a28c46a6b7.jpg?v=1782970552 | https://cdn.shopify.com/s/files/1/0715/1704/5040/files/PLBanner4_260edc6e-96f9-441a-8d70-4c0e47f2ec8b.jpg?v=1782970552 | https://cdn.shopify.com/s/files/1/0715/1704/5040/files/PLBanner5_e9ddd568-c184-40a9-ab6e-4b7f77663b86.jpg?v=1782970552 | https://cdn.shopify.com/s/files/1/0715/1704/5040/files/PLBanner6_361dbf59-eeff-4ace-979e-5bef9a792c75.jpg?v=1782970551,2026-02-24T09:26:12+05:30,2026-09-08T08:56:46+05:30
Crompton,Crompton Zappy Duo W Stand | Mosquito Racquet,Mosquito Racquet,Mosquito Racquet,crompton-zappy-duo-w-stand-mosquito-racquet,https://www.crompton.co.in/products/crompton-zappy-duo-w-stand-mosquito-racquet,1199.0,1199.0,Color,Yellow :: SKU=LEDMRCHWSTDZAPDYLW :: ₹1199.00,6,https://cdn.shopify.com/s/files/1/0715/1704/5040/files/PLBanner1_11724911-01cf-49be-bc75-6ea9d79f0831.png?v=1771905373 | https://cdn.shopify.com/s/files/1/0715/1704/5040/files/PLBanner2_9e55cd4d-a813-4482-9809-f085ac185c01.jpg?v=1771905373 | https://cdn.shopify.com/s/files/1/0715/1704/5040/files/PLBanner3_53721e65-5d5b-4afd-826d-fd4239efa9d2.jpg?v=1771905372 | https://cdn.shopify.com/s/files/1/0715/1704/5040/files/PLBanner4_08411728-75ae-4d88-bd5f-4a271b11c307.jpg?v=1771905372 | https://cdn.shopify.com/s/files/1/0715/1704/5040/files/PLBanner5_acad4d3b-7751-4f28-a511-c578cf891ba8.jpg?v=1771905372 | https://cdn.shopify.com/s/files/1/0715/1704/5040/files/PLBanner6_e0cec9cb-b32a-448d-a493-6b7e32465ab6.jpg?v=1771905372,2026-02-24T09:26:10+05:30,2026-09-08T08:56:46+05:30
Crompton,Crompton Ameo Fresh Nutri Blender | 400 Watts | 2 Food Grade Jars,Blenders & Juicers,Nutri Blender,crompton-ameo-fresh-nutri-blender-400-watts-2-food-grade-jars,https://www.crompton.co.in/products/crompton-ameo-fresh-nutri-blender-400-watts-2-food-grade-jars,3999.0,3999.0,Color,Blue and Black :: SKU=ACGJMG-AMEOFRSH1J :: ₹3999.00,6,https://cdn.shopify.com/s/files/1/0715/1704/5040/files/PLBanner1_8578d511-c507-486c-85ea-8af57e85ba79.png?v=1770374942 | https://cdn.shopify.com/s/files/1/0715/1704/5040/files/PLBanner2_33d84ac1-daaf-41ed-9e83-cbcab9d7fba2.jpg?v=1770374942 | https://cdn.shopify.com/s/files/1/0715/1704/5040/files/PLBanner3_53ee8eeb-3bf4-464a-897c-b6ca9bd876f0.jpg?v=1770374942 | https://cdn.shopify.com/s/files/1/0715/1704/5040/files/PLBanner4_f00f5fa8-938a-41b0-b40e-06545efffd92.jpg?v=1770374942 | https://cdn.shopify.com/s/files/1/0715/1704/5040/files/PLBanner5_91f95699-3b2c-41aa-8eef-9d7cfbbd321c.jpg?v=1770374941 | https://cdn.shopify.com/s/files/1/0715/1704/5040/files/PLBanner6_d992ea1c-cf75-4440-a026-1d1c12fd1b9e.jpg?v=1770374942,2026-02-06T16:18:59+05:30,2026-09-08T08:56:46+05:30
Crompton,MARVEL PLUS I - Mini Self Priming Regenerative Pump,Agricultural Pumps,"agricultural, Mini Pump",marvel-plus-i-mini-self-priming-regenerative-pump,https://www.crompton.co.in/products/marvel-plus-i-mini-self-priming-regenerative-pump,8850.0,8850.0,Color,Blue & Red :: SKU=MARVEL PLUS I :: ₹8850.00,5,https://cdn.shopify.com/s/files/1/0715/1704/5040/files/Artboard0_309076f4-0393-4eb1-a00b-0636ce4ab2d7.png?v=1770121590 | https://cdn.shopify.com/s/files/1/0715/1704/5040/files/Artboard1_86f4e340-233c-420d-b6ac-9285d19319f2.jpg?v=1770121590 | https://cdn.shopify.com/s/files/1/0715/1704/5040/files/Artboard2_29c0fb2b-f786-4819-911f-5d6021949ba0.jpg?v=1770121590 | https://cdn.shopify.com/s/files/1/0715/1704/5040/files/Artboard3_64eb2cf7-ccd9-4961-a596-b7b5662ca479.jpg?v=1770121590 | https://cdn.shopify.com/s/files/1/0715/1704/5040/files/Artboard4_11e64a3a-bec2-4cbe-8143-b5318da6c745.jpg?v=1770121590,2026-02-03T17:56:28+05:30,2026-09-08T08:56:46+05:30
Crompton,FLOMAX DURA II - Mini Self Priming Regenerative Pump,Agricultural Pumps,"agricultural, Agriculture Pumps, Mini Pump",flomax-dura-ii-mini-self-priming-regenerative-pump,https://www.crompton.co.in/products/flomax-dura-ii-mini-self-priming-regenerative-pump,8675.0,8675.0,Color,Black & Silver :: SKU=FLOMAX DURA II :: ₹8675.00,5,https://cdn.shopify.com/s/files/1/0715/1704/5040/files/Artboard0_eec20e24-6610-47a4-91a7-9987b9d2cdc2.png?v=1770120571 | https://cdn.shopify.com/s/files/1/0715/1704/5040/files/Artboard1_02d1b97a-8476-49e1-9230-63b6df0c0207.jpg?v=1770120571 | https://cdn.shopify.com/s/files/1/0715/1704/5040/files/Artboard2_4022424c-5ab8-4726-adab-41f963155fbf.jpg?v=1770120571 | https://cdn.shopify.com/s/files/1/0715/1704/5040/files/Artboard3_6a85073e-331a-47e6-b1d5-2b4703a60fee.jpg?v=1770120571 | https://cdn.shopify.com/s/files/1/0715/1704/5040/files/Artboard4_3a325db1-74f7-4f10-8f99-6cf79aa93c74.jpg?v=1770120571,2026-02-03T17:39:28+05:30,2026-09-08T08:56:46+05:30
Crompton,PRIMO II - Mini Self Priming Regenerative Pump,Agricultural Pumps,"agricultural, Agriculture Pumps, Mini Pump",primo-ii-mini-self-priming-regenerative-pump,https://www.crompton.co.in/products/primo-ii-mini-self-priming-regenerative-pump,4600.0,4600.0,Color,Blue & Red :: SKU=PRIMO II :: ₹4600.00,5,https://cdn.shopify.com/s/files/1/0715/1704/5040/files/Artboard0_22edeb13-1963-478a-ab43-d8ec9f036569.png?v=1770120569 | https://cdn.shopify.com/s/files/1/0715/1704/5040/files/Artboard1_bb5ffe17-f56e-42e9-991e-8c683c74b0b4.jpg?v=1770120568 | https://cdn.shopify.com/s/files/1/0715/1704/5040/files/Artboard2_478ff44c-8b73-42aa-83ed-46d900840da5.png?v=1770120570 | https://cdn.shopify.com/s/files/1/0715/1704/5040/files/Artboard3_40ab18bb-69fd-4e15-bd2d-a6627f88c76c.png?v=1770120570 | https://cdn.shopify.com/s/files/1/0715/1704/5040/files/Artboard4_03744cb1-9502-4462-a96a-cd83ecddee1c.png?v=1770120570,2026-02-03T17:39:26+05:30,2026-09-08T08:56:46+05:30
Crompton,WIN PLUS II - Mini Self Priming Regenerative Pump,Agricultural Pumps,"agricultural, Agriculture Pumps, Mini Pump",win-plus-ii-mini-self-priming-regenerative-pump,https://www.crompton.co.in/products/win-plus-ii-mini-self-priming-regenerative-pump,4600.0,4600.0,Color,Blue & Red :: SKU=WIN PLUS II :: ₹4600.00,5,https://cdn.shopify.com/s/files/1/0715/1704/5040/files/Artboard0_179b59ec-b317-4503-8c10-6cff0716ee9a.png?v=1770120567 | https://cdn.shopify.com/s/files/1/0715/1704/5040/files/Artboard1_6012f726-9a38-4d88-8157-71b633a4d5c1.jpg?v=1770120566 | https://cdn.shopify.com/s/files/1/0715/1704/5040/files/Artboard2_b75566cd-bce5-4512-960f-3d4de0fe2907.jpg?v=1770120566 | https://cdn.shopify.com/s/files/1/0715/1704/5040/files/Artboard3_745b1872-ff61-4571-9e13-6b8a07f045a1.jpg?v=1770120566 | https://cdn.shopify.com/s/files/1/0715/1704/5040/files/Artboard4_91f7f9c1-d29f-4a53-8f80-ea98ce8e04a6.jpg?v=1770120566,2026-02-03T17:39:24+05:30,2026-09-08T08:56:46+05:30
Crompton,4W1/7-BUE-D - Borewell Submersible Pump,Agricultural Pumps,"agricultural, Borewell Subemersible Pump",4w1-7-bue-d-borewell-submersible-pump,https://www.crompton.co.in/products/4w1-7-bue-d-borewell-submersible-pump,17200.0,17200.0,Color,Black & Silver :: SKU=4W1/7-BUE-D :: ₹17200.00,5,https://cdn.shopify.com/s/files/1/0715/1704/5040/files/Artboard5_09047d6e-0d25-406c-8ce6-2c3c5581f507.png?v=1770120564 | https://cdn.shopify.com/s/files/1/0715/1704/5040/files/Artboard1_52eb7844-4c84-41cc-b606-d56111b739ca.jpg?v=1770120564 | https://cdn.shopify.com/s/files/1/0715/1704/5040/files/Artboard2_27e02771-61a8-4b78-a382-187cd5d2ba0a.png?v=1770120565 | https://cdn.shopify.com/s/files/1/0715/1704/5040/files/Artboard3_1ed0d6c4-f101-4e0a-b450-2a7d56083f81.png?v=1770120566 | https://cdn.shopify.com/s/files/1/0715/1704/5040/files/Artboard4_f2c84ee6-2e73-4d6d-94a9-f2a8220b59ba.png?v=1770120565,2026-02-03T17:39:21+05:30,2026-09-08T08:56:46+05:30
Crompton,4W1/10-BUE-D - Borewell Submersible Pump,Agricultural Pumps,"agricultural, Borewell Subemersible Pump",4w1-10-bue-d-borewell-submersible-pump,https://www.crompton.co.in/products/4w1-10-bue-d-borewell-submersible-pump,18700.0,18700.0,Color,Black & Silver :: SKU=4W1/10-BUE-D :: ₹18700.00,5,https://cdn.shopify.com/s/files/1/0715/1704/5040/files/Artboard0_522efc0f-e2c9-462d-8359-28bf94d9da5d.png?v=1770120562 | https://cdn.shopify.com/s/files/1/0715/1704/5040/files/Artboard1_e44bc11d-923a-46b2-bd39-c03536392460.jpg?v=1770120563 | https://cdn.shopify.com/s/files/1/0715/1704/5040/files/Artboard2_8bacac53-baba-4809-883f-a79985231ee5.png?v=1770120563 | https://cdn.shopify.com/s/files/1/0715/1704/5040/files/Artboard3_439bf4d4-25c0-47e6-990b-6a1c0c00bce4.png?v=1770120564 | https://cdn.shopify.com/s/files/1/0715/1704/5040/files/Artboard4_eb8216ae-1343-419c-9971-72af1b1607b3.png?v=1770120563,2026-02-03T17:39:19+05:30,2026-09-08T08:56:46+05:30
Crompton,4W1/10-BUE-D40 - Borewell Submersible Pump,Agricultural Pumps,"agricultural, Borewell Subemersible Pump",4w1-10-bue-d40-borewell-submersible-pump,https://www.crompton.co.in/products/4w1-10-bue-d40-borewell-submersible-pump,18700.0,18700.0,Color,Black & Silver :: SKU=4W1/10-BUE-D40 :: ₹18700.00,5,https://cdn.shopify.com/s/files/1/0715/1704/5040/files/Artboard5_31d1ab5d-ef59-4ce7-ac32-894223556cdb.png?v=1770120560 | https://cdn.shopify.com/s/files/1/0715/1704/5040/files/Artboard1_a27353e8-51e4-4143-9b38-9b6a47c8a676.jpg?v=1770120559 | https://cdn.shopify.com/s/files/1/0715/1704/5040/files/Artboard2_4eed3a7b-9f47-47f6-b8a8-ccb1796bc8ea.png?v=1770120561 | https://cdn.shopify.com/s/files/1/0715/1704/5040/files/Artboard3_1ba81d96-b724-4b07-bf93-7843a16b01eb.png?v=1770120561 | https://cdn.shopify.com/s/files/1/0715/1704/5040/files/Artboard4_765009a0-a7cd-49ed-9233-20adb111d57c.png?v=1770120561,2026-02-03T17:39:17+05:30,2026-09-08T08:56:46+05:30
Crompton,OWE12(1PH)C-28 - Openwell Submersible Pump,Agricultural Pumps,"agricultural, Openwell Submersible Pumps",owe121phc-28-openwell-submersible-pump,https://www.crompton.co.in/products/owe121phc-28-openwell-submersible-pump,15075.0,15075.0,Color,Black & Silver :: SKU=OWE12(1PH)C-28 :: ₹15075.00,5,https://cdn.shopify.com/s/files/1/0715/1704/5040/files/Artboard0_e92ebf2f-2893-4685-8797-9e5cc52ebb69.png?v=1770120558 | https://cdn.shopify.com/s/files/1/0715/1704/5040/files/Artboard1_638a7ae2-be90-4320-9ef9-c6988941794c.jpg?v=1770120557 | https://cdn.shopify.com/s/files/1/0715/1704/5040/files/Artboard2_a188900b-0801-460a-82e0-c760d474a79c.jpg?v=1770120557 | https://cdn.shopify.com/s/files/1/0715/1704/5040/files/Artboard3_f7be6982-e068-4145-b0e0-3e78d6a66b3d.jpg?v=1770120558 | https://cdn.shopify.com/s/files/1/0715/1704/5040/files/Artboard4_69781c4e-d6b2-4064-ac40-659b6ae87e4f.jpg?v=1770120557,2026-02-03T17:39:15+05:30,2026-09-08T08:56:46+05:30
Crompton,4W1/7-BUE-D40 - Borewell Subemersible Pump,Agricultural Pumps,"agricultural, Borewell Subemersible Pump",4w1-7-bue-d40-borewell-subemersible-pump,https://www.crompton.co.in/products/4w1-7-bue-d40-borewell-subemersible-pump,17200.0,17200.0,Color,Black & Silver :: SKU=4W1/7-BUE-D40 :: ₹17200.00,5,https://cdn.shopify.com/s/files/1/0715/1704/5040/files/4WDura_cbd3ad6f-dd83-4417-bd93-b398c1010c27.png?v=1770120555 | https://cdn.shopify.com/s/files/1/0715/1704/5040/files/Artboard1_2fbb623f-5471-4bb8-ae99-779163551bda.jpg?v=1770120555 | https://cdn.shopify.com/s/files/1/0715/1704/5040/files/Artboard2_b3a6b89d-f0ca-4d88-9f2b-4db5f6dd77ae.png?v=1770120557 | https://cdn.shopify.com/s/files/1/0715/1704/5040/files/Artboard3_5ee4f5da-2a00-4e3e-8827-927a40da2cf4.jpg?v=1770120555 | https://cdn.shopify.com/s/files/1/0715/1704/5040/files/Artboard4_56ef06ac-0a8d-4ba9-b020-d8b1c45a0aed.png?v=1770120557,2026-02-03T17:39:12+05:30,2026-09-08T08:56:46+05:30
Crompton,"Crompton Solarium PLS, 3000W Instant Water Heater - 3L",Instant Water Heaters,Instant Water Heater,crompton-solarium-pls-3000w-instant-water-heater-3l,https://www.crompton.co.in/products/crompton-solarium-pls-3000w-instant-water-heater-3l,5999.0,5999.0,Color,White :: SKU=AIWH-3LSOLPLSWHT5Y :: ₹5999.00,6,https://cdn.shopify.com/s/files/1/0715/1704/5040/files/PLBanner1_67f800d4-46a2-41c3-9f5d-2f70bb91eaf2.png?v=1769598204 | https://cdn.shopify.com/s/files/1/0715/1704/5040/files/PLBanner2_d11a0d1e-fed2-4fe5-a9ca-cee6f98a9891.jpg?v=1769598204 | https://cdn.shopify.com/s/files/1/0715/1704/5040/files/PLBanner3_7bcc0b05-c9fa-45ec-8cc8-c5c57d813db7.jpg?v=1769598204 | https://cdn.shopify.com/s/files/1/0715/1704/5040/files/PLBanner4_77551e8e-cf03-45a7-b54d-575d70eb692d.jpg?v=1769598203 | https://cdn.shopify.com/s/files/1/0715/1704/5040/files/PLBanner5_141422df-27fe-4497-918e-58cb4388df7e.jpg?v=1769598204 | https://cdn.shopify.com/s/files/1/0715/1704/5040/files/PL_Banner_6_6.jpg?v=1769598204,2026-01-28T16:33:21+05:30,2026-09-08T08:56:46+05:30
Crompton,"Crompton Rapid Jet Plus, 2000W Storage Water Heater",Storage Water Heaters,Storage Water Heaters,crompton-rapid-jet-plus-2000w-storage-water-heater,https://www.crompton.co.in/products/crompton-rapid-jet-plus-2000w-storage-water-heater,10000.0,12500.0,"Color, Sizes",White/15-L :: SKU=ASWH-15LRPDJT2KW :: ₹12500.00 | White/10-L :: SKU=ASWH-10LRPDJT2KW :: ₹11200.00 | White/6-L :: SKU=ASWH-6LRPDJT2KW :: ₹10000.00,7,https://cdn.shopify.com/s/files/1/0715/1704/5040/files/PLBanner1_c902e70c-f97a-45cd-b21b-33e6aca6d6c6.png?v=1769598202 | https://cdn.shopify.com/s/files/1/0715/1704/5040/files/PLBanner2_12e37223-db23-4b53-95be-29a2737bcc55.jpg?v=1769598202 | https://cdn.shopify.com/s/files/1/0715/1704/5040/files/PLBanner3_861ba5c2-f45c-42e7-8bac-f04c7e6c1ea6.jpg?v=1769598202 | https://cdn.shopify.com/s/files/1/0715/1704/5040/files/PLBanner4_9ab87d50-1beb-41c9-9f69-473141433877.jpg?v=1769598202 | https://cdn.shopify.com/s/files/1/0715/1704/5040/files/PLBanner5_5f1f716c-0cba-4c9d-8aea-48b327f28915.jpg?v=1769598202 | https://cdn.shopify.com/s/files/1/0715/1704/5040/files/PLBanner6_12d4bb07-692e-4f29-8491-844287e7474c.jpg?v=1769598202 | https://cdn.shopify.com/s/files/1/0715/1704/5040/files/PLBanner7_2805049d-4573-43cc-a198-98dfd78cd06d.jpg?v=1769598202,2026-01-28T16:33:19+05:30,2026-09-08T08:56:46+05:30
Crompton,"Crompton FestoKwik, 3000W Instant Water Heater",Instant Water Heaters,Instant Water Heater,crompton-festokwik-3000w-instant-water-heater,https://www.crompton.co.in/products/crompton-festokwik-3000w-instant-water-heater,11100.0,13100.0,"Color, Sizes",White/5-L :: SKU=AIWH-5LFSQWK3KW5Y :: ₹13100.00 | White/3-L :: SKU=AIWH-3LFSQWK3KW5Y :: ₹11100.00,5,https://cdn.shopify.com/s/files/1/0715/1704/5040/files/PLBanner1_8f6b4da1-a717-4f3e-847d-73e70c3093e9.png?v=1769598200 | https://cdn.shopify.com/s/files/1/0715/1704/5040/files/PL_Banner_2_fc3e7321-0a98-4e51-b19b-4d29a2f9ebaf.jpg?v=1769598200 | https://cdn.shopify.com/s/files/1/0715/1704/5040/files/PLBanner3_06064dfe-825d-4bcf-8619-68da54b43e82.jpg?v=1769598200 | https://cdn.shopify.com/s/files/1/0715/1704/5040/files/PLBanner4_bd8f1dc6-9b76-4d71-bbe0-1b8bbdb5fc4f.jpg?v=1770294633 | https://cdn.shopify.com/s/files/1/0715/1704/5040/files/PLBanner5_b857226b-ec56-49e9-bdbc-e8640ef35d34.jpg?v=1770294633,2026-01-28T16:33:18+05:30,2026-09-08T08:56:46+05:30
Crompton,Crompton RapidJet Neo Instant Water Heater,Instant Water Heaters,Instant Water Heater,crompton-rapidjet-neo-instant-water-heater,https://www.crompton.co.in/products/crompton-rapidjet-neo-instant-water-heater,5999.0,5999.0,Color,White :: SKU=AIWH-3LRPJCLX3KW5Y :: ₹5999.00,6,https://cdn.shopify.com/s/files/1/0715/1704/5040/files/PLBanner1_6b6454c2-add2-458c-9071-54597842c9ec.png?v=1769598198 | https://cdn.shopify.com/s/files/1/0715/1704/5040/files/PLBanner2_45d01c40-5a3b-4967-a157-3f23f3b5d00d.jpg?v=1769598198 | https://cdn.shopify.com/s/files/1/0715/1704/5040/files/PLBanner3_1cdb6ca7-cbb9-45b3-a5fe-596b7116aa71.jpg?v=1769598198 | https://cdn.shopify.com/s/files/1/0715/1704/5040/files/PLBanner4_88655088-82ee-49e5-9215-c59e569d04aa.jpg?v=1769598198 | https://cdn.shopify.com/s/files/1/0715/1704/5040/files/PLBanner5_4ece777a-021e-40b4-bfd5-2a479bf04d61.jpg?v=1770294581 | https://cdn.shopify.com/s/files/1/0715/1704/5040/files/PLBanner6_f64414cc-6173-4cf3-bb6a-39ef0373b875.jpg?v=1770294581,2026-01-28T16:33:16+05:30,2026-09-08T08:56:46+05:30
Crompton,"Crompton Rapidjet TDS 2000, 3000W Instant Water Heater 3 Litre",Instant Water Heaters,Instant Water Heater,crompton-rapidjet-tds-2000-3000w-instant-water-heater-3-litre,https://www.crompton.co.in/products/crompton-rapidjet-tds-2000-3000w-instant-water-heater-3-litre,5999.0,5999.0,Color,White :: SKU=AIWH-3LRPJTDS3KW5Y-new :: ₹5999.00,6,https://cdn.shopify.com/s/files/1/0715/1704/5040/files/PLBanner1_d23a83f9-1283-4b5d-8f5c-fd1b0277e0b4.png?v=1768224795 | https://cdn.shopify.com/s/files/1/0715/1704/5040/files/PLBanner2_d7e68ee0-e95d-4f80-986e-cd58fa185151.jpg?v=1768224796 | https://cdn.shopify.com/s/files/1/0715/1704/5040/files/PLBanner3_5a852841-b98a-4a30-a761-74473bcfb9e1.jpg?v=1768224795 | https://cdn.shopify.com/s/files/1/0715/1704/5040/files/PLBanner4_afd8c29c-bd7b-4e50-a9aa-46de23c9fc28.jpg?v=1768224795 | https://cdn.shopify.com/s/files/1/0715/1704/5040/files/PLBanner5_daebdcfb-e9d2-41c2-ae10-bb3a0be59a71.jpg?v=1768224795 | https://cdn.shopify.com/s/files/1/0715/1704/5040/files/PLBanner6_08dc8059-4d0b-400c-9de1-a86163f96f8a.jpg?v=1768224795,2026-01-12T19:03:13+05:30,2026-09-08T08:56:46+05:30
Crompton,"Crompton Classic DLX, 2000W Storage Water Heater",Storage Water Heaters,Storage Water Heaters,crompton-classic-dlx-2000w-storage-water-heater,https://www.crompton.co.in/products/crompton-classic-dlx-2000w-storage-water-heater,9300.0,13100.0,"Color, Sizes",White/25-L :: SKU=ASWH-5325 :: ₹13100.00 | White/15-L :: SKU=ASWH-5315 :: ₹11100.00 | White/10-L :: SKU=ASWH-5310 :: ₹10100.00 | White/6-L :: SKU=ASWH-5306 :: ₹9300.00,7,https://cdn.shopify.com/s/files/1/0715/1704/5040/files/PLBanner1_acc1deb9-ef3f-42a0-bd57-fff80f19813f.png?v=1768460864 | https://cdn.shopify.com/s/files/1/0715/1704/5040/files/PLBanner2_7f5254be-f6f7-4691-8640-e6d3b57326ea.jpg?v=1768460835 | https://cdn.shopify.com/s/files/1/0715/1704/5040/files/PLBanner3_b8ac1cfe-9643-4475-a54a-ee9e8dc34dc2.jpg?v=1768460836 | https://cdn.shopify.com/s/files/1/0715/1704/5040/files/PLBanner4_6602cbee-420b-40d5-bc1f-387d33dfdd42.jpg?v=1768460836 | https://cdn.shopify.com/s/files/1/0715/1704/5040/files/PLBanner5_00117c56-7916-44b0-82be-fd92af91c981.jpg?v=1768460836 | https://cdn.shopify.com/s/files/1/0715/1704/5040/files/PLBanner6_9f5f2ccb-44ed-4947-98cb-5a1caa449dcf.jpg?v=1768460836 | https://cdn.shopify.com/s/files/1/0715/1704/5040/files/PLBanner7_2c041ff5-f476-4a15-9807-15eea8cbee22.jpg?v=1768460836,2026-01-06T12:44:42+05:30,2026-09-08T08:56:46+05:30
Crompton,"Crompton Versa HZ RHS, 2000W Horizontal Storage Water Heater",Storage Water Heaters,Storage Water Heaters,crompton-versa-hz-rhs-2000w-horizontal-storage-water-heater,https://www.crompton.co.in/products/crompton-versa-hz-rhs-2000w-horizontal-storage-water-heater,11900.0,13900.0,"Color, Sizes",White/25-L :: SKU=ASWH-4125RHS :: ₹11900.00 | White/15-L :: SKU=ASWH-4115RHS :: ₹12900.00 | White/10-L :: SKU=ASWH-4110RHS :: ₹13900.00,7,https://cdn.shopify.com/s/files/1/0715/1704/5040/files/PLBanner1_cc5819fe-b871-4996-bd13-0c084e8c16c2.png?v=1767683683 | https://cdn.shopify.com/s/files/1/0715/1704/5040/files/PLBanner2_b86472a7-7a00-445f-9483-398e81dc2380.jpg?v=1767683683 | https://cdn.shopify.com/s/files/1/0715/1704/5040/files/PLBanner3_e84d1605-6981-4b11-b917-f16a3109e8b1.jpg?v=1767683682 | https://cdn.shopify.com/s/files/1/0715/1704/5040/files/PLBanner4_e78c6d14-dcd7-4988-8c0d-76e1f0467264.jpg?v=1767683682 | https://cdn.shopify.com/s/files/1/0715/1704/5040/files/PLBanner5_bb55a575-a6a6-49f9-a97d-9214b71b350f.jpg?v=1767683682 | https://cdn.shopify.com/s/files/1/0715/1704/5040/files/PLBanner6_febb15e0-5247-4464-8717-b5145f89cb72.jpg?v=1767683683 | https://cdn.shopify.com/s/files/1/0715/1704/5040/files/PLBanner7_0baaaf21-6d6c-4674-82f1-783723a17a2d.jpg?v=1767683683,2026-01-06T12:44:40+05:30,2026-09-08T08:56:46+05:30
Crompton,CFCHM6E1.5B-V24 - Pressure Booster Pump,Agricultural Pumps,"agricultural, Pressure Booster Pump",cfchm6e1-5b-v24-pressure-booster-pump,https://www.crompton.co.in/products/cfchm6e1-5b-v24-pressure-booster-pump,43600.0,43600.0,Color,Black & Silver :: SKU=CFCHM6E1.5B-V24 :: ₹43600.00,5,https://cdn.shopify.com/s/files/1/0715/1704/5040/files/CFCHM6E1.5B-V24.png?v=1767185143 | https://cdn.shopify.com/s/files/1/0715/1704/5040/files/Artboard1_8038adac-d40b-4b17-a90d-e6b8ff73273d.jpg?v=1767185143 | https://cdn.shopify.com/s/files/1/0715/1704/5040/files/Artboard2_bbf593fc-bcdc-46d2-a511-af26197d21f3.jpg?v=1767185143 | https://cdn.shopify.com/s/files/1/0715/1704/5040/files/Artboard_3_b2c535ad-52b4-4ea8-895a-38a5150834db.jpg?v=1769174643 | https://cdn.shopify.com/s/files/1/0715/1704/5040/files/Artboard4_0987a927-2513-4eb7-a6a0-de1f148b43d3.jpg?v=1769174643,2025-12-31T18:15:40+05:30,2026-09-08T08:56:46+05:30
Crompton,Crompton Hob Viona Plus 82 Cm 4 Burner,Hobs,"Built-In Gas Hob, Hobs, Hybrid Design",crompton-hob-viona-plus-82-cm-4-burner,https://www.crompton.co.in/products/crompton-hob-viona-plus-82-cm-4-burner,51299.0,51299.0,Color,Black :: SKU=HOB-VPDC824-MBL :: ₹51299.00,7,https://cdn.shopify.com/s/files/1/0715/1704/5040/files/PLBanner1_4ee35db0-c810-455f-b5c1-de61970ba993.png?v=1766578982 | https://cdn.shopify.com/s/files/1/0715/1704/5040/files/PLBanner2_339ad833-ae39-461e-9454-e36d8b9327f3.jpg?v=1766578980 | https://cdn.shopify.com/s/files/1/0715/1704/5040/files/PLBanner3_bcc71844-430a-4980-a8aa-e81dc73c630d.jpg?v=1766578981 | https://cdn.shopify.com/s/files/1/0715/1704/5040/files/PLBanner4_1_bb447115-1db9-439e-957d-a0b9a48a5214.jpg?v=1766578980 | https://cdn.shopify.com/s/files/1/0715/1704/5040/files/PLBanner4_4c78d435-f184-40f9-a542-7edbb1ea5a49.jpg?v=1766578981 | https://cdn.shopify.com/s/files/1/0715/1704/5040/files/PLBanner6_2.jpg?v=1766578980 | https://cdn.shopify.com/s/files/1/0715/1704/5040/files/PLBanner7_cfc3c48a-7a86-4605-be6f-31bb5ad5f6d8.jpg?v=1766578981,2025-12-24T17:52:58+05:30,2026-09-08T08:56:46+05:30
Crompton,Crompton Hob Viona Plus 78 Cm 3 Burner,Hobs,"Built-In Gas Hob, Hobs, Hybrid Design",crompton-hob-viona-plus-78-cm-3-burner,https://www.crompton.co.in/products/crompton-hob-viona-plus-78-cm-3-burner,46048.0,46048.0,Color,Black :: SKU=HOB-VPDC783-MBL :: ₹46048.00,7,https://cdn.shopify.com/s/files/1/0715/1704/5040/files/PLBanner1_55712d79-8677-431a-b5e5-08d4c46b59f0.png?v=1766578979 | https://cdn.shopify.com/s/files/1/0715/1704/5040/files/PLBanner2_ccb5fd61-77a7-4ded-aa99-e7231e33c9df.jpg?v=1766578978 | https://cdn.shopify.com/s/files/1/0715/1704/5040/files/PLBanner3_aaae08fd-e8c1-490d-b95f-87207c9b7d5f.jpg?v=1766578978 | https://cdn.shopify.com/s/files/1/0715/1704/5040/files/PLBanner4_cda3c123-8151-4334-9b27-fd76533b3630.jpg?v=1766578978 | https://cdn.shopify.com/s/files/1/0715/1704/5040/files/PLBanner5_bc878606-415f-45bd-96b4-331890baba08.jpg?v=1766578978 | https://cdn.shopify.com/s/files/1/0715/1704/5040/files/PLBanner7_2dd2cc90-3e5e-4854-b206-cdf7dbe6df4f.jpg?v=1766578978 | https://cdn.shopify.com/s/files/1/0715/1704/5040/files/PLBanner7_d69abcac-9401-414c-ac1a-16f2da27b1b1.jpg?v=1766578978,2025-12-24T17:52:56+05:30,2026-09-08T08:56:46+05:30
Crompton,OWE052(1PH)C-21 - Openwell Submersible Pump,Agricultural Pumps,"agricultural, Openwell Submersible Pumps",owe0521phc-21-openwell-submersible-pump,https://www.crompton.co.in/products/owe0521phc-21-openwell-submersible-pump,12025.0,12025.0,Color,Black & Silver :: SKU=OWE052(1PH)C-21 :: ₹12025.00,6,https://cdn.shopify.com/s/files/1/0715/1704/5040/files/Fold0.png?v=1766464217 | https://cdn.shopify.com/s/files/1/0715/1704/5040/files/Fold1_d84cbfb7-0ae7-48ee-b813-be97457e2020.jpg?v=1766464217 | https://cdn.shopify.com/s/files/1/0715/1704/5040/files/Fold2_06a0cb8c-4258-41ac-a3b4-3495777ebe65.jpg?v=1766464217 | https://cdn.shopify.com/s/files/1/0715/1704/5040/files/Fold3_5367c5d2-1ecf-4802-8bd0-1152d25ab07b.jpg?v=1766464217 | https://cdn.shopify.com/s/files/1/0715/1704/5040/files/Fold4_3df164f2-e43b-4091-a3d0-ec1fce9298a6.jpg?v=1766464217 | https://cdn.shopify.com/s/files/1/0715/1704/5040/files/Fold5_46e75cc6-af9b-4e61-8b19-5a129f3f702b.jpg?v=1766464217,2025-12-23T10:00:15+05:30,2026-09-08T08:56:46+05:30
Crompton,WIN DURA II - Mini Self Priming Regenerative Pump,Agricultural Pumps,"agricultural, Mini Pump",win-dura-ii-mini-self-priming-regenerative-pump,https://www.crompton.co.in/products/win-dura-ii-mini-self-priming-regenerative-pump,4775.0,4775.0,Color,Black & Silver :: SKU=WIN DURA II :: ₹4775.00,5,https://cdn.shopify.com/s/files/1/0715/1704/5040/files/Artboard0_b6add13b-0859-4fd6-9930-5a12b11c2368.png?v=1766464214 | https://cdn.shopify.com/s/files/1/0715/1704/5040/files/Artboard1_d5e8dd2f-5875-4028-a073-d7302489a2cb.jpg?v=1766464213 | https://cdn.shopify.com/s/files/1/0715/1704/5040/files/Artboard2_fa942f70-3653-4927-93e6-44f06d5bbc78.jpg?v=1766464213 | https://cdn.shopify.com/s/files/1/0715/1704/5040/files/Artboard3_33c2d770-a088-4a4b-a90e-64dc88762f0c.jpg?v=1766464213 | https://cdn.shopify.com/s/files/1/0715/1704/5040/files/Artboard4_63c50c23-1f7b-40d9-85d6-e8b8f6aa2825.jpg?v=1766464213,2025-12-23T10:00:10+05:30,2026-09-08T08:56:46+05:30
Crompton,ELITE PLUS I - Mini Self Priming Regenerative Pump 1 HP,Agricultural Pumps,agricultural,elite-plus-i,https://www.crompton.co.in/products/elite-plus-i,12850.0,12850.0,Color,Blue & Red :: SKU=ELITE PLUS I :: ₹12850.00,5,https://cdn.shopify.com/s/files/1/0715/1704/5040/files/ElitePlus1_c8e6f7ad-c8d0-47d2-8426-81cea34809fc.png?v=1766464211 | https://cdn.shopify.com/s/files/1/0715/1704/5040/files/Artboard1_6b704cf6-2b89-4779-a01b-c5686f9b7b98.jpg?v=1766464210 | https://cdn.shopify.com/s/files/1/0715/1704/5040/files/Artboard2_8e1bf899-8c95-48ab-9b85-eb1c5b1ac5ba.jpg?v=1766464210 | https://cdn.shopify.com/s/files/1/0715/1704/5040/files/Artboard3_7bb02c46-4101-4d65-b1b9-5ab61649f3c8.jpg?v=1766464210 | https://cdn.shopify.com/s/files/1/0715/1704/5040/files/ElitePlusI.jpg?v=1766464210,2025-12-23T10:00:07+05:30,2026-09-08T08:56:46+05:30
Crompton,WIN DURA I - Mini Self Priming Regenerative Pump 1 HP,Agricultural Pumps,"agricultural, Mini Pump",win-dura-i,https://www.crompton.co.in/products/win-dura-i,6100.0,6100.0,Color,Black & Silver :: SKU=WIN DURA I :: ₹6100.00,5,https://cdn.shopify.com/s/files/1/0715/1704/5040/files/WinDura1_4f2474af-8da4-4b71-9abc-60a418ef4bf0.png?v=1765790782 | https://cdn.shopify.com/s/files/1/0715/1704/5040/files/Artboard1_01880cca-7dc3-4788-873e-0cc4b8f0c58a.jpg?v=1765790781 | https://cdn.shopify.com/s/files/1/0715/1704/5040/files/Artboard2_0263a5fe-2670-4930-ba8b-16b7c045faf2.jpg?v=1765790781 | https://cdn.shopify.com/s/files/1/0715/1704/5040/files/Artboard3_88d696cc-f2c3-4cd2-8c94-e7cd5818b1c5.jpg?v=1765790782 | https://cdn.shopify.com/s/files/1/0715/1704/5040/files/Artboard4_1b39c8b4-8c7d-490f-a749-6b5702f48b5f.jpg?v=1765790781,2025-12-15T14:56:19+05:30,2026-09-08T08:56:46+05:30
Crompton,4W1/8-BUE-D40 - Borewell Submersible Pump 1 HP,Agricultural Pumps,Borewell Subemersible Pump,4w1-8-bue-d40,https://www.crompton.co.in/products/4w1-8-bue-d40,17925.0,17925.0,Color,Black & Silver :: SKU=4W1/8-BUE-D40 :: ₹17925.00,5,https://cdn.shopify.com/s/files/1/0715/1704/5040/files/4WDura_ef72cb03-c9d3-426e-8c15-8b3afb172fc7.png?v=1765790779 | https://cdn.shopify.com/s/files/1/0715/1704/5040/files/Artboard1_f63f5c1e-15bb-4bb8-ac08-d3ef29ff300d.jpg?v=1765790779 | https://cdn.shopify.com/s/files/1/0715/1704/5040/files/Artboard2_caec304e-fd8c-4323-bd55-06093a5ad5d0.png?v=1765790781 | https://cdn.shopify.com/s/files/1/0715/1704/5040/files/Artboard3_80cf4b27-d52c-4381-b525-5b5aaeb20f2b.jpg?v=1765790779 | https://cdn.shopify.com/s/files/1/0715/1704/5040/files/Artboard4_28573573-04f4-456b-bfe8-85a80902b557.png?v=1765790781,2025-12-15T14:56:16+05:30,2026-09-08T08:56:46+05:30
Crompton,Crompton 1.8L Electric Rice Cooker,Other Cooking Appliances,"Electric Rice Cookers, Rice Cooker",crompton-1-8l-electric-rice-cooker,https://www.crompton.co.in/products/crompton-1-8l-electric-rice-cooker,4500.0,4500.0,Color,White :: SKU=ACGRC-MRC18CL :: ₹4500.00,6,https://cdn.shopify.com/s/files/1/0715/1704/5040/files/PLBanner1_2437e386-745a-40a7-88b2-221151031089.png?v=1764236280 | https://cdn.shopify.com/s/files/1/0715/1704/5040/files/PLBanner2_cc9bb6a4-70be-46ed-beff-508d36d77011.jpg?v=1764236280 | https://cdn.shopify.com/s/files/1/0715/1704/5040/files/PLBanner3_e4b06cb7-3934-4b5c-982b-89b706601d02.jpg?v=1764236280 | https://cdn.shopify.com/s/files/1/0715/1704/5040/files/PLBanner4_1bfa61ad-f046-4d89-9240-fa67aefeb672.jpg?v=1764236280 | https://cdn.shopify.com/s/files/1/0715/1704/5040/files/PLBanner5_ef260884-1d7a-45d7-8c04-80ae4817484a.jpg?v=1764236280 | https://cdn.shopify.com/s/files/1/0715/1704/5040/files/PLBanner6_28a89036-4113-4a06-8b62-f5cd0728bb4a.jpg?v=1764236280,2025-11-27T15:07:58+05:30,2026-09-08T08:56:46+05:30
Crompton,Crompton Ameo 1.8L Electric Rice Cooker,Other Cooking Appliances,"Electric Rice Cookers, Rice Cooker",crompton-ameo-1-8l-electric-rice-cooker,https://www.crompton.co.in/products/crompton-ameo-1-8l-electric-rice-cooker,4500.0,4500.0,Color,White :: SKU=ACGRC-AMEO1.8D :: ₹4500.00,7,https://cdn.shopify.com/s/files/1/0715/1704/5040/files/PLBanner1_4854170a-ba24-47d7-9c40-2e5c1400346f.png?v=1764236283 | https://cdn.shopify.com/s/files/1/0715/1704/5040/files/PLBanner2_8a6a9855-e885-4ad1-bacf-7251948067d9.jpg?v=1764236283 | https://cdn.shopify.com/s/files/1/0715/1704/5040/files/PLBanner3_a7d6fa27-aa78-4f7d-b0b9-38736c7ec1a9.jpg?v=1764236283 | https://cdn.shopify.com/s/files/1/0715/1704/5040/files/PLBanner4_86dd0b06-c6d1-44cf-9111-7f1e0c6e2c80.jpg?v=1764236283 | https://cdn.shopify.com/s/files/1/0715/1704/5040/files/PLBanner5_7e7a8817-0fdd-4aa5-8022-7b4a8ee389e0.jpg?v=1764236283 | https://cdn.shopify.com/s/files/1/0715/1704/5040/files/PLBanner6_c99bd063-9896-4a22-b862-6f05e41b3554.jpg?v=1764236283 | https://cdn.shopify.com/s/files/1/0715/1704/5040/files/PLBanner7_fc08b8e0-7374-44e4-8acd-cfc27bc95a3c.jpg?v=1764236283,2025-11-27T15:08:01+05:30,2026-09-08T08:56:46+05:30
Crompton,Crompton MRC 1.8D 1.8L Electric Rice Cooker,Other Cooking Appliances,"Electric Rice Cookers, Rice Cooker",crompton-mrc-1-8d-1-8l-electric-rice-cooker,https://www.crompton.co.in/products/crompton-mrc-1-8d-1-8l-electric-rice-cooker,4500.0,4500.0,Color,White :: SKU=ACGRC-MRC18D :: ₹4500.00,6,https://cdn.shopify.com/s/files/1/0715/1704/5040/files/PLBanner1_fc564121-a75b-4f25-9d69-0af45823dd61.png?v=1764236282 | https://cdn.shopify.com/s/files/1/0715/1704/5040/files/PLBanner2_92d5a286-d5db-4f48-a973-2f065558e63e.jpg?v=1764236281 | https://cdn.shopify.com/s/files/1/0715/1704/5040/files/PLBanner3_92393157-3c6e-4b71-9ff1-09a3e14ee94c.jpg?v=1764236281 | https://cdn.shopify.com/s/files/1/0715/1704/5040/files/PLBanner4_3bdad136-0eb3-4126-a729-66469b5a6a57.jpg?v=1764236281 | https://cdn.shopify.com/s/files/1/0715/1704/5040/files/PLBanner5_e84b2c0e-5039-42fa-8250-5f4e7bcb96b9.jpg?v=1764236281 | https://cdn.shopify.com/s/files/1/0715/1704/5040/files/PLBanner6_6ec4b928-29d0-4815-8059-4ad527972760.jpg?v=1764236281,2025-11-27T15:07:59+05:30,2026-09-08T08:56:46+05:30
Crompton,Crompton Rhino Black 1100W Heavy Weight Dry Iron,Fabric Care Irons,Dry Iron,crompton-rhino-black-1100w-heavy-weight-dry-iron,https://www.crompton.co.in/products/crompton-rhino-black-1100w-heavy-weight-dry-iron,1600.0,1600.0,Color,Black :: SKU=ACGEI-RHINOBLK :: ₹1600.00,6,https://cdn.shopify.com/s/files/1/0715/1704/5040/files/PLBanner1_e032e7d4-2c1d-420e-baf4-636a09e4e90b.png?v=1769170139 | https://cdn.shopify.com/s/files/1/0715/1704/5040/files/PLBanner2_cb84308a-6d91-436f-9b5a-7eb6453e8979.jpg?v=1769170139 | https://cdn.shopify.com/s/files/1/0715/1704/5040/files/PLBanner3_56311dd4-7fe8-45cf-8df5-cb7d00bfe76f.jpg?v=1769170139 | https://cdn.shopify.com/s/files/1/0715/1704/5040/files/PLBanner4_2ddd9b85-4d31-4f72-884d-25ae7f06c116.jpg?v=1769170139 | https://cdn.shopify.com/s/files/1/0715/1704/5040/files/PLBanner5_c2c5f6fe-6f78-4c9f-8cca-f09ce8c4a9a7.jpg?v=1769170139 | https://cdn.shopify.com/s/files/1/0715/1704/5040/files/PLBanner6_5acf51ea-2c86-4e4b-9277-cfb4eb62087f.jpg?v=1769170139,2025-11-27T15:07:56+05:30,2026-09-08T08:56:46+05:30
Crompton,Crompton Infraserve 2000 Infrared Cooktop,Cooking Appliances,"Gas Cooktop, Infrared Cooktop",crompton-infraserve-2000-infrared-cooktop,https://www.crompton.co.in/products/crompton-infraserve-2000-infrared-cooktop,6990.0,6990.0,Color,Black :: SKU=ACGIC-INFRSERV2000 :: ₹6990.00,6,https://cdn.shopify.com/s/files/1/0715/1704/5040/files/PLBanner1_d943c8c4-07ab-4bf2-9097-8f6606b8589a.png?v=1764236277 | https://cdn.shopify.com/s/files/1/0715/1704/5040/files/PLBanner2_5a3bc17e-8cbd-4ac8-951e-5fff3fbf553e.jpg?v=1764236277 | https://cdn.shopify.com/s/files/1/0715/1704/5040/files/PLBanner3_ff6310de-85f6-4af7-babf-e7ae72077477.jpg?v=1764236277 | https://cdn.shopify.com/s/files/1/0715/1704/5040/files/PLBanner4_88e01bf4-942a-45ce-8c0e-c49787349939.jpg?v=1764236277 | https://cdn.shopify.com/s/files/1/0715/1704/5040/files/PLBanner5_a2040e10-7c2c-4776-9987-3b63b3a1f71c.jpg?v=1764236277 | https://cdn.shopify.com/s/files/1/0715/1704/5040/files/PLBanner6_1.jpg?v=1764236277,2025-11-27T15:07:55+05:30,2026-09-08T08:56:46+05:30
Crompton,Crompton Instaserve 1600 W Induction Cooktop,Cooking Appliances,"Gas Cooktop, Induction Cooktop",crompton-instaserve-1600-w-induction-cooktop,https://www.crompton.co.in/products/crompton-instaserve-1600-w-induction-cooktop,4000.0,4000.0,Color,Black & white :: SKU=ACGIC-INSTSERV1600 :: ₹4000.00,6,https://cdn.shopify.com/s/files/1/0715/1704/5040/files/PLBanner1_ba535c2b-9f90-4c2c-a985-58154c5e4e32.png?v=1764236274 | https://cdn.shopify.com/s/files/1/0715/1704/5040/files/PLBanner2_d39ec3ad-8ea7-40ab-9a41-a190021c05f2.jpg?v=1764236274 | https://cdn.shopify.com/s/files/1/0715/1704/5040/files/PLBanner3_63f7494e-a98f-48d0-abfa-f8488aaa403d.jpg?v=1764236274 | https://cdn.shopify.com/s/files/1/0715/1704/5040/files/PLBanner4_8eb96dd4-65fc-4740-898f-1cb1e9c1b031.jpg?v=1764236274 | https://cdn.shopify.com/s/files/1/0715/1704/5040/files/PLBanner5_a072147f-f86f-4b03-b144-9a6a8d8c2753.jpg?v=1764236274 | https://cdn.shopify.com/s/files/1/0715/1704/5040/files/PLBanner6_52ba463d-aac9-44da-8792-d1c97f5bf0c5.jpg?v=1764236274,2025-11-27T15:07:52+05:30,2026-09-08T08:56:46+05:30
Crompton,Crompton FabrimaX Neo 1250 W Steam Iron,Fabric Care Irons,"daily-iron, Steam Iron",crompton-fabrimax-neo-1250-w-steam-iron,https://www.crompton.co.in/products/crompton-fabrimax-neo-1250-w-steam-iron,1850.0,1850.0,Color,White and Teal :: SKU=ACGSI-FABRIMAXN :: ₹1850.00,7,https://cdn.shopify.com/s/files/1/0715/1704/5040/files/PLBanner1_314800aa-eeb6-4957-bf40-3544b3157999.png?v=1769170383 | https://cdn.shopify.com/s/files/1/0715/1704/5040/files/PLBanner2_a7edbffb-6bfa-4e31-9c5f-2973a87b4b06.jpg?v=1769170383 | https://cdn.shopify.com/s/files/1/0715/1704/5040/files/PLBanner3_fc7ddf46-315d-4d65-8b81-b2ce3cf1e426.jpg?v=1769170383 | https://cdn.shopify.com/s/files/1/0715/1704/5040/files/PLBanner4_dece8bba-7b02-4754-97ff-04b844f09310.jpg?v=1769170383 | https://cdn.shopify.com/s/files/1/0715/1704/5040/files/PLBanner5_29903112-7b4c-427b-a6f5-99f1254a3c04.jpg?v=1769170383 | https://cdn.shopify.com/s/files/1/0715/1704/5040/files/PLBanner6_83d6e326-fc33-4584-b2b1-fea9c84cfa8c.jpg?v=1769170383 | https://cdn.shopify.com/s/files/1/0715/1704/5040/files/PLBanner7_56366f14-07c7-493a-baed-e586dce8ed00.jpg?v=1769170383,2025-11-27T15:07:49+05:30,2026-09-08T08:56:46+05:30
Crompton,Crompton Desire Plus 1100W Heavy Weight Dry Iron,Fabric Care Irons,Dry Iron,crompton-desire-plus-1100w-heavy-weight-dry-iron,https://www.crompton.co.in/products/crompton-desire-plus-1100w-heavy-weight-dry-iron,1300.0,1300.0,Color,Black :: SKU=ACGEI-DESIREP :: ₹1300.00,6,https://cdn.shopify.com/s/files/1/0715/1704/5040/files/PLBanner1_68cc6e07-b0d3-4173-89fc-9fced8a1773b.png?v=1769170258 | https://cdn.shopify.com/s/files/1/0715/1704/5040/files/PLBanner2_6419334e-3912-47f0-b0c8-1d18044718ed.jpg?v=1769170258 | https://cdn.shopify.com/s/files/1/0715/1704/5040/files/PLBanner3_45b7d807-51a2-4203-946d-c700525f47b8.jpg?v=1769170258 | https://cdn.shopify.com/s/files/1/0715/1704/5040/files/PLBanner4_6c622496-b9d0-4c86-89a6-54a71ffd5690.jpg?v=1769170258 | https://cdn.shopify.com/s/files/1/0715/1704/5040/files/PLBanner5_ba361c3f-822e-4a0e-b6cf-cb92fb3f50c4.jpg?v=1769170258 | https://cdn.shopify.com/s/files/1/0715/1704/5040/files/PLBanner6_8cedfda7-2f93-4360-9535-0cf2664fbbe4.jpg?v=1769170258,2025-11-27T15:07:53+05:30,2026-09-08T08:56:46+05:30
Crompton,Crompton Fabrimagic Neo 1200 W Steam Iron,Fabric Care Irons,"daily-iron, Steam Iron",crompton-fabrimagic-neo-1200-w-steam-iron,https://www.crompton.co.in/products/crompton-fabrimagic-neo-1200-w-steam-iron,1850.0,1850.0,Color,Black and Blue :: SKU=ACGSI-FABRIMAGICN :: ₹1850.00,7,https://cdn.shopify.com/s/files/1/0715/1704/5040/files/PLBanner1_6316ee2c-cf9b-40f0-a4f9-64a6ba4c7afc.png?v=1769170296 | https://cdn.shopify.com/s/files/1/0715/1704/5040/files/PLBanner2_8f7db4a6-b400-4682-af9b-3a7f24a53109.jpg?v=1769170296 | https://cdn.shopify.com/s/files/1/0715/1704/5040/files/PLBanner3_eea77b0c-a9ef-48bc-a300-2545de86ebc4.jpg?v=1769170296 | https://cdn.shopify.com/s/files/1/0715/1704/5040/files/PLBanner4_cb8082e3-74ee-4220-af00-1f9ad3c1dcad.jpg?v=1769170296 | https://cdn.shopify.com/s/files/1/0715/1704/5040/files/PLBanner5_1b0d2235-6f77-43f3-9ed7-b2764afb1ac9.jpg?v=1769170296 | https://cdn.shopify.com/s/files/1/0715/1704/5040/files/PLBanner6_e438dd9c-e8fe-4893-a4af-82293da2707c.jpg?v=1769170296 | https://cdn.shopify.com/s/files/1/0715/1704/5040/files/PLBanner7_9e56325a-a82d-43df-bf49-874b488b04ab.jpg?v=1769170296,2025-11-27T15:07:48+05:30,2026-09-08T08:56:46+05:30
Crompton,Crompton Fabrimagic Neo 1440 W Steam Iron,Fabric Care Irons,"daily-iron, Steam Iron",crompton-fabrimagic-neo-1440-w-steam-iron,https://www.crompton.co.in/products/crompton-fabrimagic-neo-1440-w-steam-iron,2600.0,2600.0,Color,White and Pink :: SKU=ACGSI-FABRIMNEO144 :: ₹2600.00,7,https://cdn.shopify.com/s/files/1/0715/1704/5040/files/PLBanner1_03829775-7c2c-45af-bf28-a9d6750889c7.png?v=1769170821 | https://cdn.shopify.com/s/files/1/0715/1704/5040/files/PLBanner2_63b7dae6-ef12-491a-a340-8df9d40aca8d.jpg?v=1769170821 | https://cdn.shopify.com/s/files/1/0715/1704/5040/files/PLBanner3_31b0579c-b7e8-4886-ac1a-74721cbf01e7.jpg?v=1769170821 | https://cdn.shopify.com/s/files/1/0715/1704/5040/files/PLBanner4_3bfdcd07-04dc-41a9-b019-a4d19a74e44b.jpg?v=1769170821 | https://cdn.shopify.com/s/files/1/0715/1704/5040/files/PLBanner5_be3463c4-0504-46be-922e-5a7e551906d6.jpg?v=1769170821 | https://cdn.shopify.com/s/files/1/0715/1704/5040/files/PLBanner6_acbdd5e2-3114-4880-a376-069bdbaa25d6.jpg?v=1769170821 | https://cdn.shopify.com/s/files/1/0715/1704/5040/files/PLBanner7_46d647ad-94cb-4977-999c-0b66243bda5e.jpg?v=1769170821,2025-11-27T15:07:46+05:30,2026-09-08T08:56:46+05:30
Crompton,Crompton Neoglide 1000 W Dry Iron,Fabric Care Irons,Dry Iron,crompton-neoglide-1000-w-dry-iron,https://www.crompton.co.in/products/crompton-neoglide-1000-w-dry-iron,1100.0,1100.0,Color,Black and green :: SKU=ACGEI-NEOGLIDE :: ₹1100.00,6,https://cdn.shopify.com/s/files/1/0715/1704/5040/files/PLBanner1_fe23ebcd-9490-44b8-ba59-02d37e0034ba.png?v=1769170178 | https://cdn.shopify.com/s/files/1/0715/1704/5040/files/PLBanner2_7f5c05e9-8213-4914-bddf-7b9c4e6b575c.jpg?v=1769170178 | https://cdn.shopify.com/s/files/1/0715/1704/5040/files/PLBanner3_b8e6581c-f2fe-4b99-987a-50da9bd281b5.jpg?v=1769170178 | https://cdn.shopify.com/s/files/1/0715/1704/5040/files/PLBanner4_7f80fbb4-5ad4-4a15-ace3-95c6e7a697f5.jpg?v=1769170178 | https://cdn.shopify.com/s/files/1/0715/1704/5040/files/PLBanner5_20a4222f-73b4-4d53-9ed9-9a361f26a290.jpg?v=1769170178 | https://cdn.shopify.com/s/files/1/0715/1704/5040/files/PLBanner6_edeabd22-da41-4cd3-b1bb-9868e28f23b1.jpg?v=1769170178,2025-11-27T15:07:45+05:30,2026-09-08T08:56:46+05:30
Crompton,Crompton AQNova (Inclined) Chimney | Filterless,Chimneys,"60cm-chimney, 75cm-chimney, 90cm-chimney, Built-In Inclined Chimney, Inclined Chimneys, inclined-chimney",crompton-aqnova-incl-fltless-ind-chimney,https://www.crompton.co.in/products/crompton-aqnova-incl-fltless-ind-chimney,48499.0,53699.0,"Color, Size",Black/90cm :: SKU=CHD-AQI90FLE-IND :: ₹53699.00 | Black/75cm :: SKU=CHD-AQI75FLE-IND :: ₹51399.00 | Black/60cm :: SKU=CHD-AQI60FLE-IND :: ₹48499.00,21,https://cdn.shopify.com/s/files/1/0715/1704/5040/files/AQNova90cm_0970a3c0-1c4e-45a9-b0c1-e948e82d0a65.png?v=1763029187 | https://cdn.shopify.com/s/files/1/0715/1704/5040/files/Fold1_b9026ee3-54d3-471e-a9b3-e725cad0439c.jpg?v=1763029187 | https://cdn.shopify.com/s/files/1/0715/1704/5040/files/Fold2_7330d5f7-f535-4ff4-95d0-957ba2b7059b.jpg?v=1763029187 | https://cdn.shopify.com/s/files/1/0715/1704/5040/files/Fold3_b91ea463-1874-4af8-9bcd-184fc7de2a56.jpg?v=1763029187 | https://cdn.shopify.com/s/files/1/0715/1704/5040/files/Fold4_cdc17ad4-173f-4226-8284-3bbc7451df0e.jpg?v=1763029187 | https://cdn.shopify.com/s/files/1/0715/1704/5040/files/Fold5_3c68bf35-02fd-4a47-b68a-33cc51e8b1b0.jpg?v=1763044585 | https://cdn.shopify.com/s/files/1/0715/1704/5040/files/90cm_Fold6.jpg?v=1763044834 | https://cdn.shopify.com/s/files/1/0715/1704/5040/files/AQNova75cm_24c7b176-450f-4267-9cc0-94b96dfe5a4b.png?v=1763044834 | https://cdn.shopify.com/s/files/1/0715/1704/5040/files/Fold1_925d5e79-4822-405b-bcaa-29e2523ab8bb.jpg?v=1763044834 | https://cdn.shopify.com/s/files/1/0715/1704/5040/files/Fold2_3d2a2119-654e-48e1-9391-532afdebeab1.jpg?v=1763044834 | https://cdn.shopify.com/s/files/1/0715/1704/5040/files/Fold3_e4e2611e-0b9d-40a0-a2e7-4ec92133fc65.jpg?v=1763044834 | https://cdn.shopify.com/s/files/1/0715/1704/5040/files/Fold4_a25d0215-dc4f-4a1f-acc1-cab3f220a87f.jpg?v=1763044834 | https://cdn.shopify.com/s/files/1/0715/1704/5040/files/Fold5_3266d101-42fe-4af2-9cac-7b7ebb3d0185.jpg?v=1763044834 | https://cdn.shopify.com/s/files/1/0715/1704/5040/files/Fold6_7f015086-3849-4a97-97d3-5e4bf804586c.jpg?v=1763044834 | https://cdn.shopify.com/s/files/1/0715/1704/5040/files/AQNova60cm_fc0f5490-df68-4bf1-9155-c24ca0f48593.png?v=1763044834 | https://cdn.shopify.com/s/files/1/0715/1704/5040/files/Fold1_cce01df2-c261-4c01-95bc-07573716d4d7.jpg?v=1763044834 | https://cdn.shopify.com/s/files/1/0715/1704/5040/files/Fold2_0b12c482-97e6-41b8-aff2-7034785c19af.jpg?v=1763044834 | https://cdn.shopify.com/s/files/1/0715/1704/5040/files/Fold3_fe5c34d6-bc05-446c-8b29-baed16f9510f.jpg?v=1763044834 | https://cdn.shopify.com/s/files/1/0715/1704/5040/files/Fold4_18dee3b4-9e37-42e0-9939-1d7614375c24.jpg?v=1763044834 | https://cdn.shopify.com/s/files/1/0715/1704/5040/files/Fold5_123cd953-0085-4764-a383-6eda7738e580.jpg?v=1763044834 | https://cdn.shopify.com/s/files/1/0715/1704/5040/files/Fold6_d7521c12-e8da-46c1-b52d-d047a7665a42.jpg?v=1763044834,2025-10-31T11:14:48+05:30,2026-09-08T08:56:46+05:30
Crompton,Crompton Ameo Air Fryer,Air Fryer,Air Fryer,crompton-ameo-air-fryer,https://www.crompton.co.in/products/crompton-ameo-air-fryer,8999.0,8999.0,Color,Black Gold :: SKU=ACGAF-AMEO :: ₹8999.00,6,https://cdn.shopify.com/s/files/1/0715/1704/5040/files/PLBanner1_6e388cd6-d3c6-4030-abaf-4f5d01685494.png?v=1762431919 | https://cdn.shopify.com/s/files/1/0715/1704/5040/files/PL_Banner_2_356284ea-07cf-4e6f-9b53-18fd56eeac07.jpg?v=1763052199 | https://cdn.shopify.com/s/files/1/0715/1704/5040/files/PLBanner3_dbcd1c29-933e-48e6-bb56-b3ed2db351b7.jpg?v=1763052199 | https://cdn.shopify.com/s/files/1/0715/1704/5040/files/PLBanner4_f90b0c25-1761-4363-8738-9f6d5ce72a7a.jpg?v=1763052199 | https://cdn.shopify.com/s/files/1/0715/1704/5040/files/PLBanner5_99dc0ea6-62ea-4c19-b2c1-e221fa91a9af.jpg?v=1763052199 | https://cdn.shopify.com/s/files/1/0715/1704/5040/files/PLBanner6_3c77b267-e92f-4dde-9f53-530fcf40dea2.jpg?v=1763052199,2025-11-06T17:44:37+05:30,2026-09-08T08:56:46+05:30
Crompton,Crompton Sylvaire (Box) Chimney | Filterless,Chimneys,"60cm-chimney, 75cm-chimney, 90cm-chimney, Box Chimneys, box-chimney, Built-In Box Chimney",crompton-sylvaire-box-fltless-ind-chimney,https://www.crompton.co.in/products/crompton-sylvaire-box-fltless-ind-chimney,43899.0,47899.0,"Color, Size",Black/90cm :: SKU=CHD-SYB90FLE-IND :: ₹47899.00 | Black/75cm :: SKU=CHD-SYB75FLE-IND :: ₹46999.00 | Black/60cm :: SKU=CHD-SYB60FLE-IND :: ₹43899.00,21,https://cdn.shopify.com/s/files/1/0715/1704/5040/files/PLBanner1_e8a1ddf7-4579-4225-b973-a0701bb6d4ee.png?v=1763024233 | https://cdn.shopify.com/s/files/1/0715/1704/5040/files/PLBanner2_56e598cf-bd00-405d-892e-7bd2ef2f16b3.jpg?v=1763024233 | https://cdn.shopify.com/s/files/1/0715/1704/5040/files/PLBanner3_93825531-6fa8-41fe-9a77-c7778200fc24.jpg?v=1763024233 | https://cdn.shopify.com/s/files/1/0715/1704/5040/files/PLBanner4_5d4692f6-fce3-4a2a-98a2-dcbffefa127a.jpg?v=1763024233 | https://cdn.shopify.com/s/files/1/0715/1704/5040/files/PLBanner5_71aa38c6-3c1e-4a9d-b0ed-ed0417e76507.jpg?v=1763024233 | https://cdn.shopify.com/s/files/1/0715/1704/5040/files/PLBanner6_97b7b52d-51d0-4eb7-9f26-633621a278b3.jpg?v=1763024233 | https://cdn.shopify.com/s/files/1/0715/1704/5040/files/PLBanner7_0198b4dc-bdb7-4e68-936b-e02fc4373bf9.jpg?v=1763024233 | https://cdn.shopify.com/s/files/1/0715/1704/5040/files/PLBanner1_e3192e45-6edc-489e-99a6-216eba94340c.png?v=1763024233 | https://cdn.shopify.com/s/files/1/0715/1704/5040/files/PLBanner2_e7fd1818-c379-4ac8-8d80-743b50547fb8.jpg?v=1763024233 | https://cdn.shopify.com/s/files/1/0715/1704/5040/files/PLBanner3_76f0df7e-9310-4779-af05-1532d0cfedf0.jpg?v=1763024233 | https://cdn.shopify.com/s/files/1/0715/1704/5040/files/PLBanner4_68891304-8ef3-46f9-bb27-fa88774d81b3.jpg?v=1763024233 | https://cdn.shopify.com/s/files/1/0715/1704/5040/files/PLBanner5_2a6810ab-af04-4a18-964b-a73b45d04d01.jpg?v=1763024233 | https://cdn.shopify.com/s/files/1/0715/1704/5040/files/Sylvaire_75cm_PLBanner6.jpg?v=1763041976 | https://cdn.shopify.com/s/files/1/0715/1704/5040/files/PLBanner7_235c37d3-b13d-4bf5-b38a-2b680c470e8a.jpg?v=1763041976 | https://cdn.shopify.com/s/files/1/0715/1704/5040/files/PLBanner1_4e342213-cc78-4121-8bee-95192e6a0853.png?v=1763041976 | https://cdn.shopify.com/s/files/1/0715/1704/5040/files/PLBanner2_4e706117-2608-4234-adc3-2e84f2b4d918.jpg?v=1763041976 | https://cdn.shopify.com/s/files/1/0715/1704/5040/files/PLBanner3_f333a7bc-0876-4dda-9ba2-82f5dea117b8.jpg?v=1763041976 | https://cdn.shopify.com/s/files/1/0715/1704/5040/files/PLBanner4_1c732b29-13ac-4cd6-a170-03ddb17a487f.jpg?v=1763041976 | https://cdn.shopify.com/s/files/1/0715/1704/5040/files/PLBanner5_42e44874-9b24-4ecd-b3bc-6b9db45440fa.jpg?v=1763041976 | https://cdn.shopify.com/s/files/1/0715/1704/5040/files/Sylvaire_90cm_PLBanner6.jpg?v=1763041976 | https://cdn.shopify.com/s/files/1/0715/1704/5040/files/PLBanner7_fb6a3d7b-bf94-442c-8d9d-4041f3340ee5.jpg?v=1763041976,2025-10-30T14:26:03+05:30,2026-09-08T08:56:46+05:30
Crompton,Crompton Instaserve 1200 W Induction Cooktop,Cooking Appliances,"Gas Cooktop, Induction Cooktop",crompton-instaserve-1200-w-induction-cooktop,https://www.crompton.co.in/products/crompton-instaserve-1200-w-induction-cooktop,3600.0,3600.0,Color,Black and Teal :: SKU=ACGIC-INSTSERV120N :: ₹3600.00,6,https://cdn.shopify.com/s/files/1/0715/1704/5040/files/PLBanner1_7f05cf16-a889-4028-a510-fed7c31c1898.png?v=1762433765 | https://cdn.shopify.com/s/files/1/0715/1704/5040/files/PLBanner2_30934c7b-d421-42d9-a88f-83470e67cd0a.jpg?v=1762433764 | https://cdn.shopify.com/s/files/1/0715/1704/5040/files/PLBanner3_3398b999-8b6e-496d-aa55-8eca202b0110.jpg?v=1762433764 | https://cdn.shopify.com/s/files/1/0715/1704/5040/files/PLBanner4_33e096d4-da4b-48d1-aed6-615ab68c8232.jpg?v=1762433764 | https://cdn.shopify.com/s/files/1/0715/1704/5040/files/PLBanner5_117a8fda-b3b7-436d-85bb-5c79be284bd6.jpg?v=1762433764 | https://cdn.shopify.com/s/files/1/0715/1704/5040/files/PLBanner6_5f47f436-b3cf-418b-ba5b-6d4c070d84ff.jpg?v=1762433764,2025-11-06T18:20:52+05:30,2026-09-08T08:56:46+05:30
Crompton,Crompton 2.8L Electric Rice Cooker,Other Cooking Appliances,"Electric Rice Cookers, Rice Cooker",crompton-2-8l-electric-rice-cooker,https://www.crompton.co.in/products/crompton-2-8l-electric-rice-cooker,5500.0,5500.0,Color,White :: SKU=ACGRC-MRC28CL :: ₹5500.00,6,https://cdn.shopify.com/s/files/1/0715/1704/5040/files/PLBanner1_cfffbc20-8e80-465d-9704-d5834f103b58.png?v=1762436791 | https://cdn.shopify.com/s/files/1/0715/1704/5040/files/PLBanner2_8f848f2d-e70d-4bb7-bcaa-55d6abdcf7d1.jpg?v=1762436791 | https://cdn.shopify.com/s/files/1/0715/1704/5040/files/PLBanner3_9c0c4cc8-c62d-40e0-9461-e3277f795145.jpg?v=1762436791 | https://cdn.shopify.com/s/files/1/0715/1704/5040/files/PLBanner4_e36aefa6-caa3-4a17-ba4e-262a20a7c431.jpg?v=1762436791 | https://cdn.shopify.com/s/files/1/0715/1704/5040/files/PLBanner5_f3195580-49b1-4119-8087-95083883f0ae.jpg?v=1762436791 | https://cdn.shopify.com/s/files/1/0715/1704/5040/files/PL_Banner_6_e347236f-fce3-4646-a26a-cc4558539c02.jpg?v=1762781657,2025-11-06T19:12:32+05:30,2026-09-08T08:56:46+05:30
Crompton,Crompton Cromyon 1000 Watts Dry Iron,Fabric Care Irons,Dry Iron,crompton-cromyon-1000-watts-dry-iron,https://www.crompton.co.in/products/crompton-cromyon-1000-watts-dry-iron,1150.0,1150.0,Color,White & Black :: SKU=ACGEI-CROMYON :: ₹1150.00,6,https://cdn.shopify.com/s/files/1/0715/1704/5040/files/PLBanner1_4f36c7b9-5695-4804-8846-64ffe905cbd7.png?v=1769170214 | https://cdn.shopify.com/s/files/1/0715/1704/5040/files/PL_Banner_2.jpg?v=1769170214 | https://cdn.shopify.com/s/files/1/0715/1704/5040/files/PL_Banner_5_35aac524-62a1-417a-ac27-3ce1374247ad.jpg?v=1769170214 | https://cdn.shopify.com/s/files/1/0715/1704/5040/files/PL_Banner_3_1.jpg?v=1769170214 | https://cdn.shopify.com/s/files/1/0715/1704/5040/files/PL_Banner_4_15955df1-1928-4321-9468-352d471b482e.jpg?v=1769170214 | https://cdn.shopify.com/s/files/1/0715/1704/5040/files/PL_Banner_6.jpg?v=1769170214,2025-11-06T17:14:23+05:30,2026-09-08T08:56:46+05:30
Crompton,Crompton Ameo DLX Air Fryer,Air Fryer,Air Fryer,crompton-ameo-dlx-air-fryer,https://www.crompton.co.in/products/crompton-ameo-dlx-air-fryer,9999.0,9999.0,Color,Black Gold :: SKU=ACGAF-AMEODLX :: ₹9999.00,7,https://cdn.shopify.com/s/files/1/0715/1704/5040/files/PLBanner1.png?v=1762172399 | https://cdn.shopify.com/s/files/1/0715/1704/5040/files/PL_Banner_2_2bc3eb16-76ce-4f59-90b4-9fecd80b5cac.jpg?v=1763103030 | https://cdn.shopify.com/s/files/1/0715/1704/5040/files/PLBanner3.jpg?v=1763103030 | https://cdn.shopify.com/s/files/1/0715/1704/5040/files/PLBanner4.jpg?v=1763103030 | https://cdn.shopify.com/s/files/1/0715/1704/5040/files/PL_Banner_5.jpg?v=1763103030 | https://cdn.shopify.com/s/files/1/0715/1704/5040/files/PLBanner6.jpg?v=1763103030 | https://cdn.shopify.com/s/files/1/0715/1704/5040/files/PL_Banner_7.jpg?v=1763103030,2025-11-03T17:49:32+05:30,2026-09-08T08:56:46+05:30
Crompton,"Crompton Solarium Elite, 3000W Instant Water Heater",Instant Water Heaters,Instant Water Heater,crompton-solarium-elite-3000w-instant-water-heater,https://www.crompton.co.in/products/crompton-solarium-elite-3000w-instant-water-heater,6499.0,6499.0,Color,Grey :: SKU=AIWH-3LSOLELT3KW5Y :: ₹6499.00,7,https://cdn.shopify.com/s/files/1/0715/1704/5040/files/Artboard7.png?v=1769579772 | https://cdn.shopify.com/s/files/1/0715/1704/5040/files/Fold1_3a3bef78-3119-4486-9575-1fb6391bd5db.jpg?v=1769579772 | https://cdn.shopify.com/s/files/1/0715/1704/5040/files/Fold2.1_1ae62540-e07e-4481-aa3d-63b9223e223b.jpg?v=1769579772 | https://cdn.shopify.com/s/files/1/0715/1704/5040/files/Anti.jpg?v=1769579772 | https://cdn.shopify.com/s/files/1/0715/1704/5040/files/Fold4_4c4fee0f-1a92-47ab-a001-4f170b12e503.jpg?v=1769579772 | https://cdn.shopify.com/s/files/1/0715/1704/5040/files/Fold3_1b484e91-a675-494a-a0bf-8fdf5aa4bce3.jpg?v=1769579772 | https://cdn.shopify.com/s/files/1/0715/1704/5040/files/Warr.jpg?v=1769579772,2024-09-03T11:59:33+05:30,2026-09-08T08:56:46+05:30
Crompton,"Crompton Solarium Blaze, 3000W Instant Water Heater",Instant Water Heaters,Instant Water Heater,crompton-solarium-blaze-3000w-instant-water-heater,https://www.crompton.co.in/products/crompton-solarium-blaze-3000w-instant-water-heater,6499.0,6499.0,Color,Champagne Gold :: SKU=AIWH-3LSOLBLZ3KW5Y :: ₹6499.00,7,https://cdn.shopify.com/s/files/1/0715/1704/5040/files/Artboard0_9a8e743e-31c1-43ed-bae7-3c08ac8499fe.png?v=1769573169 | https://cdn.shopify.com/s/files/1/0715/1704/5040/files/Artboard1_76c842ea-7cf0-4b46-982b-3f253a31cb8f.jpg?v=1769573170 | https://cdn.shopify.com/s/files/1/0715/1704/5040/files/Artboard2_07bc006e-6b0c-4e5c-b260-ca32e82fa59c.jpg?v=1769573169 | https://cdn.shopify.com/s/files/1/0715/1704/5040/files/Artboard3_beea0cde-1b91-446c-bed7-d5dbf5327c75.jpg?v=1769573170 | https://cdn.shopify.com/s/files/1/0715/1704/5040/files/Artboard4_5e5625a0-f47b-4a48-a35c-33fd9fbbbfc0.jpg?v=1769573169 | https://cdn.shopify.com/s/files/1/0715/1704/5040/files/Artboard5_d4c97ca5-cf1b-465f-a781-b02a8083b7ac.jpg?v=1769573169 | https://cdn.shopify.com/s/files/1/0715/1704/5040/files/Artboard6_12243963-6a72-4cfc-87b4-151404b1769f.jpg?v=1769573169,2024-09-03T11:43:14+05:30,2026-09-08T08:56:46+05:30
Crompton,Crompton Ameo 550W Mixer Grinder,Mixers & Grinders,"Mixer Grinder, Mixer Grinder & Blenders",crompton-ameo-550w-mixer-grinder,https://www.crompton.co.in/products/crompton-ameo-550w-mixer-grinder,4100.0,4100.0,Color,Black and Grey :: SKU=ACGM-AMEO 550W :: ₹4100.00,6,https://cdn.shopify.com/s/files/1/0715/1704/5040/files/Ameo_550W.png?v=1759230638 | https://cdn.shopify.com/s/files/1/0715/1704/5040/files/Artboard_1.1.jpg?v=1759230741 | https://cdn.shopify.com/s/files/1/0715/1704/5040/files/Artboard_2_51d45f87-a18e-4e57-bfe3-4673e221164a.jpg?v=1759236504 | https://cdn.shopify.com/s/files/1/0715/1704/5040/files/Ameo550_fold4.jpg?v=1759325464 | https://cdn.shopify.com/s/files/1/0715/1704/5040/files/Artboard_4_2400a0cd-2c1b-4b76-8fd9-95d62c867611.jpg?v=1759325464 | https://cdn.shopify.com/s/files/1/0715/1704/5040/files/Artboard_6_9f8bba6f-ecb6-4088-a008-283d25aca453.jpg?v=1759325464,2025-07-28T12:00:54+05:30,2026-09-08T08:56:46+05:30
Crompton,Crompton Ameo 500W Mixer Grinder,Mixers & Grinders,"Mixer Grinder, Mixer Grinder & Blenders",crompton-ameo-500w-mixer-grinder,https://www.crompton.co.in/products/crompton-ameo-500w-mixer-grinder,3400.0,3400.0,Color,Black and Blue :: SKU=ACGM-AMEO500W3J :: ₹3400.00,9,https://cdn.shopify.com/s/files/1/0715/1704/5040/files/Ameo_500.png?v=1759229894 | https://cdn.shopify.com/s/files/1/0715/1704/5040/files/Artboard_1_8dd55f15-8f52-4abb-be62-4cf8f6f3a453.jpg?v=1759230005 | https://cdn.shopify.com/s/files/1/0715/1704/5040/files/Artboard_3_efa7451d-528d-4414-b98e-9d26f4454749.jpg?v=1759233175 | https://cdn.shopify.com/s/files/1/0715/1704/5040/files/Artboard_2_5e5dc4ac-7fd1-4d70-86ba-7d1929965b7a.jpg?v=1759233175 | https://cdn.shopify.com/s/files/1/0715/1704/5040/files/Artboard_4_f2c22de2-55e3-4356-a7a5-a2b35467262e.jpg?v=1759233175 | https://cdn.shopify.com/s/files/1/0715/1704/5040/files/Ameo_500.jpg?v=1759325782 | https://cdn.shopify.com/s/files/1/0715/1704/5040/files/Artboard_6.jpg?v=1759325782 | https://cdn.shopify.com/s/files/1/0715/1704/5040/files/Artboard_7_49497f3e-bfe3-4d18-8d70-a03a7995d050.jpg?v=1759325782 | https://cdn.shopify.com/s/files/1/0715/1704/5040/files/Artboard_8.1.jpg?v=1762328210,2025-07-28T13:06:02+05:30,2026-09-08T08:56:46+05:30
Crompton,Crompton DX 500W Mixer Grinder,Mixers & Grinders,"Mixer Grinder, Mixer Grinder & Blenders",crompton-dx-500w-mixer-grinder,https://www.crompton.co.in/products/crompton-dx-500w-mixer-grinder,3400.0,3400.0,Color,Black and Grey :: SKU=ACGM-DX500W3J :: ₹3400.00,9,https://cdn.shopify.com/s/files/1/0715/1704/5040/files/DX_500.png?v=1757513687 | https://cdn.shopify.com/s/files/1/0715/1704/5040/files/Fold1.jpg?v=1757513687 | https://cdn.shopify.com/s/files/1/0715/1704/5040/files/Fold2.1.jpg?v=1759235199 | https://cdn.shopify.com/s/files/1/0715/1704/5040/files/Fold3.1.jpg?v=1759235199 | https://cdn.shopify.com/s/files/1/0715/1704/5040/files/Fold4.jpg?v=1759235199 | https://cdn.shopify.com/s/files/1/0715/1704/5040/files/Fold5.jpg?v=1759235199 | https://cdn.shopify.com/s/files/1/0715/1704/5040/files/Fold6.jpg?v=1759235199 | https://cdn.shopify.com/s/files/1/0715/1704/5040/files/Fold7.jpg?v=1759235199 | https://cdn.shopify.com/s/files/1/0715/1704/5040/files/Fold8.jpg?v=1759235199,2025-07-28T12:22:38+05:30,2026-09-08T08:56:46+05:30
Crompton,Crompton GNEO 500W Mixer Grinder,Mixers & Grinders,"Mixer Grinder, Mixer Grinder & Blenders",crompton-gneo-500w-mixer-grinder,https://www.crompton.co.in/products/crompton-gneo-500w-mixer-grinder,3400.0,3400.0,Color,White and Blue :: SKU=ACGM-GNEO500W3J :: ₹3400.00,9,https://cdn.shopify.com/s/files/1/0715/1704/5040/files/Gneo_500.png?v=1757513337 | https://cdn.shopify.com/s/files/1/0715/1704/5040/files/Artboard1_f1b808d2-7b24-455f-9fa4-bc321bece3c3.jpg?v=1757513337 | https://cdn.shopify.com/s/files/1/0715/1704/5040/files/Artboard_2_4.jpg?v=1759233880 | https://cdn.shopify.com/s/files/1/0715/1704/5040/files/Artboard3_f72743c1-4c2d-402f-9779-67819585d0af.jpg?v=1759233880 | https://cdn.shopify.com/s/files/1/0715/1704/5040/files/Gneo_Fold4.jpg?v=1759325654 | https://cdn.shopify.com/s/files/1/0715/1704/5040/files/Artboard5_d9e52028-ccf8-4aca-8b3b-5bdabc2ce1f7.jpg?v=1759325654 | https://cdn.shopify.com/s/files/1/0715/1704/5040/files/Artboard6_c6f460fa-af68-4dbc-9ff8-19f4f23b29c2.jpg?v=1759325654 | https://cdn.shopify.com/s/files/1/0715/1704/5040/files/Artboard7_fd3006dd-dccf-49e1-bb74-104f9e2ced13.jpg?v=1759325654 | https://cdn.shopify.com/s/files/1/0715/1704/5040/files/Artboard_8.jpg?v=1759325654,2025-09-10T19:22:35+05:30,2026-09-08T08:56:46+05:30
Crompton,Crompton AIMR SPAS15A 1500 Watts Immersion Water Heater with Shock Proof Plastic Handle & Anti Scale Coating,Immersion Rods,"Immersion Rods, IMMERSION_HEATER",crompton-aimr-spas15a-1500-watts-immersion-water-heater-with-shock-proof-plastic-handle-anti-scale-coating,https://www.crompton.co.in/products/crompton-aimr-spas15a-1500-watts-immersion-water-heater-with-shock-proof-plastic-handle-anti-scale-coating,1220.0,1220.0,Color,White :: SKU=AIMR-SPAS15A :: ₹1220.00,4,https://cdn.shopify.com/s/files/1/0715/1704/5040/files/AMIRSP1Aimmersion-rod-PL.png?v=1758282355 | https://cdn.shopify.com/s/files/1/0715/1704/5040/files/AMIR_SPAS15A_immersion-rod-PL_1.jpg?v=1758291689 | https://cdn.shopify.com/s/files/1/0715/1704/5040/files/AMIR_SP1AS15A_immersion-rod-PL_2.jpg?v=1758291689 | https://cdn.shopify.com/s/files/1/0715/1704/5040/files/AMIR_SPAS15A_immersion-rod-PL_3.jpg?v=1758291670,2025-09-19T17:11:18+05:30,2026-09-08T08:56:46+05:30
Crompton,Crompton AIMR SPAS1A 1000 Watts Immersion Water Heater with Shock Proof Plastic Handle & Anti Scale Coating,Immersion Rods,"Immersion Rods, IMMERSION_HEATER",crompton-aimr-spas1a-1000-watts-immersion-water-heater-with-shock-proof-plastic-handle-anti-scale-coating,https://www.crompton.co.in/products/crompton-aimr-spas1a-1000-watts-immersion-water-heater-with-shock-proof-plastic-handle-anti-scale-coating,1100.0,1100.0,Color,White :: SKU=AIMR-SPAS1A :: ₹1100.00,4,https://cdn.shopify.com/s/files/1/0715/1704/5040/files/PL_SPAS1A.png?v=1758281170 | https://cdn.shopify.com/s/files/1/0715/1704/5040/files/AMIRSP1Aimmersion-rod-PL_1.jpg?v=1758281170 | https://cdn.shopify.com/s/files/1/0715/1704/5040/files/AMIR_SP1A_immersion-rod-PL_3.jpg?v=1758290332 | https://cdn.shopify.com/s/files/1/0715/1704/5040/files/AMIR_SPAS1A_immersion-rod-PL_2.jpg?v=1758290332,2025-09-19T16:55:41+05:30,2026-09-08T08:56:46+05:30
Crompton,Crompton Aeries Curv Filterless IND Chimney,Chimneys,"60cm-chimney, 75cm-chimney, 90cm-chimney, Built-In Curved Chimney, Curved Chimneys, curved-chimney",crompton-aeries-curv-filterless-ind-chimney,https://www.crompton.co.in/products/crompton-aeries-curv-filterless-ind-chimney,24699.0,26899.0,"Color, Size",Black/60cm :: SKU=CHD-AEC60FLE-IND :: ₹24699.00 | Black/75cm :: SKU=CHD-AEC75FLE-IND :: ₹25399.00 | Black/90cm :: SKU=CHD-AEC90FLE-IND :: ₹26899.00,15,https://cdn.shopify.com/s/files/1/0715/1704/5040/files/60cm04.png?v=1757403384 | https://cdn.shopify.com/s/files/1/0715/1704/5040/files/1_4069ff56-0302-40e8-b62a-c604090ba39d.jpg?v=1758012453 | https://cdn.shopify.com/s/files/1/0715/1704/5040/files/PL_Aeries_Curve60cm-2_9f186415-6e3e-4bfd-a01f-132cb46fafa2.jpg?v=1758630396 | https://cdn.shopify.com/s/files/1/0715/1704/5040/files/Aeries_Curv_60cm.jpg?v=1773753916 | https://cdn.shopify.com/s/files/1/0715/1704/5040/files/4_59153ecb-560e-4113-a769-94d4a4ed1728.png?v=1773753916 | https://cdn.shopify.com/s/files/1/0715/1704/5040/files/75cm01.png?v=1773753916 | https://cdn.shopify.com/s/files/1/0715/1704/5040/files/Aeries_Curve75cm_1.jpg?v=1773753916 | https://cdn.shopify.com/s/files/1/0715/1704/5040/files/Aeries_Curve75cm_2_1_224d5c5c-d559-40f0-8839-60b1746ce741.jpg?v=1773753916 | https://cdn.shopify.com/s/files/1/0715/1704/5040/files/Aeries_Curve75cm_4.png?v=1773753916 | https://cdn.shopify.com/s/files/1/0715/1704/5040/files/Aeries_Curv_75cm.jpg?v=1773753916 | https://cdn.shopify.com/s/files/1/0715/1704/5040/files/90cm01.png?v=1773753916 | https://cdn.shopify.com/s/files/1/0715/1704/5040/files/Aeries_Curve90cm_1.jpg?v=1773753916 | https://cdn.shopify.com/s/files/1/0715/1704/5040/files/Aeries_Curve90cm_2_PL_9a59e694-7644-400e-940e-31147f558624.jpg?v=1773753916 | https://cdn.shopify.com/s/files/1/0715/1704/5040/files/Aeries_Curve90cm_4.png?v=1773753916 | https://cdn.shopify.com/s/files/1/0715/1704/5040/files/Aeries_Curv_90cm.jpg?v=1773753916,2025-09-09T13:01:27+05:30,2026-09-08T08:56:46+05:30
Crompton,Crompton Eliteo Box Filterless Chimney,Chimneys,"60cm-chimney, 75cm-chimney, 90cm-chimney, Box Chimneys, box-chimney, Built-In Box Chimney",crompton-eliteo-box-filterless-chimney,https://www.crompton.co.in/products/crompton-eliteo-box-filterless-chimney,32990.0,36990.0,"Color, Size",Black/60cm :: SKU=CHD-ELB60FLE-IND :: ₹32990.00 | Black/75cm :: SKU=CHD-ELB75FLE-IND :: ₹34990.00 | Black/90cm :: SKU=CHD-ELB90FLE-IND :: ₹36990.00,18,https://cdn.shopify.com/s/files/1/0715/1704/5040/files/BOX60cm.png?v=1757940445 | https://cdn.shopify.com/s/files/1/0715/1704/5040/files/Pl_60cm_26dd0a26-b060-45d0-850a-b1ee983b0671.jpg?v=1762269190 | https://cdn.shopify.com/s/files/1/0715/1704/5040/files/Artboard_2_7a4a8ab7-acdf-419e-be75-3f976a914adb.jpg?v=1762269190 | https://cdn.shopify.com/s/files/1/0715/1704/5040/files/Eliteo_BOX_60cm_4.jpg?v=1762269190 | https://cdn.shopify.com/s/files/1/0715/1704/5040/files/Artboard_3_5.jpg?v=1762269190 | https://cdn.shopify.com/s/files/1/0715/1704/5040/files/Eliteo_BOX_60cm_49f5fe99-0793-4d15-8955-91e9332269f5.jpg?v=1762269190 | https://cdn.shopify.com/s/files/1/0715/1704/5040/files/Box75cm.png?v=1762269190 | https://cdn.shopify.com/s/files/1/0715/1704/5040/files/PL_75cm.jpg?v=1762269190 | https://cdn.shopify.com/s/files/1/0715/1704/5040/files/Artboard_2_72ecabe2-cd2e-4b7b-a5a0-fc1260aea4c0.jpg?v=1762269190 | https://cdn.shopify.com/s/files/1/0715/1704/5040/files/BOX_75cm_4.jpg?v=1762269190 | https://cdn.shopify.com/s/files/1/0715/1704/5040/files/Artboard_3_6.jpg?v=1762269190 | https://cdn.shopify.com/s/files/1/0715/1704/5040/files/BOX_75cm_ffece5b4-e956-4f73-9ee3-e1e6f5ad34eb.jpg?v=1762269190 | https://cdn.shopify.com/s/files/1/0715/1704/5040/files/BOX90cm.png?v=1762269190 | https://cdn.shopify.com/s/files/1/0715/1704/5040/files/PL_90cm.jpg?v=1762269190 | https://cdn.shopify.com/s/files/1/0715/1704/5040/files/Artboard_2_ac653938-143d-4fd5-aebd-8391daffc26c.jpg?v=1762269190 | https://cdn.shopify.com/s/files/1/0715/1704/5040/files/BOX_75cm_4_b3f9ebe7-e5a8-4182-872c-a178623d7b82.jpg?v=1762269190 | https://cdn.shopify.com/s/files/1/0715/1704/5040/files/Artboard_3_7.jpg?v=1762269190 | https://cdn.shopify.com/s/files/1/0715/1704/5040/files/BOX_75cm_96db3684-7a79-469e-8144-d8894298961b.jpg?v=1762269190,2025-09-12T12:18:34+05:30,2026-09-08T08:56:46+05:30
Crompton,Crompton Eliteo Inclined Filterless Chimney,Chimneys,"60cm-chimney, 75cm-chimney, 90cm-chimney, Built-In Curved Chimney",crompton-eliteo-incl-filterless-chimney,https://www.crompton.co.in/products/crompton-eliteo-incl-filterless-chimney,33990.0,36990.0,"Color, Size",Black/60cm :: SKU=CHD-ELI60FLE-IND :: ₹33990.00 | Black/75cm :: SKU=CHD-ELI75FLE-IND :: ₹35990.00 | Black/90cm :: SKU=CHD-ELI90FLE-IND :: ₹36990.00,18,https://cdn.shopify.com/s/files/1/0715/1704/5040/files/Eliteo_Incline60cm.png?v=1758120437 | https://cdn.shopify.com/s/files/1/0715/1704/5040/files/PL_60cm_dd70e872-2802-4322-9076-6da3fc558f2e.jpg?v=1762269409 | https://cdn.shopify.com/s/files/1/0715/1704/5040/files/Eliteo_Incline60cm2.jpg?v=1762269409 | https://cdn.shopify.com/s/files/1/0715/1704/5040/files/Eliteo_Incline60cm_4.jpg?v=1762269409 | https://cdn.shopify.com/s/files/1/0715/1704/5040/files/Eliteo_Incline60cm3.jpg?v=1762269409 | https://cdn.shopify.com/s/files/1/0715/1704/5040/files/Eliteo_Incline60cm5.jpg?v=1762269409 | https://cdn.shopify.com/s/files/1/0715/1704/5040/files/Eliteo_Incline75cm.png?v=1762269409 | https://cdn.shopify.com/s/files/1/0715/1704/5040/files/PL_75cm_5a895e1f-5376-4412-b2b1-caa9095d40ff.jpg?v=1762269465 | https://cdn.shopify.com/s/files/1/0715/1704/5040/files/Eliteo_Incline75cm2.jpg?v=1762269465 | https://cdn.shopify.com/s/files/1/0715/1704/5040/files/Eliteo_Incline75cm4.jpg?v=1762269465 | https://cdn.shopify.com/s/files/1/0715/1704/5040/files/Eliteo_Incline75cm3.jpg?v=1762269465 | https://cdn.shopify.com/s/files/1/0715/1704/5040/files/Eliteo_Incline75cm_5.1.jpg?v=1762269465 | https://cdn.shopify.com/s/files/1/0715/1704/5040/files/Eliteo_Incline90cm0.png?v=1762269465 | https://cdn.shopify.com/s/files/1/0715/1704/5040/files/Eliteo_Incline90cm2.jpg?v=1762269465 | https://cdn.shopify.com/s/files/1/0715/1704/5040/files/PL_90cm_2cd14fe8-2152-4c97-a9cb-d8680dc9960b.jpg?v=1762269465 | https://cdn.shopify.com/s/files/1/0715/1704/5040/files/Eliteo_Incline90cm5.jpg?v=1762269465 | https://cdn.shopify.com/s/files/1/0715/1704/5040/files/Eliteo_Incline90cm3.jpg?v=1762269465 | https://cdn.shopify.com/s/files/1/0715/1704/5040/files/PLEliteo_Incline90cm4.1.jpg?v=1762269465,2025-09-12T11:20:10+05:30,2026-09-08T08:56:46+05:30
Crompton,Crompton Eliteo Curv Filterless Chimney,Chimneys,"60cm-chimney, 75cm-chimney, 90cm-chimney, Built-In Curved Chimney, Curved Chimneys, curved-chimney",crompton-eliteo-curv-filterless-chimney,https://www.crompton.co.in/products/crompton-eliteo-curv-filterless-chimney,31990.0,34990.0,"Color, Size",Black/60cm :: SKU=CHD-ELC60FLE-IND :: ₹31990.00 | Black/75cm :: SKU=CHD-ELC75FLE-IND :: ₹33990.00 | Black/90cm :: SKU=CHD-ELC90FLE-IND :: ₹34990.00,18,https://cdn.shopify.com/s/files/1/0715/1704/5040/files/Curve_60_cm.png?v=1757944691 | https://cdn.shopify.com/s/files/1/0715/1704/5040/files/PL_60cm_ffac3488-a6ea-4e1b-86df-b99f40c20b8e.jpg?v=1762269665 | https://cdn.shopify.com/s/files/1/0715/1704/5040/files/Artboard_2_22c9793b-f6e0-4571-93fd-1afe8bed768d.jpg?v=1762269665 | https://cdn.shopify.com/s/files/1/0715/1704/5040/files/Eliteo_Curve60cm_4.jpg?v=1762269665 | https://cdn.shopify.com/s/files/1/0715/1704/5040/files/Eliteo_Curve60cm3_1.jpg?v=1762269665 | https://cdn.shopify.com/s/files/1/0715/1704/5040/files/Curve_60cm_1b35cd31-cd46-46a2-817b-7b561010e705.jpg?v=1762269665 | https://cdn.shopify.com/s/files/1/0715/1704/5040/files/Artboard_5.png?v=1762269665 | https://cdn.shopify.com/s/files/1/0715/1704/5040/files/PL_75cm_de50b4bb-37e0-4d34-96f9-25ac77aa0bb3.jpg?v=1762269665 | https://cdn.shopify.com/s/files/1/0715/1704/5040/files/Artboard_2_45102a6e-bd81-40e3-bd82-b30b7b6c97e6.jpg?v=1762269665 | https://cdn.shopify.com/s/files/1/0715/1704/5040/files/Eliteo_Curve75cm_4.jpg?v=1762269665 | https://cdn.shopify.com/s/files/1/0715/1704/5040/files/Artboard_3_3.jpg?v=1762269665 | https://cdn.shopify.com/s/files/1/0715/1704/5040/files/Curve_75cm_10ec906c-6afe-4224-8354-6edb650cfaca.jpg?v=1762269665 | https://cdn.shopify.com/s/files/1/0715/1704/5040/files/Artboard_5_793f0390-c9ac-41e9-9224-508f0e1011b9.png?v=1762269665 | https://cdn.shopify.com/s/files/1/0715/1704/5040/files/PL_90cm_95e9bc8c-0be1-41e5-961e-c4c67df4224f.jpg?v=1762269665 | https://cdn.shopify.com/s/files/1/0715/1704/5040/files/Artboard_2_ec812d1d-2911-4d99-b415-c98105cf9ff0.jpg?v=1762269665 | https://cdn.shopify.com/s/files/1/0715/1704/5040/files/Curve_90cm_4.jpg?v=1762269665 | https://cdn.shopify.com/s/files/1/0715/1704/5040/files/Artboard_3_4.jpg?v=1762269665 | https://cdn.shopify.com/s/files/1/0715/1704/5040/files/Curve_90cm_6581bddb-bbfa-46b2-8582-ca0885db1554.jpg?v=1762269665,2025-09-12T11:04:50+05:30,2026-09-08T08:56:46+05:30
Crompton,Crompton Oressa 4 Burner 70 cm Slim Glass Cooktop,Cooktop,"Gas Cooktop, Induction Cooktop",crompton-oressa-4-burner-70-cm-slim-glass-cooktop,https://www.crompton.co.in/products/crompton-oressa-4-burner-70-cm-slim-glass-cooktop,13499.0,13499.0,Color,Black :: SKU=CKT-ORR704-MSB :: ₹13499.00,7,https://cdn.shopify.com/s/files/1/0715/1704/5040/files/Oressa_4BR.png?v=1757514241 | https://cdn.shopify.com/s/files/1/0715/1704/5040/files/4br_PL.jpg?v=1758529985 | https://cdn.shopify.com/s/files/1/0715/1704/5040/files/Artboard_2_7830c859-784b-4dce-a5be-8f204ca0d482.jpg?v=1758529985 | https://cdn.shopify.com/s/files/1/0715/1704/5040/files/Artboard_3_e39d8d0b-d00e-4bee-8347-e69b7c75e3da.jpg?v=1758529985 | https://cdn.shopify.com/s/files/1/0715/1704/5040/files/Artboard_4_01a674d4-4e81-4bb2-a88f-13a3992505e4.jpg?v=1758529985 | https://cdn.shopify.com/s/files/1/0715/1704/5040/files/Artboard_5_c9ffc3b6-3b4e-4265-ad47-26e2317d14c5.jpg?v=1758529985 | https://cdn.shopify.com/s/files/1/0715/1704/5040/files/Oressa_4BR_2b05a4d2-6ee0-4e69-9a35-4fd9585ab82f.png?v=1758529985,2025-08-27T17:48:15+05:30,2026-09-08T08:56:46+05:30
Crompton,Crompton Oressa 3 Burner 72 cm Slim Glass Cooktop,Cooktop,"Gas Cooktop, Induction Cooktop",crompton-oressa-3-burner-72-cm-slim-glass-cooktop,https://www.crompton.co.in/products/crompton-oressa-3-burner-72-cm-slim-glass-cooktop,11499.0,11499.0,Color,Black :: SKU=CKT-ORR723-MSB :: ₹11499.00,7,https://cdn.shopify.com/s/files/1/0715/1704/5040/files/Oressa_3BR.png?v=1757514458 | https://cdn.shopify.com/s/files/1/0715/1704/5040/files/Oresa_3Br_1_PL.jpg?v=1758530331 | https://cdn.shopify.com/s/files/1/0715/1704/5040/files/Fold2_fda39cd6-8653-45a5-b665-a0badfd428fb.jpg?v=1758530331 | https://cdn.shopify.com/s/files/1/0715/1704/5040/files/Artboard_3_2a1349a6-3cc7-4aeb-9fd1-b937c3868bf3.jpg?v=1758530331 | https://cdn.shopify.com/s/files/1/0715/1704/5040/files/Artboard_7.jpg?v=1758530331 | https://cdn.shopify.com/s/files/1/0715/1704/5040/files/Oresa_3BR_Fold5.jpg?v=1758530331 | https://cdn.shopify.com/s/files/1/0715/1704/5040/files/Fold_6_e278e6e4-fa5b-47f6-af92-e40d71dc1d1b.jpg?v=1758530331,2025-08-27T17:40:37+05:30,2026-09-08T08:56:46+05:30
Crompton,"Crompton Boltmix 750W,  Mixer Grinder, 3 Jars",Mixers & Grinders,"3jars, Mixer Grinder",crompton-boltmix-750w-mixer-grinder-3-jars,https://www.crompton.co.in/products/crompton-boltmix-750w-mixer-grinder-3-jars,5600.0,5600.0,Color,SILVER AND BLACK :: SKU=ACGM-BOLTMIX :: ₹5600.00,5,https://cdn.shopify.com/s/files/1/0715/1704/5040/files/png-trns.png?v=1712734220 | https://cdn.shopify.com/s/files/1/0715/1704/5040/files/BoltMixPL01.jpg?v=1712734220 | https://cdn.shopify.com/s/files/1/0715/1704/5040/files/BoltMixPL02.jpg?v=1712734220 | https://cdn.shopify.com/s/files/1/0715/1704/5040/files/BoltMixPL03.jpg?v=1712734220 | https://cdn.shopify.com/s/files/1/0715/1704/5040/files/BoltMixPL04.png?v=1712734220,2024-04-10T12:59:41+05:30,2026-09-08T08:56:46+05:30
Crompton,Crompton Hob Viona 82 cm 4 Burner,Hobs,"Built-In Gas Hob, Hobs, Hybrid Design",crompton-hob-viona-82-cm-4-burner,https://www.crompton.co.in/products/crompton-hob-viona-82-cm-4-burner,39999.0,39999.0,Color,Black :: SKU=HOB-VNDC824-MBL :: ₹39999.00,8,https://cdn.shopify.com/s/files/1/0715/1704/5040/files/01_e37b1e64-1a78-410e-b401-551a94be5d33.png?v=1756295537 | https://cdn.shopify.com/s/files/1/0715/1704/5040/files/Viona82PL1.jpg?v=1767709160 | https://cdn.shopify.com/s/files/1/0715/1704/5040/files/pl2_a5fcfe15-dfb1-4555-9e1e-43c05bfb269b.jpg?v=1767709160 | https://cdn.shopify.com/s/files/1/0715/1704/5040/files/pl3_817eef25-2465-4700-84bf-53bc800078c3.jpg?v=1767709160 | https://cdn.shopify.com/s/files/1/0715/1704/5040/files/pl4_1994bd88-49e8-416d-b4d5-580dc30cdb25.jpg?v=1767709160 | https://cdn.shopify.com/s/files/1/0715/1704/5040/files/pl5_7ba0c9fa-6b20-46a0-8c7e-b066058d69d7.jpg?v=1767709160 | https://cdn.shopify.com/s/files/1/0715/1704/5040/files/pl7_a8d00022-85c7-4d06-9d9d-38be9a587c48.jpg?v=1767709160 | https://cdn.shopify.com/s/files/1/0715/1704/5040/files/Viona_82cm_4br.jpg?v=1767709160,2025-08-27T17:17:23+05:30,2026-09-08T08:56:46+05:30
Crompton,Crompton Hob Viona 60 cm 4 Burner,Hobs,"Built-In Gas Hob, Hobs, Hybrid Design",crompton-hob-viona-60-cm-4-burner,https://www.crompton.co.in/products/crompton-hob-viona-60-cm-4-burner,35499.0,35499.0,Color,Black :: SKU=HOB-VNDC604-MBL :: ₹35499.00,8,https://cdn.shopify.com/s/files/1/0715/1704/5040/files/00.png?v=1756293003 | https://cdn.shopify.com/s/files/1/0715/1704/5040/files/VionaPL1.jpg?v=1767705684 | https://cdn.shopify.com/s/files/1/0715/1704/5040/files/02.jpg?v=1767705684 | https://cdn.shopify.com/s/files/1/0715/1704/5040/files/03.jpg?v=1767705684 | https://cdn.shopify.com/s/files/1/0715/1704/5040/files/04.jpg?v=1767705684 | https://cdn.shopify.com/s/files/1/0715/1704/5040/files/05.jpg?v=1767705684 | https://cdn.shopify.com/s/files/1/0715/1704/5040/files/Viona_60cm_4br.jpg?v=1767705684 | https://cdn.shopify.com/s/files/1/0715/1704/5040/files/07.jpg?v=1767705684,2025-08-27T16:38:20+05:30,2026-09-08T08:56:46+05:30
Crompton,Crompton Hob Viona 78 cm 3 Burner,Hobs,"Built-In Gas Hob, Hobs, Hybrid Design",crompton-hob-viona-78-cm-3-burner,https://www.crompton.co.in/products/crompton-hob-viona-78-cm-3-burner,35999.0,35999.0,Color,Black :: SKU=HOB-VNDC783-MBL :: ₹35999.00,8,https://cdn.shopify.com/s/files/1/0715/1704/5040/files/01_74a37d2d-74da-4de0-aed8-5e5a93ccc960.png?v=1756292276 | https://cdn.shopify.com/s/files/1/0715/1704/5040/files/Viona78PL1.jpg?v=1767705928 | https://cdn.shopify.com/s/files/1/0715/1704/5040/files/pl2_4e5301ae-989f-44bb-bca6-927ebf5c2e54.jpg?v=1767705928 | https://cdn.shopify.com/s/files/1/0715/1704/5040/files/pl3_253b628a-ffe9-4573-958e-222a93b95889.jpg?v=1767705928 | https://cdn.shopify.com/s/files/1/0715/1704/5040/files/pl4_cf35d951-0923-4df6-9934-026a4bd6b679.jpg?v=1767705928 | https://cdn.shopify.com/s/files/1/0715/1704/5040/files/pl5_45bf4ccf-ee30-46ef-86a7-63bb1eba0e3f.jpg?v=1767705928 | https://cdn.shopify.com/s/files/1/0715/1704/5040/files/Viona_78cm_3br.jpg?v=1767705928 | https://cdn.shopify.com/s/files/1/0715/1704/5040/files/pl7_a692f939-4b31-4222-952a-60a5303afb6f.jpg?v=1767705928,2025-08-27T15:52:27+05:30,2026-09-08T08:56:46+05:30
Crompton,Crompton Duro Elite 1000W Mixer Grinder 4 Stainless Steel Jars,Mixers & Grinders,"Mixer Grinder, Mixer Grinder & Blenders",crompton-duro-elite-1000w-4-jars-mixer-grinder,https://www.crompton.co.in/products/crompton-duro-elite-1000w-4-jars-mixer-grinder,7100.0,7100.0,Color,Black and Blue :: SKU=ACGM-DUROET4J 1000 :: ₹7100.00,7,https://cdn.shopify.com/s/files/1/0715/1704/5040/files/B_W_Duro_1000_Angle_03_updated_copy.png?v=1756126356 | https://cdn.shopify.com/s/files/1/0715/1704/5040/files/Fold_1_ce7bef84-755c-4ba5-bb75-d024102b76ee.jpg?v=1756380988 | https://cdn.shopify.com/s/files/1/0715/1704/5040/files/Fold_2.jpg?v=1756380988 | https://cdn.shopify.com/s/files/1/0715/1704/5040/files/Fold_3.jpg?v=1756380988 | https://cdn.shopify.com/s/files/1/0715/1704/5040/files/Fold_4.jpg?v=1756380988 | https://cdn.shopify.com/s/files/1/0715/1704/5040/files/Fold_5.jpg?v=1756380988 | https://cdn.shopify.com/s/files/1/0715/1704/5040/files/Fold_6.jpg?v=1756380988,2025-07-28T12:10:23+05:30,2026-09-08T08:56:46+05:30
Crompton,Crompton DuroGrand 750W Mixer Grinder 3 Stainless Steel Jars,Mixers & Grinders,"Mixer Grinder, Mixer Grinder & Blenders",crompton-duro-grand-750w-mixer-grinder-3-jars,https://www.crompton.co.in/products/crompton-duro-grand-750w-mixer-grinder-3-jars,7100.0,7100.0,Color,Burgundy Black :: SKU=ACGM-DUROGRAND 3J :: ₹7100.00,5,https://cdn.shopify.com/s/files/1/0715/1704/5040/files/Durogrand3Jr.png?v=1769084949 | https://cdn.shopify.com/s/files/1/0715/1704/5040/files/Artboard1_9c2306e6-9c3e-4a21-8100-29951e97384d.jpg?v=1769084949 | https://cdn.shopify.com/s/files/1/0715/1704/5040/files/Artboard4_65cf762b-a5ff-42ec-bed2-b01499620ac2.jpg?v=1769084948 | https://cdn.shopify.com/s/files/1/0715/1704/5040/files/Artboard7_699ba4d9-88ce-40d7-8c26-3c5026c25e26.jpg?v=1769084948 | https://cdn.shopify.com/s/files/1/0715/1704/5040/files/Artboard8_249727f0-8c07-4c5a-a73f-238ac5aa4912.jpg?v=1769084948,2025-07-28T11:50:13+05:30,2026-09-08T08:56:46+05:30
Crompton,Crompton DuroGrand 750W Mixer Grinder 4 Jars,Mixers & Grinders,"Mixer Grinder, Mixer Grinder & Blenders",crompton-duro-grand-750w-mixer-grinder-4-jars,https://www.crompton.co.in/products/crompton-duro-grand-750w-mixer-grinder-4-jars,7100.0,7100.0,Color,Burgundy Black :: SKU=ACGM-DUROGRAND 4J :: ₹7100.00,5,https://cdn.shopify.com/s/files/1/0715/1704/5040/files/Durogrand.png?v=1769084947 | https://cdn.shopify.com/s/files/1/0715/1704/5040/files/Artboard1_93fb5f49-f980-486b-a171-76abd2fc0a74.jpg?v=1769084947 | https://cdn.shopify.com/s/files/1/0715/1704/5040/files/Artboard4_b7be7e59-6c90-4bce-ad95-4377ee856ffb.png?v=1769084948 | https://cdn.shopify.com/s/files/1/0715/1704/5040/files/Artboard7_45862113-dd24-43ac-a42f-d519fb00ee98.jpg?v=1769084946 | https://cdn.shopify.com/s/files/1/0715/1704/5040/files/Artboard8.png?v=1769084947,2025-07-28T11:25:17+05:30,2026-09-08T08:56:46+05:30
Crompton,Crompton DuroGrand 750W Mixer Grinder 5 Jars,Mixers & Grinders,"Mixer Grinder, Mixer Grinder & Blenders",crompton-duro-grand-750w-mixer-grinder-5-jars,https://www.crompton.co.in/products/crompton-duro-grand-750w-mixer-grinder-5-jars,7100.0,7100.0,Color,Black and Purple :: SKU=ACGM-DUROGRAND 5J :: ₹7100.00,5,https://cdn.shopify.com/s/files/1/0715/1704/5040/files/DuroGrand_5Jars.png?v=1756129237 | https://cdn.shopify.com/s/files/1/0715/1704/5040/files/PL_DuroGrand_5Jars_fold1.jpg?v=1756129267 | https://cdn.shopify.com/s/files/1/0715/1704/5040/files/PL_DuroGrand_5Jars_fold2.png?v=1756129268 | https://cdn.shopify.com/s/files/1/0715/1704/5040/files/PL_DuroGrand_5Jars_fold3.png?v=1756129268 | https://cdn.shopify.com/s/files/1/0715/1704/5040/files/PLDuroGrand5Jarsfold4.jpg?v=1768984941,2025-07-24T13:13:51+05:30,2026-09-08T08:56:46+05:30
Crompton,Crompton Ameo Fresh Nutri Blender Black & Blue,Blenders & Juicers,Mixer Grinder & Blenders,crompton-ameo-fresh-nutri-blender-black-blue,https://www.crompton.co.in/products/crompton-ameo-fresh-nutri-blender-black-blue,5299.0,5299.0,Color,Black Blue :: SKU=ACGJMG-AMEOFRSHBLB :: ₹5299.00,7,https://cdn.shopify.com/s/files/1/0715/1704/5040/files/Ameo_Fresh_2.png?v=1753451686 | https://cdn.shopify.com/s/files/1/0715/1704/5040/files/Artboard_6_098e3d5d-c3ae-4110-bd26-12ad3288924a.jpg?v=1762417791 | https://cdn.shopify.com/s/files/1/0715/1704/5040/files/PL_2_d16938ef-b450-4e25-91a6-dad30a0d3eb5.jpg?v=1762417791 | https://cdn.shopify.com/s/files/1/0715/1704/5040/files/PL_3_6c1fc7e0-5e70-4811-955d-e0a30967992e.jpg?v=1762417791 | https://cdn.shopify.com/s/files/1/0715/1704/5040/files/PL_4_8f99eab2-7b31-4de8-bc24-8b55df759a46.jpg?v=1762417791 | https://cdn.shopify.com/s/files/1/0715/1704/5040/files/PL_5_40557225-0923-4307-adbd-e9604b2c906d.jpg?v=1762417791 | https://cdn.shopify.com/s/files/1/0715/1704/5040/files/PL_6_10a119b4-182b-4b83-a840-a57dc83e8522.jpg?v=1762417791,2025-08-01T15:00:08+05:30,2026-09-08T08:56:46+05:30
Crompton,Crompton Ameo Fresh Nutri Blender Black & Red,Blenders & Juicers,Mixer Grinder & Blenders,crompton-ameo-fresh-nutri-blender-red,https://www.crompton.co.in/products/crompton-ameo-fresh-nutri-blender-red,5299.0,5299.0,Color,Black Red :: SKU=ACGJMG-AMEOFRSHBLR :: ₹5299.00,7,https://cdn.shopify.com/s/files/1/0715/1704/5040/files/TransparentImage_2b166dbd-3c65-4038-97fa-4d3c4a6d74db.png?v=1753363395 | https://cdn.shopify.com/s/files/1/0715/1704/5040/files/PL_1_629de786-7169-4a0e-b40b-6096e3cabe54.jpg?v=1754485555 | https://cdn.shopify.com/s/files/1/0715/1704/5040/files/PL_2_42e625ad-8534-4ca3-b96d-895632a8283a.jpg?v=1754485554 | https://cdn.shopify.com/s/files/1/0715/1704/5040/files/PL_3_710e9554-4285-46db-a91c-733b4bfbec55.jpg?v=1754485555 | https://cdn.shopify.com/s/files/1/0715/1704/5040/files/PL_4_ced0a20c-7c10-4cc7-bfb0-dba304fc91c1.jpg?v=1754485555 | https://cdn.shopify.com/s/files/1/0715/1704/5040/files/PL_5_121356b9-bb48-43e1-8529-db1ba4456824.jpg?v=1754485555 | https://cdn.shopify.com/s/files/1/0715/1704/5040/files/PL_6_4cbd75c7-d453-4398-ad49-84683baabbee.jpg?v=1754485555,2025-08-01T12:09:14+05:30,2026-09-08T08:56:46+05:30
Crompton,Crompton Cooktop SlimPro 4 Burner 70 cm Slim Glass,Cooktop,"Gas Cooktop, Induction Cooktop",crompton-slimpro-4-burner-70-cm-slim-glass-cooktop,https://www.crompton.co.in/products/crompton-slimpro-4-burner-70-cm-slim-glass-cooktop,17899.0,17899.0,Color,Black :: SKU=CKT-SLP704-MSB :: ₹17899.00,10,https://cdn.shopify.com/s/files/1/0715/1704/5040/files/1_9902f51e-cdeb-4826-8f63-dfb043c2a3ad.png?v=1749637556 | https://cdn.shopify.com/s/files/1/0715/1704/5040/files/2_5fbcaae9-8d65-440c-92d4-6f3e3123b55d.jpg?v=1749637617 | https://cdn.shopify.com/s/files/1/0715/1704/5040/files/3_0dff889d-e232-415d-8d21-e9227f56cbee.jpg?v=1749637617 | https://cdn.shopify.com/s/files/1/0715/1704/5040/files/4_922e86ab-35c1-4090-8ba5-1246cb639bdf.jpg?v=1749637617 | https://cdn.shopify.com/s/files/1/0715/1704/5040/files/5_0b895443-b779-4b34-90a1-1e3a541cd147.jpg?v=1749637617 | https://cdn.shopify.com/s/files/1/0715/1704/5040/files/6_5434c36a-9081-4bfb-b380-80d6ebcbb87a.jpg?v=1749637617 | https://cdn.shopify.com/s/files/1/0715/1704/5040/files/7_2b323345-98b5-4e0b-ad74-f5ec3d757a7d.jpg?v=1749637617 | https://cdn.shopify.com/s/files/1/0715/1704/5040/files/8_d4738378-287d-4c3f-974b-4255ed62d5dc.jpg?v=1749637617 | https://cdn.shopify.com/s/files/1/0715/1704/5040/files/9_2f6c0d1c-5830-4ff5-a179-43979a4ac26a.jpg?v=1749637617 | https://cdn.shopify.com/s/files/1/0715/1704/5040/files/10_9f486da3-7d22-4f6b-b72a-ab1fc9f0134d.jpg?v=1749637617,2025-05-23T17:17:20+05:30,2026-09-08T08:56:46+05:30
Crompton,Crompton Cooktop SlimPro 3 Burner 77 cm Slim Glass,Cooktop,"Gas Cooktop, Induction Cooktop",crompton-slimpro-3-burner-77-cm-slim-glass-cooktop,https://www.crompton.co.in/products/crompton-slimpro-3-burner-77-cm-slim-glass-cooktop,14299.0,14299.0,Color,Black :: SKU=CKT-SLP773-MSB :: ₹14299.00,10,https://cdn.shopify.com/s/files/1/0715/1704/5040/files/1_4c1e583d-c789-4919-92b6-a31c7b469788.png?v=1749633654 | https://cdn.shopify.com/s/files/1/0715/1704/5040/files/2_86c6acd1-b0ed-47bc-a859-9628108db211.jpg?v=1749637133 | https://cdn.shopify.com/s/files/1/0715/1704/5040/files/3_b19f8d23-fdc9-4b71-a476-50f3c33caca7.jpg?v=1749637133 | https://cdn.shopify.com/s/files/1/0715/1704/5040/files/4_b670f3ad-3d84-483b-887e-7e9914daa02c.jpg?v=1749637133 | https://cdn.shopify.com/s/files/1/0715/1704/5040/files/5_c2ffdd30-3d4e-415f-abf2-c5c6f460e3b0.jpg?v=1749637133 | https://cdn.shopify.com/s/files/1/0715/1704/5040/files/6_44f9701b-2ab1-4a94-a5b3-53529acae52f.jpg?v=1749637133 | https://cdn.shopify.com/s/files/1/0715/1704/5040/files/7_b39120fc-e396-4bb8-a5e0-ba8b69c5aac4.jpg?v=1749637133 | https://cdn.shopify.com/s/files/1/0715/1704/5040/files/8_b04f0841-2f88-498c-b169-0b93f13b7535.jpg?v=1749637133 | https://cdn.shopify.com/s/files/1/0715/1704/5040/files/9_6111ded3-2488-4503-b5e5-aed9dd7d6ce6.jpg?v=1749637133 | https://cdn.shopify.com/s/files/1/0715/1704/5040/files/10_3aa3025d-bcb5-4370-ac2b-cfd2a370ba1b.jpg?v=1749637133,2025-05-23T16:56:43+05:30,2026-09-08T08:56:46+05:30
Crompton,Crompton Cooktop FlameNova 3 Burner 69 cm Glass,Cooktop,"Gas Cooktop, Induction Cooktop",crompton-flamenova-3-burner-69-cm-glass-cooktop,https://www.crompton.co.in/products/crompton-flamenova-3-burner-69-cm-glass-cooktop,7199.0,7199.0,Color,Black :: SKU=CKT-FNA693-MSB :: ₹7199.00,9,https://cdn.shopify.com/s/files/1/0715/1704/5040/files/1_38ab2543-f293-461d-9264-9735afd759d8.png?v=1748429735 | https://cdn.shopify.com/s/files/1/0715/1704/5040/files/2_817845ec-736f-429f-8acf-9ef159f7e3cd.jpg?v=1748518585 | https://cdn.shopify.com/s/files/1/0715/1704/5040/files/3_819d0048-8fa9-45b3-b565-d56e17c3cce1.jpg?v=1748518585 | https://cdn.shopify.com/s/files/1/0715/1704/5040/files/4_14722d39-0986-40a0-8de3-ac8da8a39410.jpg?v=1748518585 | https://cdn.shopify.com/s/files/1/0715/1704/5040/files/5_287ba81b-52c6-4550-86bb-206efa34f943.jpg?v=1748518585 | https://cdn.shopify.com/s/files/1/0715/1704/5040/files/6_e21a1623-3c71-49e5-b95c-405051af8556.jpg?v=1748518585 | https://cdn.shopify.com/s/files/1/0715/1704/5040/files/7_f7c89ae0-7216-465b-a9e1-db477e6cf992.jpg?v=1748518585 | https://cdn.shopify.com/s/files/1/0715/1704/5040/files/8_47bc6909-6c99-4602-b211-d23c79bafd19.jpg?v=1748518585 | https://cdn.shopify.com/s/files/1/0715/1704/5040/files/9_25c19161-41ca-47dc-a315-4a41156b413b.jpg?v=1748518585,2025-05-23T18:41:22+05:30,2026-09-08T08:56:46+05:30
Crompton,Crompton Cooktop FlameNova 2 Burner 60 cm Glass,Cooktop,"Gas Cooktop, Induction Cooktop",crompton-flamenova-2-burner-60-cm-glass-cooktop,https://www.crompton.co.in/products/crompton-flamenova-2-burner-60-cm-glass-cooktop,5499.0,5499.0,Color,Black :: SKU=CKT-FNA602-MSB :: ₹5499.00,9,https://cdn.shopify.com/s/files/1/0715/1704/5040/files/1_d7592e10-f9ad-473a-87ff-4bb69b19a691.png?v=1748428354 | https://cdn.shopify.com/s/files/1/0715/1704/5040/files/2_4f841ccd-6225-44b3-81f2-532ced1e0d3f.jpg?v=1748428398 | https://cdn.shopify.com/s/files/1/0715/1704/5040/files/3_e204ad0c-e05b-454c-b0e9-2b10dec8eb1e.jpg?v=1748428398 | https://cdn.shopify.com/s/files/1/0715/1704/5040/files/4_a1313181-1653-497c-b6c2-c1895e0d039c.jpg?v=1748428397 | https://cdn.shopify.com/s/files/1/0715/1704/5040/files/5_a397c07a-b6ce-4582-87c7-41a5f5f5b64e.jpg?v=1748428398 | https://cdn.shopify.com/s/files/1/0715/1704/5040/files/6_dd5c4a1e-163c-4148-a400-469fa807ce8e.jpg?v=1748428397 | https://cdn.shopify.com/s/files/1/0715/1704/5040/files/7_c626e8d2-9f83-489f-941f-0d61debc6b04.jpg?v=1748428398 | https://cdn.shopify.com/s/files/1/0715/1704/5040/files/8_2adce7bf-e98d-47df-b1a7-8758e6854460.jpg?v=1748428398 | https://cdn.shopify.com/s/files/1/0715/1704/5040/files/9_c12499d7-5b2e-43ae-b0e7-44a776ca3c2f.jpg?v=1748428398,2025-05-23T18:35:02+05:30,2026-09-08T08:56:46+05:30
Crompton,Crompton Cooktop FlameMaster 4 Burner 70 cm Glass,Cooktop,"Gas Cooktop, Induction Cooktop",crompton-flamemaster-4-burner-70-cm-glass-cooktop,https://www.crompton.co.in/products/crompton-flamemaster-4-burner-70-cm-glass-cooktop,11699.0,11699.0,Color,Black :: SKU=CKT-FLM704-MSB :: ₹11699.00,9,https://cdn.shopify.com/s/files/1/0715/1704/5040/files/Transparent_528074fb-7584-47fc-98df-3e3218f66c22.png?v=1748413211 | https://cdn.shopify.com/s/files/1/0715/1704/5040/files/1_3c9b6b0e-a723-4789-a33a-455d5e216339.jpg?v=1748414359 | https://cdn.shopify.com/s/files/1/0715/1704/5040/files/2_023aa04d-0409-4789-8c82-a460eec55741.jpg?v=1748414359 | https://cdn.shopify.com/s/files/1/0715/1704/5040/files/3_780a6009-4dd0-4c49-aaa9-d5042665633c.jpg?v=1748414407 | https://cdn.shopify.com/s/files/1/0715/1704/5040/files/4_82fc6f4d-f407-41ff-b229-158a328988b3.jpg?v=1748414407 | https://cdn.shopify.com/s/files/1/0715/1704/5040/files/5_ba958e7a-2f44-4514-ba90-f147f9063f42.jpg?v=1748414407 | https://cdn.shopify.com/s/files/1/0715/1704/5040/files/6_46f033e1-7267-4a9a-94d3-6c2236811af4.jpg?v=1748414407 | https://cdn.shopify.com/s/files/1/0715/1704/5040/files/7_3d0feb1f-264c-454a-b2fb-6a6ab650d778.jpg?v=1748414407 | https://cdn.shopify.com/s/files/1/0715/1704/5040/files/8_894df844-c675-4e8e-b1b7-3885fca68fd6.jpg?v=1748414407,2025-05-23T18:07:37+05:30,2026-09-08T08:56:46+05:30
Crompton,Crompton Cooktop FlameMaster 3 Burner 77 cm Glass SS Body,Cooktop,"Gas Cooktop, Induction Cooktop",crompton-flamemaster-3-burner-77-cm-glass-cooktop-1,https://www.crompton.co.in/products/crompton-flamemaster-3-burner-77-cm-glass-cooktop-1,9999.0,9999.0,Color,Black :: SKU=CKT-FLM773-SSB :: ₹9999.00,9,https://cdn.shopify.com/s/files/1/0715/1704/5040/files/Transparent_21d59cc4-e533-46f0-9f21-342c2762060e.png?v=1748412261 | https://cdn.shopify.com/s/files/1/0715/1704/5040/files/1_76e8ecb0-c575-4f87-b1b1-4a74918eaf3f.jpg?v=1748412408 | https://cdn.shopify.com/s/files/1/0715/1704/5040/files/2_0cf033c2-a00b-4871-b416-23b6d82cc917.jpg?v=1748412408 | https://cdn.shopify.com/s/files/1/0715/1704/5040/files/3_94ccf47e-6a52-4f48-9a22-eb2caf0fe341.jpg?v=1748415707 | https://cdn.shopify.com/s/files/1/0715/1704/5040/files/5_2.jpg?v=1748415707 | https://cdn.shopify.com/s/files/1/0715/1704/5040/files/4_67cb2eb9-cd92-4d31-99a6-9042062286c9.jpg?v=1748415707 | https://cdn.shopify.com/s/files/1/0715/1704/5040/files/6_2b539af9-6cac-4759-b37f-775fb8154cf4.jpg?v=1748415707 | https://cdn.shopify.com/s/files/1/0715/1704/5040/files/7_bf0c59b7-1d78-4067-9445-98186bce8b2a.jpg?v=1748415707 | https://cdn.shopify.com/s/files/1/0715/1704/5040/files/8_054da087-ced6-4e85-ab45-67c36db320e4.jpg?v=1748415707,2025-05-23T18:02:39+05:30,2026-09-08T08:56:46+05:30
Crompton,Crompton Cooktop FlameMaster 3 Burner 77 cm Glass MS Body,Cooktop,"Gas Cooktop, Induction Cooktop",crompton-flamemaster-3-burner-77-cm-glass-cooktop,https://www.crompton.co.in/products/crompton-flamemaster-3-burner-77-cm-glass-cooktop,9299.0,9299.0,Color,Black :: SKU=CKT-FLM773-MSB :: ₹9299.00,9,https://cdn.shopify.com/s/files/1/0715/1704/5040/files/Transparent_c128e744-8d4e-4f73-8bf1-011eea9ec7a6.png?v=1748411316 | https://cdn.shopify.com/s/files/1/0715/1704/5040/files/1_0dea4477-fd21-42b1-be93-efaf22fe7ca2.jpg?v=1748411381 | https://cdn.shopify.com/s/files/1/0715/1704/5040/files/2_896aeabc-4802-4871-8ac4-a1bbf1b0c3ed.jpg?v=1748411381 | https://cdn.shopify.com/s/files/1/0715/1704/5040/files/3_d4d891d6-f0bd-43d1-a7b8-a3ef4c2a3444.jpg?v=1748411381 | https://cdn.shopify.com/s/files/1/0715/1704/5040/files/4_a3f8046b-72cc-436a-bbe9-0f02bf5de2c9.jpg?v=1748411381 | https://cdn.shopify.com/s/files/1/0715/1704/5040/files/5_5.jpg?v=1748415889 | https://cdn.shopify.com/s/files/1/0715/1704/5040/files/6_721630db-89bf-4c5a-857a-4a6f00e8962b.jpg?v=1748415889 | https://cdn.shopify.com/s/files/1/0715/1704/5040/files/7_c54694fe-4026-46c8-80b9-f873a643eb77.jpg?v=1748415889 | https://cdn.shopify.com/s/files/1/0715/1704/5040/files/8_983f06a2-62f6-47a4-8b4e-5f5ecc32719f.jpg?v=1748415889,2025-05-23T17:56:27+05:30,2026-09-08T08:56:46+05:30
Crompton,Crompton FlameMaster 2 Burner 65 cm Glass Cooktop,Cooktop,"Gas Cooktop, Induction Cooktop",crompton-flamemaster-2-burner-65-cm-glass-cooktop,https://www.crompton.co.in/products/crompton-flamemaster-2-burner-65-cm-glass-cooktop,6799.0,6799.0,Color,Black :: SKU=CKT-FLM652-MSB :: ₹6799.00,9,https://cdn.shopify.com/s/files/1/0715/1704/5040/files/Transparent_d5ff383c-ddf8-47e2-814a-2e2a2abdc0db.png?v=1748408002 | https://cdn.shopify.com/s/files/1/0715/1704/5040/files/1_3596453e-90b7-47f3-a703-d306bd5febb6.jpg?v=1748408002 | https://cdn.shopify.com/s/files/1/0715/1704/5040/files/2_0099d532-4ae0-4151-bf05-ed5bf58928e4.jpg?v=1748408002 | https://cdn.shopify.com/s/files/1/0715/1704/5040/files/3_d7ab17a3-9024-4970-a10c-ad79a4b43f9c.jpg?v=1748408002 | https://cdn.shopify.com/s/files/1/0715/1704/5040/files/4_999f6ea9-fb52-4939-81a3-438d885919d4.jpg?v=1748408002 | https://cdn.shopify.com/s/files/1/0715/1704/5040/files/5_628c21b6-44ff-4dc1-896b-1d7ef1163bd0.jpg?v=1748408002 | https://cdn.shopify.com/s/files/1/0715/1704/5040/files/6_1fb6aaac-1f67-4506-bb12-2786ecc0d55a.jpg?v=1748408002 | https://cdn.shopify.com/s/files/1/0715/1704/5040/files/7_dd95ed92-4bd1-4473-aeda-2f933981631b.jpg?v=1748408002 | https://cdn.shopify.com/s/files/1/0715/1704/5040/files/8_75ac5022-c321-4e2f-8c29-b5a52ff50c30.jpg?v=1748408002,2025-05-23T17:27:12+05:30,2026-09-08T08:56:46+05:30
Crompton,Crompton Hob Grandart Fb 90Cm 4 Burner,Hobs,"Built-In Gas Hob, Hobs",crompton-hob-grandart-fb-90cm-4br-mbl,https://www.crompton.co.in/products/crompton-hob-grandart-fb-90cm-4br-mbl,57299.0,57299.0,Color,Midnight black :: SKU=HOB_GAFB904-MBL :: ₹57299.00,8,https://cdn.shopify.com/s/files/1/0715/1704/5040/files/01_19e66a04-fc97-468b-82b2-b71c85043c11.png?v=1743152669 | https://cdn.shopify.com/s/files/1/0715/1704/5040/files/HOBgrandart2_2Brpl1_3.jpg?v=1743152669 | https://cdn.shopify.com/s/files/1/0715/1704/5040/files/HOBgrandart2_2Brpl1_5.jpg?v=1743152669 | https://cdn.shopify.com/s/files/1/0715/1704/5040/files/HOBgrandart2_2Brpl1_1.jpg?v=1743152669 | https://cdn.shopify.com/s/files/1/0715/1704/5040/files/HOBgrandart2_2Brpl1_2.jpg?v=1743152669 | https://cdn.shopify.com/s/files/1/0715/1704/5040/files/HOBgrandart2_2Brpl1_4.jpg?v=1743152669 | https://cdn.shopify.com/s/files/1/0715/1704/5040/files/HOBgrandart2_2Brpl1_6.jpg?v=1743152669 | https://cdn.shopify.com/s/files/1/0715/1704/5040/files/HOBgrandart2_2Brpl1_7.jpg?v=1743152669,2025-03-28T14:34:06+05:30,2026-09-08T08:56:46+05:30
Crompton,Crompton Hob Grandart Fb 80Cm 4 Burner,Hobs,"Built-In Gas Hob, Hobs",crompton-hob-grandart-fb-80cm-4br-mbl,https://www.crompton.co.in/products/crompton-hob-grandart-fb-80cm-4br-mbl,54499.0,54499.0,Color,Midnight black :: SKU=HOB-GAFB804-MBL :: ₹54499.00,8,https://cdn.shopify.com/s/files/1/0715/1704/5040/files/01_4ced61bb-97c7-4912-b2bd-e5ce8fc5eb04.png?v=1743146009 | https://cdn.shopify.com/s/files/1/0715/1704/5040/files/HOBgrandart4Brpl1.jpg?v=1743146009 | https://cdn.shopify.com/s/files/1/0715/1704/5040/files/HOBgrandart4Brpl2.jpg?v=1743146009 | https://cdn.shopify.com/s/files/1/0715/1704/5040/files/HOBgrandart4Brpl3.jpg?v=1743146009 | https://cdn.shopify.com/s/files/1/0715/1704/5040/files/HOBgrandart4Brpl4.jpg?v=1743146009 | https://cdn.shopify.com/s/files/1/0715/1704/5040/files/HOBgrandart4Brpl5.jpg?v=1743146009 | https://cdn.shopify.com/s/files/1/0715/1704/5040/files/HOBgrandart4Brpl6.jpg?v=1743146009 | https://cdn.shopify.com/s/files/1/0715/1704/5040/files/HOBgrandart4Brpl7.jpg?v=1743146009,2025-03-28T12:43:03+05:30,2026-09-08T08:56:46+05:30
Crompton,Crompton Hob SensoSafe Plus 80 Cm 4 Burner,Hobs,"Built-In Gas Hob, Hobs",crompton-hob-sensosafe-plus-80-cm-4-burner,https://www.crompton.co.in/products/crompton-hob-sensosafe-plus-80-cm-4-burner,44890.0,44890.0,Color,Midnight black :: SKU=HOB-SSFB804SP-MBU :: ₹44890.00,9,https://cdn.shopify.com/s/files/1/0715/1704/5040/files/01_2.png?v=1767941450 | https://cdn.shopify.com/s/files/1/0715/1704/5040/files/SensoSafeplus80cm4BrPL1.jpg?v=1767941449 | https://cdn.shopify.com/s/files/1/0715/1704/5040/files/SensoSafeplus80cm4BrPL2.jpg?v=1767941450 | https://cdn.shopify.com/s/files/1/0715/1704/5040/files/SensoSafeplus80cm4BrPL3.jpg?v=1767941450 | https://cdn.shopify.com/s/files/1/0715/1704/5040/files/SensoSafeplus_80cm_4Br_PL4.jpg?v=1767941450 | https://cdn.shopify.com/s/files/1/0715/1704/5040/files/SensoSafeplus80cm4BrPL5.jpg?v=1767941449 | https://cdn.shopify.com/s/files/1/0715/1704/5040/files/SensoSafeplus80cm4BrPL6.jpg?v=1767941449 | https://cdn.shopify.com/s/files/1/0715/1704/5040/files/SensoSafeplus80cm4BrPL7.jpg?v=1767941449 | https://cdn.shopify.com/s/files/1/0715/1704/5040/files/SensoSafeplus80cm4BrPL8.jpg?v=1767941449,2025-03-28T12:34:19+05:30,2026-09-08T08:56:46+05:30
Crompton,Crompton Hob SensoSafe Plus 78 Cm 3 Burner,Hobs,"Built-In Gas Hob, Hobs",crompton-hob-sensosafe-plus-78-cm-3-burner,https://www.crompton.co.in/products/crompton-hob-sensosafe-plus-78-cm-3-burner,33099.0,33099.0,Color,Midnight black :: SKU=HOB-SSFB783SP-MBU :: ₹33099.00,9,https://cdn.shopify.com/s/files/1/0715/1704/5040/files/01_1.png?v=1767941448 | https://cdn.shopify.com/s/files/1/0715/1704/5040/files/SensoSafeplus78cm3BrPL1.jpg?v=1767941448 | https://cdn.shopify.com/s/files/1/0715/1704/5040/files/SensoSafeplus78cm3BrPL2.jpg?v=1767941447 | https://cdn.shopify.com/s/files/1/0715/1704/5040/files/SensoSafeplus78cm3BrPL3.jpg?v=1767941447 | https://cdn.shopify.com/s/files/1/0715/1704/5040/files/SensoSafeplus_78cm_3Br_PL4.jpg?v=1767941448 | https://cdn.shopify.com/s/files/1/0715/1704/5040/files/SensoSafeplus78cm3BrPL5.jpg?v=1767941448 | https://cdn.shopify.com/s/files/1/0715/1704/5040/files/SensoSafeplus78cm3BrPL6.jpg?v=1767941448 | https://cdn.shopify.com/s/files/1/0715/1704/5040/files/SensoSafeplus78cm3BrPL7.jpg?v=1767941448 | https://cdn.shopify.com/s/files/1/0715/1704/5040/files/SensoSafeplus78cm3BrPL8.jpg?v=1767941448,2025-03-28T12:23:03+05:30,2026-09-08T08:56:46+05:30
Crompton,Crompton Hob SensoSafe Plus 60 Cm 4 Burner,Hobs,"Built-In Gas Hob, Hobs",crompton-hob-sensosafe-plus-60-cm-4-burner,https://www.crompton.co.in/products/crompton-hob-sensosafe-plus-60-cm-4-burner,33749.0,33749.0,Color,Midnight black :: SKU=HOB-SSFB604SP-MBU :: ₹33749.00,9,https://cdn.shopify.com/s/files/1/0715/1704/5040/files/01_d5908c1d-ae91-481d-89dd-890c7112857c.png?v=1767941447 | https://cdn.shopify.com/s/files/1/0715/1704/5040/files/SensoSafeplus60cm4BrPL1.jpg?v=1767941446 | https://cdn.shopify.com/s/files/1/0715/1704/5040/files/SensoSafeplus60cm4BrPL2.jpg?v=1767941446 | https://cdn.shopify.com/s/files/1/0715/1704/5040/files/SensoSafeplus60cm4BrPL7.jpg?v=1767941446 | https://cdn.shopify.com/s/files/1/0715/1704/5040/files/SensoSafeplus60cm4BrPL4_b118e050-e2dc-4592-a68e-e10e24850d47.jpg?v=1767941446 | https://cdn.shopify.com/s/files/1/0715/1704/5040/files/SensoSafeplus60cm4BrPL3.jpg?v=1767941446 | https://cdn.shopify.com/s/files/1/0715/1704/5040/files/SensoSafeplus60cm4BrPL5_06280e62-6863-44df-804c-093bb4878d0a.jpg?v=1767941446 | https://cdn.shopify.com/s/files/1/0715/1704/5040/files/SensoSafeplus60cm4BrPL6.jpg?v=1767941446 | https://cdn.shopify.com/s/files/1/0715/1704/5040/files/SensoSafeplus60cm4BrPL8.jpg?v=1767941446,2025-03-27T12:05:38+05:30,2026-09-08T08:56:46+05:30
Crompton,Crompton Hob SensoSafe Plus 60 Cm 3 Burner,Hobs,"Built-In Gas Hob, Hobs",crompton-hob-sensosafe-plus-60-cm-3-burner,https://www.crompton.co.in/products/crompton-hob-sensosafe-plus-60-cm-3-burner,32499.0,32499.0,Color,Midnight black :: SKU=HOB-SSFB603SP-MBU :: ₹32499.00,9,https://cdn.shopify.com/s/files/1/0715/1704/5040/files/01.png?v=1767941445 | https://cdn.shopify.com/s/files/1/0715/1704/5040/files/SensoSafeplus60cm3BrPL1.jpg?v=1767941444 | https://cdn.shopify.com/s/files/1/0715/1704/5040/files/SensoSafeplus60cm3BrPL2.jpg?v=1767941444 | https://cdn.shopify.com/s/files/1/0715/1704/5040/files/SensoSafeplus60cm3BrPL3.jpg?v=1767941444 | https://cdn.shopify.com/s/files/1/0715/1704/5040/files/SensoSafeplus60cm3Br_PL4.jpg?v=1767941444 | https://cdn.shopify.com/s/files/1/0715/1704/5040/files/SensoSafeplus60cm3BrPL5_f45ddb77-e271-4c4b-95aa-1d78a00ff7b4.jpg?v=1767941444 | https://cdn.shopify.com/s/files/1/0715/1704/5040/files/SensoSafeplus60cm3BrPL6_d254cbc4-987a-415f-9daa-d09396cc0300.jpg?v=1767941444 | https://cdn.shopify.com/s/files/1/0715/1704/5040/files/SensoSafeplus60cm3BrPL7.jpg?v=1767941444 | https://cdn.shopify.com/s/files/1/0715/1704/5040/files/SensoSafeplus60cm3BrPL8.jpg?v=1767941444,2025-03-27T11:39:56+05:30,2026-09-08T08:56:46+05:30
Crompton,Crompton Aura Personal Air Cooler,Personal Coolers,"300-600-sqft, Air Coolers, Personal Cooler, type-ice-chambers",crompton-aura-pac,https://www.crompton.co.in/products/crompton-aura-pac,9000.0,9000.0,"Color, Capacity",White & Indian Ink/38-L :: SKU=ACGC-AURAPAC38 :: ₹9000.00,8,https://cdn.shopify.com/s/files/1/0715/1704/5040/files/AuraPAC38_04.png?v=1774437668 | https://cdn.shopify.com/s/files/1/0715/1704/5040/files/Auraaircooler38LPL1.jpg?v=1774437668 | https://cdn.shopify.com/s/files/1/0715/1704/5040/files/Auraaircooler38LPL2_0b6828ee-5827-4a8a-b207-fd07f514421c.jpg?v=1774437668 | https://cdn.shopify.com/s/files/1/0715/1704/5040/files/Auraaircooler38LPL3.jpg?v=1774437668 | https://cdn.shopify.com/s/files/1/0715/1704/5040/files/Auraaircooler38LPL4_3d6f3ea0-63d1-4be1-b8fe-53eae2c39975.jpg?v=1774437668 | https://cdn.shopify.com/s/files/1/0715/1704/5040/files/Auraaircooler38LPL5.jpg?v=1774437668 | https://cdn.shopify.com/s/files/1/0715/1704/5040/files/Auraaircooler38LPL6.jpg?v=1774437668 | https://cdn.shopify.com/s/files/1/0715/1704/5040/files/PersonalCoolers-CromptonAuraPersonalAirCooler.jpg?v=1774437668,2025-03-27T19:50:22+05:30,2026-09-08T08:56:46+05:30
Crompton,Crompton Avancer DAC,Desert Coolers,"300-600-sqft, Air Coolers, Desert Coolers, type-auto-fill-tank-function, type-dry, type-ice-chambers, type-outdoor-cooling",crompton-avancer-dac,https://www.crompton.co.in/products/crompton-avancer-dac,18000.0,22000.0,"Color, Capacity",White & Purple/65-L :: SKU=ACGC-AVNDAC 65 :: ₹18000.00 | White & Purple/80-L :: SKU=ACGC-AVNDAC 80 :: ₹20000.00 | White & Purple/95-L :: SKU=ACGC-AVNDAC 95 :: ₹22000.00,24,https://cdn.shopify.com/s/files/1/0715/1704/5040/files/Artboard1_cb209136-a8c5-4059-af50-a45ffb8d30f6.png?v=1774437672 | https://cdn.shopify.com/s/files/1/0715/1704/5040/files/PL1_dab56236-ec46-4e2b-8ba7-f461f0456b60.jpg?v=1774437671 | https://cdn.shopify.com/s/files/1/0715/1704/5040/files/PL2_e06f4b9d-47bd-45a0-9982-d921e86c7533.jpg?v=1774437671 | https://cdn.shopify.com/s/files/1/0715/1704/5040/files/PL3_ab735f10-3a89-41e5-b332-2822c206b6ea.jpg?v=1774437671 | https://cdn.shopify.com/s/files/1/0715/1704/5040/files/PL4_e49afc73-deee-4d4f-a16c-de9ef4fae89e.jpg?v=1774437671 | https://cdn.shopify.com/s/files/1/0715/1704/5040/files/PL5_c597964d-8448-4ef3-adbb-0b31296ad803.jpg?v=1774437671 | https://cdn.shopify.com/s/files/1/0715/1704/5040/files/PL6_option2.jpg?v=1774437671 | https://cdn.shopify.com/s/files/1/0715/1704/5040/files/DessertCoolers-CromptonAvancerDAC65L.jpg?v=1774437671 | https://cdn.shopify.com/s/files/1/0715/1704/5040/files/Artboard1_b0135753-7794-481f-8f77-c102c5d5223e.png?v=1774437672 | https://cdn.shopify.com/s/files/1/0715/1704/5040/files/Artboard2_9e269909-be22-4418-9593-dd5054056735.jpg?v=1774437671 | https://cdn.shopify.com/s/files/1/0715/1704/5040/files/Artboard3_1790acbc-16f7-4f97-a989-123432eb58d5.jpg?v=1774437671 | https://cdn.shopify.com/s/files/1/0715/1704/5040/files/Artboard4_eb8a2f7b-3ab0-44d6-82c5-2ff56e896652.jpg?v=1774437671 | https://cdn.shopify.com/s/files/1/0715/1704/5040/files/Artboard5_599cedeb-1ac9-4975-8ce7-9ef57b17ddf2.jpg?v=1774437671 | https://cdn.shopify.com/s/files/1/0715/1704/5040/files/Artboard7.jpg?v=1774437671 | https://cdn.shopify.com/s/files/1/0715/1704/5040/files/Artboard8.jpg?v=1774437671 | https://cdn.shopify.com/s/files/1/0715/1704/5040/files/DessertCoolers-CromptonAvancerDAC80L.jpg?v=1774437671 | https://cdn.shopify.com/s/files/1/0715/1704/5040/files/Artboard1_214aa3c3-47a7-43d0-bfc8-1f617a698df6.png?v=1774437671 | https://cdn.shopify.com/s/files/1/0715/1704/5040/files/Artboard2_fb63dd43-875a-41d3-b7cf-ef8568f455fc.jpg?v=1774437671 | https://cdn.shopify.com/s/files/1/0715/1704/5040/files/Artboard3_1cc7989b-4ca5-4598-a401-a8198e6e241e.jpg?v=1774437671 | https://cdn.shopify.com/s/files/1/0715/1704/5040/files/Artboard4_b55061f0-23f2-41c0-b035-f4022ed72dc4.jpg?v=1774437671 | https://cdn.shopify.com/s/files/1/0715/1704/5040/files/Artboard5_22a35f3d-76dd-4be9-b9db-950b762dbc04.jpg?v=1774437671 | https://cdn.shopify.com/s/files/1/0715/1704/5040/files/Artboard7_40747395-95f6-448a-967e-65c1129ae867.jpg?v=1774437671 | https://cdn.shopify.com/s/files/1/0715/1704/5040/files/Artboard8_90eed8ee-d9c6-41b4-9918-acd35ec839ae.jpg?v=1774437671 | https://cdn.shopify.com/s/files/1/0715/1704/5040/files/DessertCoolers-CromptonAvancerDAC95L.jpg?v=1774437671,2025-03-27T17:18:29+05:30,2026-09-08T08:56:46+05:30
Crompton,Crompton Aura DAC,Desert Coolers,"300-600-sqft, Air Coolers, Desert Coolers, type-auto-fill-tank-function, type-dry, type-ice-chambers, type-outdoor-cooling",crompton-aura-dac,https://www.crompton.co.in/products/crompton-aura-dac,18000.0,22000.0,"Color, Capacity",White & Indian Ink/70-L :: SKU=ACGC- AURADAC70 :: ₹18000.00 | White & Indian Ink/90-L :: SKU=ACGC- AURADAC90 :: ₹20000.00 | White & Indian Ink/110-L :: SKU=ACGC- AURADAC110 :: ₹22000.00,27,https://cdn.shopify.com/s/files/1/0715/1704/5040/files/Auraaircooler70LPL0.png?v=1774437666 | https://cdn.shopify.com/s/files/1/0715/1704/5040/files/Auraaircooler70LPL1.jpg?v=1774437666 | https://cdn.shopify.com/s/files/1/0715/1704/5040/files/Auraaircooler70LPL2.jpg?v=1774437666 | https://cdn.shopify.com/s/files/1/0715/1704/5040/files/Auraaircooler70LPL3.jpg?v=1774437666 | https://cdn.shopify.com/s/files/1/0715/1704/5040/files/Aura_air_cooler_70L_PL_4.jpg?v=1774437666 | https://cdn.shopify.com/s/files/1/0715/1704/5040/files/Auraaircooler70LPL5.jpg?v=1774437666 | https://cdn.shopify.com/s/files/1/0715/1704/5040/files/Auraaircooler70LPL6.jpg?v=1774437666 | https://cdn.shopify.com/s/files/1/0715/1704/5040/files/Auraaircooler70LPL7_1d3540a8-42db-4bee-b2d5-705a67a346a4.jpg?v=1774437666 | https://cdn.shopify.com/s/files/1/0715/1704/5040/files/AuraDAC70L.jpg?v=1774437666 | https://cdn.shopify.com/s/files/1/0715/1704/5040/files/Auraaircooler90PL0.png?v=1774437667 | https://cdn.shopify.com/s/files/1/0715/1704/5040/files/Auraaircooler90LPL1_d023dd93-10e3-49b7-bcf2-74c0e329e3cd.jpg?v=1774437666 | https://cdn.shopify.com/s/files/1/0715/1704/5040/files/Auraaircooler90LPL2.jpg?v=1774437666 | https://cdn.shopify.com/s/files/1/0715/1704/5040/files/Auraaircooler90LPL3_0d37ab41-30e7-4c31-a2e9-e889f77014fc.jpg?v=1774437666 | https://cdn.shopify.com/s/files/1/0715/1704/5040/files/Aura_air_cooler_90L_PL_4.jpg?v=1774437666 | https://cdn.shopify.com/s/files/1/0715/1704/5040/files/Auraaircooler90LPL5.jpg?v=1774437666 | https://cdn.shopify.com/s/files/1/0715/1704/5040/files/Auraaircooler90LPL6.jpg?v=1774437666 | https://cdn.shopify.com/s/files/1/0715/1704/5040/files/Auraaircooler90LPL7_4853014c-f9bb-4ea4-9749-2627e9a856fb.jpg?v=1774437666 | https://cdn.shopify.com/s/files/1/0715/1704/5040/files/AuraDAC90L.jpg?v=1774437666 | https://cdn.shopify.com/s/files/1/0715/1704/5040/files/Auraaircooler110LPL1.png?v=1774437667 | https://cdn.shopify.com/s/files/1/0715/1704/5040/files/Auraaircooler110LPL2.jpg?v=1774437667 | https://cdn.shopify.com/s/files/1/0715/1704/5040/files/Auraaircooler110LPL3.jpg?v=1774437666 | https://cdn.shopify.com/s/files/1/0715/1704/5040/files/Auraaircooler110LPL4.jpg?v=1774437667 | https://cdn.shopify.com/s/files/1/0715/1704/5040/files/Aura_air_cooler_110L_PL_5_01294464-ffa2-4f93-b02c-a4186f774906.jpg?v=1774437666 | https://cdn.shopify.com/s/files/1/0715/1704/5040/files/Auraaircooler110LPL6.jpg?v=1774437666 | https://cdn.shopify.com/s/files/1/0715/1704/5040/files/Auraaircooler110LPL7.jpg?v=1774437666 | https://cdn.shopify.com/s/files/1/0715/1704/5040/files/Auraaircooler110LPL8_8a8d1322-0af5-49e5-a0b7-1d1f06bb309c.jpg?v=1774437666 | https://cdn.shopify.com/s/files/1/0715/1704/5040/files/AuraDac110L.jpg?v=1774437666,2025-03-27T13:12:09+05:30,2026-09-08T08:56:46+05:30
Crompton,Crompton Jedi DAC,Desert Coolers,"300-600-sqft, Air Coolers, Desert Coolers, type-auto-fill-tank-function, type-dry, type-ice-chambers, type-outdoor-cooling",crompton-jedi-dac,https://www.crompton.co.in/products/crompton-jedi-dac,17200.0,19990.0,"Color, Capacity",White and Black/70-L :: SKU=ACGC-JEDIDAC70 :: ₹17200.00 | White and Black/95-L :: SKU=ACGC-JEDIDAC95 :: ₹19990.00,16,https://cdn.shopify.com/s/files/1/0715/1704/5040/files/JEDIaircooler70LPL0.png?v=1774437664 | https://cdn.shopify.com/s/files/1/0715/1704/5040/files/JEDIaircooler70LPL1.jpg?v=1774437664 | https://cdn.shopify.com/s/files/1/0715/1704/5040/files/JEDIaircooler70LPL2.jpg?v=1774437663 | https://cdn.shopify.com/s/files/1/0715/1704/5040/files/JEDIaircooler70LPL3.jpg?v=1774437663 | https://cdn.shopify.com/s/files/1/0715/1704/5040/files/JEDI_air_cooler_70L_PL_4_6504a562-e3e3-4cb4-bcab-b7684925d65d.jpg?v=1774437664 | https://cdn.shopify.com/s/files/1/0715/1704/5040/files/JEDIaircooler70LPL5_7c2b093a-be0d-462d-be31-2d3c3dbb1e64.jpg?v=1774437664 | https://cdn.shopify.com/s/files/1/0715/1704/5040/files/JEDIaircooler70LPL6.jpg?v=1774437663 | https://cdn.shopify.com/s/files/1/0715/1704/5040/files/JediDAC70L.jpg?v=1774437663 | https://cdn.shopify.com/s/files/1/0715/1704/5040/files/JEDIaircooler95LPL1.png?v=1774437664 | https://cdn.shopify.com/s/files/1/0715/1704/5040/files/JEDIaircooler95LPL2.jpg?v=1774437664 | https://cdn.shopify.com/s/files/1/0715/1704/5040/files/JEDIaircooler95LPL3_b3070c02-d202-4521-8933-699cc3661a1d.jpg?v=1774437663 | https://cdn.shopify.com/s/files/1/0715/1704/5040/files/JEDIaircooler95LPL4.jpg?v=1774437663 | https://cdn.shopify.com/s/files/1/0715/1704/5040/files/JEDI_air_cooler_95L_PL_5.jpg?v=1774437664 | https://cdn.shopify.com/s/files/1/0715/1704/5040/files/JEDIaircooler95LPL6_4d857b5f-ddb9-4b9f-b4e2-329a39478ede.jpg?v=1774437663 | https://cdn.shopify.com/s/files/1/0715/1704/5040/files/JEDIaircooler95LPL7_afbcbd78-63fc-4810-8720-6020367dbd4f.jpg?v=1774437663 | https://cdn.shopify.com/s/files/1/0715/1704/5040/files/JediDAC95L.jpg?v=1774437664,2025-03-27T12:18:59+05:30,2026-09-08T08:56:46+05:30
Crompton,Crompton Hob Sensospark 65Cm 4 Burner,Hobs,"Built-In Gas Hob, Hobs",crompton-hob-sensospark-65cm-4-br-mblk,https://www.crompton.co.in/products/crompton-hob-sensospark-65cm-4-br-mblk,23149.0,23149.0,Color,Midnight black :: SKU=HOB-SKHB654SP-MBL :: ₹23149.00,10,https://cdn.shopify.com/s/files/1/0715/1704/5040/files/Untitled-1_892b1221-7f83-4e5b-bcde-52cc411934d1.png?v=1739254135 | https://cdn.shopify.com/s/files/1/0715/1704/5040/files/1optcopy_e4ec8d31-49b6-4baa-8d8d-dbee66ca05ef.jpg?v=1739254135 | https://cdn.shopify.com/s/files/1/0715/1704/5040/files/2_25acd113-2f73-4b2e-aa55-dacd60b01930.jpg?v=1739254135 | https://cdn.shopify.com/s/files/1/0715/1704/5040/files/3_4d92b26f-34b7-42e4-8667-bbe2fa0a0f25.jpg?v=1739254135 | https://cdn.shopify.com/s/files/1/0715/1704/5040/files/4_b9524970-1d0c-4e3e-8f07-c022ecdf8af3.jpg?v=1739254135 | https://cdn.shopify.com/s/files/1/0715/1704/5040/files/5copy2_24ae6418-f326-4f6a-8c1a-51e0ee0b39dc.jpg?v=1739254135 | https://cdn.shopify.com/s/files/1/0715/1704/5040/files/6_ebb76525-c0d4-468a-a18a-e0ba8ab7561b.jpg?v=1739254135 | https://cdn.shopify.com/s/files/1/0715/1704/5040/files/7_686df98d-b76b-4639-b47b-223f213862e8.jpg?v=1739254135 | https://cdn.shopify.com/s/files/1/0715/1704/5040/files/8_a3e559f0-bfee-4f11-96e5-942f6ef9c8d1.jpg?v=1739254135 | https://cdn.shopify.com/s/files/1/0715/1704/5040/files/9_1eb3afcd-0bb0-4050-abfc-aec56fb29447.jpg?v=1739254135,2025-02-11T11:38:26+05:30,2026-09-08T08:56:46+05:30
Crompton,Crompton Hob Sensospark 76Cm 3 Burner,Hobs,"Built-In Gas Hob, Hobs",crompton-hob-sensospark-76cm-3-br-mblk,https://www.crompton.co.in/products/crompton-hob-sensospark-76cm-3-br-mblk,21899.0,21899.0,Color,Midnight black :: SKU=HOB-SKHB763SP-MBL :: ₹21899.00,10,https://cdn.shopify.com/s/files/1/0715/1704/5040/files/Untitled-1_411260fa-f2b8-4e60-8c50-c6adcfac7fc4.png?v=1739253757 | https://cdn.shopify.com/s/files/1/0715/1704/5040/files/1optcopy_01d33ccf-d30a-4b4b-8737-a12215751635.jpg?v=1739253757 | https://cdn.shopify.com/s/files/1/0715/1704/5040/files/2_8187a831-49f1-449a-8f58-7c244a343053.jpg?v=1739253757 | https://cdn.shopify.com/s/files/1/0715/1704/5040/files/3_84023bb9-27a5-4c78-adfc-d70eed6d5306.jpg?v=1739253757 | https://cdn.shopify.com/s/files/1/0715/1704/5040/files/4_87705980-a8f5-48dd-b048-ceb5deecb85e.jpg?v=1739253757 | https://cdn.shopify.com/s/files/1/0715/1704/5040/files/5copy2_d7acfc8e-4e06-4395-a3a5-5e6424522e5d.jpg?v=1739253757 | https://cdn.shopify.com/s/files/1/0715/1704/5040/files/6_dbee00d0-583d-44ed-abd8-247076ac20af.jpg?v=1739253757 | https://cdn.shopify.com/s/files/1/0715/1704/5040/files/7_ee8c4197-f466-4eaf-8d9e-b862685a5ef0.jpg?v=1739253757 | https://cdn.shopify.com/s/files/1/0715/1704/5040/files/8_08bd8b7e-600f-43c3-90ff-c629d03042eb.jpg?v=1739253757 | https://cdn.shopify.com/s/files/1/0715/1704/5040/files/9_3fc52ed7-621f-47db-a5ea-78ae8a41c012.jpg?v=1739253757,2025-02-11T11:31:34+05:30,2026-09-08T08:56:46+05:30
Crompton,Crompton Hob Sensospark 60Cm 3 Burner,Hobs,"Built-In Gas Hob, Hobs",crompton-hob-sensospark-60cm-3-br-mblk,https://www.crompton.co.in/products/crompton-hob-sensospark-60cm-3-br-mblk,19749.0,19749.0,Color,Midnight black :: SKU=HOB-SKHB603SP-MBL :: ₹19749.00,10,https://cdn.shopify.com/s/files/1/0715/1704/5040/files/Untitled-1_f9cc4f25-933c-4651-bf5c-060cd4ab8676.png?v=1739249866 | https://cdn.shopify.com/s/files/1/0715/1704/5040/files/1optcopy.jpg?v=1739249866 | https://cdn.shopify.com/s/files/1/0715/1704/5040/files/2_e990c144-bb13-445c-898c-c52b01bc416f.jpg?v=1739249866 | https://cdn.shopify.com/s/files/1/0715/1704/5040/files/3_5b2de566-23f1-43ca-a04d-2455d4f46522.jpg?v=1739249866 | https://cdn.shopify.com/s/files/1/0715/1704/5040/files/4_d1a3424d-a2e3-4577-9af8-9de9dd805afd.jpg?v=1739249866 | https://cdn.shopify.com/s/files/1/0715/1704/5040/files/5copy2.jpg?v=1739249866 | https://cdn.shopify.com/s/files/1/0715/1704/5040/files/6_9e7ee0bd-64d2-40db-983f-cd160cee5e8e.jpg?v=1739249866 | https://cdn.shopify.com/s/files/1/0715/1704/5040/files/7_829b00f1-327b-43f5-a56c-0b20a55d17cf.jpg?v=1739249866 | https://cdn.shopify.com/s/files/1/0715/1704/5040/files/8_5e10da67-92e6-4afd-9dce-cf6e7fe0d056.jpg?v=1739249866 | https://cdn.shopify.com/s/files/1/0715/1704/5040/files/9_ca5917b8-e475-4ece-ba6b-9bf858098b77.jpg?v=1739249866,2025-02-11T10:24:19+05:30,2026-09-08T08:56:46+05:30
Crompton,Crompton Cooktop FlamePro 3 Burner SS Body,Cooktop,"FlamePro, Induction Cooktop",flamepro-3br-ss-body-cooktop,https://www.crompton.co.in/products/flamepro-3br-ss-body-cooktop,10899.0,10899.0,Color,Midnight black :: SKU=CKT-FPR753-SSB :: ₹10899.00,9,https://cdn.shopify.com/s/files/1/0715/1704/5040/files/PL1_a6e7b661-aa43-46b3-815f-981f7efc1ec6.png?v=1739246827 | https://cdn.shopify.com/s/files/1/0715/1704/5040/files/1_54273ce7-388c-4bbe-861b-5a576c966746.png?v=1739246827 | https://cdn.shopify.com/s/files/1/0715/1704/5040/files/2_305028c8-c905-48db-952f-35ee607a6022.png?v=1739246827 | https://cdn.shopify.com/s/files/1/0715/1704/5040/files/3_3ada5fea-ea7c-43c9-80b4-0f9bbd7231fb.png?v=1739246827 | https://cdn.shopify.com/s/files/1/0715/1704/5040/files/4_63930e26-6156-4a82-9e4d-46b3f62a10bf.png?v=1739246827 | https://cdn.shopify.com/s/files/1/0715/1704/5040/files/5_92cab696-91bd-4381-9e5c-98a2effe8741.png?v=1739246827 | https://cdn.shopify.com/s/files/1/0715/1704/5040/files/6.png?v=1739246827 | https://cdn.shopify.com/s/files/1/0715/1704/5040/files/7.png?v=1739246827 | https://cdn.shopify.com/s/files/1/0715/1704/5040/files/8.png?v=1739246827,2025-02-11T09:35:50+05:30,2026-09-08T08:56:46+05:30
Crompton,Crompton Voila FreeStanding 13 PlaceStanding Dishwasher,Dishwashers,"Built-In Dishwashers, Free Standing Dishwashers, Voila",crompton-voila-freestanding-13-placestanding-dishwasher-1,https://www.crompton.co.in/products/crompton-voila-freestanding-13-placestanding-dishwasher-1,41999.0,41999.0,Color,Dark Silver :: SKU=FS-DWVOA13PS-ENT :: ₹41999.00,5,https://cdn.shopify.com/s/files/1/0715/1704/5040/files/1_2173965b-607b-4c3a-8039-e11deb9c7d9b.png?v=1738912836 | https://cdn.shopify.com/s/files/1/0715/1704/5040/files/2_b9089c92-76ba-4aa9-97d9-f5355fbd2c05.jpg?v=1738912836 | https://cdn.shopify.com/s/files/1/0715/1704/5040/files/3_2ed41caa-18e9-41a1-9067-fd86604a2630.jpg?v=1738912836 | https://cdn.shopify.com/s/files/1/0715/1704/5040/files/4_3b317fa3-441f-4a53-bc09-a65c0c9553f1.jpg?v=1738912836 | https://cdn.shopify.com/s/files/1/0715/1704/5040/files/5_4d7878e6-ecb8-451f-8363-107571d1dce4.jpg?v=1738912836,2025-02-07T12:49:51+05:30,2026-09-08T08:56:46+05:30
Crompton,Crompton Sensospark 76cm 4 Burner,Hobs,"Built-In Gas Hob, Hobs",crompton-sensospark-76cm-4-burner,https://www.crompton.co.in/products/crompton-sensospark-76cm-4-burner,24749.0,24749.0,Color,Midnight black :: SKU=HOB-SKHB764SP-MBL :: ₹24749.00,10,https://cdn.shopify.com/s/files/1/0715/1704/5040/files/pppnnnggg.png?v=1738320261 | https://cdn.shopify.com/s/files/1/0715/1704/5040/files/1_87ca79d0-5e4a-46cb-a460-87cdcb1759ac.jpg?v=1738320261 | https://cdn.shopify.com/s/files/1/0715/1704/5040/files/2_7b799110-df66-4ab6-b725-d589ef69c366.jpg?v=1738322910 | https://cdn.shopify.com/s/files/1/0715/1704/5040/files/4_21d45948-67b3-45ea-8864-ac48b0284da1.jpg?v=1738322910 | https://cdn.shopify.com/s/files/1/0715/1704/5040/files/5_c3b27eff-24ec-494a-b35f-0e875feb7868.jpg?v=1738322910 | https://cdn.shopify.com/s/files/1/0715/1704/5040/files/3_446716ed-efb3-4d8a-aeee-e5d0381fbb14.jpg?v=1738322910 | https://cdn.shopify.com/s/files/1/0715/1704/5040/files/6_e5844bac-8cf2-41d1-a9fe-5bbb6b2418f6.jpg?v=1738320261 | https://cdn.shopify.com/s/files/1/0715/1704/5040/files/7_e81716d7-7820-4bac-90a7-04e72e6c3541.jpg?v=1738320261 | https://cdn.shopify.com/s/files/1/0715/1704/5040/files/8.jpg?v=1738320261 | https://cdn.shopify.com/s/files/1/0715/1704/5040/files/9_b2d17f28-75dd-4a2e-aa94-ac2fec8c9b4e.jpg?v=1738320261,2025-01-31T16:11:47+05:30,2026-09-08T08:56:46+05:30
Crompton,"Crompton HydraJet 3-Litre, 3000W Instant Water Heater",Instant Water Heaters,Instant Water Heater,crompton-hydrajet-3-litre-3000w-instant-water-heater,https://www.crompton.co.in/products/crompton-hydrajet-3-litre-3000w-instant-water-heater,4800.0,4800.0,Color,White :: SKU=AIWH-3LHYDRAJET3KW :: ₹4800.00,5,https://cdn.shopify.com/s/files/1/0715/1704/5040/files/PLHydrajet_0.png?v=1728034623 | https://cdn.shopify.com/s/files/1/0715/1704/5040/files/PLHydrajet_1.jpg?v=1728034623 | https://cdn.shopify.com/s/files/1/0715/1704/5040/files/PLHydrajet_2.jpg?v=1728034623 | https://cdn.shopify.com/s/files/1/0715/1704/5040/files/PLHydrajet_3.jpg?v=1728034623 | https://cdn.shopify.com/s/files/1/0715/1704/5040/files/PLHydrajet_4.jpg?v=1728034623,2024-10-04T15:06:28+05:30,2026-09-08T08:56:46+05:30
Crompton,Crompton Comfy Plus 800W quartz Heater,Room Heaters,Quartz Heater,crompton-comfy-plus-800w-quartz-heater,https://www.crompton.co.in/products/crompton-comfy-plus-800w-quartz-heater,2300.0,2300.0,Color,White :: SKU=ACGRH Comfy Plus :: ₹2300.00,9,https://cdn.shopify.com/s/files/1/0715/1704/5040/files/comfypng.png?v=1735189179 | https://cdn.shopify.com/s/files/1/0715/1704/5040/files/comfypl1.png?v=1735189179 | https://cdn.shopify.com/s/files/1/0715/1704/5040/files/comfypl2.png?v=1735189179 | https://cdn.shopify.com/s/files/1/0715/1704/5040/files/comfypl3.png?v=1735189179 | https://cdn.shopify.com/s/files/1/0715/1704/5040/files/comfypl4.png?v=1735189179 | https://cdn.shopify.com/s/files/1/0715/1704/5040/files/comfypl5.png?v=1735189179 | https://cdn.shopify.com/s/files/1/0715/1704/5040/files/comfypl6.png?v=1735189179 | https://cdn.shopify.com/s/files/1/0715/1704/5040/files/comfypl7.png?v=1735189179 | https://cdn.shopify.com/s/files/1/0715/1704/5040/files/comfypl8.png?v=1735189179,2024-12-26T10:26:57+05:30,2026-09-08T08:56:46+05:30
Crompton,Crompton Voila Convection Oven 78 Ltrs,Built In Microwaves and Ovens,"Built-in & Microwave Oven, Built-In Convection Oven, Built-in Ovens, OVEN, Voila",crompton-voila-convection-oven-78-ltrs,https://www.crompton.co.in/products/crompton-voila-convection-oven-78-ltrs,50390.0,50390.0,Color,Midnight black :: SKU=BIO-VOCON78L-MBL :: ₹50390.00,5,https://cdn.shopify.com/s/files/1/0715/1704/5040/files/Artboard1_a6daea15-87c0-4de0-882d-8b905ac5c0ac.png?v=1734426067 | https://cdn.shopify.com/s/files/1/0715/1704/5040/files/Artboard2_4a73a1d6-0910-40f7-b616-aa037e17e87e.png?v=1734426068 | https://cdn.shopify.com/s/files/1/0715/1704/5040/files/Artboard3_44498c99-4ba4-47c0-88fe-4526fac8b5a8.png?v=1734426067 | https://cdn.shopify.com/s/files/1/0715/1704/5040/files/Artboard4_cf9606f1-13c4-4be4-b381-915c3edc4afd.png?v=1734426067 | https://cdn.shopify.com/s/files/1/0715/1704/5040/files/Artboard5_70d6ab0e-2bb5-4d44-9510-d23d4d4f50de.png?v=1734426067,2023-12-07T16:51:42+05:30,2026-09-08T08:56:46+05:30
Crompton,Crompton Hob Grandart Fb 90cm 5 Burner,Hobs,Hobs,crompton-hob-grandart-fb-90cm-5br-mbl,https://www.crompton.co.in/products/crompton-hob-grandart-fb-90cm-5br-mbl,61499.0,61499.0,Color,Midnight black :: SKU=HOB-GAFB905-MBL :: ₹61499.00,8,https://cdn.shopify.com/s/files/1/0715/1704/5040/files/png_1_1fa71afc-bd3f-498a-acbe-206da48abfb7.png?v=1737707750 | https://cdn.shopify.com/s/files/1/0715/1704/5040/files/HOBgrandart5Brpl1.png?v=1737707750 | https://cdn.shopify.com/s/files/1/0715/1704/5040/files/HOBgrandart5Brpl2.png?v=1737707750 | https://cdn.shopify.com/s/files/1/0715/1704/5040/files/HOBgrandart5Brpl3.png?v=1737707750 | https://cdn.shopify.com/s/files/1/0715/1704/5040/files/HOBgrandart5Brpl4.png?v=1737707750 | https://cdn.shopify.com/s/files/1/0715/1704/5040/files/HOBgrandart5Brpl5.png?v=1737707750 | https://cdn.shopify.com/s/files/1/0715/1704/5040/files/HOBgrandart5Brpl6.png?v=1737707750 | https://cdn.shopify.com/s/files/1/0715/1704/5040/files/HOBgrandart5Brpl7.png?v=1737707750,2024-10-25T16:10:20+05:30,2026-09-08T08:56:46+05:30
Crompton,Crompton Cooktop FlamePro 4 Burner MS Body,Cooktop,"FlamePro, Induction Cooktop",cooktop-flamepro-4br-ms-bdy,https://www.crompton.co.in/products/cooktop-flamepro-4br-ms-bdy,12499.0,12499.0,Color,Midnight black :: SKU=CKT-FPR754-MSB :: ₹12499.00,9,https://cdn.shopify.com/s/files/1/0715/1704/5040/files/flmpro-4br.png?v=1738313966 | https://cdn.shopify.com/s/files/1/0715/1704/5040/files/pl1_a1f3231d-f0f7-4b67-b768-be31e1c7dbf9.png?v=1738313966 | https://cdn.shopify.com/s/files/1/0715/1704/5040/files/pl3_3f192799-4f66-44bc-b930-56b044e8a9df.png?v=1738313966 | https://cdn.shopify.com/s/files/1/0715/1704/5040/files/pl4_0cf7f599-15fc-4d5d-a4fd-15f4da74cf30.png?v=1738313966 | https://cdn.shopify.com/s/files/1/0715/1704/5040/files/pl5_4f13b959-f2b4-47ec-9a2f-68743d2d1289.png?v=1738313966 | https://cdn.shopify.com/s/files/1/0715/1704/5040/files/pl6_2444fbc0-6b69-449d-949a-1f7a753fbf30.png?v=1738313966 | https://cdn.shopify.com/s/files/1/0715/1704/5040/files/pl7_a45cec97-0f24-473c-81b7-c77f8c2f1c8b.png?v=1738313966 | https://cdn.shopify.com/s/files/1/0715/1704/5040/files/pl8_f57a5ccb-e95d-4363-bd5b-3c53e0e8377c.png?v=1738313966 | https://cdn.shopify.com/s/files/1/0715/1704/5040/files/pl2_63dd51d6-9078-4f90-af21-d940ce5dcef7.png?v=1738313966,2024-11-29T15:52:09+05:30,2026-09-08T08:56:48+05:30
Crompton,Crompton Cooktop FlamePro 3 burner MS Body,Cooktop,"FlamePro, Induction Cooktop",cooktop-flamepro-3br-ms-bdy,https://www.crompton.co.in/products/cooktop-flamepro-3br-ms-bdy,10399.0,10399.0,Color,Midnight black :: SKU=CKT-FPR753-MSB :: ₹10399.00,7,https://cdn.shopify.com/s/files/1/0715/1704/5040/files/flamepro-3-br_66b1e99a-0718-4c21-a593-c85c16968f48.png?v=1738314001 | https://cdn.shopify.com/s/files/1/0715/1704/5040/files/pl1_243696bd-0753-413f-a8a8-b8ff3c915408.png?v=1738314001 | https://cdn.shopify.com/s/files/1/0715/1704/5040/files/pl3_457bb3b4-630d-4576-a381-fb444ee93409.png?v=1738314001 | https://cdn.shopify.com/s/files/1/0715/1704/5040/files/pl4_c99543e7-9069-46ea-95b9-70e281e6f75b.png?v=1738314001 | https://cdn.shopify.com/s/files/1/0715/1704/5040/files/pl5_e5849932-db23-438b-be3e-7b7cb534c9aa.png?v=1738314001 | https://cdn.shopify.com/s/files/1/0715/1704/5040/files/pl6_d340f451-eb08-454d-ac4b-1d593cccb6bd.png?v=1738314001 | https://cdn.shopify.com/s/files/1/0715/1704/5040/files/pl7_cd91ef40-914a-4211-8fa2-8abbe387bf2f.png?v=1738314001,2024-11-29T15:43:27+05:30,2026-09-08T08:56:48+05:30
Crompton,Crompton Cooktop FlamePro 2 Burner MS Body,Cooktop,"FlamePro, Induction Cooktop",cooktop-flamepro-2br-ms-bdy,https://www.crompton.co.in/products/cooktop-flamepro-2br-ms-bdy,7999.0,7999.0,Color,Midnight black :: SKU=CKT-FPR652-MSB :: ₹7999.00,9,https://cdn.shopify.com/s/files/1/0715/1704/5040/files/flmpro-2br.png?v=1738314044 | https://cdn.shopify.com/s/files/1/0715/1704/5040/files/pl1_0fea12fa-fb86-414b-9397-fc8bda710346.png?v=1738314044 | https://cdn.shopify.com/s/files/1/0715/1704/5040/files/pl2_1fcf7e0c-7944-4a88-a622-66ac35f0407e.png?v=1738314044 | https://cdn.shopify.com/s/files/1/0715/1704/5040/files/pl3_dac6dc30-4a07-4ffc-823d-a03a306202f2.png?v=1738314044 | https://cdn.shopify.com/s/files/1/0715/1704/5040/files/pl4_c367df47-f816-4128-b3af-bbcd5b4bb736.png?v=1738314044 | https://cdn.shopify.com/s/files/1/0715/1704/5040/files/pl5_3187505f-8cd1-421f-89bb-fe3a8304e1f9.png?v=1738314044 | https://cdn.shopify.com/s/files/1/0715/1704/5040/files/pl6_bed644ce-9b85-4656-8008-186f6371b577.png?v=1738314044 | https://cdn.shopify.com/s/files/1/0715/1704/5040/files/pl7_ae2c17fa-c5e5-4fb6-a95f-bfb80269babd.png?v=1738314044 | https://cdn.shopify.com/s/files/1/0715/1704/5040/files/pl8_ec9dfd4a-1318-4446-8553-40df26853f2a.png?v=1738314044,2024-11-29T15:07:03+05:30,2026-09-08T08:56:48+05:30
Crompton,Crompton 6Litre LPG Gas Water Heater,Gas geyser,Gas geyser,crompton-6litre-lpg-gas-water-heater,https://www.crompton.co.in/products/crompton-6litre-lpg-gas-water-heater,10200.0,10200.0,Color,White :: SKU=ACGS INSTA ENERGEIA :: ₹10200.00,8,https://cdn.shopify.com/s/files/1/0715/1704/5040/files/Untitled-1_54f9a89f-3367-4e3b-ac79-dd76da5fe471.png?v=1735194521 | https://cdn.shopify.com/s/files/1/0715/1704/5040/files/1_7f358402-14af-4c97-b6da-a905cd99232e.jpg?v=1735194521 | https://cdn.shopify.com/s/files/1/0715/1704/5040/files/2_3688918d-837c-4ced-a290-08c90845edc5.jpg?v=1735194521 | https://cdn.shopify.com/s/files/1/0715/1704/5040/files/3_50fe6a89-48fd-4e71-8de5-9c3cef463fc5.jpg?v=1735194521 | https://cdn.shopify.com/s/files/1/0715/1704/5040/files/4_350512fc-df0e-466d-9b36-f99606755f40.jpg?v=1735194521 | https://cdn.shopify.com/s/files/1/0715/1704/5040/files/5_7b8ff08e-e7a1-4596-b796-34269e8cb628.jpg?v=1735194521 | https://cdn.shopify.com/s/files/1/0715/1704/5040/files/6.jpg?v=1735194521 | https://cdn.shopify.com/s/files/1/0715/1704/5040/files/7.jpg?v=1735194521,2024-12-26T11:55:54+05:30,2026-09-08T08:56:48+05:30
Crompton,Crompton Voila-Convection Pro Oven 78L,Built In Microwaves and Ovens,"Built-in & Microwave Oven, Built-In Convection Oven, Built-in Ovens, OVEN, Voila",crompton-voila-convection-oven-pro-78-ltrs,https://www.crompton.co.in/products/crompton-voila-convection-oven-pro-78-ltrs,57890.0,57890.0,Color,Midnight black :: SKU=BIO-VOCONPRO-78L :: ₹57890.00,5,https://cdn.shopify.com/s/files/1/0715/1704/5040/files/Artboard1_f64916e7-1c9f-4844-ac31-d15ae86e2e0d.png?v=1734426326 | https://cdn.shopify.com/s/files/1/0715/1704/5040/files/Artboard2_558806af-9bfd-44df-a779-c97562f50c21.png?v=1734426326 | https://cdn.shopify.com/s/files/1/0715/1704/5040/files/Artboard3_4639b623-9394-49bd-a075-311f38bfeb53.png?v=1734426326 | https://cdn.shopify.com/s/files/1/0715/1704/5040/files/Artboard4_eba00b7e-2bb4-40b3-975a-fad2728d6c60.png?v=1734426326 | https://cdn.shopify.com/s/files/1/0715/1704/5040/files/Artboard5_0c4afaa2-fe89-416c-b2d5-86c96ebc9211.png?v=1734426326,2024-12-17T14:34:32+05:30,2026-09-08T08:56:48+05:30
Crompton,Crompton GrandArt Steam Oven 78 Ltrs,Built In Microwaves and Ovens,"Built-in & Microwave Oven, Built-in Ovens, Built-In Steam Oven, GrandArt, OVEN",crompton-grandart-steam-oven-78-ltrs-1,https://www.crompton.co.in/products/crompton-grandart-steam-oven-78-ltrs-1,84390.0,84390.0,Color,Midnight black :: SKU=BIO-GASTM78L-MBL :: ₹84390.00,5,https://cdn.shopify.com/s/files/1/0715/1704/5040/files/Artboard_1_e818ea44-ff5a-48fb-ba34-03a16ddb7ed3.png?v=1734501841 | https://cdn.shopify.com/s/files/1/0715/1704/5040/files/Artboard2_5b591748-df04-419c-bbe6-9b6d47b5f40d.png?v=1734501841 | https://cdn.shopify.com/s/files/1/0715/1704/5040/files/Artboard3_d946b5fd-7122-4575-887e-9732e5ef41fa.png?v=1734501841 | https://cdn.shopify.com/s/files/1/0715/1704/5040/files/Artboard4_70467dbb-6f0e-4907-8558-542ec0daca8d.png?v=1734501841 | https://cdn.shopify.com/s/files/1/0715/1704/5040/files/Artboard5_2d3dd48c-1af5-4b7e-b4b6-b17e10d504ff.png?v=1734501841,2024-12-17T13:07:18+05:30,2026-09-08T08:56:48+05:30
Crompton,Crompton GrandArt TFT Oven 78L,Built In Microwaves and Ovens,"Built-in & Microwave Oven, Built-in Ovens, Built-In TFT Oven, GrandArt, OVEN",crompton-grandart-tft-oven-78l,https://www.crompton.co.in/products/crompton-grandart-tft-oven-78l,95790.0,95790.0,Color,Midnight black :: SKU=BIO-GATFTPRO-78L :: ₹95790.00,5,https://cdn.shopify.com/s/files/1/0715/1704/5040/files/Artboard1_68cf4d0e-47a4-422a-91be-fedfb5e49cb8.png?v=1734422025 | https://cdn.shopify.com/s/files/1/0715/1704/5040/files/Artboard2_826ad7b4-7fa2-406e-bd6b-d423b626a2ba.png?v=1734422025 | https://cdn.shopify.com/s/files/1/0715/1704/5040/files/Artboard3_daf4fa08-81b8-4938-b8e5-4fd394b77022.png?v=1734422025 | https://cdn.shopify.com/s/files/1/0715/1704/5040/files/Artboard4_5d2d243b-6c28-4537-826f-2e0b4ccfec1b.png?v=1734422025 | https://cdn.shopify.com/s/files/1/0715/1704/5040/files/Artboard5_50208cbd-5dfd-428c-bfa9-a3b6fc2a0789.png?v=1734422025,2024-12-17T13:22:48+05:30,2026-09-08T08:56:48+05:30
Crompton,Crompton GrandArt -Pyrolytic Pro Oven 78L,Built In Microwaves and Ovens,"Built-in & Microwave Oven, Built-in Ovens, Built-In Pyrolytic Oven, GrandArt, OVEN",crompton-grandart-pyrolytic-oven-pro-78-ltrs,https://www.crompton.co.in/products/crompton-grandart-pyrolytic-oven-pro-78-ltrs,68390.0,68390.0,Color,Midnight black :: SKU=BIO-GAPYRPRO-78L :: ₹68390.00,5,https://cdn.shopify.com/s/files/1/0715/1704/5040/files/Artboard1_1100589c-ce6c-49ac-88fc-44f96e1b69af.png?v=1734420057 | https://cdn.shopify.com/s/files/1/0715/1704/5040/files/Artboard2_d7e6ea3f-194f-404a-ba5b-c28f70332ef8.jpg?v=1734420055 | https://cdn.shopify.com/s/files/1/0715/1704/5040/files/Artboard3_4f203f21-718f-41ad-94eb-2aa77d03d478.jpg?v=1734420055 | https://cdn.shopify.com/s/files/1/0715/1704/5040/files/Artboard4_2634aec5-d642-4733-a9bc-c76da304eea5.jpg?v=1734420055 | https://cdn.shopify.com/s/files/1/0715/1704/5040/files/Artboard5_c57b0443-50cf-49c0-99ab-23a48801fab8.jpg?v=1734420055,2024-12-17T12:48:48+05:30,2026-09-08T08:56:48+05:30
Crompton,Crompton GrandArt Pyrolytic Oven 78 Ltrs,Built In Microwaves and Ovens,"Built-in & Microwave Oven, Built-in Ovens, Built-In Pyrolytic Oven, GrandArt, OVEN",crompton-grandart-pyrolytic-oven-78-ltrs,https://www.crompton.co.in/products/crompton-grandart-pyrolytic-oven-78-ltrs,59090.0,59090.0,Color,Midnight black :: SKU=BIO-GAPYR78L-MBL :: ₹59090.00,5,https://cdn.shopify.com/s/files/1/0715/1704/5040/files/Artboard1_0f464a6c-1215-4f40-8a76-66c010abf57c.png?v=1734419372 | https://cdn.shopify.com/s/files/1/0715/1704/5040/files/Artboard2_729f3549-7250-4c03-986b-2235bf47745d.png?v=1734419372 | https://cdn.shopify.com/s/files/1/0715/1704/5040/files/Artboard3_5618abc3-52b3-46a0-ac8d-ef4983da660a.png?v=1734419372 | https://cdn.shopify.com/s/files/1/0715/1704/5040/files/Artboard4_138b6409-02ae-401e-9160-5d075cc2cc7f.png?v=1734419372 | https://cdn.shopify.com/s/files/1/0715/1704/5040/files/Artboard5_f0f3b1d8-19c9-4fce-9a90-7d487bed68ea.png?v=1734419372,2024-12-17T12:38:07+05:30,2026-09-08T08:56:48+05:30
Crompton,Crompton Voila- Built-in Microwave 20L,Built In Microwaves and Ovens,"Built-in Ovens, Built-In Solo Microwave Oven, Voila",crompton-voila-solo-built-in-microwave-oven-20-ltrs,https://www.crompton.co.in/products/crompton-voila-solo-built-in-microwave-oven-20-ltrs,31190.0,31190.0,Color,Midnight black :: SKU=MWO-VOSOL20L-MBL :: ₹31190.00,5,https://cdn.shopify.com/s/files/1/0715/1704/5040/files/Artboard1_00745c48-35f8-4f30-8c70-d676545da0cb.png?v=1734418297 | https://cdn.shopify.com/s/files/1/0715/1704/5040/files/Artboard2_4210efaa-bd98-45b1-9ebc-936bcf8a6d61.jpg?v=1734418297 | https://cdn.shopify.com/s/files/1/0715/1704/5040/files/Artboard3_a180ef21-9a8e-494c-9258-a030d27d0462.jpg?v=1734418297 | https://cdn.shopify.com/s/files/1/0715/1704/5040/files/Artboard4_af38402f-22d3-4a98-a4c0-eb95ae60939f.jpg?v=1734418297 | https://cdn.shopify.com/s/files/1/0715/1704/5040/files/Artboard5_6302cc2a-b2c7-4bff-9078-b599d11ce8b8.jpg?v=1734418297,2024-12-17T12:20:16+05:30,2026-09-08T08:56:48+05:30
Crompton,Crompton GrandArt-Built-in Microwave 25L,Built In Microwaves and Ovens,"Built-in & Microwave Oven, Built-in Ovens, GrandArt",crompton-grandart-convection-built-in-microwave-oven-25-ltrs,https://www.crompton.co.in/products/crompton-grandart-convection-built-in-microwave-oven-25-ltrs,51190.0,51190.0,Color,Midnight black :: SKU=MWO-GACON25L-MBL :: ₹51190.00,5,https://cdn.shopify.com/s/files/1/0715/1704/5040/files/Artboard1_759ec524-377e-426f-911d-200421518306.png?v=1734417016 | https://cdn.shopify.com/s/files/1/0715/1704/5040/files/Artboard2_cc8f147b-2dd0-4133-8778-da181aca4ce8.png?v=1734417016 | https://cdn.shopify.com/s/files/1/0715/1704/5040/files/Artboard3_204f7240-472a-440e-b855-bafc35d19ad3.png?v=1734417016 | https://cdn.shopify.com/s/files/1/0715/1704/5040/files/Artboard4_bec6eecb-7947-4391-830c-25eb9df7f4e7.png?v=1734417016 | https://cdn.shopify.com/s/files/1/0715/1704/5040/files/Artboard5_4baffefa-a5b9-487d-bff0-3eb22200cdd9.png?v=1734417016,2024-12-17T11:57:59+05:30,2026-09-08T08:56:48+05:30
Crompton,"Crompton HydraJet 5L, 3000W Instant Water Heater",Instant Water Heaters,Instant Water Heater,crompton-hydrajet-5l-3000w-instant-water-heater,https://www.crompton.co.in/products/crompton-hydrajet-5l-3000w-instant-water-heater,7599.0,7599.0,Color,White :: SKU=AIWH-5LHYDRAJET3KW :: ₹7599.00,7,https://cdn.shopify.com/s/files/1/0715/1704/5040/files/Untitled-1_edd698e0-a3a6-4446-b171-5d33faa21715.png?v=1733913397 | https://cdn.shopify.com/s/files/1/0715/1704/5040/files/Artboard1_ef8baf7d-c361-4fbc-9447-7f183b449d8f.png?v=1733913402 | https://cdn.shopify.com/s/files/1/0715/1704/5040/files/Artboard1copy5_8cc61c75-9622-4056-b7c7-197569eb6791.png?v=1733913409 | https://cdn.shopify.com/s/files/1/0715/1704/5040/files/Artboard1copy_47fe8433-2086-40a5-ac93-627687586285.png?v=1733913409 | https://cdn.shopify.com/s/files/1/0715/1704/5040/files/Artboard1copy2_65765ef0-edcb-40dc-8928-187962f1f700.png?v=1733913409 | https://cdn.shopify.com/s/files/1/0715/1704/5040/files/Artboard1copy3_d18f48c0-554a-43df-b3a2-973aa3f1fc88.png?v=1733913409 | https://cdn.shopify.com/s/files/1/0715/1704/5040/files/Artboard1copy4_de8ece2d-4c36-4724-bca6-dded9ff05486.png?v=1733913409,2024-12-11T16:06:17+05:30,2026-09-08T08:56:48+05:30
Crompton,Crompton Regera Storage Water Heater,Storage Water Heaters,"Storage Water Heaters, type-storage-geysers",crompton-regera-storage-water-heater,https://www.crompton.co.in/products/crompton-regera-storage-water-heater,9200.0,12800.0,"Color, Capacity",White/6-L :: SKU=ASWH-3806 :: ₹9200.00 | White/10-L :: SKU=ASWH-3810 :: ₹10500.00 | White/15-L :: SKU=ASWH-3815 :: ₹11500.00 | White/25-L :: SKU=ASWH-3825 :: ₹12800.00,7,https://cdn.shopify.com/s/files/1/0715/1704/5040/files/png_66cf908f-053e-412c-b236-d59684d97fdf.png?v=1733910739 | https://cdn.shopify.com/s/files/1/0715/1704/5040/files/Artboard1_d7a0e0f9-b497-4785-b93b-cf506038b039.png?v=1733910742 | https://cdn.shopify.com/s/files/1/0715/1704/5040/files/Artboard1copy2_40a5719f-a012-486b-adc8-2b47c65bbaba.png?v=1733910748 | https://cdn.shopify.com/s/files/1/0715/1704/5040/files/Artboard1copy3_ea8c4e6d-af37-4183-9534-84054c03e255.png?v=1733910748 | https://cdn.shopify.com/s/files/1/0715/1704/5040/files/Artboard1copy4_2cfd8f55-22b5-45ac-b8f7-49f38a6028bc.png?v=1733910748 | https://cdn.shopify.com/s/files/1/0715/1704/5040/files/Artboard1copy5.png?v=1733910749 | https://cdn.shopify.com/s/files/1/0715/1704/5040/files/Artboard1copy_35a81dbc-cf9d-4b1e-8ebc-cc28c283ff63.png?v=1733910748,2024-12-11T15:18:39+05:30,2026-09-08T08:56:48+05:30
Crompton,100W25RA5TP-50,Agricultural Pumps,Borewell Subemersible Pump,100w25ra5tp-50,https://www.crompton.co.in/products/100w25ra5tp-50,58175.0,58175.0,Color,Black & Silver :: SKU=100W25RA5TP-50 :: ₹58175.00,5,https://cdn.shopify.com/s/files/1/0715/1704/5040/files/Untitled-3_3c2dbb49-6036-49e4-ba29-62dd4df07355.png?v=1732182605 | https://cdn.shopify.com/s/files/1/0715/1704/5040/files/Artboard1_044bfe1d-1ec9-4d90-9bd4-e49a940eeadd.jpg?v=1732182605 | https://cdn.shopify.com/s/files/1/0715/1704/5040/files/Artboard1copy2_55cf116d-3b45-4414-a44d-174ebb180227.jpg?v=1732182605 | https://cdn.shopify.com/s/files/1/0715/1704/5040/files/Artboard1copy3_ba673c4c-1416-4efb-b7c6-05b005c33380.jpg?v=1732182605 | https://cdn.shopify.com/s/files/1/0715/1704/5040/files/Artboard1copy_89716faf-2785-443f-aeb6-dfbd37193117.jpg?v=1732182605,2024-11-21T15:42:06+05:30,2026-09-08T08:56:48+05:30
Crompton,100W15RA3TP-50,Agricultural Pumps,Borewell Subemersible Pump,100w15ra3tp-50,https://www.crompton.co.in/products/100w15ra3tp-50,45275.0,45275.0,Color,Black & Silver :: SKU=100W15RA3TP-50 :: ₹45275.00,5,https://cdn.shopify.com/s/files/1/0715/1704/5040/files/Untitled-3_3c2dbb49-6036-49e4-ba29-62dd4df07355.png?v=1732182605 | https://cdn.shopify.com/s/files/1/0715/1704/5040/files/Artboard1_044bfe1d-1ec9-4d90-9bd4-e49a940eeadd.jpg?v=1732182605 | https://cdn.shopify.com/s/files/1/0715/1704/5040/files/Artboard1copy2_55cf116d-3b45-4414-a44d-174ebb180227.jpg?v=1732182605 | https://cdn.shopify.com/s/files/1/0715/1704/5040/files/Artboard1copy3_ba673c4c-1416-4efb-b7c6-05b005c33380.jpg?v=1732182605 | https://cdn.shopify.com/s/files/1/0715/1704/5040/files/Artboard1copy_89716faf-2785-443f-aeb6-dfbd37193117.jpg?v=1732182605,2024-11-21T15:37:30+05:30,2026-09-08T08:56:48+05:30
Crompton,100W12RA3TP-50,Agricultural Pumps,Borewell Subemersible Pump,100w12ra3tp-50,https://www.crompton.co.in/products/100w12ra3tp-50,42700.0,42700.0,Color,Black & Silver :: SKU=100W12RA3TP-50 :: ₹42700.00,5,https://cdn.shopify.com/s/files/1/0715/1704/5040/files/Untitled-3_3c2dbb49-6036-49e4-ba29-62dd4df07355.png?v=1732182605 | https://cdn.shopify.com/s/files/1/0715/1704/5040/files/Artboard1_044bfe1d-1ec9-4d90-9bd4-e49a940eeadd.jpg?v=1732182605 | https://cdn.shopify.com/s/files/1/0715/1704/5040/files/Artboard1copy2_55cf116d-3b45-4414-a44d-174ebb180227.jpg?v=1732182605 | https://cdn.shopify.com/s/files/1/0715/1704/5040/files/Artboard1copy3_ba673c4c-1416-4efb-b7c6-05b005c33380.jpg?v=1732182605 | https://cdn.shopify.com/s/files/1/0715/1704/5040/files/Artboard1copy_89716faf-2785-443f-aeb6-dfbd37193117.jpg?v=1732182605,2024-11-21T15:19:46+05:30,2026-09-08T08:56:48+05:30
Crompton,Crompton SuperSlim Gas Hob 78cm 4 Burner,Hobs,"Hobs, Tablet Hob",crompton-superslim-gas-hob-78cm-4burner,https://www.crompton.co.in/products/crompton-superslim-gas-hob-78cm-4burner,24990.0,24990.0,Color,Midnight black :: SKU=TAB-SUHB784-MBL :: ₹24990.00,7,https://cdn.shopify.com/s/files/1/0715/1704/5040/files/pnh-pnh.gif?v=1731307068 | https://cdn.shopify.com/s/files/1/0715/1704/5040/files/pl1_05fef644-43cd-4afb-b718-e102bfd53157.png?v=1729852399 | https://cdn.shopify.com/s/files/1/0715/1704/5040/files/pl2_75cba9d1-613b-4eeb-912e-b308c72788c1.png?v=1729852399 | https://cdn.shopify.com/s/files/1/0715/1704/5040/files/pl3_3434706d-8511-43cb-825e-d4ae08251a4f.png?v=1729852399 | https://cdn.shopify.com/s/files/1/0715/1704/5040/files/pl4_ad71af0c-1c7b-49f4-8c13-9297b66068c1.png?v=1729852399 | https://cdn.shopify.com/s/files/1/0715/1704/5040/files/pl5_c2d9c249-dafb-4d8c-8e41-165d50cc0f48.png?v=1729852399 | https://cdn.shopify.com/s/files/1/0715/1704/5040/files/pl6_20acbc3a-7994-4fa3-b8c0-dffbb16e24f3.png?v=1729852399,2024-10-25T16:02:43+05:30,2026-09-08T08:56:48+05:30
Crompton,Crompton SensoSafe Gas Hob 60cm 3 Burner,Hobs,"Built-In Gas Hob, Hobs",crompton-sensosafe-gas-hob-60cm-3burner,https://www.crompton.co.in/products/crompton-sensosafe-gas-hob-60cm-3burner,17990.0,17990.0,Color,Midnight black :: SKU=HOB-SSDC603-MBL :: ₹17990.00,8,https://cdn.shopify.com/s/files/1/0715/1704/5040/files/png_c874ea34-8cf5-4c03-aa4e-8b200827d203.png?v=1731306759 | https://cdn.shopify.com/s/files/1/0715/1704/5040/files/dc603br.png?v=1729751428 | https://cdn.shopify.com/s/files/1/0715/1704/5040/files/pl2_f0c6cd8a-6ef4-44ba-bf19-069ff684e512.png?v=1729751428 | https://cdn.shopify.com/s/files/1/0715/1704/5040/files/pl3_22f66c26-c65d-410a-8abf-d577479acf2e.png?v=1729751427 | https://cdn.shopify.com/s/files/1/0715/1704/5040/files/pl4_5687d2fa-78af-4549-b562-8d85d6c92d47.png?v=1729751428 | https://cdn.shopify.com/s/files/1/0715/1704/5040/files/pl5_6833d44f-98be-4443-abb1-555f4976d24f.png?v=1729751428 | https://cdn.shopify.com/s/files/1/0715/1704/5040/files/pl6_da11479c-71f6-4a47-88c5-b757a541a961.png?v=1729751428 | https://cdn.shopify.com/s/files/1/0715/1704/5040/files/pl7_6effb8d3-9ba1-418a-a2bb-af75e2cd2ed2.png?v=1729751428,2024-10-24T11:58:50+05:30,2026-09-08T08:56:48+05:30
Crompton,Crompton SuperSlim Gas Hob 78cm 3 Burner,Hobs,"Hobs, Tablet Hob",crompton-superslim-gas-hob-78cm-3burner,https://www.crompton.co.in/products/crompton-superslim-gas-hob-78cm-3burner,22190.0,22190.0,Color,Midnight black :: SKU=TAB-SUHB783-MBL :: ₹22190.00,7,https://cdn.shopify.com/s/files/1/0715/1704/5040/files/78-3br.png?v=1729851901 | https://cdn.shopify.com/s/files/1/0715/1704/5040/files/pl1_27468b6c-141a-46f2-8ec2-ac114319263d.png?v=1729851901 | https://cdn.shopify.com/s/files/1/0715/1704/5040/files/pl2_73b89cdd-afa9-4378-84c1-a4bcb27929ec.png?v=1729851901 | https://cdn.shopify.com/s/files/1/0715/1704/5040/files/pl3_e332804c-ac73-40c8-8174-ad50eb7ee41f.png?v=1729851901 | https://cdn.shopify.com/s/files/1/0715/1704/5040/files/pl4_fff12026-0773-42c2-9474-9e72ebd38366.png?v=1729851901 | https://cdn.shopify.com/s/files/1/0715/1704/5040/files/pl5_be11972b-b39d-4a82-b84e-7769e31a47fb.png?v=1729851901 | https://cdn.shopify.com/s/files/1/0715/1704/5040/files/pl6_dc2d33a3-9359-4f36-83c8-f1a7bf5cfcdd.png?v=1729851901,2024-10-25T15:51:19+05:30,2026-09-08T08:56:48+05:30
Crompton,Crompton SuperSlim Gas Hob 60cm 3 Burner,Hobs,"Hobs, Tablet Hob",crompton-superslim-gas-hob-60cm-3burner,https://www.crompton.co.in/products/crompton-superslim-gas-hob-60cm-3burner,17490.0,17490.0,Color,Midnight black :: SKU=TAB-SUHB603-MBL :: ₹17490.00,7,https://cdn.shopify.com/s/files/1/0715/1704/5040/files/60-3br.png?v=1729850114 | https://cdn.shopify.com/s/files/1/0715/1704/5040/files/pl1_45b8c136-91f0-4d74-8f71-5a3f388e4065.png?v=1729850115 | https://cdn.shopify.com/s/files/1/0715/1704/5040/files/pl2_8cb3c148-f80c-477e-93f1-e97b576548e3.png?v=1729850115 | https://cdn.shopify.com/s/files/1/0715/1704/5040/files/pl3_f04aa98d-4653-49de-a52e-fe1ba6575919.png?v=1729850115 | https://cdn.shopify.com/s/files/1/0715/1704/5040/files/pl4_84757f77-c634-41ed-b60a-a595def59238.png?v=1729850115 | https://cdn.shopify.com/s/files/1/0715/1704/5040/files/pl5_1ce0a013-0c1e-4dac-b1dc-d0a25a680ea1.png?v=1729850114 | https://cdn.shopify.com/s/files/1/0715/1704/5040/files/pl6_b3035d30-df25-4195-8ff3-0dc9df8c34f4.png?v=1729850115,2024-10-25T15:24:59+05:30,2026-09-08T08:56:48+05:30
Crompton,Crompton SensoSafe Gas Hob 78cm 4 Burner,Hobs,"Built-In Gas Hob, Hobs",crompton-sensosafe-gas-hob-78cm-4burner,https://www.crompton.co.in/products/crompton-sensosafe-gas-hob-78cm-4burner,29990.0,29990.0,Color,Midnight black :: SKU=HOB-SSDC824-MBL :: ₹29990.00,8,https://cdn.shopify.com/s/files/1/0715/1704/5040/files/dc-78-4br.png?v=1729756124 | https://cdn.shopify.com/s/files/1/0715/1704/5040/files/pl1_a836add1-c92a-48af-bcea-598b2d428fa8.png?v=1729756124 | https://cdn.shopify.com/s/files/1/0715/1704/5040/files/pl2_b4467902-273e-4243-8780-66bc5b3460ed.png?v=1729756124 | https://cdn.shopify.com/s/files/1/0715/1704/5040/files/pl3_53e53dec-e0fd-445d-b1f5-ac634c220075.png?v=1729756124 | https://cdn.shopify.com/s/files/1/0715/1704/5040/files/pl4_fe0b6f3a-d9b7-4065-92f9-75e5f2c79a36.png?v=1729756124 | https://cdn.shopify.com/s/files/1/0715/1704/5040/files/pl5_30d7cbf5-535e-4a73-9db2-99dee3b89528.png?v=1729756124 | https://cdn.shopify.com/s/files/1/0715/1704/5040/files/pl6_d573b770-0846-423f-83a3-82c7b7538454.png?v=1729756124 | https://cdn.shopify.com/s/files/1/0715/1704/5040/files/pl7_89976c8a-ca23-4a07-b246-4e61283c1824.png?v=1729756124,2024-10-24T13:18:16+05:30,2026-09-08T08:56:48+05:30
Crompton,Crompton SensoSafe Gas Hob 78cm 3 Burner,Hobs,"Built-In Gas Hob, Hobs",crompton-sensosafe-gas-hob-78cm-3burner,https://www.crompton.co.in/products/crompton-sensosafe-gas-hob-78cm-3burner,26890.0,26890.0,Color,Midnight black :: SKU=HOB-SSDC783-MBL :: ₹26890.00,8,https://cdn.shopify.com/s/files/1/0715/1704/5040/files/dc-78-3br.png?v=1729754741 | https://cdn.shopify.com/s/files/1/0715/1704/5040/files/pl1_c349b465-3d32-4f92-82ac-f7dd19f1d515.png?v=1729754742 | https://cdn.shopify.com/s/files/1/0715/1704/5040/files/pl2_5dd6dd5d-ea50-4c1d-bfcb-e738252b197b.png?v=1729754742 | https://cdn.shopify.com/s/files/1/0715/1704/5040/files/pl3_ea9cd3ea-72a3-42ae-8247-71bb1a2fe92d.png?v=1729754741 | https://cdn.shopify.com/s/files/1/0715/1704/5040/files/pl4_a18e9b47-11b5-481f-a85b-a5a7b8c39b42.png?v=1729754741 | https://cdn.shopify.com/s/files/1/0715/1704/5040/files/pl5_209e2098-8b5f-4302-9ff6-93f459dd82c3.png?v=1729754742 | https://cdn.shopify.com/s/files/1/0715/1704/5040/files/pl6_0e56260d-591b-4acd-9570-a4d1c499fe5a.png?v=1729754742 | https://cdn.shopify.com/s/files/1/0715/1704/5040/files/pl7_c4476717-f9e7-4b1f-b3aa-05b66c93874a.png?v=1729754741,2024-10-24T12:55:07+05:30,2026-09-08T08:56:48+05:30
Crompton,Crompton SensoSafe Gas Hob 60cm 4 Burner,Hobs,"Built-In Gas Hob, Hobs",crompton-sensosafe-gas-hob-60cm-4burner,https://www.crompton.co.in/products/crompton-sensosafe-gas-hob-60cm-4burner,19599.0,19599.0,Color,Midnight black :: SKU=HOB-SSDC604-MBL :: ₹19599.00,8,https://cdn.shopify.com/s/files/1/0715/1704/5040/files/sensosafe-dc-60-4br.png?v=1729753452 | https://cdn.shopify.com/s/files/1/0715/1704/5040/files/pl1_e80b2f13-57db-43da-b97e-3df2ae416054.png?v=1729753452 | https://cdn.shopify.com/s/files/1/0715/1704/5040/files/pl2_c621a8b0-451e-4c59-b8ad-073fffe80817.png?v=1729753452 | https://cdn.shopify.com/s/files/1/0715/1704/5040/files/pl3_6b7e8183-54ee-4806-8b46-67fd6bb7d323.png?v=1729753452 | https://cdn.shopify.com/s/files/1/0715/1704/5040/files/pl4_afa35c43-a209-4c9f-a9ac-30228cd22629.png?v=1729753452 | https://cdn.shopify.com/s/files/1/0715/1704/5040/files/pl5_2fcc835b-8dd3-41b2-b382-5bc1332ba53e.png?v=1729753452 | https://cdn.shopify.com/s/files/1/0715/1704/5040/files/pl6_9401d9e8-41b3-48da-bf06-4574d267d08b.png?v=1729753452 | https://cdn.shopify.com/s/files/1/0715/1704/5040/files/pl7_fe5c86e1-8133-4c92-9c7a-d9350a305e62.png?v=1729753453,2024-10-24T12:33:59+05:30,2026-09-08T08:56:48+05:30
Crompton,GLORY PLUS I - Mini Self Priming Regenerative Pump 1 HP,Mini,"Mini Pump, Residential Pump",mini-glory-plus-i,https://www.crompton.co.in/products/mini-glory-plus-i,6950.0,6950.0,Color,Blue & Red :: SKU=GLORY PLUS I :: ₹6950.00,6,https://cdn.shopify.com/s/files/1/0715/1704/5040/files/Artboard1_5_10a946c2-715f-4242-b7ac-8779271ffd5b.png?v=1730194800 | https://cdn.shopify.com/s/files/1/0715/1704/5040/files/Artboard2copy.jpg?v=1730194800 | https://cdn.shopify.com/s/files/1/0715/1704/5040/files/Artboard2_5af78d5f-e727-4a62-a749-eac1090bbb43.jpg?v=1730194800 | https://cdn.shopify.com/s/files/1/0715/1704/5040/files/Artboard3_4b09c594-c54c-445f-9a5d-2d37ce74ea89.jpg?v=1730194800 | https://cdn.shopify.com/s/files/1/0715/1704/5040/files/Artboard4_b4045ac9-7f72-4527-8bf7-1d30ea1cc75b.jpg?v=1730194800 | https://cdn.shopify.com/s/files/1/0715/1704/5040/files/Artboard5_056acb57-3226-474f-a7a8-889d04640f4d.jpg?v=1730194800,2024-10-29T15:09:42+05:30,2026-09-08T08:56:48+05:30
Crompton,MINI GLORY PLUS II - Mini Self Priming Regenerative Pump 0.5 HP,Mini,"Mini Pump, Residential Pump",mini-glory-plus-ii,https://www.crompton.co.in/products/mini-glory-plus-ii,5325.0,5325.0,Color,Blue & Red :: SKU=GLORY PLUS II :: ₹5325.00,6,https://cdn.shopify.com/s/files/1/0715/1704/5040/files/Artboard1_5_10a946c2-715f-4242-b7ac-8779271ffd5b.png?v=1730194800 | https://cdn.shopify.com/s/files/1/0715/1704/5040/files/Artboard_2_1.png?v=1730264741 | https://cdn.shopify.com/s/files/1/0715/1704/5040/files/Artboard2_5af78d5f-e727-4a62-a749-eac1090bbb43.jpg?v=1730194800 | https://cdn.shopify.com/s/files/1/0715/1704/5040/files/Artboard3_4b09c594-c54c-445f-9a5d-2d37ce74ea89.jpg?v=1730194800 | https://cdn.shopify.com/s/files/1/0715/1704/5040/files/Artboard4_b4045ac9-7f72-4527-8bf7-1d30ea1cc75b.jpg?v=1730194800 | https://cdn.shopify.com/s/files/1/0715/1704/5040/files/Artboard5_056acb57-3226-474f-a7a8-889d04640f4d.jpg?v=1730194800,2024-10-29T15:57:09+05:30,2026-09-08T08:56:48+05:30
Crompton,SWJ50AP-30 PLUS - High Suction Shallow well Pump 0.5 HP,Shallow Well Pumps,"Residential Pump, Shallow well Pump",swj50ap-30-plus,https://www.crompton.co.in/products/swj50ap-30-plus,11400.0,11400.0,Color,Yellow & Black :: SKU=SWJ50AP-30 PLUS :: ₹11400.00,5,https://cdn.shopify.com/s/files/1/0715/1704/5040/files/Artboard0_bfe0b811-3271-4443-905a-39b0c85a317c.png?v=1766141483 | https://cdn.shopify.com/s/files/1/0715/1704/5040/files/Artboard1_f6b86477-b3e1-45c1-876a-3130e52aa628.jpg?v=1766141483 | https://cdn.shopify.com/s/files/1/0715/1704/5040/files/Artboard2_2a1e08eb-63ea-46ac-a59c-fa1072f07ce6.jpg?v=1766141483 | https://cdn.shopify.com/s/files/1/0715/1704/5040/files/Artboard3_9d6b9072-eb65-4d5e-82b0-dbbadc041421.jpg?v=1766141483 | https://cdn.shopify.com/s/files/1/0715/1704/5040/files/Artboard4_b71e5cb6-633d-43d4-a807-8901be463557.jpg?v=1766141483,2024-10-30T18:06:01+05:30,2026-09-08T08:56:48+05:30
Crompton,SWJ50A-30 PLUS - High Suction Shallow well Pump 0.5 HP,Shallow Well Pumps,"Residential Pump, Shallow well Pump",swj50a-30-plus,https://www.crompton.co.in/products/swj50a-30-plus,12675.0,12675.0,Color,Yellow & Black :: SKU=SWJ50A-30 PLUS :: ₹12675.00,6,https://cdn.shopify.com/s/files/1/0715/1704/5040/files/SWJPLUSPL1_a7ff07a8-c288-4f10-98f9-26fd9c7b74a0.png?v=1730290468 | https://cdn.shopify.com/s/files/1/0715/1704/5040/files/SWJPLUSPL2_07200f5c-a202-442d-99dd-c0443188f65e.png?v=1730290468 | https://cdn.shopify.com/s/files/1/0715/1704/5040/files/SWJPLUSPL3_669cbb0a-2e3f-4a8b-aaf4-7d90efe92526.png?v=1730290468 | https://cdn.shopify.com/s/files/1/0715/1704/5040/files/SWJ50A-30_PLUS_1.png?v=1736167868 | https://cdn.shopify.com/s/files/1/0715/1704/5040/files/SWJPLUSPL5_ac25f392-cc6c-4244-a101-8e16f4e1ecdc.png?v=1736169479 | https://cdn.shopify.com/s/files/1/0715/1704/5040/files/SWJPLUSPL6_f5a5e686-b193-4a83-8b13-a1adcc7fa2f0.png?v=1736169479,2024-10-30T18:00:04+05:30,2026-09-08T08:56:48+05:30
Crompton,SWJ100AP-36 PLUS Shallow Well Pump,Shallow Well Pumps,"Residential Pump, Shallow well Pump",swj100ap-36-plus-shallow-well-pump,https://www.crompton.co.in/products/swj100ap-36-plus-shallow-well-pump,13225.0,13225.0,Color,Yellow & Black :: SKU=SWJ100AP-36 PLUS :: ₹13225.00,5,https://cdn.shopify.com/s/files/1/0715/1704/5040/files/Artboard0_e8235b97-4bde-4628-980e-cc285484419a.png?v=1766064856 | https://cdn.shopify.com/s/files/1/0715/1704/5040/files/Artboard1_571812c2-60cd-42ea-bb66-9828f0c58903.jpg?v=1766064821 | https://cdn.shopify.com/s/files/1/0715/1704/5040/files/Artboard2_739bd364-03ab-477b-bbbd-bb8059c503ff.png?v=1766064821 | https://cdn.shopify.com/s/files/1/0715/1704/5040/files/Artboard3_65920764-0801-49e8-b221-b83aaf8de087.png?v=1766064821 | https://cdn.shopify.com/s/files/1/0715/1704/5040/files/Artboard4_abe7e6f6-9da3-4e96-9262-f68c3121282d.png?v=1766064822,2024-10-30T17:56:56+05:30,2026-09-08T08:56:48+05:30
Crompton,SWJ100A-36 PLUS - High Suction Shallow well Pump 1 HP,Shallow Well Pumps,"Residential Pump, Shallow well Pump",swj100a-36-plus,https://www.crompton.co.in/products/swj100a-36-plus,15000.0,15000.0,Color,Yellow & Black :: SKU=SWJ100A-36 PLUS :: ₹15000.00,6,https://cdn.shopify.com/s/files/1/0715/1704/5040/files/SWJPLUSPL1_a7ff07a8-c288-4f10-98f9-26fd9c7b74a0.png?v=1730290468 | https://cdn.shopify.com/s/files/1/0715/1704/5040/files/SWJPLUSPL2_07200f5c-a202-442d-99dd-c0443188f65e.png?v=1730290468 | https://cdn.shopify.com/s/files/1/0715/1704/5040/files/SWJPLUSPL3_669cbb0a-2e3f-4a8b-aaf4-7d90efe92526.png?v=1730290468 | https://cdn.shopify.com/s/files/1/0715/1704/5040/files/SWJ100A-36_PLUS_1.png?v=1736168635 | https://cdn.shopify.com/s/files/1/0715/1704/5040/files/SWJPLUSPL5_ac25f392-cc6c-4244-a101-8e16f4e1ecdc.png?v=1736169479 | https://cdn.shopify.com/s/files/1/0715/1704/5040/files/SWJPLUSPL6_f5a5e686-b193-4a83-8b13-a1adcc7fa2f0.png?v=1736169479,2024-10-30T17:42:34+05:30,2026-09-08T08:56:48+05:30
Crompton,SWJ1 - High Suction Shallow well Pump 1 HP,Shallow Well Pumps,"Residential Pump, Shallow well Pump",swj1,https://www.crompton.co.in/products/swj1,17900.0,17900.0,Color,Yellow & Black :: SKU=SWJ1 :: ₹17900.00,5,https://cdn.shopify.com/s/files/1/0715/1704/5040/files/png_5f397647-de7d-467d-a322-ef766ac2e551.png?v=1730289678 | https://cdn.shopify.com/s/files/1/0715/1704/5040/files/Artboard1_75a3188d-2370-46eb-ad79-2dc717be5a0c.jpg?v=1730289678 | https://cdn.shopify.com/s/files/1/0715/1704/5040/files/Artboard1copy2.jpg?v=1730289678 | https://cdn.shopify.com/s/files/1/0715/1704/5040/files/Artboard1copy3.jpg?v=1730289678 | https://cdn.shopify.com/s/files/1/0715/1704/5040/files/Artboard1copy.jpg?v=1730289678,2024-10-30T17:30:02+05:30,2026-09-08T08:56:48+05:30
Crompton,STPM22(1PH)-15,Speciality Pumps,"Residential Pump, Speciality",stpm221ph-15,https://www.crompton.co.in/products/stpm221ph-15,30525.0,30525.0,Color,Black & silver :: SKU=STPM22(1PH)-15 :: ₹30525.00,10,https://cdn.shopify.com/s/files/1/0715/1704/5040/files/STPPL1.png?v=1730288022 | https://cdn.shopify.com/s/files/1/0715/1704/5040/files/STPPL2.png?v=1730288022 | https://cdn.shopify.com/s/files/1/0715/1704/5040/files/STPPL3.png?v=1730288022 | https://cdn.shopify.com/s/files/1/0715/1704/5040/files/STPPL4.png?v=1730288022 | https://cdn.shopify.com/s/files/1/0715/1704/5040/files/STPPL5.png?v=1730288022 | https://cdn.shopify.com/s/files/1/0715/1704/5040/files/STPPL6.png?v=1730288022 | https://cdn.shopify.com/s/files/1/0715/1704/5040/files/STPPL7.png?v=1730288022 | https://cdn.shopify.com/s/files/1/0715/1704/5040/files/STPPL8.png?v=1730288022 | https://cdn.shopify.com/s/files/1/0715/1704/5040/files/STPPL9.png?v=1730288023 | https://cdn.shopify.com/s/files/1/0715/1704/5040/files/STPPL10.png?v=1730288023,2024-10-30T17:20:37+05:30,2026-09-08T08:56:48+05:30
Crompton,STPM12(1PH)-11,Speciality Pumps,"Residential Pump, Speciality",stpm121ph-11,https://www.crompton.co.in/products/stpm121ph-11,24550.0,24550.0,Color,Black & silver :: SKU=STPM12(1PH)-11 :: ₹24550.00,10,https://cdn.shopify.com/s/files/1/0715/1704/5040/files/STPPL1.png?v=1730288022 | https://cdn.shopify.com/s/files/1/0715/1704/5040/files/STPPL2.png?v=1730288022 | https://cdn.shopify.com/s/files/1/0715/1704/5040/files/STPPL3.png?v=1730288022 | https://cdn.shopify.com/s/files/1/0715/1704/5040/files/STPPL4.png?v=1730288022 | https://cdn.shopify.com/s/files/1/0715/1704/5040/files/STPPL5.png?v=1730288022 | https://cdn.shopify.com/s/files/1/0715/1704/5040/files/STPPL6.png?v=1730288022 | https://cdn.shopify.com/s/files/1/0715/1704/5040/files/STPPL7.png?v=1730288022 | https://cdn.shopify.com/s/files/1/0715/1704/5040/files/STPPL8.png?v=1730288022 | https://cdn.shopify.com/s/files/1/0715/1704/5040/files/STPPL9.png?v=1730288023 | https://cdn.shopify.com/s/files/1/0715/1704/5040/files/STPPL10.png?v=1730288023,2024-10-30T17:16:25+05:30,2026-09-08T08:56:48+05:30
Crompton,STPG052(1PH)-8,Speciality Pumps,"Residential Pump, Speciality",stpg0521ph-8,https://www.crompton.co.in/products/stpg0521ph-8,16500.0,16500.0,Color,Black & silver :: SKU=STPG052(1PH)-8 :: ₹16500.00,10,https://cdn.shopify.com/s/files/1/0715/1704/5040/files/STPPL1.png?v=1730288022 | https://cdn.shopify.com/s/files/1/0715/1704/5040/files/STPPL2.png?v=1730288022 | https://cdn.shopify.com/s/files/1/0715/1704/5040/files/STPPL3.png?v=1730288022 | https://cdn.shopify.com/s/files/1/0715/1704/5040/files/STPPL4.png?v=1730288022 | https://cdn.shopify.com/s/files/1/0715/1704/5040/files/STPPL5.png?v=1730288022 | https://cdn.shopify.com/s/files/1/0715/1704/5040/files/STPPL6.png?v=1730288022 | https://cdn.shopify.com/s/files/1/0715/1704/5040/files/STPPL7.png?v=1730288022 | https://cdn.shopify.com/s/files/1/0715/1704/5040/files/STPPL8.png?v=1730288022 | https://cdn.shopify.com/s/files/1/0715/1704/5040/files/STPPL9.png?v=1730288023 | https://cdn.shopify.com/s/files/1/0715/1704/5040/files/STPPL10.png?v=1730288023,2024-10-30T17:03:27+05:30,2026-09-08T08:56:48+05:30
Crompton,GLIDE PLUS II - Mini Self Priming Regenerative Pump 1 HP,Mini,"Mini Pump, Residential Pump",glide-plus-ii,https://www.crompton.co.in/products/glide-plus-ii,4950.0,4950.0,Color,Blue & Red :: SKU=GLIDE PLUS II :: ₹4950.00,5,https://cdn.shopify.com/s/files/1/0715/1704/5040/files/Artboard0_d490b39a-270a-44b0-a02c-8f71568ce0fc.png?v=1766059426 | https://cdn.shopify.com/s/files/1/0715/1704/5040/files/Artboard1_aabfbee6-100d-4d59-aa02-a530aff46195.jpg?v=1766059425 | https://cdn.shopify.com/s/files/1/0715/1704/5040/files/GlidePlus.jpg?v=1766405780 | https://cdn.shopify.com/s/files/1/0715/1704/5040/files/Artboard3_184c6e82-47f0-4319-9793-f3e7757f9d0b.png?v=1766405780 | https://cdn.shopify.com/s/files/1/0715/1704/5040/files/Artboard4_05afd882-4345-492d-abbb-cada5d2fe56c.png?v=1766405780,2024-10-30T16:58:21+05:30,2026-09-08T08:56:48+05:30
Crompton,GLIDE PLUS I - Mini Self Priming Regenerative Pump 1 HP,Mini,"Mini Pump, Residential Pump",glide-plus-i,https://www.crompton.co.in/products/glide-plus-i,6350.0,6350.0,Color,Blue & Red :: SKU=GLIDE PLUS I :: ₹6350.00,5,https://cdn.shopify.com/s/files/1/0715/1704/5040/files/Artboard0_7a1f8c9e-fc99-4a8b-ac4d-e1ad7a3f8937.png?v=1766059353 | https://cdn.shopify.com/s/files/1/0715/1704/5040/files/Artboard1_7dbcde14-133b-4ce4-8af1-00c55663179f.jpg?v=1766059353 | https://cdn.shopify.com/s/files/1/0715/1704/5040/files/GlidePlus_09cce13e-a7a9-4feb-8084-ceb6e9696256.jpg?v=1766405779 | https://cdn.shopify.com/s/files/1/0715/1704/5040/files/Artboard3_1e00db9a-757d-419b-968e-bc6a664fff0c.png?v=1766405779 | https://cdn.shopify.com/s/files/1/0715/1704/5040/files/Artboard4_27a9ddd0-784b-4d79-920b-543b6420a626.png?v=1766405779,2024-10-30T16:44:46+05:30,2026-09-08T08:56:48+05:30
Crompton,NILE DURA II - Mini Self Priming Regenerative Pump 0.5 HP,Mini,"Mini Pump, Residential Pump",nile-dura-ii,https://www.crompton.co.in/products/nile-dura-ii,5525.0,5525.0,Color,Black & silver :: SKU=NILE DURA II :: ₹5525.00,7,https://cdn.shopify.com/s/files/1/0715/1704/5040/files/Artboard1_7.png?v=1730200394 | https://cdn.shopify.com/s/files/1/0715/1704/5040/files/Artboard2copy_aec3f41b-1bfd-44f4-95b1-a97f25d97a56.jpg?v=1730200395 | https://cdn.shopify.com/s/files/1/0715/1704/5040/files/Artboard5copy_23352041-41f4-46c8-9681-d4394d2f0f95.jpg?v=1730200394 | https://cdn.shopify.com/s/files/1/0715/1704/5040/files/Artboard2_17bd5203-e8bd-4699-9dc2-b0040c80e3a4.jpg?v=1730200395 | https://cdn.shopify.com/s/files/1/0715/1704/5040/files/Artboard3_92f61db0-aa37-4aa4-b4ea-30075885f0cb.jpg?v=1730200395 | https://cdn.shopify.com/s/files/1/0715/1704/5040/files/Artboard4_b746b933-7e0b-47cb-ab33-e1b181e56a76.jpg?v=1730200395 | https://cdn.shopify.com/s/files/1/0715/1704/5040/files/Artboard5_d2133291-b51d-411d-9cd1-f27c1978eb2a.jpg?v=1730200395,2024-10-29T16:54:22+05:30,2026-09-08T08:56:48+05:30
Crompton,NILE DURA I - Mini Self Priming Regenerative Pump 1 HP,Mini,"Mini Pump, Residential Pump",nile-dura-i,https://www.crompton.co.in/products/nile-dura-i,7125.0,7125.0,Color,Black & silver :: SKU=NILE DURA I :: ₹7125.00,7,https://cdn.shopify.com/s/files/1/0715/1704/5040/files/Artboard1_7.png?v=1730200394 | https://cdn.shopify.com/s/files/1/0715/1704/5040/files/Artboard2copy_aec3f41b-1bfd-44f4-95b1-a97f25d97a56.jpg?v=1730200395 | https://cdn.shopify.com/s/files/1/0715/1704/5040/files/Artboard5copy_23352041-41f4-46c8-9681-d4394d2f0f95.jpg?v=1730200394 | https://cdn.shopify.com/s/files/1/0715/1704/5040/files/Artboard2_17bd5203-e8bd-4699-9dc2-b0040c80e3a4.jpg?v=1730200395 | https://cdn.shopify.com/s/files/1/0715/1704/5040/files/Artboard3_92f61db0-aa37-4aa4-b4ea-30075885f0cb.jpg?v=1730200395 | https://cdn.shopify.com/s/files/1/0715/1704/5040/files/Artboard4_b746b933-7e0b-47cb-ab33-e1b181e56a76.jpg?v=1730200395 | https://cdn.shopify.com/s/files/1/0715/1704/5040/files/Artboard5_d2133291-b51d-411d-9cd1-f27c1978eb2a.jpg?v=1730200395,2024-10-29T16:42:07+05:30,2026-09-08T08:56:48+05:30
Crompton,CFMSMB3D0.50-V24 - Pressure Booster Pump 0.5 HP,Pressure Booster Pumps,"Pressure Booster Pump, Residential Pump",cfmsmb3d0-50-v24,https://www.crompton.co.in/products/cfmsmb3d0-50-v24,31350.0,31350.0,Color,Blue & Black :: SKU=CFMSMB3D0.50-V24 :: ₹31350.00,6,https://cdn.shopify.com/s/files/1/0715/1704/5040/files/Artboard1_4.png?v=1730191340 | https://cdn.shopify.com/s/files/1/0715/1704/5040/files/Artboard2_1b0abc65-6658-435f-818c-e114e09600f0.jpg?v=1730191340 | https://cdn.shopify.com/s/files/1/0715/1704/5040/files/Artboard3_0b1ef86a-0b70-43db-a544-584086c97fbc.jpg?v=1730191340 | https://cdn.shopify.com/s/files/1/0715/1704/5040/files/Artboard4_66024ba5-c01e-479b-a31b-f77259ae1681.jpg?v=1730191340 | https://cdn.shopify.com/s/files/1/0715/1704/5040/files/Artboard5copy.jpg?v=1730191340 | https://cdn.shopify.com/s/files/1/0715/1704/5040/files/Artboard5_5660ced4-1275-4f8c-ae4f-4d57bdb5d8aa.jpg?v=1730191340,2024-10-29T14:10:55+05:30,2026-09-08T08:56:48+05:30
Crompton,SUMO II - Mini Self Priming Regenerative Pump 0.5 HP,Mini,"Mini Pump, Residential Pump",mini-sumo-ii,https://www.crompton.co.in/products/mini-sumo-ii,5325.0,5325.0,Color,Blue & Red :: SKU=SUMO II :: ₹5325.00,5,https://cdn.shopify.com/s/files/1/0715/1704/5040/files/Artboard1_9.png?v=1730202540 | https://cdn.shopify.com/s/files/1/0715/1704/5040/files/Artboard2_9760f492-ec16-46cb-9496-7235ef29344d.png?v=1730202540 | https://cdn.shopify.com/s/files/1/0715/1704/5040/files/Artboard3_3b7fe107-92a9-46d0-9cf6-9c9565daba56.png?v=1730202540 | https://cdn.shopify.com/s/files/1/0715/1704/5040/files/Artboard4_c5587360-f042-4b22-bd7a-bc2d00f7d826.png?v=1730202539 | https://cdn.shopify.com/s/files/1/0715/1704/5040/files/Artboard5_61da4806-3b74-40a7-b189-658d4b96d03d.png?v=1730202539,2024-10-29T17:30:16+05:30,2026-09-08T08:56:48+05:30
Crompton,MINI SUMO I - Mini Self Priming Regenerative Pump 1 HP,Mini,"Mini Pump, Residential Pump",mini-sumo-i,https://www.crompton.co.in/products/mini-sumo-i,6950.0,6950.0,Color,Blue & Red :: SKU=SUMO I :: ₹6950.00,5,https://cdn.shopify.com/s/files/1/0715/1704/5040/files/Artboard1_9.png?v=1730202540 | https://cdn.shopify.com/s/files/1/0715/1704/5040/files/Artboard2_9760f492-ec16-46cb-9496-7235ef29344d.png?v=1730202540 | https://cdn.shopify.com/s/files/1/0715/1704/5040/files/Artboard3_3b7fe107-92a9-46d0-9cf6-9c9565daba56.png?v=1730202540 | https://cdn.shopify.com/s/files/1/0715/1704/5040/files/Artboard4_c5587360-f042-4b22-bd7a-bc2d00f7d826.png?v=1730202539 | https://cdn.shopify.com/s/files/1/0715/1704/5040/files/Artboard5_61da4806-3b74-40a7-b189-658d4b96d03d.png?v=1730202539,2024-10-29T17:18:21+05:30,2026-09-08T08:56:48+05:30
Crompton,SWJ50AT-30 PLUS - High Suction Shallow well Pump 0.5 HP,Shallow Well Pumps,"Residential Pump, Shallow Well Jet Pump",swj50at-30-plus,https://www.crompton.co.in/products/swj50at-30-plus,12675.0,12675.0,Color,Yellow & Black :: SKU=SWJ50AT-30 PLUS :: ₹12675.00,6,https://cdn.shopify.com/s/files/1/0715/1704/5040/files/SWJPLUSPL1.png?v=1730203688 | https://cdn.shopify.com/s/files/1/0715/1704/5040/files/SWJPLUSPL2.png?v=1730203688 | https://cdn.shopify.com/s/files/1/0715/1704/5040/files/SWJPLUSPL3.png?v=1730203688 | https://cdn.shopify.com/s/files/1/0715/1704/5040/files/SWJ50AT-30_PLUS_1.png?v=1736168414 | https://cdn.shopify.com/s/files/1/0715/1704/5040/files/SWJPLUSPL5.png?v=1736169829 | https://cdn.shopify.com/s/files/1/0715/1704/5040/files/SWJPLUSPL6.png?v=1736169829,2024-10-29T17:49:14+05:30,2026-09-08T08:56:48+05:30
Crompton,Mini Force i Pressure Booster Pump,Pressure Booster Pumps,"Pressure Booster Pump, Residential Pump",mini-force-i-pressure-booster-pump,https://www.crompton.co.in/products/mini-force-i-pressure-booster-pump,19975.0,19975.0,Color,Blue & Black :: SKU=MINI FORCE I :: ₹19975.00,6,https://cdn.shopify.com/s/files/1/0715/1704/5040/files/Artboard1_6_4f0b3b40-d186-461c-b2b7-890e7b082c96.png?v=1730198373 | https://cdn.shopify.com/s/files/1/0715/1704/5040/files/Artboard2_3d513ccc-a7a6-4352-b987-7da24d2bd74f.jpg?v=1730198372 | https://cdn.shopify.com/s/files/1/0715/1704/5040/files/Artboard3_f0b8a15f-af9d-4ee8-baa6-e70c79586f39.jpg?v=1730198372 | https://cdn.shopify.com/s/files/1/0715/1704/5040/files/Artboard4_67d29111-727b-4d16-a995-bfa8d529eeb0.jpg?v=1730198372 | https://cdn.shopify.com/s/files/1/0715/1704/5040/files/Artboard5_bfa3c3b4-5016-4e27-b8c4-f1656a6e033c.jpg?v=1730198372 | https://cdn.shopify.com/s/files/1/0715/1704/5040/files/Artboard6.jpg?v=1730198373,2024-10-29T16:07:45+05:30,2026-09-08T08:56:48+05:30
Crompton,"3W12AP1D 3"" Borewell Submersible Pump",3-Inch Borewell Submersibles,"Borewell Subemersible Pump, Residential Pump",3w12ap1d-3-borewell-submersible-pump,https://www.crompton.co.in/products/3w12ap1d-3-borewell-submersible-pump,16675.0,16675.0,Color,Black & silver :: SKU=3W12AP1D :: ₹16675.00,5,https://cdn.shopify.com/s/files/1/0715/1704/5040/files/Artboard1_3.png?v=1730180864 | https://cdn.shopify.com/s/files/1/0715/1704/5040/files/Artboard2_df26d8d1-91d6-4dc2-bee2-d22193dca3f5.jpg?v=1730180864 | https://cdn.shopify.com/s/files/1/0715/1704/5040/files/Artboard3_4f99bc9e-a6a8-4633-bd9b-7773db27ac3f.jpg?v=1730180864 | https://cdn.shopify.com/s/files/1/0715/1704/5040/files/Artboard4_68bfc706-d374-47e7-a99a-6803dca33e58.jpg?v=1730180864 | https://cdn.shopify.com/s/files/1/0715/1704/5040/files/Artboard5_67606fb8-ae10-4446-b529-019488853a17.jpg?v=1730180864,2024-10-29T11:41:24+05:30,2026-09-08T08:56:48+05:30
Crompton,PRIMO I - Mini Self Priming Regenerative Pump 1 HP,Mini,"Mini Pump, Residential Pump",primo-i,https://www.crompton.co.in/products/primo-i,5775.0,5775.0,Color,Blue & Red :: SKU=PRIMO I :: ₹5775.00,5,https://cdn.shopify.com/s/files/1/0715/1704/5040/files/Artboard1_8.png?v=1730201890 | https://cdn.shopify.com/s/files/1/0715/1704/5040/files/Artboard2_f0b1d09e-4c77-4852-9bf5-133d7ce69058.jpg?v=1730201890 | https://cdn.shopify.com/s/files/1/0715/1704/5040/files/Artboard3_5b414650-5d91-42ab-9baf-4fee42bdf8b6.jpg?v=1730201890 | https://cdn.shopify.com/s/files/1/0715/1704/5040/files/Artboard4_41f8e04b-e00b-4110-98cd-e018242e40b3.jpg?v=1730201890 | https://cdn.shopify.com/s/files/1/0715/1704/5040/files/Artboard5_9dc6b3c0-f41e-405b-9c48-af7e38df8a48.jpg?v=1730201890,2024-10-29T17:07:12+05:30,2026-09-08T08:56:48+05:30
Crompton,MINI FORCE II - Pressure Booster Pump 0.5 HP,Pressure Booster Pumps,"Pressure Booster Pump, Residential Pump",mini-force-ii,https://www.crompton.co.in/products/mini-force-ii,15925.0,15925.0,Color,Blue & Black :: SKU=MINI FORCE II :: ₹15925.00,6,https://cdn.shopify.com/s/files/1/0715/1704/5040/files/Artboard1_6_4f0b3b40-d186-461c-b2b7-890e7b082c96.png?v=1730198373 | https://cdn.shopify.com/s/files/1/0715/1704/5040/files/Artboard2_3d513ccc-a7a6-4352-b987-7da24d2bd74f.jpg?v=1730198372 | https://cdn.shopify.com/s/files/1/0715/1704/5040/files/Artboard3_f0b8a15f-af9d-4ee8-baa6-e70c79586f39.jpg?v=1730198372 | https://cdn.shopify.com/s/files/1/0715/1704/5040/files/Artboard4_67d29111-727b-4d16-a995-bfa8d529eeb0.jpg?v=1730198372 | https://cdn.shopify.com/s/files/1/0715/1704/5040/files/Artboard5_bfa3c3b4-5016-4e27-b8c4-f1656a6e033c.jpg?v=1730198372 | https://cdn.shopify.com/s/files/1/0715/1704/5040/files/Artboard6.jpg?v=1730198373,2024-10-29T16:28:28+05:30,2026-09-08T08:56:48+05:30
Crompton,CFMSMB5D1.00-V24 - Pressure Booster Pump 1 HP,Pressure Booster Pumps,"Pressure Booster Pump, Residential Pump",cfmsmb5d1-00-v24,https://www.crompton.co.in/products/cfmsmb5d1-00-v24,33625.0,33625.0,Color,Blue & Black :: SKU=CFMSMB5D1.00-V24 :: ₹33625.00,6,https://cdn.shopify.com/s/files/1/0715/1704/5040/files/Artboard1_4.png?v=1730191340 | https://cdn.shopify.com/s/files/1/0715/1704/5040/files/Artboard2_1b0abc65-6658-435f-818c-e114e09600f0.jpg?v=1730191340 | https://cdn.shopify.com/s/files/1/0715/1704/5040/files/Artboard3_0b1ef86a-0b70-43db-a544-584086c97fbc.jpg?v=1730191340 | https://cdn.shopify.com/s/files/1/0715/1704/5040/files/Artboard4_66024ba5-c01e-479b-a31b-f77259ae1681.jpg?v=1730191340 | https://cdn.shopify.com/s/files/1/0715/1704/5040/files/Artboard5copy.jpg?v=1730191340 | https://cdn.shopify.com/s/files/1/0715/1704/5040/files/Artboard5_5660ced4-1275-4f8c-ae4f-4d57bdb5d8aa.jpg?v=1730191340,2024-10-29T14:18:34+05:30,2026-09-08T08:56:48+05:30
Crompton,AQUAGOLD DURA 5023 - Mini Self Priming Regenerative Pump 0.5 HP,Mini,"Mini Pump, Residential Pump",aquagold-dura-5023,https://www.crompton.co.in/products/aquagold-dura-5023,8525.0,8525.0,Color,Black & silver :: SKU=AQUAGOLD DURA 5023 :: ₹8525.00,5,https://cdn.shopify.com/s/files/1/0715/1704/5040/files/Artboard1_87efa8a9-4afe-45ab-8c0c-ed0b50b65f38.png?v=1730189038 | https://cdn.shopify.com/s/files/1/0715/1704/5040/files/Aquagold-Dura_listing_1.png?v=1730271414 | https://cdn.shopify.com/s/files/1/0715/1704/5040/files/Artboard3_f25ee4a2-23f2-48d6-bb1e-017958bdbbc7.png?v=1730189038 | https://cdn.shopify.com/s/files/1/0715/1704/5040/files/Artboard4_4f645b24-7909-4d72-9d8f-801a5492eb4c.png?v=1730189039 | https://cdn.shopify.com/s/files/1/0715/1704/5040/files/Artboard5_08cdc53d-5216-4c16-ba75-f799860fa9ca.png?v=1730189038,2024-10-29T13:57:11+05:30,2026-09-08T08:56:48+05:30
Crompton,AQUAGOLD DURA 150 - Mini Self Priming Regenerative Pump 1.5 HP,Mini,"Mini Pump, Residential Pump",aquagold-dura-150,https://www.crompton.co.in/products/aquagold-dura-150,18025.0,18025.0,Color,Black & silver :: SKU=AQUAGOLD DURA 150 :: ₹18025.00,5,https://cdn.shopify.com/s/files/1/0715/1704/5040/files/Artboard1_87efa8a9-4afe-45ab-8c0c-ed0b50b65f38.png?v=1730189038 | https://cdn.shopify.com/s/files/1/0715/1704/5040/files/Aquagold-Dura_listing_1.png?v=1730271414 | https://cdn.shopify.com/s/files/1/0715/1704/5040/files/Artboard3_f25ee4a2-23f2-48d6-bb1e-017958bdbbc7.png?v=1730189038 | https://cdn.shopify.com/s/files/1/0715/1704/5040/files/Artboard4_4f645b24-7909-4d72-9d8f-801a5492eb4c.png?v=1730189039 | https://cdn.shopify.com/s/files/1/0715/1704/5040/files/Artboard5_08cdc53d-5216-4c16-ba75-f799860fa9ca.png?v=1730189038,2024-10-29T13:41:00+05:30,2026-09-08T08:56:48+05:30
Crompton,AQUAGOLD DURA 100 - Mini Self Priming Regenerative Pump 1 HP,Mini,"Mini Pump, Residential Pump",aquagold-dura-100,https://www.crompton.co.in/products/aquagold-dura-100,11550.0,11550.0,Color,Black & silver :: SKU=AQUAGOLD DURA 100 :: ₹11550.00,5,https://cdn.shopify.com/s/files/1/0715/1704/5040/files/Artboard1_87efa8a9-4afe-45ab-8c0c-ed0b50b65f38.png?v=1730189038 | https://cdn.shopify.com/s/files/1/0715/1704/5040/files/Artboard_2.jpg?v=1730266075 | https://cdn.shopify.com/s/files/1/0715/1704/5040/files/Artboard_3.jpg?v=1730266000 | https://cdn.shopify.com/s/files/1/0715/1704/5040/files/Artboard_4.jpg?v=1730266000 | https://cdn.shopify.com/s/files/1/0715/1704/5040/files/Artboard_5.jpg?v=1730266000,2024-10-29T13:32:46+05:30,2026-09-08T08:56:48+05:30
Crompton,SWJ100AT-36 PLUS - High Suction Shallow well Pump 1 HP,Shallow Well Pumps,"Residential Pump, Shallow Well Jet Pump",swj100at-36-plus,https://www.crompton.co.in/products/swj100at-36-plus,15000.0,15000.0,Color,Yellow & Black :: SKU=SWJ100AT-36 PLUS :: ₹15000.00,6,https://cdn.shopify.com/s/files/1/0715/1704/5040/files/SWJPLUSPL1.png?v=1730203688 | https://cdn.shopify.com/s/files/1/0715/1704/5040/files/SWJPLUSPL2.png?v=1730203688 | https://cdn.shopify.com/s/files/1/0715/1704/5040/files/SWJPLUSPL3.png?v=1730203688 | https://cdn.shopify.com/s/files/1/0715/1704/5040/files/SWJ100AT-36_PLUS_1.png?v=1736169829 | https://cdn.shopify.com/s/files/1/0715/1704/5040/files/SWJPLUSPL5.png?v=1736169829 | https://cdn.shopify.com/s/files/1/0715/1704/5040/files/SWJPLUSPL6.png?v=1736169829,2024-10-29T17:37:24+05:30,2026-09-08T08:56:48+05:30
Crompton,WIN PLUS I - Mini Self Priming Regenerative Pump 1 HP,Mini,"Mini Pump, Residential Pump",win-plus-i,https://www.crompton.co.in/products/win-plus-i,5775.0,5775.0,Color,Blue & Red :: SKU=WIN PLUS I :: ₹5775.00,5,https://cdn.shopify.com/s/files/1/0715/1704/5040/files/artboard1_e79166db-60ba-42d1-a50a-3093f1f5b860.png?v=1730204660 | https://cdn.shopify.com/s/files/1/0715/1704/5040/files/Artboard2_80888756-b6ea-47a5-ab01-1b5e668fe86c.jpg?v=1730204660 | https://cdn.shopify.com/s/files/1/0715/1704/5040/files/Artboard3_64382325-63e1-445c-a1cd-66fc07aaebda.jpg?v=1730204660 | https://cdn.shopify.com/s/files/1/0715/1704/5040/files/Artboard4_bf3e7bcb-9144-4811-a7e9-293ba0170f43.jpg?v=1730204660 | https://cdn.shopify.com/s/files/1/0715/1704/5040/files/Artboard5_9cf355e9-8c10-4bf4-b4d9-52418c9750cf.jpg?v=1730204660,2024-10-29T17:54:04+05:30,2026-09-08T08:56:48+05:30
Crompton,ULTIMO II - Mini Self Priming Regenerative Pump 1 HP,Mini,"Mini Pump, Residential Pump",ultimo-ii,https://www.crompton.co.in/products/ultimo-ii,4950.0,4950.0,Color,Blue & Red :: SKU=ULTIMO II :: ₹4950.00,9,https://cdn.shopify.com/s/files/1/0715/1704/5040/files/ULTIMOIPL1.png?v=1729764111 | https://cdn.shopify.com/s/files/1/0715/1704/5040/files/ULTIMOIPL2.png?v=1729764111 | https://cdn.shopify.com/s/files/1/0715/1704/5040/files/ULTIMOIPL3.png?v=1729764111 | https://cdn.shopify.com/s/files/1/0715/1704/5040/files/ULTIMOIPL4.png?v=1729764111 | https://cdn.shopify.com/s/files/1/0715/1704/5040/files/ULTIMOIPL5.png?v=1729764111 | https://cdn.shopify.com/s/files/1/0715/1704/5040/files/ULTIMOIPL6.png?v=1729764111 | https://cdn.shopify.com/s/files/1/0715/1704/5040/files/ULTIMOIPL7.png?v=1729764111 | https://cdn.shopify.com/s/files/1/0715/1704/5040/files/ULTIMOIPL8.png?v=1729764111 | https://cdn.shopify.com/s/files/1/0715/1704/5040/files/ULTIMOIPL9.png?v=1729764111,2024-10-24T16:06:31+05:30,2026-09-08T08:56:48+05:30
Crompton,AB-15 - Automatic Pump Controller (Upto 1.HP),Pressure Booster Pumps,"Automatic Pump Controller, Residential Pump",ab-15,https://www.crompton.co.in/products/ab-15,2450.0,2450.0,Color,Cream & Blue :: SKU=AB-15 :: ₹2450.00,5,https://cdn.shopify.com/s/files/1/0715/1704/5040/files/pump-ab15.png?v=1729856131 | https://cdn.shopify.com/s/files/1/0715/1704/5040/files/Artboard1_f8e08707-954a-4c57-9100-40a2363538af.png?v=1729856131 | https://cdn.shopify.com/s/files/1/0715/1704/5040/files/Artboard1copy_a446a3b6-710a-4138-b7e5-771f5cfa5015.png?v=1729856131 | https://cdn.shopify.com/s/files/1/0715/1704/5040/files/Artboard1copy2_0ce14e8b-887d-4d71-95a4-49955982a54a.png?v=1729856131 | https://cdn.shopify.com/s/files/1/0715/1704/5040/files/Artboard1copy3_66b7d846-ef1e-4871-b874-b71fdad4d951.png?v=1729856131,2024-10-25T17:04:34+05:30,2026-09-08T08:56:48+05:30
Crompton,ULTIMO I - Mini Self Priming Regenerative Pump 1 HP,Mini,"Mini Pump, Residential Pump",ultimo-i,https://www.crompton.co.in/products/ultimo-i,6350.0,6350.0,Color,Blue & Red :: SKU=ULTIMO I :: ₹6350.00,9,https://cdn.shopify.com/s/files/1/0715/1704/5040/files/ULTIMOIPL1.png?v=1729764111 | https://cdn.shopify.com/s/files/1/0715/1704/5040/files/ULTIMOIPL2.png?v=1729764111 | https://cdn.shopify.com/s/files/1/0715/1704/5040/files/ULTIMOIPL3.png?v=1729764111 | https://cdn.shopify.com/s/files/1/0715/1704/5040/files/ULTIMOIPL4.png?v=1729764111 | https://cdn.shopify.com/s/files/1/0715/1704/5040/files/ULTIMOIPL5.png?v=1729764111 | https://cdn.shopify.com/s/files/1/0715/1704/5040/files/ULTIMOIPL6.png?v=1729764111 | https://cdn.shopify.com/s/files/1/0715/1704/5040/files/ULTIMOIPL7.png?v=1729764111 | https://cdn.shopify.com/s/files/1/0715/1704/5040/files/ULTIMOIPL8.png?v=1729764111 | https://cdn.shopify.com/s/files/1/0715/1704/5040/files/ULTIMOIPL9.png?v=1729764111,2024-10-24T15:31:17+05:30,2026-09-08T08:56:48+05:30
Crompton,NILE PLUS II - Mini Self Priming Regenerative Pump 0.5 HP,Mini,"Mini Pump, Residential Pump",nile-plus-ii,https://www.crompton.co.in/products/nile-plus-ii,4950.0,4950.0,Color,Blue & Red :: SKU=NILE PLUS II :: ₹4950.00,8,https://cdn.shopify.com/s/files/1/0715/1704/5040/files/NILEPLUSIPL1.png?v=1729840160 | https://cdn.shopify.com/s/files/1/0715/1704/5040/files/NILE_PLUS_II_PL_2.png?v=1729850790 | https://cdn.shopify.com/s/files/1/0715/1704/5040/files/NILEPLUSIPL3.png?v=1729840161 | https://cdn.shopify.com/s/files/1/0715/1704/5040/files/NILEPLUSIPL4.png?v=1729840160 | https://cdn.shopify.com/s/files/1/0715/1704/5040/files/NILEPLUSIPL5.png?v=1729840160 | https://cdn.shopify.com/s/files/1/0715/1704/5040/files/NILEPLUSIPL6.png?v=1729840161 | https://cdn.shopify.com/s/files/1/0715/1704/5040/files/NILEPLUSIPL7.png?v=1729840161 | https://cdn.shopify.com/s/files/1/0715/1704/5040/files/NILEPLUSIPL8.png?v=1729840161,2024-10-25T12:44:48+05:30,2026-09-08T08:56:48+05:30
Crompton,NILE PLUS I - Mini Self Priming Regenerative Pump 1 HP,Mini,"Mini Pump, Residential Pump",nile-plus-i,https://www.crompton.co.in/products/nile-plus-i,6350.0,6350.0,Color,Blue & Red :: SKU=NILE PLUS I :: ₹6350.00,8,https://cdn.shopify.com/s/files/1/0715/1704/5040/files/NILEPLUSIPL1.png?v=1729840160 | https://cdn.shopify.com/s/files/1/0715/1704/5040/files/NILEPLUSIPL2.png?v=1729840160 | https://cdn.shopify.com/s/files/1/0715/1704/5040/files/NILEPLUSIPL3.png?v=1729840161 | https://cdn.shopify.com/s/files/1/0715/1704/5040/files/NILEPLUSIPL4.png?v=1729840160 | https://cdn.shopify.com/s/files/1/0715/1704/5040/files/NILEPLUSIPL5.png?v=1729840160 | https://cdn.shopify.com/s/files/1/0715/1704/5040/files/NILEPLUSIPL6.png?v=1729840161 | https://cdn.shopify.com/s/files/1/0715/1704/5040/files/NILEPLUSIPL7.png?v=1729840161 | https://cdn.shopify.com/s/files/1/0715/1704/5040/files/NILEPLUSIPL8.png?v=1729840161,2024-10-25T12:37:48+05:30,2026-09-08T08:56:48+05:30
Crompton,OWE12(1PH)Z-28 Residential Openwell Pump,Residential Openwell,"1PH, Openwell Submersible Pumps, Residential Pump",owe121phz-28-residential-openwell-pump,https://www.crompton.co.in/products/owe121phz-28-residential-openwell-pump,15900.0,15900.0,Color,Black & silver :: SKU=OWE12(1PH)Z-28 :: ₹15900.00,5,https://cdn.shopify.com/s/files/1/0715/1704/5040/files/0we12-1-hp.png?v=1729768034 | https://cdn.shopify.com/s/files/1/0715/1704/5040/files/Artboard1_0bde8cf6-828f-4f2b-82e1-01371e88d701.png?v=1729768034 | https://cdn.shopify.com/s/files/1/0715/1704/5040/files/Artboard1copy2_7c0cfc18-e9ff-4bae-aa62-792dbf846eb5.png?v=1729768033 | https://cdn.shopify.com/s/files/1/0715/1704/5040/files/Artboard1copy3_fb776b8c-af99-4b1b-ac07-4e01868f75c7.png?v=1729768034 | https://cdn.shopify.com/s/files/1/0715/1704/5040/files/Artboard1copy_c825f49e-c5dd-4d9a-abd2-eebfaff35b85.png?v=1729768034,2024-10-24T16:36:43+05:30,2026-09-08T08:56:48+05:30
Crompton,Mini Everest Mini Pump,Mini,"Mini Pump, Residential Pump",mini-everest-mini-pump,https://www.crompton.co.in/products/mini-everest-mini-pump,26900.0,26900.0,Color,Blue & Red :: SKU=MINI EVEREST :: ₹26900.00,7,https://cdn.shopify.com/s/files/1/0715/1704/5040/files/MINIEVERESTPL1.png?v=1729766491 | https://cdn.shopify.com/s/files/1/0715/1704/5040/files/MINIEVERESTPL2.png?v=1729766491 | https://cdn.shopify.com/s/files/1/0715/1704/5040/files/MINIEVERESTPL3.png?v=1729766491 | https://cdn.shopify.com/s/files/1/0715/1704/5040/files/MINIEVERESTPL4.png?v=1729766491 | https://cdn.shopify.com/s/files/1/0715/1704/5040/files/MINIEVERESTPL5.png?v=1729766491 | https://cdn.shopify.com/s/files/1/0715/1704/5040/files/MINIEVERESTPL6.png?v=1729766491 | https://cdn.shopify.com/s/files/1/0715/1704/5040/files/MINIEVERESTPL7.png?v=1729766491,2024-10-24T16:10:59+05:30,2026-09-08T08:56:48+05:30
Crompton,DMB10DCSL - High Suction Regenerative Pump 1 HP,DMB/CMB,"Residential Pump, Waterpump",dmb10dcsl,https://www.crompton.co.in/products/dmb10dcsl,20875.0,20875.0,Color,Blue :: SKU=DMB10DCSL :: ₹20875.00,8,https://cdn.shopify.com/s/files/1/0715/1704/5040/files/DMB10DCSLPL1.png?v=1729771509 | https://cdn.shopify.com/s/files/1/0715/1704/5040/files/DMB10DCSLPL2.png?v=1729771509 | https://cdn.shopify.com/s/files/1/0715/1704/5040/files/DMB10DCSLPL3.png?v=1729771509 | https://cdn.shopify.com/s/files/1/0715/1704/5040/files/DMB10DCSLPL4.png?v=1729771509 | https://cdn.shopify.com/s/files/1/0715/1704/5040/files/DMB10DCSLPL5.png?v=1729771509 | https://cdn.shopify.com/s/files/1/0715/1704/5040/files/DMB10DCSLPL6.png?v=1729771509 | https://cdn.shopify.com/s/files/1/0715/1704/5040/files/DMB10DCSLPL7.png?v=1729771509 | https://cdn.shopify.com/s/files/1/0715/1704/5040/files/DMB10DCSLPL8.png?v=1729771509,2024-10-24T17:33:49+05:30,2026-09-08T08:56:48+05:30
Crompton,DMB10D PLUS - High Suction Regenerative Pump 1 HP,DMB/CMB,"Residential Pump, Waterpump",dmb10d-plus,https://www.crompton.co.in/products/dmb10d-plus,20125.0,20125.0,Color,Blue :: SKU=DMB10D PLUS :: ₹20125.00,5,https://cdn.shopify.com/s/files/1/0715/1704/5040/files/Artboard0.png?v=1766059128 | https://cdn.shopify.com/s/files/1/0715/1704/5040/files/Artboard1_afbb9cc7-dbe2-4239-b301-692d540fd393.jpg?v=1766059128 | https://cdn.shopify.com/s/files/1/0715/1704/5040/files/Artboard2_2526f59f-ac31-4a06-b9bb-9ecdc2cd5d39.jpg?v=1766059128 | https://cdn.shopify.com/s/files/1/0715/1704/5040/files/Artboard3_e66a97d0-8246-424f-9d52-7a1133f722ec.jpg?v=1766059128 | https://cdn.shopify.com/s/files/1/0715/1704/5040/files/Artboard4_df58ca45-0126-4e07-b428-a993a31c167d.jpg?v=1766059128,2024-10-25T11:37:08+05:30,2026-09-08T08:56:48+05:30
Crompton,CMB10NV PLUS DMB/CMB Pump,DMB/CMB,"Residential Pump, Waterpump",cmb10nv-plus-dmb-cmb-pump,https://www.crompton.co.in/products/cmb10nv-plus-dmb-cmb-pump,18875.0,18875.0,Color,Blue :: SKU=CMB10NV PLUS :: ₹18875.00,8,https://cdn.shopify.com/s/files/1/0715/1704/5040/files/CMB10NVPLUSPL1.png?v=1729838873 | https://cdn.shopify.com/s/files/1/0715/1704/5040/files/CMB10NVPLUSPL2.png?v=1729838873 | https://cdn.shopify.com/s/files/1/0715/1704/5040/files/CMB10NVPLUSPL3.png?v=1729838873 | https://cdn.shopify.com/s/files/1/0715/1704/5040/files/CMB10NVPLUSPL4.png?v=1729838873 | https://cdn.shopify.com/s/files/1/0715/1704/5040/files/CMB10NVPLUSPL5.png?v=1729838873 | https://cdn.shopify.com/s/files/1/0715/1704/5040/files/CMB10NVPLUSPL6.png?v=1729838873 | https://cdn.shopify.com/s/files/1/0715/1704/5040/files/CMB10NVPLUSPL7.png?v=1729838873 | https://cdn.shopify.com/s/files/1/0715/1704/5040/files/CMB10NVPLUSPL8.png?v=1729838873,2024-10-25T12:16:15+05:30,2026-09-08T08:56:48+05:30
Crompton,CMB05NV PLUS - High Suction Regenerative Pump 0.5 HP,DMB/CMB,"Residential Pump, Waterpump",cmb05nv-plus,https://www.crompton.co.in/products/cmb05nv-plus,14700.0,14700.0,Color,Blue :: SKU=CMB05NV PLUS :: ₹14700.00,8,https://cdn.shopify.com/s/files/1/0715/1704/5040/files/CMB05NVPLUSPL_0.png?v=1729837771 | https://cdn.shopify.com/s/files/1/0715/1704/5040/files/CMB05NVPLUSPL_1_2.png?v=1729837771 | https://cdn.shopify.com/s/files/1/0715/1704/5040/files/CMB05NVPLUSPL_2.png?v=1729837771 | https://cdn.shopify.com/s/files/1/0715/1704/5040/files/CMB05NVPLUSPL_3.png?v=1729837771 | https://cdn.shopify.com/s/files/1/0715/1704/5040/files/CMB05NVPLUSPL_4.png?v=1729837771 | https://cdn.shopify.com/s/files/1/0715/1704/5040/files/CMB05NVPLUSPL_5.png?v=1729837771 | https://cdn.shopify.com/s/files/1/0715/1704/5040/files/CMB05NVPLUSPL_6.png?v=1729837771 | https://cdn.shopify.com/s/files/1/0715/1704/5040/files/CMB05NVPLUSPL_7.png?v=1729837771,2024-10-25T11:58:36+05:30,2026-09-08T08:56:48+05:30
Crompton,CIL120-9 Circulatory In-Line Pump,Circulatory In-line Pumps,"Circulating Inline Pump, Residential Pump",cil120-9-circulatory-in-line-pump,https://www.crompton.co.in/products/cil120-9-circulatory-in-line-pump,6825.0,6825.0,Color,Black :: SKU=CIL120-9 :: ₹6825.00,6,https://cdn.shopify.com/s/files/1/0715/1704/5040/files/pump-cil120.png?v=1729766972 | https://cdn.shopify.com/s/files/1/0715/1704/5040/files/Artboard1_f7bb99af-a67c-4d13-b583-4db55c8adbca.png?v=1729766971 | https://cdn.shopify.com/s/files/1/0715/1704/5040/files/Artboard1copy2_b61c659a-d015-4155-be8f-a467528e2cc8.png?v=1729766971 | https://cdn.shopify.com/s/files/1/0715/1704/5040/files/Artboard1copy3_689ca20e-07da-4367-af5e-c6881b214b07.png?v=1729766971 | https://cdn.shopify.com/s/files/1/0715/1704/5040/files/Artboard1copy4_9653c2a8-0cee-4d61-9cbd-421390de5e9d.png?v=1729766971 | https://cdn.shopify.com/s/files/1/0715/1704/5040/files/Artboard1copy_fc2feb07-1b06-48ba-94f5-ec7fd87b64bc.png?v=1729766972,2024-10-24T16:18:38+05:30,2026-09-08T08:56:48+05:30
Crompton,"4W7BU1AU 4"" Borewell Submersible Pump",4-Inch Borewell Submersibles,"Borewell Subemersible Pump, Residential Pump",4w7bu1au-4-borewell-submersible-pump,https://www.crompton.co.in/products/4w7bu1au-4-borewell-submersible-pump,16875.0,16875.0,Color,Silver :: SKU=4W7BU1AU :: ₹16875.00,5,https://cdn.shopify.com/s/files/1/0715/1704/5040/files/4w-png.png?v=1729769845 | https://cdn.shopify.com/s/files/1/0715/1704/5040/files/4w-pl-1.png?v=1729769845 | https://cdn.shopify.com/s/files/1/0715/1704/5040/files/Artboard1copy2_1b548e70-fcc8-40b9-bad7-40418234c691.png?v=1729769845 | https://cdn.shopify.com/s/files/1/0715/1704/5040/files/Artboard1copy3_ffc9a2d8-ca2f-437e-879f-f6542eca6a94.png?v=1729769845 | https://cdn.shopify.com/s/files/1/0715/1704/5040/files/Artboard1copy_a1468b0c-c976-4fdb-990f-a379d26d4b65.png?v=1729769845,2024-10-24T17:06:20+05:30,2026-09-08T08:56:48+05:30
Crompton,Crompton SensoSmart Curved 60cm Baffle Filter Chimney,Chimneys,"60cm-chimney, Built-In Curved Chimney, Curved Chimneys, curved-chimney",crompton-sensosmart-curved-60cm-baffle-filter-chimney,https://www.crompton.co.in/products/crompton-sensosmart-curved-60cm-baffle-filter-chimney,27290.0,27290.0,Color,Midnight black :: SKU=CHD-SSC60BFE-MBL :: ₹27290.00,9,https://cdn.shopify.com/s/files/1/0715/1704/5040/files/sensosmart-curv-baff-60-png.png?v=1728473934 | https://cdn.shopify.com/s/files/1/0715/1704/5040/files/pl1_copy.png?v=1733204449 | https://cdn.shopify.com/s/files/1/0715/1704/5040/files/pl3_59c0c6aa-f88b-43b2-b8cd-691e3218193b.png?v=1728473934 | https://cdn.shopify.com/s/files/1/0715/1704/5040/files/pl4copy_6e4757f7-8858-4ba3-b6cd-26ac230ec042.png?v=1728473934 | https://cdn.shopify.com/s/files/1/0715/1704/5040/files/Desktop_and_Phone_PL.jpg?v=1738908132 | https://cdn.shopify.com/s/files/1/0715/1704/5040/files/pl5_9267e8a7-f68e-49ce-a8c8-694f90c7b65c.png?v=1738908132 | https://cdn.shopify.com/s/files/1/0715/1704/5040/files/sensosmart-crv-60-baff.png?v=1738908132 | https://cdn.shopify.com/s/files/1/0715/1704/5040/files/sensosmart-curv-60-baff-pl2.png?v=1738908132 | https://cdn.shopify.com/s/files/1/0715/1704/5040/files/pl7_0863d038-9a6c-41f2-9a57-2519ad71a9f3.png?v=1738908132,2024-10-09T17:07:39+05:30,2026-09-08T08:56:48+05:30
Crompton,Crompton Ameo Trio – Hand blender+ Chopper+ whisker,Blenders & Juicers,"Hand Blender, Hand Blenders, Kitchen Blender",crompton-ameo-trio-hand-blender-chopper-whisker,https://www.crompton.co.in/products/crompton-ameo-trio-hand-blender-chopper-whisker,2300.0,2300.0,Color,Black and Golden :: SKU=ACGHB-AMEO-TRIO :: ₹2300.00,6,https://cdn.shopify.com/s/files/1/0715/1704/5040/files/png_2c65f48e-81fc-4916-b4fd-0d539c30f1da.png?v=1728398264 | https://cdn.shopify.com/s/files/1/0715/1704/5040/files/pl1_6347e497-dbda-4624-a911-091e45b4cabe.png?v=1728398264 | https://cdn.shopify.com/s/files/1/0715/1704/5040/files/pl2_e8243b88-3f29-4005-848b-c0b59f308f0e.png?v=1728398264 | https://cdn.shopify.com/s/files/1/0715/1704/5040/files/pl3_3e27f2ca-c8ac-4e8e-b68e-bc2c81f9d34e.png?v=1728398264 | https://cdn.shopify.com/s/files/1/0715/1704/5040/files/pl4_8bfe5034-13df-4d1f-bfa8-edb315dba896.png?v=1728398264 | https://cdn.shopify.com/s/files/1/0715/1704/5040/files/pl5_1a5e226f-921d-482f-b94c-c686b7b134d7.png?v=1728398264,2024-10-08T19:23:52+05:30,2026-09-08T08:56:48+05:30
Crompton,Crompton Ameo Blend – Nutri blender || Smoothie Maker,Blenders & Juicers,"juicer, Juicer Mixer Grinder",crompton-ameo-blend-nutri-blender-smoothie-maker,https://www.crompton.co.in/products/crompton-ameo-blend-nutri-blender-smoothie-maker,4800.0,4800.0,Color,Black and Sea Green :: SKU=ACGJMG-AMEO BL 400 :: ₹4800.00,7,https://cdn.shopify.com/s/files/1/0715/1704/5040/files/png_de6812c4-c7c6-4756-b94e-40799d47b8f2.png?v=1728397641 | https://cdn.shopify.com/s/files/1/0715/1704/5040/files/pl1_a082e11d-6cf1-4074-ac94-1797d38d6eae.png?v=1728397641 | https://cdn.shopify.com/s/files/1/0715/1704/5040/files/pl2_a024463e-413f-44ca-a8cd-f01271ac3352.png?v=1728397641 | https://cdn.shopify.com/s/files/1/0715/1704/5040/files/pl3_91dcfaf9-793b-40cd-a759-a5754056fe53.png?v=1728397641 | https://cdn.shopify.com/s/files/1/0715/1704/5040/files/pl4_68563f6b-5c8b-4bda-8cd9-4a9ea256cfe0.png?v=1728397641 | https://cdn.shopify.com/s/files/1/0715/1704/5040/files/pl5_1c5b12a5-0d48-4c15-9e73-71b4a55ae934.png?v=1728397641 | https://cdn.shopify.com/s/files/1/0715/1704/5040/files/pl6_08acb28f-6e99-456c-9392-2c8b232779f2.png?v=1728397641,2024-10-08T19:38:09+05:30,2026-09-08T08:56:48+05:30
Crompton,"Crompton Juno 3-Litre, 3000W Instant Water Heater",Instant Water Heaters,Instant Water Heater,crompton-juno-3-litre-3000w-instant-water-heater,https://www.crompton.co.in/products/crompton-juno-3-litre-3000w-instant-water-heater,4600.0,4600.0,Color,White :: SKU=AIWH-3LJUNO3KW5Y :: ₹4600.00,5,https://cdn.shopify.com/s/files/1/0715/1704/5040/files/PLjuno_0.png?v=1728035442 | https://cdn.shopify.com/s/files/1/0715/1704/5040/files/PLJuno3L_1.jpg?v=1728035442 | https://cdn.shopify.com/s/files/1/0715/1704/5040/files/PLJuno3L_2.jpg?v=1728035442 | https://cdn.shopify.com/s/files/1/0715/1704/5040/files/PLJuno3L_3.jpg?v=1728035442 | https://cdn.shopify.com/s/files/1/0715/1704/5040/files/PLJuno3L_4.jpg?v=1728035442,2024-10-04T15:20:12+05:30,2026-09-08T08:56:48+05:30
Crompton,"Crompton Rapidjet Dlx 3-Litre, 3000W Instant Water Heater",Instant Water Heaters,Instant Water Heater,crompton-rapidjet-dlx-3-litre-3000w-instant-water-heater,https://www.crompton.co.in/products/crompton-rapidjet-dlx-3-litre-3000w-instant-water-heater,4800.0,4800.0,Color,White :: SKU=AIWH-3LRPDJTDLX3KW :: ₹4800.00,5,https://cdn.shopify.com/s/files/1/0715/1704/5040/files/PLRapidjetDLX_0.png?v=1727953499 | https://cdn.shopify.com/s/files/1/0715/1704/5040/files/PLRapidjetDLX_1.jpg?v=1727953499 | https://cdn.shopify.com/s/files/1/0715/1704/5040/files/PLRapidjetDLX_2.jpg?v=1727953499 | https://cdn.shopify.com/s/files/1/0715/1704/5040/files/PLRapidjetDLX_3.jpg?v=1727953499 | https://cdn.shopify.com/s/files/1/0715/1704/5040/files/PLRapidjetDLX_4.jpg?v=1727953499,2024-10-03T16:33:34+05:30,2026-09-08T08:56:48+05:30
Crompton,"Crompton Solarium Neo 5-Litre, 3000W Instant Water Heater",Instant Water Heaters,Instant Water Heater,crompton-solarium-neo-5-litre-3000w-instant-water-heater,https://www.crompton.co.in/products/crompton-solarium-neo-5-litre-3000w-instant-water-heater,7299.0,7299.0,Color,White :: SKU=AIWH-5LSOLNEO3KW5Y :: ₹7299.00,5,https://cdn.shopify.com/s/files/1/0715/1704/5040/files/PLSolariumNeo_0.png?v=1727693361 | https://cdn.shopify.com/s/files/1/0715/1704/5040/files/PLSolariumNeo_1.jpg?v=1727693361 | https://cdn.shopify.com/s/files/1/0715/1704/5040/files/PLSolariumNeo_2.jpg?v=1727693361 | https://cdn.shopify.com/s/files/1/0715/1704/5040/files/PLSolariumNeo_3.jpg?v=1727693361 | https://cdn.shopify.com/s/files/1/0715/1704/5040/files/PLSolariumNeo_4.jpg?v=1727693361,2024-09-30T16:16:36+05:30,2026-09-08T08:56:48+05:30
Crompton,Crompton SensoSafe Gas Hob 3D 78cm 4 Burner,Hobs,"Built-In Gas Hob, Hobs",crompton-sensosafe-gas-hob-3d-78cm-4burner,https://www.crompton.co.in/products/crompton-sensosafe-gas-hob-3d-78cm-4burner,27299.0,27299.0,Color,Midnight black :: SKU=HOB-SS3D784-MBL :: ₹27299.00,8,https://cdn.shopify.com/s/files/1/0715/1704/5040/files/3d_78_4br.png?v=1727936802 | https://cdn.shopify.com/s/files/1/0715/1704/5040/files/pl1_54c8508c-3e44-4bba-a0f5-bcdb29d59824.png?v=1727781879 | https://cdn.shopify.com/s/files/1/0715/1704/5040/files/pl2_aa7c5a8e-348d-4ed4-9b9f-e42839415e82.png?v=1727781880 | https://cdn.shopify.com/s/files/1/0715/1704/5040/files/pl3_eb994f55-2f3c-420e-8c4b-d2254236f491.png?v=1727781880 | https://cdn.shopify.com/s/files/1/0715/1704/5040/files/pl4_9ec2daa7-e7b0-426b-885a-c00c11a0851b.png?v=1727781880 | https://cdn.shopify.com/s/files/1/0715/1704/5040/files/pl5_09b99a1a-c4a8-4e5a-9e3c-423188a69bce.png?v=1727781880 | https://cdn.shopify.com/s/files/1/0715/1704/5040/files/pl6_9f92abcf-e66f-429c-9757-ca460847f0e6.png?v=1727781880 | https://cdn.shopify.com/s/files/1/0715/1704/5040/files/pl7_e3d86cb0-1b93-48e8-b499-bb116310dbd2.png?v=1727781880,2024-10-01T16:54:25+05:30,2026-09-08T08:56:48+05:30
Crompton,Crompton SensoSafe Gas Hob 3D 78cm 3 Burner,Hobs,"Built-In Gas Hob, Hobs",crompton-sensosafe-gas-hob-3d-78cm-3burner,https://www.crompton.co.in/products/crompton-sensosafe-gas-hob-3d-78cm-3burner,24199.0,24199.0,Color,Midnight black :: SKU=HOB-SS3D783-MBL :: ₹24199.00,8,https://cdn.shopify.com/s/files/1/0715/1704/5040/files/3d-78-3br.png?v=1727936522 | https://cdn.shopify.com/s/files/1/0715/1704/5040/files/pl1_d49c3ead-f50b-4c8b-a707-129a5c92f1e4.png?v=1727781540 | https://cdn.shopify.com/s/files/1/0715/1704/5040/files/pl2_9aa7c6e8-db34-4a52-96e4-3e084400d0a5.png?v=1727781540 | https://cdn.shopify.com/s/files/1/0715/1704/5040/files/pl3_ac21b632-0a7f-404f-9c97-f1cc60292038.png?v=1727781541 | https://cdn.shopify.com/s/files/1/0715/1704/5040/files/pl4_6c290a1e-93e0-42ac-b4ff-6f05c7f710aa.png?v=1727781541 | https://cdn.shopify.com/s/files/1/0715/1704/5040/files/pl5_c6336328-4105-4857-90b4-0f28f2ffbf67.png?v=1727781540 | https://cdn.shopify.com/s/files/1/0715/1704/5040/files/pl6_070badc6-5262-4d15-a31d-eee49e113072.png?v=1727781541 | https://cdn.shopify.com/s/files/1/0715/1704/5040/files/pl7_d01ea2d3-cf30-4675-8dc3-93da126480c3.png?v=1727781541,2024-10-01T16:48:46+05:30,2026-09-08T08:56:48+05:30
Crompton,Crompton SensoSafe Gas Hob 3D 60cm 4 Burner,Hobs,"Built-In Gas Hob, Hobs",crompton-sensosafe-gas-hob-3d-60cm-4burner,https://www.crompton.co.in/products/crompton-sensosafe-gas-hob-3d-60cm-4burner,24899.0,24899.0,Color,Midnight black :: SKU=HOB-SS3D604-MBL :: ₹24899.00,8,https://cdn.shopify.com/s/files/1/0715/1704/5040/files/3d_60_3br.png?v=1727936239 | https://cdn.shopify.com/s/files/1/0715/1704/5040/files/pl1_5271e991-8399-459d-bde3-5aca83d29545.png?v=1727780654 | https://cdn.shopify.com/s/files/1/0715/1704/5040/files/ss3d604brpl5.png?v=1727780654 | https://cdn.shopify.com/s/files/1/0715/1704/5040/files/pl2_f077c879-e65a-4c80-a30e-495739f5adae.png?v=1727780654 | https://cdn.shopify.com/s/files/1/0715/1704/5040/files/pl3_8948c4df-f10d-4659-8b6a-0e18e3d4f39c.png?v=1727780654 | https://cdn.shopify.com/s/files/1/0715/1704/5040/files/pl4_8601b6f4-3007-4b6d-9f73-6d6f2b408801.png?v=1727780653 | https://cdn.shopify.com/s/files/1/0715/1704/5040/files/pl6_681e1ef4-0a9b-4f61-9fcf-486d37e93d20.png?v=1727780654 | https://cdn.shopify.com/s/files/1/0715/1704/5040/files/pl7_d8504547-3b17-4105-bdbc-a0444cb43426.png?v=1727780654,2024-10-01T16:33:55+05:30,2026-09-08T08:56:48+05:30
Crompton,Crompton OpTime Gas Hob 90cm 5 Burner,Hobs,"Built-In Gas Hob, Hobs",crompton-optime-gas-hob-90cm-5burner,https://www.crompton.co.in/products/crompton-optime-gas-hob-90cm-5burner,40899.0,40899.0,Color,Midnight black :: SKU=HOB-OPFBTI900-MBL :: ₹40899.00,8,https://cdn.shopify.com/s/files/1/0715/1704/5040/files/HOB_Optime_FB_90cm_5Br_pl_1.png?v=1728017889 | https://cdn.shopify.com/s/files/1/0715/1704/5040/files/p1_c1515731-b551-40f9-b9d9-00f2bb17cc91.png?v=1727777151 | https://cdn.shopify.com/s/files/1/0715/1704/5040/files/p2_569264a3-11dd-4263-9300-ee77681a09e7.png?v=1727777151 | https://cdn.shopify.com/s/files/1/0715/1704/5040/files/p3_96e6bc35-fce4-47a4-a293-63a475586be1.png?v=1727777151 | https://cdn.shopify.com/s/files/1/0715/1704/5040/files/p4_abead802-14b0-4228-87e8-fbe57f743c0f.png?v=1727777151 | https://cdn.shopify.com/s/files/1/0715/1704/5040/files/p5_c378cf48-df77-4832-a234-1ab1cb0ab1a8.png?v=1727777151 | https://cdn.shopify.com/s/files/1/0715/1704/5040/files/p6_1891dc34-1ab3-4f5c-a899-b625d2ac0d8b.png?v=1727777151 | https://cdn.shopify.com/s/files/1/0715/1704/5040/files/p7_c7737010-3304-47cf-856f-9372ca73795b.png?v=1727777151,2024-10-01T15:35:33+05:30,2026-09-08T08:56:48+05:30
Crompton,Crompton OpTime Gas Hob 90cm 4 Burner,Hobs,"Built-In Gas Hob, Hobs",crompton-optime-gas-hob-90cm-4burner,https://www.crompton.co.in/products/crompton-optime-gas-hob-90cm-4burner,36090.0,36090.0,Color,Midnight black :: SKU=HOB-OPFB905TI-MBL :: ₹36090.00,8,https://cdn.shopify.com/s/files/1/0715/1704/5040/files/HOB_Optime_FB_90cm_4Br_Pl_1.png?v=1727930207 | https://cdn.shopify.com/s/files/1/0715/1704/5040/files/p1_1a611236-8a7a-4b0f-a5c0-c70f8181121d.png?v=1727774454 | https://cdn.shopify.com/s/files/1/0715/1704/5040/files/p2_878b5be5-2515-45aa-8d87-a4c1d584eb5b.png?v=1727774454 | https://cdn.shopify.com/s/files/1/0715/1704/5040/files/p4_8790b025-f440-429c-958d-66bf5c4b392c.png?v=1727774454 | https://cdn.shopify.com/s/files/1/0715/1704/5040/files/p5_a9c73dea-b9c0-457e-becd-663f96e6dbad.png?v=1727774454 | https://cdn.shopify.com/s/files/1/0715/1704/5040/files/p6_0cb32b83-2202-4d1f-991d-9f819d80bb2a.png?v=1727774454 | https://cdn.shopify.com/s/files/1/0715/1704/5040/files/p7_e41780c5-abf1-41eb-ab11-8755da74eeb2.png?v=1727774454 | https://cdn.shopify.com/s/files/1/0715/1704/5040/files/p3_8ae516fc-5504-46e1-8651-e6b10da73128.png?v=1727774454,2024-10-01T14:50:08+05:30,2026-09-08T08:56:48+05:30
Crompton,Crompton OpTime Gas Hob 78cm 4 Burner,Hobs,"Built-In Gas Hob, Hobs",crompton-optime-gas-hob-78cm-4burner,https://www.crompton.co.in/products/crompton-optime-gas-hob-78cm-4burner,34890.0,34890.0,Color,Midnight black :: SKU=HOB-OPFB784TI-MBL :: ₹34890.00,8,https://cdn.shopify.com/s/files/1/0715/1704/5040/files/HOB_Optime_FB_78cm_4Br_pl_1.png?v=1727930287 | https://cdn.shopify.com/s/files/1/0715/1704/5040/files/p1_2e9e3e29-257c-4d9e-861b-26937079bbf5.png?v=1727773851 | https://cdn.shopify.com/s/files/1/0715/1704/5040/files/p2_c77457b3-9732-4b71-b1ec-bf6450f20e5d.png?v=1727773851 | https://cdn.shopify.com/s/files/1/0715/1704/5040/files/p3_d9922728-4ba7-4f4c-a388-a5048658178e.png?v=1727773851 | https://cdn.shopify.com/s/files/1/0715/1704/5040/files/p4_6a99ef9b-1c9a-4c23-8369-403f4809c5f2.png?v=1727773851 | https://cdn.shopify.com/s/files/1/0715/1704/5040/files/p5_45da9b1c-886f-4c86-a6c7-5a84e18f3ad2.png?v=1727773851 | https://cdn.shopify.com/s/files/1/0715/1704/5040/files/p6_2141bddc-a632-480f-882e-28392f34bbba.png?v=1727773851 | https://cdn.shopify.com/s/files/1/0715/1704/5040/files/p7_dec9479e-b31a-4cb6-8561-13823f45380b.png?v=1727773851,2024-10-01T14:33:03+05:30,2026-09-08T08:56:48+05:30
Crompton,Crompton SensoSafe Gas Hob 3D 60cm 3 Burner,Hobs,"Built-In Gas Hob, Hobs",crompton-sensosafe-gas-hob-3d-60cm-3burner,https://www.crompton.co.in/products/crompton-sensosafe-gas-hob-3d-60cm-3burner,20899.0,20899.0,Color,Midnight black :: SKU=HOB-SS3D603-MBL :: ₹20899.00,8,https://cdn.shopify.com/s/files/1/0715/1704/5040/files/SensoSafe_3D_60cm_3br_1.png?v=1727932318 | https://cdn.shopify.com/s/files/1/0715/1704/5040/files/pl1_9651e657-ac3b-4470-82a0-704dcf58c255.png?v=1727778246 | https://cdn.shopify.com/s/files/1/0715/1704/5040/files/pl2_7c2f5482-8550-47a0-a79b-8d3ffa3a2edf.png?v=1727778246 | https://cdn.shopify.com/s/files/1/0715/1704/5040/files/pl3_acb4c39c-c7c3-4f2f-b45c-ebbbdefbe886.png?v=1727778246 | https://cdn.shopify.com/s/files/1/0715/1704/5040/files/pl4_51b6bafe-ae94-4895-a5ef-71a4d2289f46.png?v=1727778246 | https://cdn.shopify.com/s/files/1/0715/1704/5040/files/pl5_0322d6b5-a813-4c29-9bac-bce44879440e.png?v=1727778246 | https://cdn.shopify.com/s/files/1/0715/1704/5040/files/pl6_0b30fd35-a084-424e-9d3e-eedf5aa925f5.png?v=1727778246 | https://cdn.shopify.com/s/files/1/0715/1704/5040/files/pl7_bccb2908-3da3-4f31-ab7e-79281802b0a7.png?v=1727778246,2024-10-01T15:53:18+05:30,2026-09-08T08:56:48+05:30
Crompton,Crompton OpTime Gas Hob 78cm 3 Burner,Hobs,"Built-In Gas Hob, Hobs",crompton-optime-gas-hob-78cm-3burner,https://www.crompton.co.in/products/crompton-optime-gas-hob-78cm-3burner,30490.0,30490.0,Color,Midnight black :: SKU=HOB-OPFB783TI-MBL :: ₹30490.00,8,https://cdn.shopify.com/s/files/1/0715/1704/5040/files/HOB_Optime_FB_78cm_3Br_pl_1.png?v=1727930117 | https://cdn.shopify.com/s/files/1/0715/1704/5040/files/p1_1700bc23-a890-48b6-8129-1ece77f95ad5.png?v=1727767764 | https://cdn.shopify.com/s/files/1/0715/1704/5040/files/p2_1d3dfd92-dafc-4897-aa42-ef6c703734c4.png?v=1727767764 | https://cdn.shopify.com/s/files/1/0715/1704/5040/files/p3_bbc1e2f9-9b72-4abf-82ff-8855eaa00eca.png?v=1727767763 | https://cdn.shopify.com/s/files/1/0715/1704/5040/files/p4_ce3ed5d8-78d5-46c5-9f21-7a15a45ca094.png?v=1727767764 | https://cdn.shopify.com/s/files/1/0715/1704/5040/files/p5_18c147a5-708e-4ed6-8dd9-b33d82330ab4.png?v=1727767764 | https://cdn.shopify.com/s/files/1/0715/1704/5040/files/p6_395d1ffc-7625-465b-88e0-66f01a14951c.png?v=1727767764 | https://cdn.shopify.com/s/files/1/0715/1704/5040/files/p7_f4e06869-b632-4fe1-a364-f13fff5bfe32.png?v=1727767763,2024-10-01T12:59:06+05:30,2026-09-08T08:56:48+05:30
Crompton,Crompton OpTime Gas Hob 60cm 4 Burner,Hobs,"Built-In Gas Hob, Hobs",crompton-optime-gas-hob-60cm-4burner,https://www.crompton.co.in/products/crompton-optime-gas-hob-60cm-4burner,32390.0,32390.0,Color,Midnight black :: SKU=HOB-OPFB604TI-MBL :: ₹32390.00,8,https://cdn.shopify.com/s/files/1/0715/1704/5040/files/HOB_Optime_FB_60cm_4Br_PL_1.png?v=1727884490 | https://cdn.shopify.com/s/files/1/0715/1704/5040/files/p1.png?v=1727767074 | https://cdn.shopify.com/s/files/1/0715/1704/5040/files/p2.png?v=1727767074 | https://cdn.shopify.com/s/files/1/0715/1704/5040/files/p3.png?v=1727767074 | https://cdn.shopify.com/s/files/1/0715/1704/5040/files/p4.png?v=1727767074 | https://cdn.shopify.com/s/files/1/0715/1704/5040/files/p5.png?v=1727767074 | https://cdn.shopify.com/s/files/1/0715/1704/5040/files/p6.png?v=1727767074 | https://cdn.shopify.com/s/files/1/0715/1704/5040/files/p7.png?v=1727767074,2024-10-01T12:47:40+05:30,2026-09-08T08:56:48+05:30
Crompton,Crompton IntelliMotion Inclined 60cm Filterless Chimney,Chimneys,"60cm-chimney, Built-In Inclined Chimney, Inclined Chimneys, inclined-chimney",crompton-intellimotion-inclined-60cm-filterless-chimney,https://www.crompton.co.in/products/crompton-intellimotion-inclined-60cm-filterless-chimney,31699.0,31699.0,Color,Midnight black :: SKU=CHD-IMI60FLE-MBL :: ₹31699.00,8,https://cdn.shopify.com/s/files/1/0715/1704/5040/files/IntelliMotionInclined60FltlessMBlk01.png?v=1727772943 | https://cdn.shopify.com/s/files/1/0715/1704/5040/files/Desktop_and_Phone_PL_1_7898e279-801d-4b9c-a558-87155ec64849.jpg?v=1738850928 | https://cdn.shopify.com/s/files/1/0715/1704/5040/files/IntelliMotion_Inclined60_Fltless_PL_3.png?v=1738850928 | https://cdn.shopify.com/s/files/1/0715/1704/5040/files/pl3_7f7ba9cb-5987-4ba1-9fa6-f4e79cdef153.png?v=1738850928 | https://cdn.shopify.com/s/files/1/0715/1704/5040/files/Desktop_and_Phone_PL_2_b0715fa3-792e-4686-af44-3c7ed43527df.jpg?v=1738850928 | https://cdn.shopify.com/s/files/1/0715/1704/5040/files/pl6_e9f31177-f1f0-4bc9-a976-46209f40db96.png?v=1738850928 | https://cdn.shopify.com/s/files/1/0715/1704/5040/files/pl7_937ce05d-2c8a-4768-868e-9101de497850.png?v=1738850928 | https://cdn.shopify.com/s/files/1/0715/1704/5040/files/pl8_8f2f4d2c-62b7-40f2-bb18-9227bde5e998.png?v=1738850928,2024-10-01T11:59:38+05:30,2026-09-08T08:56:48+05:30
Crompton,Crompton IntelliMotion Curved 90cm Baffle Filter Chimney,Chimneys,"90cm-chimney, baffle-filter, Curved Chimneys, curved-chimney, ductless-chimney, suction-low-1500",crompton-intellimotion-curved-90-cm-baffle-filter-chimney,https://www.crompton.co.in/products/crompton-intellimotion-curved-90-cm-baffle-filter-chimney,27290.0,27290.0,Color,Midnight black :: SKU=CHD-IMC90BFA-MBL :: ₹27290.00,8,https://cdn.shopify.com/s/files/1/0715/1704/5040/files/HOOD_Intellimotion_curv90_baff_MBLK_SKU_No.3__01.png?v=1727788123 | https://cdn.shopify.com/s/files/1/0715/1704/5040/files/Artboard1_5911a6b4-a0ea-4650-ab4d-e52f497756bf.png?v=1727786959 | https://cdn.shopify.com/s/files/1/0715/1704/5040/files/Intellimotion_curv90_baff_PL_3.png?v=1728475461 | https://cdn.shopify.com/s/files/1/0715/1704/5040/files/pl3_148cf754-83e4-4f1c-aba7-7ac240e444dd.png?v=1727786960 | https://cdn.shopify.com/s/files/1/0715/1704/5040/files/pl4_0227b94b-d5b2-445e-9eb8-ecf1dc3a6f5d.png?v=1727786960 | https://cdn.shopify.com/s/files/1/0715/1704/5040/files/pl5_66d783ad-8f27-4e0f-9c42-caaa39cad456.png?v=1727786960 | https://cdn.shopify.com/s/files/1/0715/1704/5040/files/pl6_77208d9d-8eb1-47ce-b5e1-e61a22432458.png?v=1727786959 | https://cdn.shopify.com/s/files/1/0715/1704/5040/files/pl7_d9ef2baf-4a00-4033-a349-d6de54f5c1b6.png?v=1727786960,2023-12-07T18:11:40+05:30,2026-09-08T08:56:48+05:30
Crompton,Crompton IntelliMotion Curved 90cm Filterless Chimney,Chimneys,"90cm-chimney, Built-In Curved Chimney, Curved Chimneys, curved-chimney",crompton-intellimotion-curved-90-cm-filterless-chimney,https://www.crompton.co.in/products/crompton-intellimotion-curved-90-cm-filterless-chimney,28499.0,28499.0,Color,Midnight black :: SKU=CHD-IMC90FLE-MBL :: ₹28499.00,8,https://cdn.shopify.com/s/files/1/0715/1704/5040/files/CHD-IMC90FLE-MBL_CK_HOOD_IntelliMotion_Curv90_Fltless_Mblk_Angel01.png?v=1727787839 | https://cdn.shopify.com/s/files/1/0715/1704/5040/files/Intellimotion_Curve_Suction_Value_Change-1.jpg?v=1773909661 | https://cdn.shopify.com/s/files/1/0715/1704/5040/files/Intellimotion_curv90_fltless_PL_3.png?v=1773909661 | https://cdn.shopify.com/s/files/1/0715/1704/5040/files/pl3_744fbb6e-4241-4533-9cb4-232db87a3911.png?v=1773909661 | https://cdn.shopify.com/s/files/1/0715/1704/5040/files/Intellimotion_Curve_Suction_Value_Change.jpg?v=1773909661 | https://cdn.shopify.com/s/files/1/0715/1704/5040/files/Intellimotion_Curve_Suction_Feature_Add.jpg?v=1773909668 | https://cdn.shopify.com/s/files/1/0715/1704/5040/files/pl6_c73187fa-bf99-4b8b-b628-ad96097a8e7a.png?v=1773909668 | https://cdn.shopify.com/s/files/1/0715/1704/5040/files/pl7_2b66030b-f440-42c4-bff5-96af7071bb83.png?v=1773909661,2024-10-01T11:44:31+05:30,2026-09-08T08:56:48+05:30
Crompton,Crompton IntelliMotion Curved 60cm Filterless Chimney,Chimneys,"90cm-chimney, Built-In Curved Chimney, Curved Chimneys, curved-chimney",crompton-intellimotion-curved-60-cm-filterless-chimney,https://www.crompton.co.in/products/crompton-intellimotion-curved-60-cm-filterless-chimney,25499.0,25499.0,Color,Midnight black :: SKU=CHD-IMC60FLE-MBL :: ₹25499.00,8,https://cdn.shopify.com/s/files/1/0715/1704/5040/files/CHD-IMC60FLE-MBL_CK_HOOD_IntelliMotion_Curv60_Fltless_MBlk_01.png?v=1727788225 | https://cdn.shopify.com/s/files/1/0715/1704/5040/files/Intellimotion_Curve_60cm_Suction_Value_Change.jpg?v=1773926158 | https://cdn.shopify.com/s/files/1/0715/1704/5040/files/IntelliMotion_Curv60_Fltless_PL_2.png?v=1773926158 | https://cdn.shopify.com/s/files/1/0715/1704/5040/files/pl3_829ca3ae-29c3-4bf9-9cc6-5f350ebaa9bd.png?v=1773926158 | https://cdn.shopify.com/s/files/1/0715/1704/5040/files/Intellimotion_Curve_60cm_Suction_Value_Change_e93bed60-8a5d-40e4-bf89-63ae789620bc.jpg?v=1773926158 | https://cdn.shopify.com/s/files/1/0715/1704/5040/files/Intellimotion_Curve_Suction_Feature_Add_PL.jpg?v=1773928819 | https://cdn.shopify.com/s/files/1/0715/1704/5040/files/pl6_a47adb2f-f2db-445c-ae4a-db14d6d0a2bc.png?v=1773928819 | https://cdn.shopify.com/s/files/1/0715/1704/5040/files/pl7_313b4060-8d67-4c21-b839-d51cf5d5e913.png?v=1773928819,2024-10-01T11:17:24+05:30,2026-09-08T08:56:48+05:30
Crompton,Crompton IntelliMotion Inclined 90cm Filterless Chimney,Chimneys,"90cm-chimney, Built-In Inclined Chimney, Inclined Chimneys, inclined-chimney",crompton-intellimotion-inclined-90cm-filterless-chimney,https://www.crompton.co.in/products/crompton-intellimotion-inclined-90cm-filterless-chimney,34899.0,34899.0,Color,Midnight black :: SKU=CHD-IMI90FLE-MBL :: ₹34899.00,8,https://cdn.shopify.com/s/files/1/0715/1704/5040/files/intl_incl_90_fltrls.png?v=1727883635 | https://cdn.shopify.com/s/files/1/0715/1704/5040/files/pl1_560bb76b-c551-4070-9a33-ad60a070669c.png?v=1727765203 | https://cdn.shopify.com/s/files/1/0715/1704/5040/files/IntelliMotion_Inclined90_Fltless_PL_3.png?v=1728475796 | https://cdn.shopify.com/s/files/1/0715/1704/5040/files/pl3_347b7599-496d-4708-ba84-b98787940759.png?v=1727765203 | https://cdn.shopify.com/s/files/1/0715/1704/5040/files/pl4_75fafdd6-12bb-499b-8d7d-9dc6077e9923.png?v=1727765203 | https://cdn.shopify.com/s/files/1/0715/1704/5040/files/pl5_e118a461-73ac-427e-8ea2-1744ac96d87d.png?v=1727765203 | https://cdn.shopify.com/s/files/1/0715/1704/5040/files/pl6_9cc1e008-5fbb-49bb-962b-5186127c17f2.png?v=1727765203 | https://cdn.shopify.com/s/files/1/0715/1704/5040/files/pl7_7d5c5445-f430-4d9a-a4aa-7a9dc3b1e50f.png?v=1727765203,2024-10-01T12:14:53+05:30,2026-09-08T08:56:48+05:30
Crompton,Crompton Versa Storage Water Heater,Storage Water Heaters,"Storage Water Heaters, type-storage-geysers",crompton-versa-storage-water-heater,https://www.crompton.co.in/products/crompton-versa-storage-water-heater,9500.0,13200.0,"Color, Capacity",White/6-L :: SKU=ASWH-3506 :: ₹9500.00 | White/10-L :: SKU=ASWH-3510 :: ₹10700.00 | White/15-L :: SKU=ASWH-3515 :: ₹11900.00 | White/25-L :: SKU=ASWH-3525 :: ₹13200.00,7,https://cdn.shopify.com/s/files/1/0715/1704/5040/files/PLheaterVersa0.png?v=1727695641 | https://cdn.shopify.com/s/files/1/0715/1704/5040/files/PLheaterVersa1.jpg?v=1727695641 | https://cdn.shopify.com/s/files/1/0715/1704/5040/files/PLheaterVersa2.jpg?v=1727695641 | https://cdn.shopify.com/s/files/1/0715/1704/5040/files/PLheaterVersa3.jpg?v=1727695641 | https://cdn.shopify.com/s/files/1/0715/1704/5040/files/PLheaterVersa4.jpg?v=1727695641 | https://cdn.shopify.com/s/files/1/0715/1704/5040/files/PLheaterVersa5.jpg?v=1727695641 | https://cdn.shopify.com/s/files/1/0715/1704/5040/files/PLheaterVersa6.jpg?v=1727695642,2024-09-30T16:55:22+05:30,2026-09-08T08:56:48+05:30
Crompton,"Crompton Rapidjet 5-Litre, 3000W Instant Water Heater",Instant Water Heaters,Instant Water Heater,crompton-rapidjet-5-litre-3000w-instant-water-heater,https://www.crompton.co.in/products/crompton-rapidjet-5-litre-3000w-instant-water-heater,7299.0,7299.0,Color,White :: SKU=AIWH-5LRPIDJT3KW5Y :: ₹7299.00,5,https://cdn.shopify.com/s/files/1/0715/1704/5040/files/PLrapidjet_0.png?v=1727690607 | https://cdn.shopify.com/s/files/1/0715/1704/5040/files/PLrapidjet_1.jpg?v=1727690607 | https://cdn.shopify.com/s/files/1/0715/1704/5040/files/PLrapidjet_2.jpg?v=1727690607 | https://cdn.shopify.com/s/files/1/0715/1704/5040/files/PLrapidjet_3.jpg?v=1727690607 | https://cdn.shopify.com/s/files/1/0715/1704/5040/files/PLrapidjet_4.jpg?v=1727690607,2024-09-30T15:28:45+05:30,2026-09-08T08:56:48+05:30
Crompton,Crompton Powerbox Alpha SU Extension Board 6A - White,Extension Board,Extension Board,crompton-powerbox-alpha-su-extension-board-6a-white,https://www.crompton.co.in/products/crompton-powerbox-alpha-su-extension-board-6a-white,1499.0,1499.0,Color,White :: SKU=LEDPB-ALPHA-SU :: ₹1499.00,5,https://cdn.shopify.com/s/files/1/0715/1704/5040/files/su_b82f32da-e931-400e-a311-9b42c2bcb742.png?v=1723109933 | https://cdn.shopify.com/s/files/1/0715/1704/5040/files/Artboardalpha-su-pl-1.png?v=1722852597 | https://cdn.shopify.com/s/files/1/0715/1704/5040/files/Artboard2_7.png?v=1722852597 | https://cdn.shopify.com/s/files/1/0715/1704/5040/files/Artboard3_7.png?v=1722852597 | https://cdn.shopify.com/s/files/1/0715/1704/5040/files/alpha-su-_1.jpg?v=1724740766,2024-08-05T15:34:49+05:30,2026-09-08T08:56:48+05:30
Crompton,Crompton Powerbox Alpha S Extension Board 6A - White,Extension Board,Extension Board,crompton-powerbox-alpha-s-extension-board-6a-white,https://www.crompton.co.in/products/crompton-powerbox-alpha-s-extension-board-6a-white,799.0,799.0,Color,White :: SKU=LEDPB-ALPHA-S :: ₹799.00,5,https://cdn.shopify.com/s/files/1/0715/1704/5040/files/alpha-s_15f5e112-bd86-472a-bd51-9110f32d6110.png?v=1723109856 | https://cdn.shopify.com/s/files/1/0715/1704/5040/files/Artboard1_6.png?v=1722851865 | https://cdn.shopify.com/s/files/1/0715/1704/5040/files/Artboard2_6.png?v=1722851865 | https://cdn.shopify.com/s/files/1/0715/1704/5040/files/Artboard3_6.png?v=1722851865 | https://cdn.shopify.com/s/files/1/0715/1704/5040/files/alph-s.jpg?v=1724741086,2024-08-05T15:27:12+05:30,2026-09-08T08:56:48+05:30
Crompton,Crompton Powerbox Alpha WX Extension Board 6A - White,Extension Board,Extension Board,crompton-powerbox-alpha-wx-extension-board-6a-white,https://www.crompton.co.in/products/crompton-powerbox-alpha-wx-extension-board-6a-white,699.0,699.0,Color,White :: SKU=LEDPB-ALPHA-WX :: ₹699.00,5,https://cdn.shopify.com/s/files/1/0715/1704/5040/files/wx_0bc4ab88-8b4d-4a70-8f42-dc3ff44b5f92.png?v=1723109712 | https://cdn.shopify.com/s/files/1/0715/1704/5040/files/Artboard1_5.png?v=1722850847 | https://cdn.shopify.com/s/files/1/0715/1704/5040/files/Artboard2_5_54c3821e-66ed-458e-8be0-3adbc29f0f7a.png?v=1722850847 | https://cdn.shopify.com/s/files/1/0715/1704/5040/files/Artboard3_5.png?v=1722850847 | https://cdn.shopify.com/s/files/1/0715/1704/5040/files/wx.jpg?v=1724741280,2024-08-05T15:10:13+05:30,2026-09-08T08:56:48+05:30
Crompton,Crompton Powerbox Alpha CU Extension Board 6A - White,Extension Board,Extension Board,crompton-powerbox-alpha-cu-extension-board-6a-white,https://www.crompton.co.in/products/crompton-powerbox-alpha-cu-extension-board-6a-white,999.0,999.0,Color,White :: SKU=LEDPB-ALPHA-CU :: ₹999.00,5,https://cdn.shopify.com/s/files/1/0715/1704/5040/files/alpha-cu.png?v=1723110159 | https://cdn.shopify.com/s/files/1/0715/1704/5040/files/Artboard-1-_8.png?v=1721034671 | https://cdn.shopify.com/s/files/1/0715/1704/5040/files/Artboard2_9.png?v=1721034671 | https://cdn.shopify.com/s/files/1/0715/1704/5040/files/Artboard3_9.png?v=1721034671 | https://cdn.shopify.com/s/files/1/0715/1704/5040/files/cu.jpg?v=1724741208,2024-07-15T14:37:37+05:30,2026-09-08T08:56:48+05:30
Crompton,Crompton Powerbox Alpha C Extension Board 6A - White,Extension Board,Extension Board,crompton-powerbox-alpha-c-extension-board-6a-white,https://www.crompton.co.in/products/crompton-powerbox-alpha-c-extension-board-6a-white,999.0,999.0,Color,White :: SKU=LEDPB-ALPHA-C :: ₹999.00,5,https://cdn.shopify.com/s/files/1/0715/1704/5040/files/alpha-c.png?v=1723110012 | https://cdn.shopify.com/s/files/1/0715/1704/5040/files/Artboard1.jpg?v=1721029116 | https://cdn.shopify.com/s/files/1/0715/1704/5040/files/Artboard2.jpg?v=1721029116 | https://cdn.shopify.com/s/files/1/0715/1704/5040/files/Artboard3.jpg?v=1721029116 | https://cdn.shopify.com/s/files/1/0715/1704/5040/files/alph-c.jpg?v=1724741369,2024-07-15T13:07:32+05:30,2026-09-08T08:56:48+05:30
Crompton,Crompton Powerbox Alpha LITE Extension Board 6A - White,Extension Board,Extension Board,crompton-powerbox-alpha-lite-extension-board-6a-white,https://www.crompton.co.in/products/crompton-powerbox-alpha-lite-extension-board-6a-white,699.0,699.0,Color,White :: SKU=LEDPB-ALPHA-LITE :: ₹699.00,5,https://cdn.shopify.com/s/files/1/0715/1704/5040/files/alpha-lite.png?v=1723109780 | https://cdn.shopify.com/s/files/1/0715/1704/5040/files/alpha-lite-pl-1_1_1.png?v=1721028462 | https://cdn.shopify.com/s/files/1/0715/1704/5040/files/alpha-lite-pl-2_1.jpg?v=1721028461 | https://cdn.shopify.com/s/files/1/0715/1704/5040/files/alpha-lite-pl-3_1.jpg?v=1721028461 | https://cdn.shopify.com/s/files/1/0715/1704/5040/files/alph-lite.jpg?v=1724740831,2024-07-15T12:51:44+05:30,2026-09-08T08:56:48+05:30
Crompton,Crompton Powerbox Alpha BX Extension Board 6A - Black,Extension Board,Extension Board,crompton-powerbox-alpha-bx-extension-board-6a-black,https://www.crompton.co.in/products/crompton-powerbox-alpha-bx-extension-board-6a-black,699.0,699.0,Color,Black :: SKU=LEDPB-ALPHA-BX :: ₹699.00,5,https://cdn.shopify.com/s/files/1/0715/1704/5040/files/bx_e7a9bae6-68f4-4321-9238-1efeb7366855.png?v=1723109665 | https://cdn.shopify.com/s/files/1/0715/1704/5040/files/Artboard1_5ed72e61-bc17-48f4-bc9c-410a973a0945.png?v=1721024852 | https://cdn.shopify.com/s/files/1/0715/1704/5040/files/Artboard2_1.png?v=1721024851 | https://cdn.shopify.com/s/files/1/0715/1704/5040/files/Artboard3_1.png?v=1721024851 | https://cdn.shopify.com/s/files/1/0715/1704/5040/files/bx_87ee43e5-7e92-4515-94fe-c4d03304bff7.jpg?v=1724741137,2024-07-15T11:56:57+05:30,2026-09-08T08:56:48+05:30
Crompton,"Crompton Solarium CLX, 2000W Storage Water Heater",Storage Water Heaters,Storage Water Heaters,crompton-solarium-clx-2000w-storage-water-heater,https://www.crompton.co.in/products/crompton-solarium-clx-2000w-storage-water-heater,11700.0,14200.0,"Color, Capacity",White & Purple/25-L :: SKU=ASWH-4925 :: ₹14200.00 | White & Purple/15-L :: SKU=ASWH-4915 :: ₹12900.00 | White & Purple/10-L :: SKU=ASWH-4910 :: ₹11700.00,7,https://cdn.shopify.com/s/files/1/0715/1704/5040/files/PLBanner1_d0f9a122-06c4-4c4e-87cf-7964be8cfbb2.png?v=1769598197 | https://cdn.shopify.com/s/files/1/0715/1704/5040/files/PLBanner2_7c147b2b-04d2-4527-9a77-023d0517363f.jpg?v=1769598197 | https://cdn.shopify.com/s/files/1/0715/1704/5040/files/PLBanner3_0b6aca17-3340-4f32-9da0-4a7e0f8d5db0.jpg?v=1769598197 | https://cdn.shopify.com/s/files/1/0715/1704/5040/files/PLBanner4_4d4eb1bb-50bc-4112-806a-11cd43947ecb.jpg?v=1769598197 | https://cdn.shopify.com/s/files/1/0715/1704/5040/files/PLBanner5_b4931046-05b4-4625-96ed-eb07499396f6.jpg?v=1769598197 | https://cdn.shopify.com/s/files/1/0715/1704/5040/files/PLBanner6_93322762-0eb5-4bd3-b18a-36cddb5fc7b8.jpg?v=1769598197 | https://cdn.shopify.com/s/files/1/0715/1704/5040/files/PLBanner7_0971e276-4fd4-4829-8024-ffff4b0a4882.jpg?v=1769598197,2024-07-31T12:13:49+05:30,2026-09-08T08:56:48+05:30
Crompton,"Crompton Amica Pro, 5 Star Rated Storage Water Heater",Storage Water Heaters,"Storage Water Heaters, type-storage-geysers",crompton-amica-pro-5-star-rated-storage-water-heater,https://www.crompton.co.in/products/crompton-amica-pro-5-star-rated-storage-water-heater,10900.0,13200.0,"Color, Capacity",White and Blue/10-L :: SKU=ASWH-5210 :: ₹10900.00 | White and Blue/15-L :: SKU=ASWH-5215 :: ₹12000.00 | White and Blue/25-L :: SKU=ASWH-5225 :: ₹13200.00,6,https://cdn.shopify.com/s/files/1/0715/1704/5040/files/Untitled-2_794fca91-f597-4ce5-9170-20d64f32b4bc.png?v=1717390564 | https://cdn.shopify.com/s/files/1/0715/1704/5040/files/1_1_98230d89-6074-4c7c-84b0-eda33a679bb0.png?v=1718023157 | https://cdn.shopify.com/s/files/1/0715/1704/5040/files/2______1.png?v=1718023157 | https://cdn.shopify.com/s/files/1/0715/1704/5040/files/3_1_b83ef90e-001e-4546-97f1-b67bd72ff82f.png?v=1718023157 | https://cdn.shopify.com/s/files/1/0715/1704/5040/files/4___1.png?v=1718023157 | https://cdn.shopify.com/s/files/1/0715/1704/5040/files/5_1.png?v=1718023157,2024-05-16T15:05:53+05:30,2026-09-08T08:56:48+05:30
Crompton,Crompton Ameo Pro 750W 4 Jar Mixer Grinder,Mixers & Grinders,"Mixer Grinder, type-wet-grind",crompton-ameo-pro-750w-4-jar-mixer-grinder,https://www.crompton.co.in/products/crompton-ameo-pro-750w-4-jar-mixer-grinder,7100.0,7100.0,Color,blue :: SKU=ACGM-AMEO-PRO 4J :: ₹7100.00,5,https://cdn.shopify.com/s/files/1/0715/1704/5040/files/Untitled-2_1.png?v=1715851525 | https://cdn.shopify.com/s/files/1/0715/1704/5040/files/1_1_1.jpg?v=1715851525 | https://cdn.shopify.com/s/files/1/0715/1704/5040/files/2_1_1_3876893e-9894-4b89-b0b8-3563a03e4335.jpg?v=1715851525 | https://cdn.shopify.com/s/files/1/0715/1704/5040/files/4.jpg?v=1717391018 | https://cdn.shopify.com/s/files/1/0715/1704/5040/files/4_1.jpg?v=1717391018,2024-05-16T14:51:40+05:30,2026-09-08T08:56:48+05:30
Crompton,Crompton Ameo Pro 750W Mixer Grinder 3 Jar,Mixers & Grinders,"type-wet-grind, Wet Grinder",crompton-ameo-pro-750w-mixer-grinder-3-jar,https://www.crompton.co.in/products/crompton-ameo-pro-750w-mixer-grinder-3-jar,6600.0,6600.0,Color,blue :: SKU=ACGM-AMEO-PRO 3J :: ₹6600.00,5,https://cdn.shopify.com/s/files/1/0715/1704/5040/files/TransparentImage.png?v=1717391578 | https://cdn.shopify.com/s/files/1/0715/1704/5040/files/1_ce0b03f1-7b83-4379-8cd2-7b47d801fa4f.jpg?v=1717391578 | https://cdn.shopify.com/s/files/1/0715/1704/5040/files/2_df51c353-9edd-47b9-8900-e40fdc8f957b.jpg?v=1717391578 | https://cdn.shopify.com/s/files/1/0715/1704/5040/files/3.jpg?v=1717391578 | https://cdn.shopify.com/s/files/1/0715/1704/5040/files/4_1_f1f24fb0-e049-4bdd-9e62-1f2dbf3f09d8.jpg?v=1717391578,2024-05-16T14:34:50+05:30,2026-09-08T08:56:48+05:30
Crompton,"Crompton Duroelite Plus 800W, Mixer Grinder, 4 Jars",Mixers & Grinders,"4jars, Mixer Grinder",crompton-duroelite-plus-800w-mixer-grinder-4-jars,https://www.crompton.co.in/products/crompton-duroelite-plus-800w-mixer-grinder-4-jars,7100.0,7100.0,Color,Blue and Black :: SKU=ACGM-DUROELITE PLUS :: ₹7100.00,5,https://cdn.shopify.com/s/files/1/0715/1704/5040/files/png_1c719a35-26b9-4cf2-86e1-d8937d14b5b7.png?v=1715339050 | https://cdn.shopify.com/s/files/1/0715/1704/5040/files/Artboard1_1_1.png?v=1715339050 | https://cdn.shopify.com/s/files/1/0715/1704/5040/files/Artboard3_1_1.png?v=1715339050 | https://cdn.shopify.com/s/files/1/0715/1704/5040/files/Artboard4_1_1.png?v=1715339050 | https://cdn.shopify.com/s/files/1/0715/1704/5040/files/Artboard-2_2.png?v=1715339050,2024-05-10T16:12:24+05:30,2026-09-08T08:56:48+05:30
Crompton,MBQ22-1PH-14,Agricultural Pumps,"1PH, agricultural, CENTRIFUGAL MONOBLOC, Centrifugal Monobloc Pump, discharge_1020, discharge_400, discharge_640, discharge_845, head_12, head_14, head_6, head_9, hp_2, OPEN WATER STORAGE/ WELL/ UNDERGROUND RESERVOIR, pipesize_80X80, Unit_LPM",mbq22-1ph-14,https://www.crompton.co.in/products/mbq22-1ph-14,24775.0,24775.0,Color,Blue :: SKU=MBQ22-1PH-14 :: ₹24775.00,6,https://cdn.shopify.com/s/files/1/0715/1704/5040/files/Untitled-1_5aa81c1c-554d-4098-a1e6-9e0da280f8b5.png?v=1704195437 | https://cdn.shopify.com/s/files/1/0715/1704/5040/files/MBG12_3PHASE_PL1_1_539379f7-c67d-4cd7-ba9f-0402eb99e146.jpg?v=1704195437 | https://cdn.shopify.com/s/files/1/0715/1704/5040/files/MBG12_3PHASE_PL2_1_7b6fa843-07bb-4234-94a4-34028ed204db.jpg?v=1704195437 | https://cdn.shopify.com/s/files/1/0715/1704/5040/files/MBG12_3PHASE_PL3_1_8e45f67f-ce00-40c5-9a79-7484df363509.jpg?v=1704195437 | https://cdn.shopify.com/s/files/1/0715/1704/5040/files/MBG12_3PHASE_PL4_1_ad72dcff-da0b-4b78-9a79-d3430f6fd7a6.jpg?v=1704195437 | https://cdn.shopify.com/s/files/1/0715/1704/5040/files/MBG12_3PHASE_PL5_1_bbacb7fc-dfe5-4666-9bb0-7824027badf3.jpg?v=1704195437,2024-01-02T17:06:38+05:30,2026-09-08T08:56:48+05:30
Crompton,MIP7.52-30,Agricultural Pumps,"3PH, agricultural, CENTRIFUGAL MONOBLOC, Centrifugal Monobloc Pump, discharge_1080, discharge_825, discharge_900, discharge_970, head_21, head_24, head_27, head_30, hp_7.5, OPEN WATER STORAGE/ WELL/ UNDERGROUND RESERVOIR, pipesize_80X65, Unit_LPM",mip7-52-30,https://www.crompton.co.in/products/mip7-52-30,70125.0,70125.0,Color,Blue :: SKU=MIP7.52-30 :: ₹70125.00,6,https://cdn.shopify.com/s/files/1/0715/1704/5040/files/1_f05841be-5a6d-4818-b599-2d3b9fd16508.png?v=1704194766 | https://cdn.shopify.com/s/files/1/0715/1704/5040/files/MBK22_1PH_-24PumpPL1_b2e59cf6-800c-4818-a160-fb4d43788110.jpg?v=1704194766 | https://cdn.shopify.com/s/files/1/0715/1704/5040/files/MBK22_1PH_-24PumpPL2_2b57951d-4592-45c4-98e9-ce04e9708f26.jpg?v=1704194766 | https://cdn.shopify.com/s/files/1/0715/1704/5040/files/MBK22_1PH_-24PumpPL3_0c86b0af-4490-4f2b-a40a-aab9feb7dcf1.jpg?v=1704194767 | https://cdn.shopify.com/s/files/1/0715/1704/5040/files/MBK22_1PH_-24PumpPL4_8256c294-c79e-4ced-9ffa-f300ae1b7adf.jpg?v=1704194767 | https://cdn.shopify.com/s/files/1/0715/1704/5040/files/MBK22_1PH_-24PumpPL5_5972ef17-9964-4bd2-852d-2fe37c97cc9f.jpg?v=1704194767,2024-01-02T16:55:54+05:30,2026-09-08T08:56:48+05:30
Crompton,MINH52-30,Agricultural Pumps,"3PH, agricultural, CENTRIFUGAL MONOBLOC, Centrifugal Monobloc Pump, discharge_250, discharge_525, discharge_665, discharge_750, discharge_825, discharge_860, head_15, head_18, head_21, head_24, head_27, head_30, hp_5, OPEN WATER STORAGE/ WELL/ UNDERGROUND RESERVOIR, pipesize_65X50, Unit_LPM",minh52-30,https://www.crompton.co.in/products/minh52-30,44100.0,44100.0,Color,Blue :: SKU=MINH52-30 :: ₹44100.00,6,https://cdn.shopify.com/s/files/1/0715/1704/5040/files/1_ea250116-b2e8-4d63-b70d-57c722d3d8fc.png?v=1704194199 | https://cdn.shopify.com/s/files/1/0715/1704/5040/files/MBK22_1PH_-24PumpPL1_8d320614-3740-4c58-94a3-5b9367bfcdc7.jpg?v=1704194200 | https://cdn.shopify.com/s/files/1/0715/1704/5040/files/MBK22_1PH_-24PumpPL2_b74af262-de93-441e-b422-12b2c3c53387.jpg?v=1704194200 | https://cdn.shopify.com/s/files/1/0715/1704/5040/files/MBK22_1PH_-24PumpPL3_3d0f17fe-c083-4cd5-843d-9e8b8b061a12.jpg?v=1704194200 | https://cdn.shopify.com/s/files/1/0715/1704/5040/files/MBK22_1PH_-24PumpPL4_fc8925f3-6e88-43a3-b012-7f3f367a0885.jpg?v=1704194200 | https://cdn.shopify.com/s/files/1/0715/1704/5040/files/MBK22_1PH_-24PumpPL5_80b6a705-a721-4da3-adfb-63ba1dc5fa54.jpg?v=1704194200,2024-01-02T16:46:28+05:30,2026-09-08T08:56:48+05:30
Crompton,MIP52-27,Agricultural Pumps,"3PH, agricultural, CENTRIFUGAL MONOBLOC, Centrifugal Monobloc Pump, discharge_450, discharge_620, discharge_740, discharge_850, head_18, head_21, head_24, head_27, hp_5, OPEN WATER STORAGE/ WELL/ UNDERGROUND RESERVOIR, pipesize_80X65, Unit_LPM",mip52-27,https://www.crompton.co.in/products/mip52-27,52625.0,52625.0,Color,Blue :: SKU=MIP52-27 :: ₹52625.00,6,https://cdn.shopify.com/s/files/1/0715/1704/5040/files/1_d17ca48b-9dfc-4186-87e7-c3cbcabdae53.png?v=1704193205 | https://cdn.shopify.com/s/files/1/0715/1704/5040/files/MBK22_1PH_-24PumpPL1_f51c9a96-a9c8-481a-b527-1aef20f4154b.jpg?v=1704193206 | https://cdn.shopify.com/s/files/1/0715/1704/5040/files/MBK22_1PH_-24PumpPL2_85bad576-0ce9-4834-8851-d6872b0b320c.jpg?v=1704193206 | https://cdn.shopify.com/s/files/1/0715/1704/5040/files/MBK22_1PH_-24PumpPL3_c66c24f2-52ed-4549-bbfb-15a97d10df6f.jpg?v=1704193206 | https://cdn.shopify.com/s/files/1/0715/1704/5040/files/MBK22_1PH_-24PumpPL4_250fcb34-9782-439b-879d-263cae7c8403.jpg?v=1704193206 | https://cdn.shopify.com/s/files/1/0715/1704/5040/files/MBK22_1PH_-24PumpPL5_44b83246-f051-42b9-ac7c-90f7d879dee7.jpg?v=1704193206,2024-01-02T16:29:54+05:30,2026-09-08T08:56:48+05:30
Crompton,MIN32-26,Agricultural Pumps,"3PH, agricultural, CENTRIFUGAL MONOBLOC, Centrifugal Monobloc Pump, discharge_165, discharge_300, discharge_380, discharge_500, discharge_540, head_12, head_15, head_21, head_24, head_26, hp_3, OPEN WATER STORAGE/ WELL/ UNDERGROUND RESERVOIR, pipesize_65X50, Unit_LPM",min32-26,https://www.crompton.co.in/products/min32-26,40275.0,40275.0,Color,Blue :: SKU=MIN32-26 :: ₹40275.00,6,https://cdn.shopify.com/s/files/1/0715/1704/5040/files/1_7ec22af3-c47b-4cfe-9a21-3110a108c2f4.png?v=1704169895 | https://cdn.shopify.com/s/files/1/0715/1704/5040/files/MBK22_1PH_-24PumpPL1_d50d31a6-ec70-4b05-b371-5a3ac1c57a94.jpg?v=1704169902 | https://cdn.shopify.com/s/files/1/0715/1704/5040/files/MBK22_1PH_-24PumpPL2_d24263ec-eaeb-468d-a356-025fda19f0ae.jpg?v=1704169903 | https://cdn.shopify.com/s/files/1/0715/1704/5040/files/MBK22_1PH_-24PumpPL3_23158f6c-b078-442b-9bd4-c1a17cc86d32.jpg?v=1704169903 | https://cdn.shopify.com/s/files/1/0715/1704/5040/files/MBK22_1PH_-24PumpPL4_8582376d-39ab-47ac-86f9-cfd6f7861d11.jpg?v=1704169902 | https://cdn.shopify.com/s/files/1/0715/1704/5040/files/MBK22_1PH_-24PumpPL5_ad7d1a4e-7556-4b89-b42a-a5d9f57a61b9.jpg?v=1704169903,2024-01-02T09:59:44+05:30,2026-09-08T08:56:48+05:30
Crompton,MBG1.52,Agricultural Pumps,"3PH, agricultural, CENTRIFUGAL MONOBLOC, Centrifugal Monobloc Pump, discharge_115, discharge_140, discharge_165, discharge_175, discharge_50, head_15, head_18, head_21, head_24, head_28.5, hp_1.5, OPEN WATER STORAGE/ WELL/ UNDERGROUND RESERVOIR, pipesize_40X32, Unit_LPM",mbg1-52,https://www.crompton.co.in/products/mbg1-52,22750.0,22750.0,Color,Blue :: SKU=MBG1.52 :: ₹22750.00,6,https://cdn.shopify.com/s/files/1/0715/1704/5040/files/Untitled-1_3e73c59d-b235-4fbc-b029-9128c5ee35d7.png?v=1702988573 | https://cdn.shopify.com/s/files/1/0715/1704/5040/files/MBG12_3PHASE_PL1_1_af88a77b-952f-42c9-9fcd-636300586a9b.jpg?v=1702988573 | https://cdn.shopify.com/s/files/1/0715/1704/5040/files/MBG12_3PHASE_PL2_1_b81329be-5a64-44ce-87a9-0abe0a9f628f.jpg?v=1702988573 | https://cdn.shopify.com/s/files/1/0715/1704/5040/files/MBG12_3PHASE_PL3_1_4d4bb500-cd07-4f29-9be6-3faf1f5dabb7.jpg?v=1702988573 | https://cdn.shopify.com/s/files/1/0715/1704/5040/files/MBG12_3PHASE_PL4_1_484eee45-c46f-4178-8f1c-1f76ac1a75cc.jpg?v=1702988573 | https://cdn.shopify.com/s/files/1/0715/1704/5040/files/MBG12_3PHASE_PL5_1_8a815b22-ff31-4447-838f-6f0a2a480e37.jpg?v=1702988573,2023-12-19T17:50:24+05:30,2026-09-08T08:56:48+05:30
Crompton,MIK32-27,Agricultural Pumps,"3PH, agricultural, CENTRIFUGAL MONOBLOC, Centrifugal Monobloc Pump, discharge_150, discharge_285, discharge_375, discharge_450, head_15, head_21, head_24, head_27, hp_3, OPEN WATER STORAGE/ WELL/ UNDERGROUND RESERVOIR, pipesize_50X40, Unit_LPM",mik32-27,https://www.crompton.co.in/products/mik32-27,40450.0,40450.0,Color,Blue :: SKU=MIK32-27 :: ₹40450.00,6,https://cdn.shopify.com/s/files/1/0715/1704/5040/files/1_9dca5208-a59d-42a3-84ab-00b2175c9e84.png?v=1702988036 | https://cdn.shopify.com/s/files/1/0715/1704/5040/files/MBK22_1PH_-24PumpPL1_ee315c58-2e45-48e4-a3e7-32d53c2c685c.jpg?v=1702988036 | https://cdn.shopify.com/s/files/1/0715/1704/5040/files/MBK22_1PH_-24PumpPL2_43c2a6b2-fc9a-4501-88d4-fa550492f56b.jpg?v=1702988036 | https://cdn.shopify.com/s/files/1/0715/1704/5040/files/MBK22_1PH_-24PumpPL3_8be2b9d7-948e-4698-a6f6-cac746539772.jpg?v=1702988036 | https://cdn.shopify.com/s/files/1/0715/1704/5040/files/MBK22_1PH_-24PumpPL4_18fe53d7-f6e5-4ee7-8058-1212db2141bc.jpg?v=1702988036 | https://cdn.shopify.com/s/files/1/0715/1704/5040/files/MBK22_1PH_-24PumpPL5_f2bc3eb8-4e1b-4ab4-9278-fd954a2c4227.jpg?v=1702988036,2023-12-19T17:43:45+05:30,2026-09-08T08:56:48+05:30
Crompton,MIK22-18,Agricultural Pumps,"3PH, agricultural, CENTRIFUGAL MONOBLOC, Centrifugal Monobloc Pump, discharge_200, discharge_330, discharge_390, discharge_430, discharge_460, head_12, head_15, head_18, head_6, head_9, hp_2, OPEN WATER STORAGE/ WELL/ UNDERGROUND RESERVOIR, pipesize_50X40, Unit_LPM",mik22-18,https://www.crompton.co.in/products/mik22-18,31275.0,31275.0,Color,Blue :: SKU=MIK22-18 :: ₹31275.00,6,https://cdn.shopify.com/s/files/1/0715/1704/5040/files/1_0f1979ee-bc31-49e1-870e-8cf8179e6915.png?v=1702987765 | https://cdn.shopify.com/s/files/1/0715/1704/5040/files/MBK22_1PH_-24PumpPL1_9f721ef8-5311-48a4-884f-0f57bb29b29b.jpg?v=1702987765 | https://cdn.shopify.com/s/files/1/0715/1704/5040/files/MBK22_1PH_-24PumpPL2_230db09f-abfc-446d-9528-e510177e1f21.jpg?v=1702987765 | https://cdn.shopify.com/s/files/1/0715/1704/5040/files/MBK22_1PH_-24PumpPL3_4d254e50-c1cb-4480-88d9-c3202243dffd.jpg?v=1702987765 | https://cdn.shopify.com/s/files/1/0715/1704/5040/files/MBK22_1PH_-24PumpPL4_70c6e3ac-f07a-4208-b36c-38945505dad8.jpg?v=1702987765 | https://cdn.shopify.com/s/files/1/0715/1704/5040/files/MBK22_1PH_-24PumpPL5_f552dacd-e3e0-4328-995e-d40fc5b3f25c.jpg?v=1702987765,2023-12-19T17:39:14+05:30,2026-09-08T08:56:48+05:30
Crompton,MBK22 (1PH) - 24 - Blue Centrifugal Monoset Pump,Agricultural Pumps,"1PH, agricultural, CENTRIFUGAL MONOBLOC, Centrifugal Monobloc Pump, Centrifugal Monoset Agricultural Pumps, discharge_200, discharge_250, discharge_335, discharge_395, discharge_410, head_12, head_15, head_21, head_24, head_9, hp_2, OPEN WATER STORAGE/ WELL/ UNDERGROUND RESERVOIR, pipesize_50X40, Unit_LPM",mbk22-1ph-24-blue-centrifugal-monoset-pump,https://www.crompton.co.in/products/mbk22-1ph-24-blue-centrifugal-monoset-pump,25675.0,25675.0,Color,Blue :: SKU=MBK22(1PH)-24 :: ₹25675.00,6,https://cdn.shopify.com/s/files/1/0715/1704/5040/files/1_c830ffcd-9251-4033-ae1e-b1ae928d7a19.png?v=1702987127 | https://cdn.shopify.com/s/files/1/0715/1704/5040/files/MBK22_1PH_-24PumpPL1.jpg?v=1702987132 | https://cdn.shopify.com/s/files/1/0715/1704/5040/files/MBK22_1PH_-24PumpPL2.jpg?v=1702987133 | https://cdn.shopify.com/s/files/1/0715/1704/5040/files/MBK22_1PH_-24PumpPL3.jpg?v=1702987133 | https://cdn.shopify.com/s/files/1/0715/1704/5040/files/MBK22_1PH_-24PumpPL4.jpg?v=1702987133 | https://cdn.shopify.com/s/files/1/0715/1704/5040/files/MBK22_1PH_-24PumpPL5.jpg?v=1702987132,2023-12-19T17:28:24+05:30,2026-09-08T08:56:48+05:30
Crompton,MBM12(1PH),Agricultural Pumps,"1PH, agricultural, CENTRIFUGAL MONOBLOC, Centrifugal Monobloc Pump, discharge_150, discharge_250, discharge_320, head_12, head_15, head_9, hp_1, OPEN WATER STORAGE/ WELL/ UNDERGROUND RESERVOIR, pipesize_50X50, Unit_LPM",mbm121ph,https://www.crompton.co.in/products/mbm121ph,15425.0,15425.0,Color,Blue :: SKU=MBM12(1PH) :: ₹15425.00,6,https://cdn.shopify.com/s/files/1/0715/1704/5040/files/Copyof1_a6f6129b-7523-4eff-a9ef-ca8e48b875bb.png?v=1702986683 | https://cdn.shopify.com/s/files/1/0715/1704/5040/files/CopyofMBQ22_1PH_-12U_PL1_0c693737-9d9d-4cbc-8487-8676d2469fb8.jpg?v=1702986684 | https://cdn.shopify.com/s/files/1/0715/1704/5040/files/CopyofMBQ22_1PH_-12U_PL3_ed6b5d4a-2d91-467c-9c5f-a9db622cc7a7.jpg?v=1702986684 | https://cdn.shopify.com/s/files/1/0715/1704/5040/files/CopyofMBQ22_1PH_-12U_PL4_68c88127-b08e-48c2-bcfb-899eb00ab7bb.jpg?v=1702986684 | https://cdn.shopify.com/s/files/1/0715/1704/5040/files/CopyofMBQ22_1PH_-12U_PL5_3159bc4b-c93c-4e28-a403-365fd7d25440.jpg?v=1702986684 | https://cdn.shopify.com/s/files/1/0715/1704/5040/files/CopyofMBQ22_1PH_-12U_PL2_d16b48d9-b7b3-4088-8dff-0709ba7e438d.jpg?v=1702986684,2023-12-19T17:21:10+05:30,2026-09-08T08:56:48+05:30
Crompton,MBQ22(1PH)-12U,Agricultural Pumps,"1PH, agricultural, CENTRIFUGAL MONOBLOC, Centrifugal Monobloc Pump, Centrifugal Monoset Agricultural Pumps, discharge_300, discharge_630, discharge_880, head_12, head_6, head_9, hp_2, OPEN WATER STORAGE/ WELL/ UNDERGROUND RESERVOIR, pipesize_80X80, Unit_LPM",mbq221ph-12u,https://www.crompton.co.in/products/mbq221ph-12u,24425.0,24425.0,Color,Blue :: SKU=MBQ22(1PH)-12U :: ₹24425.00,6,https://cdn.shopify.com/s/files/1/0715/1704/5040/files/Copyof1_48024bf0-7f60-4337-8d1e-97d7f33d5491.png?v=1702986036 | https://cdn.shopify.com/s/files/1/0715/1704/5040/files/CopyofMBQ22_1PH_-12U_PL1.jpg?v=1702986035 | https://cdn.shopify.com/s/files/1/0715/1704/5040/files/CopyofMBQ22_1PH_-12U_PL3.jpg?v=1702986036 | https://cdn.shopify.com/s/files/1/0715/1704/5040/files/CopyofMBQ22_1PH_-12U_PL4.jpg?v=1702986035 | https://cdn.shopify.com/s/files/1/0715/1704/5040/files/CopyofMBQ22_1PH_-12U_PL5.jpg?v=1702986036 | https://cdn.shopify.com/s/files/1/0715/1704/5040/files/CopyofMBQ22_1PH_-12U_PL2.jpg?v=1702986036,2023-12-19T17:10:08+05:30,2026-09-08T08:56:48+05:30
Crompton,MBG12(1PH)-21,Agricultural Pumps,"1PH, agricultural, CENTRIFUGAL MONOBLOC, Centrifugal Monobloc Pump, Centrifugal Monoset Agricultural Pumps, discharge_100, discharge_130, discharge_160, discharge_190, discharge_210, head_12, head_18, head_21, head_9, hp_1, OPEN WATER STORAGE/ WELL/ UNDERGROUND RESERVOIR, pipesize_40X32, Unit_LPM",mbg121ph-21,https://www.crompton.co.in/products/mbg121ph-21,17925.0,17925.0,Color,Blue :: SKU=MBG12(1PH)-21 :: ₹17925.00,5,https://cdn.shopify.com/s/files/1/0715/1704/5040/files/Copyof1_88efbdbb-f786-4c56-9f20-b3975949c528.png?v=1702985201 | https://cdn.shopify.com/s/files/1/0715/1704/5040/files/CopyofArtboard1.jpg?v=1702985202 | https://cdn.shopify.com/s/files/1/0715/1704/5040/files/CopyofArtboard2.jpg?v=1702985202 | https://cdn.shopify.com/s/files/1/0715/1704/5040/files/CopyofArtboard3.jpg?v=1702985202 | https://cdn.shopify.com/s/files/1/0715/1704/5040/files/CopyofArtboard5.jpg?v=1702985201,2023-12-19T16:56:30+05:30,2026-09-08T08:56:48+05:30
Crompton,MAD12(1PH)Y-30,Agricultural Pumps,"1PH, agricultural, CENTRIFUGAL MONOBLOC, Centrifugal Monobloc Pump, Centrifugal Monoset Agricultural Pumps, discharge_15, discharge_38, discharge_66, discharge_71, discharge_76, discharge_80, discharge_85, head_12, head_15, head_18, head_21, head_24, head_28, head_30, hp_1, OPEN WATER STORAGE/ WELL/ UNDERGROUND RESERVOIR, pipesize_25X25, Unit_LPM",mad121phy-30,https://www.crompton.co.in/products/mad121phy-30,16650.0,16650.0,Color,Blue & Red :: SKU=MAD12(1PH)Y-30 :: ₹16650.00,5,https://cdn.shopify.com/s/files/1/0715/1704/5040/files/CopyofUntitled-1_74cbac60-3514-43d7-aa38-340faf5d6609.png?v=1702984497 | https://cdn.shopify.com/s/files/1/0715/1704/5040/files/CopyofArtboard1_4_6ce9274b-3d1e-4db0-b099-41975eee26b3.jpg?v=1702984497 | https://cdn.shopify.com/s/files/1/0715/1704/5040/files/CopyofArtboard2_4_d251d9d1-d212-44f5-a1fc-4b55f0bceb1e.jpg?v=1702984497 | https://cdn.shopify.com/s/files/1/0715/1704/5040/files/CopyofArtboard3_4_fbb43bd8-f2c6-4baa-8255-20afbd1cea7d.jpg?v=1702984497 | https://cdn.shopify.com/s/files/1/0715/1704/5040/files/CopyofArtboard5_4_96b3b8ae-3dd1-499b-9670-2d6a58aecee2.jpg?v=1702984497,2023-12-19T16:44:47+05:30,2026-09-08T08:56:48+05:30
Crompton,MAD052(1PH)Y-21+,Agricultural Pumps,"1PH, agricultural, CENTRIFUGAL MONOBLOC, Centrifugal Monobloc Pump, discharge_35, discharge_47, discharge_58, discharge_69, discharge_87, discharge_95, head_15, head_16, head_18, head_19, head_20, head_21, hp_0.5, OPEN WATER STORAGE/ WELL/ UNDERGROUND RESERVOIR, pipesize_25X25, Unit_LPM",mad0521phy-21,https://www.crompton.co.in/products/mad0521phy-21,10150.0,10150.0,Color,Blue & Red :: SKU=MAD052(1PH)Y-21+ :: ₹10150.00,5,https://cdn.shopify.com/s/files/1/0715/1704/5040/files/CopyofUntitled-1_c9838fec-011b-4742-96de-406c7dfdc2eb.png?v=1702984112 | https://cdn.shopify.com/s/files/1/0715/1704/5040/files/CopyofArtboard1_4_fb36a955-45b7-42a4-89ce-5c9c10b990b2.jpg?v=1702984112 | https://cdn.shopify.com/s/files/1/0715/1704/5040/files/CopyofArtboard2_4_4e1a5145-78cc-4678-93d4-960ae5da8437.jpg?v=1702984112 | https://cdn.shopify.com/s/files/1/0715/1704/5040/files/CopyofArtboard3_4_49498e0f-b567-4dd9-8c10-ca0569c50d8b.jpg?v=1702984112 | https://cdn.shopify.com/s/files/1/0715/1704/5040/files/CopyofArtboard5_4_fb833738-ef16-4c99-b3a1-1bfb5112c20f.jpg?v=1702984113,2023-12-19T16:38:21+05:30,2026-09-08T08:56:48+05:30
Crompton,MAD052(1PH)Y-18+,Agricultural Pumps,"1PH, agricultural, CENTRIFUGAL MONOBLOC, Centrifugal Monobloc Pump, Centrifugal Monoset Agricultural Pumps, discharge_112, discharge_47, discharge_80, discharge_98, head_12, head_15, head_18, head_9, hp_0.5, OPEN WATER STORAGE/ WELL/ UNDERGROUND RESERVOIR, pipesize_25X25, Unit_LPM",mad0521phy-18,https://www.crompton.co.in/products/mad0521phy-18,9025.0,9025.0,Color,Blue & Red :: SKU=MAD052(1PH)Y-18+ :: ₹9025.00,5,https://cdn.shopify.com/s/files/1/0715/1704/5040/files/CopyofUntitled-1_b1c6ebdd-c609-433d-b7dd-86d6fdd05902.png?v=1702983605 | https://cdn.shopify.com/s/files/1/0715/1704/5040/files/CopyofArtboard1_4_9a53ab18-6e13-46af-be57-cee98ecac843.jpg?v=1702983605 | https://cdn.shopify.com/s/files/1/0715/1704/5040/files/CopyofArtboard2_4_07583fff-8b81-4992-a49e-6c74e3610f4d.jpg?v=1702983605 | https://cdn.shopify.com/s/files/1/0715/1704/5040/files/CopyofArtboard3_4_9dd54ca1-d7aa-4ead-87db-36ab7218229a.jpg?v=1702983605 | https://cdn.shopify.com/s/files/1/0715/1704/5040/files/CopyofArtboard5_4_092d13c8-bd04-41d3-bf9c-91964443c1f4.jpg?v=1702983606,2023-12-19T16:29:54+05:30,2026-09-08T08:56:48+05:30
Crompton,MAD052(1PH)Y-14,Agricultural Pumps,"1PH, agricultural, CENTRIFUGAL MONOBLOC, Centrifugal Monobloc Pump, discharge_50, discharge_64, discharge_73, discharge_80, discharge_88, discharge_90, head_10, head_11, head_12, head_13, head_14, head_9, hp_0.5, OPEN WATER STORAGE/ WELL/ UNDERGROUND RESERVOIR, pipesize_25X25, Unit_LPM",mad0521phy-15,https://www.crompton.co.in/products/mad0521phy-15,9625.0,9625.0,Color,Blue & Red :: SKU=MAD052(1PH)Y-14 :: ₹9625.00,5,https://cdn.shopify.com/s/files/1/0715/1704/5040/files/CopyofUntitled-1_05ac0669-5357-4da2-8a5c-b2a8b88ec380.png?v=1702982394 | https://cdn.shopify.com/s/files/1/0715/1704/5040/files/CopyofArtboard1_4_526e2a29-f1e4-42cb-b9a5-c089a09ae568.jpg?v=1702982394 | https://cdn.shopify.com/s/files/1/0715/1704/5040/files/CopyofArtboard2_4_8ccdbb32-f472-4e7b-ba4c-58c0a33d6d5d.jpg?v=1702982394 | https://cdn.shopify.com/s/files/1/0715/1704/5040/files/CopyofArtboard3_4_473cb04e-9fc4-46db-b440-87212db9e750.jpg?v=1702982394 | https://cdn.shopify.com/s/files/1/0715/1704/5040/files/CopyofArtboard5_4_c569c826-db0e-4c4d-a626-b28976a1bb9d.jpg?v=1702982394,2023-12-19T16:08:19+05:30,2026-09-08T08:56:48+05:30
Crompton,"Crompton Duro Classic Wet Grinder 150W, Mixer Grinder",Mixers & Grinders,"freq-low, type-wet-grind, Wet Grinder",crompton-duro-classic-wet-grinder-150w-mixer-grinder,https://www.crompton.co.in/products/crompton-duro-classic-wet-grinder-150w-mixer-grinder,7260.0,7260.0,Color,PURPLE :: SKU=ACGW-DURO CLASSIC :: ₹7260.00,5,https://cdn.shopify.com/s/files/1/0715/1704/5040/files/duroclaasic.png?v=1703149085 | https://cdn.shopify.com/s/files/1/0715/1704/5040/files/Duro-Wet-Grinder-PL-1.jpg?v=1703149085 | https://cdn.shopify.com/s/files/1/0715/1704/5040/files/Duro-Wet-Grinder-PL-2.jpg?v=1703149085 | https://cdn.shopify.com/s/files/1/0715/1704/5040/files/Duro-Wet-Grinder-PL-3.jpg?v=1703149085 | https://cdn.shopify.com/s/files/1/0715/1704/5040/files/Duro-Wet-Grinder-PL-4.jpg?v=1703149085,2023-12-14T18:45:41+05:30,2026-09-08T08:56:48+05:30
Crompton,"Crompton Freshmix Juicer Mixer Grinder- 500W, 3 Stainless Steel Jars",Mixers & Grinders,"freq-medium, Juicer Mixer Grinder, type-basic, type-juicing, type-juicing-grind",crompton-freshmix-500w-juicer-mixer-grinder-3-jars-stainless-steel-jars,https://www.crompton.co.in/products/crompton-freshmix-500w-juicer-mixer-grinder-3-jars-stainless-steel-jars,4500.0,4500.0,Color,Red and White :: SKU=ACGJMG-FRESH-MIX :: ₹4500.00,6,https://cdn.shopify.com/s/files/1/0715/1704/5040/files/1_d3e06b3c-6383-4685-b7d9-5e957774f8a7.png?v=1702877790 | https://cdn.shopify.com/s/files/1/0715/1704/5040/files/GetfreshJuiceinnotimewithFrutsy_squick_efficientperformance_1.jpg?v=1702877790 | https://cdn.shopify.com/s/files/1/0715/1704/5040/files/Anti-skidfeet_1_5a6f4745-1cf9-422a-936a-159a4ca045ab.jpg?v=1702877790 | https://cdn.shopify.com/s/files/1/0715/1704/5040/files/Firm-seallids_1.jpg?v=1702877790 | https://cdn.shopify.com/s/files/1/0715/1704/5040/files/In-builtpulseswitch_1.jpg?v=1702877790 | https://cdn.shopify.com/s/files/1/0715/1704/5040/files/Overloadprotector_1.jpg?v=1702877790,2023-12-14T18:32:57+05:30,2026-09-08T08:56:48+05:30
Crompton,MBG12(3PHASE),Agricultural Pumps,"3PH, agricultural, CENTRIFUGAL MONOBLOC, Centrifugal Monobloc Pump, Centrifugal Monoset Agricultural Pumps, discharge_100, discharge_135, discharge_150, discharge_165, discharge_175, discharge_85, head_12, head_15, head_18, head_21, head_22.5, head_9, hp_1, OPEN WATER STORAGE/ WELL/ UNDERGROUND RESERVOIR, pipesize_40X32, Unit_LPM",mbg123phase,https://www.crompton.co.in/products/mbg123phase,18700.0,18700.0,Color,Blue :: SKU=MBG12(3PHASE) :: ₹18700.00,6,https://cdn.shopify.com/s/files/1/0715/1704/5040/files/Untitled-1_4154eeb0-8516-4a01-af2f-dbb3dbdb1ea5.png?v=1702387410 | https://cdn.shopify.com/s/files/1/0715/1704/5040/files/MBG12_3PHASE_PL1_1.jpg?v=1702387410 | https://cdn.shopify.com/s/files/1/0715/1704/5040/files/MBG12_3PHASE_PL2_1.jpg?v=1702387410 | https://cdn.shopify.com/s/files/1/0715/1704/5040/files/MBG12_3PHASE_PL3_1.jpg?v=1702387410 | https://cdn.shopify.com/s/files/1/0715/1704/5040/files/MBG12_3PHASE_PL4_1.jpg?v=1702387410 | https://cdn.shopify.com/s/files/1/0715/1704/5040/files/MBG12_3PHASE_PL5_1.jpg?v=1702387410,2023-12-12T18:51:43+05:30,2026-09-08T08:56:48+05:30
Crompton,OWE052(1PH)Z-21FS - Centrifugal Openwell Submersible Pump 0.5 HP,Residential Openwell,"1PH, discharge_120, discharge_136, discharge_140, discharge_72, head_12, head_15, head_18, head_9, HOUSE HOLD, hp_0.5, Openwell Submersible Pumps, pipesize_25, RESIDENTIAL OPENWELL, Residential Submersible Pumps, Under Ground Tank, Unit_LPM",owe0521phz-21fs,https://www.crompton.co.in/products/owe0521phz-21fs,13400.0,13400.0,Color,Black & silver :: SKU=OWE052(1PH)Z-21FS** :: ₹13400.00,6,https://cdn.shopify.com/s/files/1/0715/1704/5040/files/OWE1.52_1PH_B-38FS.png?v=1702386166 | https://cdn.shopify.com/s/files/1/0715/1704/5040/files/ResidentialOPWPL01_1_1.jpg?v=1702386166 | https://cdn.shopify.com/s/files/1/0715/1704/5040/files/ResidentialOPWPL01_3_1.jpg?v=1702386165 | https://cdn.shopify.com/s/files/1/0715/1704/5040/files/ResidentialOPWPL02_2_1.jpg?v=1702386164 | https://cdn.shopify.com/s/files/1/0715/1704/5040/files/ResidentialOPWPL03_1_1.png?v=1711097710 | https://cdn.shopify.com/s/files/1/0715/1704/5040/files/ResidentialOPWPL03_2_1.jpg?v=1711097710,2023-12-12T18:32:27+05:30,2026-09-08T08:56:48+05:30
Crompton,STAR DURA II - Mini Self Priming Regenerative Pump 0.5 HP,Mini,"1PH, discharge_1590, discharge_2400, discharge_300, discharge_800, head_15, head_24, head_30, head_6, HOUSE HOLD, hp_0.5, MCD Pipe Line, MINI DOMESTIC, pipesize_25X25, Self Priming Regenerative Mini, TANK AT HEIGHT, Under Ground Tank, unit_LPH",star-dura-ii,https://www.crompton.co.in/products/star-dura-ii,8450.0,8450.0,Color,Black & silver :: SKU=STAR DURA II :: ₹8450.00,6,https://cdn.shopify.com/s/files/1/0715/1704/5040/files/Untitled-1_e30a5e17-c2dc-4eca-a2df-f438b6c85689.png?v=1702384962 | https://cdn.shopify.com/s/files/1/0715/1704/5040/files/Artboard1_5_70e50329-7429-4180-8325-99d47162ed75.jpg?v=1702384962 | https://cdn.shopify.com/s/files/1/0715/1704/5040/files/Artboard2_5_78fc0b60-d214-4f1a-8271-2fc2f482bdad.jpg?v=1702384962 | https://cdn.shopify.com/s/files/1/0715/1704/5040/files/Artboard3_5_85ec00f3-9840-4767-a1ad-3b4a928d3cc3.jpg?v=1702384963 | https://cdn.shopify.com/s/files/1/0715/1704/5040/files/Artboard5-1_1_4912849f-25cd-47d9-9c53-df5275894e11.jpg?v=1702384963 | https://cdn.shopify.com/s/files/1/0715/1704/5040/files/StarDuraPL01_1_1_409faf64-61d0-449b-8245-d81b7372433b.jpg?v=1702384963,2023-12-12T18:12:31+05:30,2026-09-08T08:56:48+05:30
Crompton,STAR DURA I - Mini Self Priming Regenerative Pump 1 HP,Mini,"1PH, discharge_1150, discharge_1750, discharge_2150, discharge_2750, discharge_3350, discharge_750, head_15, head_24, head_30, head_39, head_45, head_6, HOUSE HOLD, hp_1, MCD Pipe Line, MINI DOMESTIC, pipesize_25X25, Self Priming Regenerative Mini, TANK AT HEIGHT, Under Ground Tank, unit_LPH",star-dura-i,https://www.crompton.co.in/products/star-dura-i,11225.0,11225.0,Color,Black & silver :: SKU=STAR DURA I :: ₹11225.00,6,https://cdn.shopify.com/s/files/1/0715/1704/5040/files/Untitled-1_aa8095a1-62c7-4f7f-a537-14ac618b6267.png?v=1702384463 | https://cdn.shopify.com/s/files/1/0715/1704/5040/files/Artboard1_5.jpg?v=1702384463 | https://cdn.shopify.com/s/files/1/0715/1704/5040/files/Artboard2_5.jpg?v=1702384463 | https://cdn.shopify.com/s/files/1/0715/1704/5040/files/Artboard3_5.jpg?v=1702384463 | https://cdn.shopify.com/s/files/1/0715/1704/5040/files/Artboard5-1_1.jpg?v=1702384463 | https://cdn.shopify.com/s/files/1/0715/1704/5040/files/StarDuraPL01_1_1.jpg?v=1702384463,2023-12-12T18:03:02+05:30,2026-09-08T08:56:48+05:30
Crompton,MASTER PLUS II - Mini Self Priming Regenerative Pump 0.5 HP,Mini,"1PH, discharge_1140, discharge_1350, discharge_1800, discharge_2290, discharge_2700, discharge_500, head_12, head_18, head_24, head_27, head_36, head_6, HOUSE HOLD, hp_0.5, MCD Pipe Line, MINI DOMESTIC, pipesize_25X25, Self Priming Regenerative Mini, TANK AT HEIGHT, Under Ground Tank, unit_LPH",master-plus-ii,https://www.crompton.co.in/products/master-plus-ii,9400.0,9400.0,Color,Blue & Red :: SKU=Master Plus II :: ₹9400.00,6,https://cdn.shopify.com/s/files/1/0715/1704/5040/files/MasterPlus_a48a4726-8af2-4249-b4f5-87802ea686c0.png?v=1702383983 | https://cdn.shopify.com/s/files/1/0715/1704/5040/files/MasterplusPL03_1_1_149ff2d9-8cb2-4f98-b505-9305fee47370.jpg?v=1702383983 | https://cdn.shopify.com/s/files/1/0715/1704/5040/files/MasterPlusPL01_1_41265b52-2b0e-46bf-bb03-16559fb11933.jpg?v=1702383983 | https://cdn.shopify.com/s/files/1/0715/1704/5040/files/MasterPlusPL02_1_76f95919-4bab-44d4-b397-d0ae3c163f5c.jpg?v=1702383983 | https://cdn.shopify.com/s/files/1/0715/1704/5040/files/MasterPlusPL04_1_2f01b312-04bb-4010-92ed-adbe67f28dd2.jpg?v=1702383984 | https://cdn.shopify.com/s/files/1/0715/1704/5040/files/MasterPlusPL05_1_3618ed77-0cf3-4d6a-8244-0db607de3683.jpg?v=1702383984,2023-12-12T17:56:12+05:30,2026-09-08T08:56:48+05:30
Crompton,MASTER PLUS I - Mini Self Priming Regenerative Pump 1 HP,Mini,"1PH, discharge_900, head_12, head_18, head_24, head_27, head_36, head_42, head_50, head_6, HOUSE HOLD, hp_1, MCD Pipe Line, MINI DOMESTIC, pipesize_25X25, Self Priming Regenerative Mini, TANK AT HEIGHT, Under Ground Tank, unit_LPH",master-plus-i,https://www.crompton.co.in/products/master-plus-i,14100.0,14100.0,Color,Blue & Red :: SKU=Master Plus I :: ₹14100.00,6,https://cdn.shopify.com/s/files/1/0715/1704/5040/files/MasterPlus_ea85a47e-09ef-4c01-8be1-8401467e81f8.png?v=1702383632 | https://cdn.shopify.com/s/files/1/0715/1704/5040/files/MasterplusPL03_1_1_a7bc7f0c-056d-43fa-af44-8cd1c280dee1.jpg?v=1702383632 | https://cdn.shopify.com/s/files/1/0715/1704/5040/files/MasterPlusPL01_1_5b21842a-f93c-428e-8fb9-ab324f492bbf.jpg?v=1702383633 | https://cdn.shopify.com/s/files/1/0715/1704/5040/files/MasterPlusPL02_1_7bb553c7-cb6f-4a9f-a512-33b8df1e5d56.jpg?v=1702383632 | https://cdn.shopify.com/s/files/1/0715/1704/5040/files/MasterPlusPL04_1_df663b64-ce28-47ba-b87c-17b3d063cd24.jpg?v=1702383632 | https://cdn.shopify.com/s/files/1/0715/1704/5040/files/MasterPlusPL05_1_a941d61c-4731-46c3-8fb1-349e20ca6d17.jpg?v=1702383631,2023-12-12T17:47:50+05:30,2026-09-08T08:56:48+05:30
Crompton,CHAMP DURA II - Mini Self Priming Regenerative Pump 0.5 HP,Mini,"1PH, discharge_1200, discharge_1950, discharge_450, head_15, head_21, head_6, HOUSE HOLD, hp_0.5, MCD Pipe Line, MINI DOMESTIC, pipesize_25X25, Self Priming Regenerative Mini, TANK AT HEIGHT, Under Ground Tank, unit_LPH",champ-dura-ii,https://www.crompton.co.in/products/champ-dura-ii,5675.0,5675.0,Color,Black & silver :: SKU=CHAMP DURA II :: ₹5675.00,6,https://cdn.shopify.com/s/files/1/0715/1704/5040/files/ChampDura_4d35d336-57d3-4317-8bbb-c2919eb03b31.png?v=1702383041 | https://cdn.shopify.com/s/files/1/0715/1704/5040/files/champduraPL01_1_175cb685-9064-4437-8d0e-c777b5a541bf.jpg?v=1702383041 | https://cdn.shopify.com/s/files/1/0715/1704/5040/files/champduraPL02_1_5762ce59-c8e7-488c-aad3-2c230117c67d.jpg?v=1702383041 | https://cdn.shopify.com/s/files/1/0715/1704/5040/files/champduraPL03_1_56fa5595-c844-4fa0-acd4-72e15263fb0e.jpg?v=1702383041 | https://cdn.shopify.com/s/files/1/0715/1704/5040/files/champduraPL04_1_09b1710f-f4ce-4cb3-949e-73cfa6bdc55a.jpg?v=1702383041 | https://cdn.shopify.com/s/files/1/0715/1704/5040/files/champduraPL05_1_ff88bc8a-edf2-4707-b0db-7c4ff162aecd.jpg?v=1702383041,2023-12-12T17:40:31+05:30,2026-09-08T08:56:48+05:30
Crompton,CHAMP DURA I - Mini Self Priming Regenerative Pump 1 HP,Mini,"1PH, discharge_1050, discharge_1450, discharge_2100, discharge_2700, discharge_750, head_15, head_24, head_30, head_34, head_6, HOUSE HOLD, hp_1, MCD Pipe Line, MINI DOMESTIC, pipesize_25X25, Self Priming Regenerative Mini, TANK AT HEIGHT, Under Ground Tank, unit_LPH",champ-dura-i,https://www.crompton.co.in/products/champ-dura-i,7325.0,7325.0,Color,Black & silver :: SKU=CHAMP DURA I :: ₹7325.00,6,https://cdn.shopify.com/s/files/1/0715/1704/5040/files/ChampDura.png?v=1702382545 | https://cdn.shopify.com/s/files/1/0715/1704/5040/files/champduraPL01_1.jpg?v=1702382546 | https://cdn.shopify.com/s/files/1/0715/1704/5040/files/champduraPL02_1.jpg?v=1702382546 | https://cdn.shopify.com/s/files/1/0715/1704/5040/files/champduraPL03_1.jpg?v=1702382546 | https://cdn.shopify.com/s/files/1/0715/1704/5040/files/champduraPL04_1.jpg?v=1702382547 | https://cdn.shopify.com/s/files/1/0715/1704/5040/files/champduraPL05_1.jpg?v=1702382546,2023-12-12T17:31:59+05:30,2026-09-08T08:56:48+05:30
Crompton,STAR PLUS II - Mini Self Priming Regenerative Pump 0.5 HP,Mini,"1PH, discharge_1590, discharge_2400, discharge_400, discharge_800, head_15, head_24, head_28.5, head_6, HOUSE HOLD, hp_0.5, MCD Pipe Line, MCD_PipeLine, MINI DOMESTIC, pipesize_25X25, Self Priming Regenerative Mini, TANK AT HEIGHT, Under Ground Tank, unit_LPH",star-plus-ii,https://www.crompton.co.in/products/star-plus-ii,7950.0,7950.0,Color,Blue & Red :: SKU=STAR PLUS II :: ₹7950.00,6,https://cdn.shopify.com/s/files/1/0715/1704/5040/files/Untitled-1_0ef35fd9-db19-4ef1-9c95-584fb2edd9f5.png?v=1702381403 | https://cdn.shopify.com/s/files/1/0715/1704/5040/files/starplusPL01_1_9bf7217b-4fcf-4785-9dcc-947ce3203de4.jpg?v=1702381403 | https://cdn.shopify.com/s/files/1/0715/1704/5040/files/starplusPL02_1_faf4f035-50f2-4dda-8fa8-65b53ee5ebfe.jpg?v=1702381404 | https://cdn.shopify.com/s/files/1/0715/1704/5040/files/starplusPL03_1_ff655a08-95f2-4fab-90de-93240b658b0d.jpg?v=1702381404 | https://cdn.shopify.com/s/files/1/0715/1704/5040/files/starplusPL04_1_ac0311a5-4dec-4ceb-be20-60cddf0ad6a3.jpg?v=1702381404 | https://cdn.shopify.com/s/files/1/0715/1704/5040/files/starplusPL05_1_612ae3a3-ffa4-491c-8977-aa8fbf7dccca.jpg?v=1702381404,2023-12-12T17:13:11+05:30,2026-09-08T08:56:48+05:30
Crompton,STAR PLUS I - Mini Self Priming Regenerative Pump 1 HP,Mini,"1PH, discharge_1150, discharge_1750, discharge_2150, discharge_2750, discharge_3350, discharge_750, head_15, head_24, head_30, head_39, head_45, head_6, HOUSE HOLD, hp_1, MCD Pipe Line, MINI DOMESTIC, pipesize_25X25, Self Priming Regenerative Mini, TANK AT HEIGHT, Under Ground Tank, unit_LPH",star-plus-i,https://www.crompton.co.in/products/star-plus-i,10575.0,10575.0,Color,Blue & Red :: SKU=STAR PLUS I :: ₹10575.00,6,https://cdn.shopify.com/s/files/1/0715/1704/5040/files/Untitled-1_5734c7a4-6ba0-4af8-a3ce-3567a13959d7.png?v=1702380787 | https://cdn.shopify.com/s/files/1/0715/1704/5040/files/starplusPL01_1.jpg?v=1702380787 | https://cdn.shopify.com/s/files/1/0715/1704/5040/files/starplusPL02_1.jpg?v=1702380787 | https://cdn.shopify.com/s/files/1/0715/1704/5040/files/starplusPL03_1.jpg?v=1702380787 | https://cdn.shopify.com/s/files/1/0715/1704/5040/files/starplusPL04_1.jpg?v=1702380787 | https://cdn.shopify.com/s/files/1/0715/1704/5040/files/starplusPL05_1.jpg?v=1702380787,2023-12-12T17:01:50+05:30,2026-09-08T08:56:48+05:30
Crompton,MASTER DURA II - Mini Self Priming Regenerative Pump 0.5 HP,Mini,"1PH, discharge_1140, discharge_1350, discharge_2290, discharge_2700, discharge_500, head_12, head_24, head_27, head_36, head_6, HOUSE HOLD, hp_0.5, MCD Pipe Line, MINI DOMESTIC, pipesize_25X25, Self Priming Regenerative Mini, TANK AT HEIGHT, Under Ground Tank, unit_LPH",master-dura-ii,https://www.crompton.co.in/products/master-dura-ii,9725.0,9725.0,Color,Black & silver :: SKU=Master Dura II :: ₹9725.00,6,https://cdn.shopify.com/s/files/1/0715/1704/5040/files/CRESTDURAI_PDCBODY_ASS_1_cf714d73-a163-4b2e-8284-970e238caed4.png?v=1702380288 | https://cdn.shopify.com/s/files/1/0715/1704/5040/files/masterduraPL01_2_79e7b795-7297-4640-b509-92f31de9a1f6.jpg?v=1702380288 | https://cdn.shopify.com/s/files/1/0715/1704/5040/files/masterduraPL02_2_a3374f45-be16-483d-b190-83f25e5f8db0.jpg?v=1702380288 | https://cdn.shopify.com/s/files/1/0715/1704/5040/files/masterduraPL03_2_2d293df8-cbb8-468d-baa7-5e98465c6798.jpg?v=1702380288 | https://cdn.shopify.com/s/files/1/0715/1704/5040/files/masterduraPL04_2_fe30d15a-ffd7-4fcd-b067-be73c272bb60.jpg?v=1702380288 | https://cdn.shopify.com/s/files/1/0715/1704/5040/files/masterduraPL05_2_a9fb5987-3a8c-4865-8039-6201bc366eff.jpg?v=1702380289,2023-12-12T16:54:31+05:30,2026-09-08T08:56:48+05:30
Crompton,MASTER DURA I - Mini Self Priming Regenerative Pump 1 HP,Mini,"1PH, discharge_1510, discharge_1960, discharge_2650, discharge_2900, discharge_3800, discharge_4250, discharge_900, head_12, head_24, head_27, head_36, head_42, head_50, head_6, HOUSE HOLD, hp_1, MCD Pipe Line, MINI DOMESTIC, pipesize_25X25, Self Priming Regenerative Mini, TANK AT HEIGHT, Under Ground Tank, unit_LPH",master-dura-i,https://www.crompton.co.in/products/master-dura-i,14825.0,14825.0,Color,Black & silver :: SKU=Master Dura I :: ₹14825.00,6,https://cdn.shopify.com/s/files/1/0715/1704/5040/files/CRESTDURAI_PDCBODY_ASS_1.png?v=1702378540 | https://cdn.shopify.com/s/files/1/0715/1704/5040/files/masterduraPL01_2.jpg?v=1702378540 | https://cdn.shopify.com/s/files/1/0715/1704/5040/files/masterduraPL02_2.jpg?v=1702378540 | https://cdn.shopify.com/s/files/1/0715/1704/5040/files/masterduraPL03_2.jpg?v=1702378540 | https://cdn.shopify.com/s/files/1/0715/1704/5040/files/masterduraPL04_2.jpg?v=1702378539 | https://cdn.shopify.com/s/files/1/0715/1704/5040/files/masterduraPL05_2.jpg?v=1702378541,2023-12-12T16:23:41+05:30,2026-09-08T08:56:48+05:30
Crompton,Crompton Harvest Pro 1.8Ltr Rice Cooker - Double Bowl,Other Cooking Appliances,Electric Rice Cookers,crompton-harvest-pro-1-8ltr-rice-cooker-double-bowl,https://www.crompton.co.in/products/crompton-harvest-pro-1-8ltr-rice-cooker-double-bowl,3800.0,3800.0,Color,Pink :: SKU=ACGRC-HRPROAL1.8 :: ₹3800.00,5,https://cdn.shopify.com/s/files/1/0715/1704/5040/files/prodlisting.png?v=1703070022 | https://cdn.shopify.com/s/files/1/0715/1704/5040/files/prodlistingPL01.png?v=1703070023 | https://cdn.shopify.com/s/files/1/0715/1704/5040/files/prodlistingPL02.png?v=1703070023 | https://cdn.shopify.com/s/files/1/0715/1704/5040/files/prodlistingPL03.png?v=1703070022 | https://cdn.shopify.com/s/files/1/0715/1704/5040/files/prodlistingPL04.png?v=1703070022,2023-12-11T11:17:17+05:30,2026-09-08T08:56:50+05:30
Crompton,Crompton Harvest Pro Lite 1.8Ltr Rice Cooker - Single Bowl,Other Cooking Appliances,Electric Rice Cookers,crompton-harvest-pro-lite-1-8ltr-rice-cooker-single-bowl,https://www.crompton.co.in/products/crompton-harvest-pro-lite-1-8ltr-rice-cooker-single-bowl,3200.0,3200.0,Color,Yellow :: SKU=ACGRC-HRPROLAL1.8 :: ₹3200.00,5,https://cdn.shopify.com/s/files/1/0715/1704/5040/files/Untitled-1_8c856e2d-b069-4ae6-bc26-0ff3c153f509.png?v=1703069865 | https://cdn.shopify.com/s/files/1/0715/1704/5040/files/HarvestProLite1_1_d3685421-7f97-465c-b4c2-6b579ca55792.jpg?v=1703069866 | https://cdn.shopify.com/s/files/1/0715/1704/5040/files/HarvestProLite2_1_266ea0bb-f955-43d1-810f-e728674dc607.jpg?v=1703069866 | https://cdn.shopify.com/s/files/1/0715/1704/5040/files/HarvestProLite4_1_ce40cf1d-c0bf-49c7-ace2-6b3c2563259f.jpg?v=1703069866 | https://cdn.shopify.com/s/files/1/0715/1704/5040/files/prodlisting_e96355f1-e371-4801-874c-5e817efeaa8a.png?v=1703069866,2023-12-11T10:55:48+05:30,2026-09-08T08:56:50+05:30
Crompton,Crompton Voila FreeStanding 13 PlaceStanding Dishwasher,Dishwashers,Free Standing Dishwashers,crompton-voila-freestanding-13-placestanding-dishwasher,https://www.crompton.co.in/products/crompton-voila-freestanding-13-placestanding-dishwasher,59490.0,59490.0,Color,Dark Silver :: SKU=FS-DWVOV13PS-INX :: ₹59490.00,5,https://cdn.shopify.com/s/files/1/0715/1704/5040/files/1_b3cf2b57-f5a5-431a-9f00-b4be12503206.png?v=1738904520 | https://cdn.shopify.com/s/files/1/0715/1704/5040/files/2_479f962a-f7a0-47d6-a5a1-ed307f72ef22.png?v=1738904519 | https://cdn.shopify.com/s/files/1/0715/1704/5040/files/3_23642f53-8f40-46c7-97bf-5a7e7ae58a91.png?v=1738904519 | https://cdn.shopify.com/s/files/1/0715/1704/5040/files/4_36126a84-3d6d-412f-a0b9-34c0d03d449a.png?v=1738904520 | https://cdn.shopify.com/s/files/1/0715/1704/5040/files/5_f4c621a6-6d4d-4920-8f26-bab0280fce02.png?v=1738904520,2023-12-07T20:38:35+05:30,2026-09-08T08:56:50+05:30
Crompton,Crompton Voila FreeStanding 14 PlaceStanding Dishwasher,Dishwashers,Free Standing Dishwashers,crompton-voila-freestanding-14-placestanding-dishwasher,https://www.crompton.co.in/products/crompton-voila-freestanding-14-placestanding-dishwasher,53490.0,53490.0,Color,Dark Silver :: SKU=FS-DWVOA14PS-DS :: ₹53490.00,5,https://cdn.shopify.com/s/files/1/0715/1704/5040/files/1_45237b85-eaf2-444a-aa4a-26188226f846.png?v=1738910375 | https://cdn.shopify.com/s/files/1/0715/1704/5040/files/2_50e3d53e-939b-4ffa-8b79-88e233c97dc4.jpg?v=1738910375 | https://cdn.shopify.com/s/files/1/0715/1704/5040/files/3_0d6f6372-a457-4a93-859d-7df4fb9ba448.png?v=1738910375 | https://cdn.shopify.com/s/files/1/0715/1704/5040/files/4_137e82cd-50f0-4822-a058-ed6ef4f409e3.png?v=1738910375 | https://cdn.shopify.com/s/files/1/0715/1704/5040/files/5_c8ad92f1-7ab1-434e-9ee8-aa60bb2daebc.png?v=1738910375,2023-12-07T20:22:45+05:30,2026-09-08T08:56:50+05:30
Crompton,Crompton Voila FreeStanding 12 PlaceStanding Dishwasher,Dishwashers,Free Standing Dishwashers,crompton-voila-freestanding-12-placestanding-dishwasher,https://www.crompton.co.in/products/crompton-voila-freestanding-12-placestanding-dishwasher,49990.0,49990.0,Color,Midnight black :: SKU=FS-DWVOA12PS-DS :: ₹49990.00,7,https://cdn.shopify.com/s/files/1/0715/1704/5040/files/PL01_3_838d38be-0462-44e8-871a-1717585a7b63.webp?v=1712901233 | https://cdn.shopify.com/s/files/1/0715/1704/5040/files/PL02_2.png?v=1712901233 | https://cdn.shopify.com/s/files/1/0715/1704/5040/files/intensivekadaiwash-PL03.png?v=1712901233 | https://cdn.shopify.com/s/files/1/0715/1704/5040/files/hygienewash-PL04.png?v=1712901233 | https://cdn.shopify.com/s/files/1/0715/1704/5040/files/steelinnertub-PL05.png?v=1712901233 | https://cdn.shopify.com/s/files/1/0715/1704/5040/files/superactiveDrying-PL06.png?v=1712901233 | https://cdn.shopify.com/s/files/1/0715/1704/5040/files/freeinstallation-PL07_2.png?v=1712901233,2023-12-07T20:03:30+05:30,2026-09-08T08:56:50+05:30
Crompton,Crompton SensoSmart Curved 90cm Filterless Chimney,Chimneys,"90cm-chimney, Curved Chimneys, curved-chimney, ductless-chimney, suction-low-1500",crompton-sensosmart-curved-90cm-filterlesss-chimney,https://www.crompton.co.in/products/crompton-sensosmart-curved-90cm-filterlesss-chimney,34590.0,34590.0,Color,Midnight black :: SKU=CHD-SSC90FLX-MBL :: ₹34590.00,7,https://cdn.shopify.com/s/files/1/0715/1704/5040/files/1_9329706a-6532-4477-bd61-d64fa0c20316.png?v=1701959153 | https://cdn.shopify.com/s/files/1/0715/1704/5040/files/2_c9629642-4354-4adc-bd72-a89d026be15c.png?v=1701959152 | https://cdn.shopify.com/s/files/1/0715/1704/5040/files/3_3b325c3b-93a1-486b-a4e8-7ab24850837a.png?v=1701959152 | https://cdn.shopify.com/s/files/1/0715/1704/5040/files/4_e0f76466-ab1c-4484-82db-f6fcbb128fe1.png?v=1701959153 | https://cdn.shopify.com/s/files/1/0715/1704/5040/files/5_a89323ae-ed87-439c-85e0-f9af3311c860.png?v=1701959153 | https://cdn.shopify.com/s/files/1/0715/1704/5040/files/6_0b312292-6ee5-4a88-92ca-aab07d640224.png?v=1701959152 | https://cdn.shopify.com/s/files/1/0715/1704/5040/files/7_1e5c0ebb-3a39-41a0-bd52-e1a442851804.png?v=1701959152,2023-12-07T19:54:50+05:30,2026-09-08T08:56:50+05:30
Crompton,Crompton SensoSmart Curved 60cm Filterless Chimney,Chimneys,"60cm-chimney, Curved Chimneys, curved-chimney, ductless-chimney, suction-abv-1500",crompton-sensosmart-curved-60cm-filterlesss-chimney,https://www.crompton.co.in/products/crompton-sensosmart-curved-60cm-filterlesss-chimney,31790.0,31790.0,Color,Midnight black :: SKU=CHD-SSC60FLX-MBL :: ₹31790.00,7,https://cdn.shopify.com/s/files/1/0715/1704/5040/files/1_b287ecbb-b476-41bb-a88c-13108b8554f3.png?v=1701958663 | https://cdn.shopify.com/s/files/1/0715/1704/5040/files/2_c3d1e060-9fbc-42af-b752-406859ec6683.png?v=1701958663 | https://cdn.shopify.com/s/files/1/0715/1704/5040/files/3_07e1b18a-0b80-44b0-8b5a-5506f03026b2.png?v=1701958664 | https://cdn.shopify.com/s/files/1/0715/1704/5040/files/4_4c505c76-c5d8-4035-9e9c-347db690f26c.png?v=1701958663 | https://cdn.shopify.com/s/files/1/0715/1704/5040/files/5_b548c4eb-2a4e-4e48-b160-2618cac169f5.png?v=1701958664 | https://cdn.shopify.com/s/files/1/0715/1704/5040/files/6_f9e10e09-5d64-473b-91cd-69ef2376ddd7.png?v=1701958664 | https://cdn.shopify.com/s/files/1/0715/1704/5040/files/7_246f4178-26ce-4cf4-b8e9-478902e74185.png?v=1701958664,2023-12-07T19:46:09+05:30,2026-09-08T08:56:50+05:30
Crompton,Crompton SensoSmart Box 60cm Baffle Filter Chimney,Chimneys,"60cm-chimney, Box Chimneys, box-chimney, suction-abv-1500",crompton-sensosmart-box-60cm-baffle-filter-chimney,https://www.crompton.co.in/products/crompton-sensosmart-box-60cm-baffle-filter-chimney,33690.0,33690.0,Color,Midnight black :: SKU=CHD-SSB60BFE-MBL :: ₹33690.00,9,https://cdn.shopify.com/s/files/1/0715/1704/5040/files/sensosmartboxbaff60png.png?v=1728475278 | https://cdn.shopify.com/s/files/1/0715/1704/5040/files/pl1copy_62d6fb67-a635-424b-bb2d-336096a4a3b9.png?v=1728475278 | https://cdn.shopify.com/s/files/1/0715/1704/5040/files/pl3_990f28c7-40a2-4966-a715-1852a2ae80d6.png?v=1728475278 | https://cdn.shopify.com/s/files/1/0715/1704/5040/files/pl4copy_2b3edea1-ce75-4ba4-b7d8-fb8b5031f5e9.png?v=1728475278 | https://cdn.shopify.com/s/files/1/0715/1704/5040/files/pl4_0a510fbd-deca-4b93-996b-44a7e90941ea.png?v=1728475278 | https://cdn.shopify.com/s/files/1/0715/1704/5040/files/pl5_a51e6ab1-694e-46fe-a532-953b64e0b190.png?v=1728475278 | https://cdn.shopify.com/s/files/1/0715/1704/5040/files/sensosmart-box-60-baff.png?v=1731496376 | https://cdn.shopify.com/s/files/1/0715/1704/5040/files/sensosmart-box-60-baff-pl2.png?v=1728475278 | https://cdn.shopify.com/s/files/1/0715/1704/5040/files/pl7_1b32fbf8-68f4-45c3-8610-9b304a551154.png?v=1728475278,2023-12-07T19:37:37+05:30,2026-09-08T08:56:50+05:30
Crompton,Crompton GrandArt Island 90cm Baffle Filter Chimney,Chimneys,"90cm-chimney, baffle-filter, Island Chimneys, island-chimney, noise-abv-50, noise-low-50, suction-low-1500",crompton-grandart-copper-motor-island-90cm-baffle-filter-chimney,https://www.crompton.co.in/products/crompton-grandart-copper-motor-island-90cm-baffle-filter-chimney,68990.0,68990.0,Color,Midnight black :: SKU=CHD-GAL90BFE-INX :: ₹68990.00,7,https://cdn.shopify.com/s/files/1/0715/1704/5040/files/grandartbaff90.png?v=1727429517 | https://cdn.shopify.com/s/files/1/0715/1704/5040/files/pl1_ac9ea67d-d35d-4c1c-9079-44b5056adbfd.png?v=1727429517 | https://cdn.shopify.com/s/files/1/0715/1704/5040/files/pl3_5672d135-e435-49d3-bde2-c22326e10d21.png?v=1727429517 | https://cdn.shopify.com/s/files/1/0715/1704/5040/files/grndart-copper.png?v=1733908040 | https://cdn.shopify.com/s/files/1/0715/1704/5040/files/pl5_67dd60f3-6c03-4771-b72b-35b2b1cea2df.png?v=1733908040 | https://cdn.shopify.com/s/files/1/0715/1704/5040/files/pl7_bfa77a36-9e80-4191-aeeb-fc2654c6b476.png?v=1733908040 | https://cdn.shopify.com/s/files/1/0715/1704/5040/files/pl8_10a77e1e-ed00-406c-9f10-aec801056c5f.png?v=1733908040,2023-12-07T17:15:00+05:30,2026-09-08T08:56:50+05:30
Crompton,Crompton GrandArt Built-in Dishwasher 15 PS Dishwasher,Dishwashers,"Built-In Dishwashers, GrandArt",crompton-grandart-built-in-dishwasher-15-ps-dishwasher,https://www.crompton.co.in/products/crompton-grandart-built-in-dishwasher-15-ps-dishwasher,68190.0,68190.0,Color,Dark Silver :: SKU=BI-DWGAV15PS-FI :: ₹68190.00,5,https://cdn.shopify.com/s/files/1/0715/1704/5040/files/Artboard1_781c109d-5ed8-4ce9-a1c1-73a368605ac1.png?v=1738903257 | https://cdn.shopify.com/s/files/1/0715/1704/5040/files/Artboard2_05fc64b8-5ae2-4274-8c9b-78bfee58728f.jpg?v=1738903257 | https://cdn.shopify.com/s/files/1/0715/1704/5040/files/Artboard3_318a203a-9eb0-4a91-b96b-2828d197b1a2.jpg?v=1738903257 | https://cdn.shopify.com/s/files/1/0715/1704/5040/files/Artboard4_a7ef6918-1225-4852-9835-4944e70317ae.jpg?v=1738903257 | https://cdn.shopify.com/s/files/1/0715/1704/5040/files/Artboard5_5155b38b-1592-4dde-97b0-95cb840f811e.jpg?v=1738903257,2023-12-07T15:42:14+05:30,2026-09-08T08:56:50+05:30
Crompton,"Crompton Rapid Jet, 3000W Instant Water Heater",Instant Water Heaters,"8026 Water Heaters, feature-bath-modes, feature-energy-efficient, feature-smart-water-heaters, feature-tanks-with-polymer, Instant Water Heater, location-kitchen, location-small-bathroom, members-g3, members-l3, type-instant-geysers, weather-cool, weather-pleasant",crompton-rapid-jet-3000w-instant-water-heater,https://www.crompton.co.in/products/crompton-rapid-jet-3000w-instant-water-heater,4200.0,4600.0,"Color, Capacity",White/1-L :: SKU=AIWH-1LRPIDJT3KW5Y :: ₹4200.00 | White/3-L :: SKU=AIWH-3LRPIDJT3KW5Y :: ₹4600.00,5,https://cdn.shopify.com/s/files/1/0715/1704/5040/files/RapidJetIWHShot4_afcc9ec4-ccaa-4f59-84f9-e62fe13d52b9.png?v=1690788857 | https://cdn.shopify.com/s/files/1/0715/1704/5040/files/rapidjetPL02_2_2.jpg?v=1694859608 | https://cdn.shopify.com/s/files/1/0715/1704/5040/files/rapidjet03_2_2.png?v=1694859608 | https://cdn.shopify.com/s/files/1/0715/1704/5040/files/rapidjet04_2.png?v=1694859608 | https://cdn.shopify.com/s/files/1/0715/1704/5040/files/Rapidjet01_2_2.png?v=1694859608,2023-07-31T13:02:54+05:30,2026-09-08T08:56:50+05:30
Crompton,"Crompton Ameo Neo 750-Watt, Mixer Grinder, 3 Stainless Steel Jars",Mixers & Grinders,"3jars, freq-high, Mixer Grinder, type-heavy",crompton-ameo-neo-750-watt-mixer-grinder-3-stainless-steel-jars,https://www.crompton.co.in/products/crompton-ameo-neo-750-watt-mixer-grinder-3-stainless-steel-jars,6100.0,6100.0,Color,Black & Turquoise :: SKU=ACGM-AMEO-NEO :: ₹6100.00,5,https://cdn.shopify.com/s/files/1/0715/1704/5040/files/AmeoNeo750Frontview.webp?v=1702271497 | https://cdn.shopify.com/s/files/1/0715/1704/5040/files/1_1.png?v=1702271497 | https://cdn.shopify.com/s/files/1/0715/1704/5040/files/2_3.png?v=1702271497 | https://cdn.shopify.com/s/files/1/0715/1704/5040/files/3_6a2d7dbb-20f3-4688-bd3d-bc7689d29bfd.png?v=1702271497 | https://cdn.shopify.com/s/files/1/0715/1704/5040/files/4_c50a4541-f195-4b60-af65-c53a2740558e.png?v=1702271497,2023-08-28T16:01:52+05:30,2026-09-08T08:56:50+05:30
Crompton,Crompton MaxCrisp 4 Slice Sandwich Maker with 180 Degrees Barbecue Grill |  2000W,Other Cooking Appliances,Sandwich maker,crompton-maxcrisp-4-slice-sandwich-maker-with-180-degrees-barbecue-grill-2000w,https://www.crompton.co.in/products/crompton-maxcrisp-4-slice-sandwich-maker-with-180-degrees-barbecue-grill-2000w,5400.0,5400.0,Color,Silver grey + Black :: SKU=ACGT-MAXCRISP :: ₹5400.00,5,https://cdn.shopify.com/s/files/1/0715/1704/5040/files/redlight_da4ae6cc-7e77-41ec-b0c9-b6e3c3ddd34b.png?v=1716181687 | https://cdn.shopify.com/s/files/1/0715/1704/5040/files/maxcrisp-listing1_1_345ec17a-0552-4518-9f3d-1d734f7c842f.jpg?v=1716181687 | https://cdn.shopify.com/s/files/1/0715/1704/5040/files/maxcrisp-listing2_1_d6a40458-2469-4315-ae00-956173bee969.jpg?v=1716181687 | https://cdn.shopify.com/s/files/1/0715/1704/5040/files/maxcrisp-listing3_1_02b0e613-a035-4b79-bb27-2e662d0e4222.jpg?v=1716181687 | https://cdn.shopify.com/s/files/1/0715/1704/5040/files/maxcrisp-listing4_1_ae792e8a-4dfc-41a4-85c6-1031015afd74.jpg?v=1716181687,2023-06-20T17:56:16+05:30,2026-09-08T08:56:50+05:30
Crompton,FLOMAX PLUS II - Mini Self Priming Regenerative Pump 0.5 HP,Mini,"1PH, discharge_1100, discharge_1425, discharge_1750, discharge_2050, discharge_2350, discharge_2675, discharge_3000, discharge_500, discharge_800, head_12, head_15, head_18, head_21, head_24, head_27, head_30, head_6, head_9, HOUSE HOLD, hp_0.5, MCD Pipe Line, MINI DOMESTIC, pipesize_25X25, Self Priming Regenerative Mini, TANK AT HEIGHT, Under Ground Tank, unit_LPH",flomax-plus-ii,https://www.crompton.co.in/products/flomax-plus-ii,9300.0,9300.0,Color,Blue & Red :: SKU=FLOMAX PLUS II :: ₹9300.00,4,https://cdn.shopify.com/s/files/1/0715/1704/5040/files/Untitled-1_de0db784-3ec4-4ebd-9dcd-92a4e5f786cc.png?v=1694613824 | https://cdn.shopify.com/s/files/1/0715/1704/5040/files/Artboard3-2023-08-30T104321.278_1_cbd2ba39-37b4-4f75-a01d-58671ef3b3c3.jpg?v=1694613824 | https://cdn.shopify.com/s/files/1/0715/1704/5040/files/Artboard5_17_1_b51cb8a1-f9a5-4a92-bc96-4a0d44648574.jpg?v=1694613824 | https://cdn.shopify.com/s/files/1/0715/1704/5040/files/Artboard5-1_12_1_de3ed020-45e4-407e-926a-e9b9438b22b1.jpg?v=1694613824,2023-08-31T19:29:11+05:30,2026-09-08T08:56:50+05:30
Crompton,FLOMAX PLUS I - Mini Self Priming Regenerative Pump 1 HP,Mini,"1PH, discharge_1015, discharge_1480, discharge_1860, discharge_2200, discharge_2490, discharge_2700, discharge_500, head_12, head_18, head_24, head_30, head_36, head_42, head_6, HOUSE HOLD, hp_1, MCD Pipe Line, MINI DOMESTIC, pipesize_25X25, Self Priming Regenerative Mini, TANK AT HEIGHT, Under Ground Tank, unit_LPH",flomax-plus-i,https://www.crompton.co.in/products/flomax-plus-i,15200.0,15200.0,Color,Blue & Red :: SKU=FLOMAX PLUS I :: ₹15200.00,5,https://cdn.shopify.com/s/files/1/0715/1704/5040/files/Untitled-1_d64c7dda-0dfc-4190-9505-0c89737a2262.png?v=1694613851 | https://cdn.shopify.com/s/files/1/0715/1704/5040/files/Artboard3-2023-08-30T104321.278_1.jpg?v=1694613851 | https://cdn.shopify.com/s/files/1/0715/1704/5040/files/Artboard5_17_1.jpg?v=1694613851 | https://cdn.shopify.com/s/files/1/0715/1704/5040/files/Artboard5-1_12_1.jpg?v=1694613851 | https://cdn.shopify.com/s/files/1/0715/1704/5040/files/flowmaxpl_1.jpg?v=1694613851,2023-08-31T19:23:25+05:30,2026-09-08T08:56:50+05:30
Crompton,MINI MASTER II - Mini Self Priming Regenerative Pump 0.5 HP,Mini,"1PH, discharge_1100, discharge_1860, discharge_2600, discharge_600, head_15, head_24, head_30, head_6, HOUSE HOLD, hp_0.5, MCD Pipe Line, MINI DOMESTIC, pipesize_25X25, Self Priming Regenerative Mini, TANK AT HEIGHT, Under Ground Tank, unit_LPH",mini-master-ii,https://www.crompton.co.in/products/mini-master-ii,9200.0,9200.0,Color,Blue & Red :: SKU=MINI MASTER II :: ₹9200.00,5,https://cdn.shopify.com/s/files/1/0715/1704/5040/files/Untitled-1_84df6464-2ee1-43d6-94c9-3a8615377bc3.png?v=1694613950 | https://cdn.shopify.com/s/files/1/0715/1704/5040/files/Artboard2_18_1_c1be0bbe-3519-4ea3-bad5-a7bcad9ff8f3.png?v=1694613950 | https://cdn.shopify.com/s/files/1/0715/1704/5040/files/Artboard3_11_1_e48543be-5f0b-43fc-811e-fd4b99645279.png?v=1694613950 | https://cdn.shopify.com/s/files/1/0715/1704/5040/files/Artboard5_9_1_643a7089-5ace-44c3-9ce4-00c67dfdfd18.png?v=1694613950 | https://cdn.shopify.com/s/files/1/0715/1704/5040/files/Artboard5-1_9_1_97879cf0-dbd9-4647-b851-8bd34a6d0091.jpg?v=1694613950,2023-08-31T19:13:46+05:30,2026-09-08T08:56:50+05:30
Crompton,MINI MASTER I - Mini Self Priming Regenerative Pump 1 HP,Mini,"1PH, discharge_1590, discharge_2250, discharge_2690, discharge_3340, discharge_4000, discharge_950, head_15, head_24, head_30, head_39, head_48, head_6, HOUSE HOLD, hp_1, MCD Pipe Line, MINI DOMESTIC, pipesize_25X25, Self Priming Regenerative Mini, TANK AT HEIGHT, Under Ground Tank, unit_LPH",mini-master-i,https://www.crompton.co.in/products/mini-master-i,13825.0,13825.0,Color,Blue & Red :: SKU=MINI MASTER I :: ₹13825.00,5,https://cdn.shopify.com/s/files/1/0715/1704/5040/files/Untitled-1_ef4f6bed-6f73-44eb-99ef-93b4e4a275d8.png?v=1694613355 | https://cdn.shopify.com/s/files/1/0715/1704/5040/files/Artboard2_18_1.png?v=1694613355 | https://cdn.shopify.com/s/files/1/0715/1704/5040/files/Artboard3_11_1.png?v=1694613355 | https://cdn.shopify.com/s/files/1/0715/1704/5040/files/Artboard5_9_1.png?v=1694613355 | https://cdn.shopify.com/s/files/1/0715/1704/5040/files/Artboard5-1_9_1.jpg?v=1694613355,2023-08-31T19:07:15+05:30,2026-09-08T08:56:50+05:30
Crompton,MINI MARVEL II - Mini Self Priming Regenerative Pump 0.5 HP,Mini,"1PH, discharge_1200, discharge_2000, discharge_400, head_15, head_24, head_6, HOUSE HOLD, hp_0.5, MCD Pipe Line, MINI DOMESTIC, pipesize_25X25, Self Priming Regenerative Mini, TANK AT HEIGHT, Under Ground Tank, unit_LPH",mini-marvel-ii,https://www.crompton.co.in/products/mini-marvel-ii,7500.0,7500.0,Color,Blue & Red :: SKU=MINI MARVEL II :: ₹7500.00,5,https://cdn.shopify.com/s/files/1/0715/1704/5040/files/MiniMarvel_1_955242ef-ded0-42ed-a751-2dcccf6f75d6.png?v=1693488472 | https://cdn.shopify.com/s/files/1/0715/1704/5040/files/Artboard1-2023-08-27T132831.193_1_e85fda93-8012-465c-bc7b-c7636814afa6.jpg?v=1693488472 | https://cdn.shopify.com/s/files/1/0715/1704/5040/files/Artboard2-2023-08-27T132826.111_1_ddb34e66-73f8-497e-bf46-4d1c7a649626.jpg?v=1693488472 | https://cdn.shopify.com/s/files/1/0715/1704/5040/files/Artboard3-2023-08-29T132258.941_1_22c13e14-f403-48eb-9352-2ea5799a449f.jpg?v=1693488472 | https://cdn.shopify.com/s/files/1/0715/1704/5040/files/Artboard5_14_1_fa7cf2ae-32a3-4f1e-8144-982f23faa308.jpg?v=1693488472,2023-08-31T18:57:20+05:30,2026-09-08T08:56:50+05:30
Crompton,MINI MARVEL I - Mini Self Priming Regenerative Pump 1 HP,Mini,"1PH, discharge_1400, discharge_1800, discharge_2400, discharge_3000, discharge_750, head_15, head_24, head_30, head_39, head_6, HOUSE HOLD, hp_1, MCD Pipe Line, MINI DOMESTIC, pipesize_25X25, Self Priming Regenerative Mini, TANK AT HEIGHT, Under Ground Tank, unit_LPH",mini-marvel-i,https://www.crompton.co.in/products/mini-marvel-i,9400.0,9400.0,Color,Blue & Red :: SKU=MINI MARVEL I :: ₹9400.00,5,https://cdn.shopify.com/s/files/1/0715/1704/5040/files/MiniMarvel_1.png?v=1693488397 | https://cdn.shopify.com/s/files/1/0715/1704/5040/files/Artboard1-2023-08-27T132831.193_1.jpg?v=1693488397 | https://cdn.shopify.com/s/files/1/0715/1704/5040/files/Artboard2-2023-08-27T132826.111_1.jpg?v=1693488397 | https://cdn.shopify.com/s/files/1/0715/1704/5040/files/Artboard3-2023-08-29T132258.941_1.jpg?v=1693488397 | https://cdn.shopify.com/s/files/1/0715/1704/5040/files/Artboard5_14_1.jpg?v=1693488397,2023-08-31T18:51:09+05:30,2026-09-08T08:56:50+05:30
Crompton,AQUAGOLD 50-30 - Mini Self Priming Regenerative Pump 0.5 HP,Mini,"1PH, discharge_1080, discharge_1250, discharge_150, discharge_1500, discharge_1700, discharge_650, head_12, head_18, head_21, head_27, head_30, head_6, HOUSE HOLD, hp_0.5, MCD Pipe Line, MINI DOMESTIC, pipesize_15X15, Residential Self Priming Pumps, Self Priming Generative Aquagold, Self Priming Regenerative Mini, TANK AT HEIGHT, Under Ground Tank, unit_LPH",aquagold-50-30,https://www.crompton.co.in/products/aquagold-50-30,8975.0,8975.0,Color,Blue & Red :: SKU=AQUAGOLD 50-30 :: ₹8975.00,5,https://cdn.shopify.com/s/files/1/0715/1704/5040/files/Aquagold_6dd9b04b-5619-495a-80bc-ee16d558fed9.png?v=1693487590 | https://cdn.shopify.com/s/files/1/0715/1704/5040/files/Aquagold-PL1_1_1_04a62bd5-5025-4799-bb96-e90c8806ea82.jpg?v=1693487590 | https://cdn.shopify.com/s/files/1/0715/1704/5040/files/Aquagold-PL2_1_4447b66b-44b5-4366-af5a-0f1a08b1fe59.jpg?v=1693487590 | https://cdn.shopify.com/s/files/1/0715/1704/5040/files/Aquagold-PL3_1_383fb915-822e-49ca-9fb5-307629b99ce4.jpg?v=1693487590 | https://cdn.shopify.com/s/files/1/0715/1704/5040/files/Aquagold-PL4_1_499ef401-f034-4e30-94cf-de8c3f845d0e.jpg?v=1693487590,2023-08-31T18:42:24+05:30,2026-09-08T08:56:50+05:30
Crompton,AQUAGOLD 150 - Mini Self Priming Regenerative Pump 1.5 HP,Mini,"1PH, discharge_1225, discharge_1775, discharge_1985, discharge_2320, discharge_2745, discharge_3010, discharge_3360, discharge_720, head_12, head_18, head_27, head_33, head_36, head_42, head_45, head_6, HOUSE HOLD, hp_1.5, MCD Pipe Line, MINI DOMESTIC, pipesize_25X25, Residential Self Priming Pumps, Self Priming Generative Aquagold, Self Priming Regenerative Mini, TANK AT HEIGHT, Under Ground Tank, unit_LPH",aquagold-150,https://www.crompton.co.in/products/aquagold-150,18050.0,18050.0,Color,Blue & Red :: SKU=AQUAGOLD 150 :: ₹18050.00,5,https://cdn.shopify.com/s/files/1/0715/1704/5040/files/Aquagold_8c21a579-9288-44ba-90db-f23fd4416ea0.png?v=1693487334 | https://cdn.shopify.com/s/files/1/0715/1704/5040/files/Aquagold-PL1_1_1_b8e335e1-df15-465f-b300-b56bf138ff21.jpg?v=1693487333 | https://cdn.shopify.com/s/files/1/0715/1704/5040/files/Aquagold-PL2_1_1b2cb9c4-f57f-41ec-93a0-9425aa698a0f.jpg?v=1693487333 | https://cdn.shopify.com/s/files/1/0715/1704/5040/files/Aquagold-PL3_1_6a89b40f-b6c6-4ab4-8bd1-5ddda7ac6c4a.jpg?v=1693487333 | https://cdn.shopify.com/s/files/1/0715/1704/5040/files/Aquagold-PL4_1_c816eb71-3873-45cb-88af-dd5cb1355b99.jpg?v=1693487333,2023-08-31T18:37:24+05:30,2026-09-08T08:56:50+05:30
Crompton,AQUAGOLD 100-33 - Mini Self Priming Regenerative Pump 1 HP,Mini,"1PH, discharge_1045, discharge_1360, discharge_1500, discharge_1750, discharge_1950, discharge_500, discharge_860, head_12, head_18, head_21, head_27, head_30, head_33, head_6, HOUSE HOLD, hp_1, MCD Pipe Line, MINI DOMESTIC, pipesize_25X25, Residential Self Priming Pumps, Self Priming Generative Aquagold, Self Priming Regenerative Mini, TANK AT HEIGHT, Under Ground Tank, unit_LPH",aquagold-100-33,https://www.crompton.co.in/products/aquagold-100-33,11550.0,11550.0,Color,Blue & Red :: SKU=AQUAGOLD 100-33 :: ₹11550.00,5,https://cdn.shopify.com/s/files/1/0715/1704/5040/files/Aquagold.png?v=1693487155 | https://cdn.shopify.com/s/files/1/0715/1704/5040/files/Aquagold-PL1_1_1.jpg?v=1693487154 | https://cdn.shopify.com/s/files/1/0715/1704/5040/files/Aquagold-PL2_1.jpg?v=1693487154 | https://cdn.shopify.com/s/files/1/0715/1704/5040/files/Aquagold-PL3_1.jpg?v=1693487155 | https://cdn.shopify.com/s/files/1/0715/1704/5040/files/Aquagold-PL4_1.jpg?v=1693487155,2023-08-31T18:30:19+05:30,2026-09-08T08:56:50+05:30
Crompton,MINI CHAMP PLUS II - Mini Self Priming Regenerative Pump 0.5 HP,Mini,Self Priming Regenerative Mini,mini-champ-plus-ii,https://www.crompton.co.in/products/mini-champ-plus-ii,4650.0,4650.0,Color,Blue & Red :: SKU=MINI CHAMP PLUS II :: ₹4650.00,6,https://cdn.shopify.com/s/files/1/0715/1704/5040/files/MiniChampplus_1_8fc899af-a192-4bc0-be2a-9debfcabeecd.png?v=1693486247 | https://cdn.shopify.com/s/files/1/0715/1704/5040/files/Artboard1-2023-08-29T180122.377_1_70f9620f-6cf3-4f95-b6ab-53577ed7c09c.jpg?v=1693486247 | https://cdn.shopify.com/s/files/1/0715/1704/5040/files/Artboard2-2023-08-29T180120.126_1_c15615df-814e-46fc-b302-584ade54cd64.jpg?v=1693486247 | https://cdn.shopify.com/s/files/1/0715/1704/5040/files/Artboard3-2023-08-29T180117.512_1_65e71f78-a4f9-446d-8be2-507dc273b4ab.jpg?v=1693486247 | https://cdn.shopify.com/s/files/1/0715/1704/5040/files/Artboard5_16_1_44a066b3-fa1c-4eaf-86c5-caa5ee48eb29.jpg?v=1693486247 | https://cdn.shopify.com/s/files/1/0715/1704/5040/files/minichamppl_1_803d7bfa-0fa8-4520-adca-77d400c4d07b.jpg?v=1693486247,2023-08-31T18:20:22+05:30,2026-09-08T08:56:50+05:30
Crompton,CHAMP PLUS I - Mini Self Priming Regenerative Pump 1 HP,Mini,"1PH, discharge_1050, discharge_1450, discharge_2100, discharge_2700, discharge_750, head_15, head_24, head_30, head_34, head_6, HOUSE HOLD, hp_1, MCD Pipe Line, MINI DOMESTIC, pipesize_25X25, Self Priming Regenerative Mini, TANK AT HEIGHT, Under Ground Tank, unit_LPH",mini-champ-plus-i,https://www.crompton.co.in/products/mini-champ-plus-i,6025.0,6025.0,Color,Blue & Red :: SKU=MINI CHAMP PLUS I :: ₹6025.00,6,https://cdn.shopify.com/s/files/1/0715/1704/5040/files/Untitled-1_ecb93f8f-9284-4569-9286-ea889cecd861.png?v=1694613709 | https://cdn.shopify.com/s/files/1/0715/1704/5040/files/Artboard1-2023-08-29T180122.377_1.jpg?v=1694613709 | https://cdn.shopify.com/s/files/1/0715/1704/5040/files/Artboard2-2023-08-29T180120.126_1.jpg?v=1694613709 | https://cdn.shopify.com/s/files/1/0715/1704/5040/files/Artboard3-2023-08-29T180117.512_1.jpg?v=1694613709 | https://cdn.shopify.com/s/files/1/0715/1704/5040/files/Artboard5_16_1.jpg?v=1694613709 | https://cdn.shopify.com/s/files/1/0715/1704/5040/files/minichamppl_1.jpg?v=1694613709,2023-08-31T18:09:02+05:30,2026-09-08T08:56:50+05:30
Crompton,MINI MASTERPLUS II - Mini Self Priming Regenerative Pump 0.5 HP,Mini,"1PH, discharge_1140, discharge_1350, discharge_1800, discharge_2290, discharge_2700, discharge_500, head_12, head_18, head_24, head_27, head_36, head_6, HOUSE HOLD, hp_0.5, MCD Pipe Line, MINI DOMESTIC, pipesize_25X25, Self Priming Regenerative Mini, TANK AT HEIGHT, Under Ground Tank, unit_LPH",mini-masterplus-ii,https://www.crompton.co.in/products/mini-masterplus-ii,9825.0,9825.0,Color,Blue & Red :: SKU=MINI MASTERPLUS II :: ₹9825.00,6,https://cdn.shopify.com/s/files/1/0715/1704/5040/files/Untitled-1_8c989372-2653-48a9-9e9c-5abb66b0cc53.png?v=1694613449 | https://cdn.shopify.com/s/files/1/0715/1704/5040/files/Artboard1-2023-08-31T004102.271_1_fb18f62c-50ef-42b8-8ec1-418cf67f9f51.jpg?v=1694613449 | https://cdn.shopify.com/s/files/1/0715/1704/5040/files/Artboard2_19_1_31565863-00fc-4ccd-893c-cc783292c0b6.png?v=1694613449 | https://cdn.shopify.com/s/files/1/0715/1704/5040/files/Artboard3_12_1_e4dd3e75-b3f5-4ec5-a269-1953676e3635.png?v=1694613449 | https://cdn.shopify.com/s/files/1/0715/1704/5040/files/Artboard5_10_1_ce4bfda9-dd51-4451-a46f-8308c45fbee0.png?v=1694613449 | https://cdn.shopify.com/s/files/1/0715/1704/5040/files/Artboard5-1_13_1_6f03a004-3904-4247-bc52-7d5790651ac1.jpg?v=1694613449,2023-08-31T18:03:14+05:30,2026-09-08T08:56:50+05:30
Crompton,MINI MASTERPLUS I - Mini Self Priming Regenerative Pump 1 HP,Mini,"1PH, discharge_1510, discharge_1960, discharge_2650, discharge_2900, discharge_3350, discharge_3800, discharge_4250, discharge_900, head_12, head_18, head_24, head_27, head_36, head_42, head_50, head_6, HOUSE HOLD, hp_1, MCD Pipe Line, MINI DOMESTIC, pipesize_25X25, Self Priming Regenerative Mini, TANK AT HEIGHT, Under Ground Tank, unit_LPH",mini-masterplus-i,https://www.crompton.co.in/products/mini-masterplus-i,15075.0,15075.0,Color,Blue & Red :: SKU=MINI MASTERPLUS I :: ₹15075.00,6,https://cdn.shopify.com/s/files/1/0715/1704/5040/files/Untitled-1_d67690c9-4da1-40b9-99f0-71cbe3bfff20.png?v=1694613584 | https://cdn.shopify.com/s/files/1/0715/1704/5040/files/Artboard1-2023-08-31T004102.271_1.jpg?v=1694613584 | https://cdn.shopify.com/s/files/1/0715/1704/5040/files/Artboard2_19_1.png?v=1694613584 | https://cdn.shopify.com/s/files/1/0715/1704/5040/files/Artboard3_12_1.png?v=1694613584 | https://cdn.shopify.com/s/files/1/0715/1704/5040/files/Artboard5_10_1.png?v=1694613584 | https://cdn.shopify.com/s/files/1/0715/1704/5040/files/Artboard5-1_13_1.jpg?v=1694613584,2023-08-31T17:46:47+05:30,2026-09-08T08:56:50+05:30
Crompton,MINI CREST I - Mini Self Priming Regenerative Pump 1 HP,Mini,"1PH, discharge_1050, discharge_1450, discharge_2100, discharge_2700, discharge_750, head_15, head_24, head_30, head_34, head_6, HOUSE HOLD, hp_1, MCD Pipe Line, MINI DOMESTIC, pipesize_25X25, Self Priming Regenerative Mini, TANK AT HEIGHT, Under Ground Tank, unit_LPH",mini-crest-i,https://www.crompton.co.in/products/mini-crest-i,7475.0,7475.0,Color,Blue & Red :: SKU=MINI CREST I :: ₹7475.00,6,https://cdn.shopify.com/s/files/1/0715/1704/5040/files/MiniCrest_1_9d2cc090-f33d-4d32-a125-b91ac42d5870.png?v=1693483473 | https://cdn.shopify.com/s/files/1/0715/1704/5040/files/Artboard1-2023-08-29T132027.718_1_624556bb-d5b5-4125-a45b-3dc57eccfc54.jpg?v=1693483473 | https://cdn.shopify.com/s/files/1/0715/1704/5040/files/Artboard2-2023-08-29T132030.177_1_345ed29e-b204-4b85-b011-c8c1be0e5291.jpg?v=1693483473 | https://cdn.shopify.com/s/files/1/0715/1704/5040/files/Artboard3-2023-08-29T132034.597_1_f6714059-abbf-441b-8c3e-655412570997.jpg?v=1693483473 | https://cdn.shopify.com/s/files/1/0715/1704/5040/files/Artboard5_15_1_c3c2d4d0-7654-4920-95df-40a40d33cf1d.jpg?v=1693483473 | https://cdn.shopify.com/s/files/1/0715/1704/5040/files/Artboard5-1_10_1_50e4161f-30f5-499a-a4ff-edb3b8f3fbbe.jpg?v=1693483473,2023-08-31T17:32:10+05:30,2026-09-08T08:56:50+05:30
Crompton,MINI CREST II - Mini Self Priming Regenerative Pump 0.5 HP,Mini,"1PH, discharge_1200, discharge_1950, discharge_450, head_15, head_21, head_6, HOUSE HOLD, hp_0.5, MCD Pipe Line, MINI DOMESTIC, pipesize_25X25, Self Priming Regenerative Mini, TANK AT HEIGHT, Under Ground Tank, unit_LPH",mini-crest-ii,https://www.crompton.co.in/products/mini-crest-ii,5800.0,5800.0,Color,Blue & Red :: SKU=MINI CREST II :: ₹5800.00,6,https://cdn.shopify.com/s/files/1/0715/1704/5040/files/MiniCrest_1.png?v=1693484011 | https://cdn.shopify.com/s/files/1/0715/1704/5040/files/Artboard1-2023-08-29T132027.718_1.jpg?v=1693484011 | https://cdn.shopify.com/s/files/1/0715/1704/5040/files/Artboard2-2023-08-29T132030.177_1.jpg?v=1693484011 | https://cdn.shopify.com/s/files/1/0715/1704/5040/files/Artboard3-2023-08-29T132034.597_1.jpg?v=1693484011 | https://cdn.shopify.com/s/files/1/0715/1704/5040/files/Artboard5_15_1.jpg?v=1693484011 | https://cdn.shopify.com/s/files/1/0715/1704/5040/files/Artboard5-1_10_1.jpg?v=1693484011,2023-08-31T16:53:50+05:30,2026-09-08T08:56:50+05:30
Crompton,Crompton QuickServe 2 Slice Panini Maker with Floating Hinges | 700W Sandwich Maker,Other Cooking Appliances,Sandwich maker,crompton-quickserve-2-slice-panini-maker-with-floating-hinges-700w-sandwich-maker,https://www.crompton.co.in/products/crompton-quickserve-2-slice-panini-maker-with-floating-hinges-700w-sandwich-maker,3000.0,3000.0,Color,Black :: SKU=ACGT-QUICKSERVGRL :: ₹3000.00,5,https://cdn.shopify.com/s/files/1/0715/1704/5040/files/Untitled-1_08d81a95-8029-4432-9bb4-a9291fa473c4.png?v=1694612954 | https://cdn.shopify.com/s/files/1/0715/1704/5040/files/PL1_6_1.jpg?v=1694612954 | https://cdn.shopify.com/s/files/1/0715/1704/5040/files/PL2_14_1.jpg?v=1694612954 | https://cdn.shopify.com/s/files/1/0715/1704/5040/files/PL3_12_1.jpg?v=1694612954 | https://cdn.shopify.com/s/files/1/0715/1704/5040/files/PL4_9_1.jpg?v=1694612954,2023-08-28T15:45:23+05:30,2026-09-08T08:56:50+05:30
Crompton,Crompton ActivHot Cool Touch Electric Kettle | 1.2 Litres,Kettles,Electric Kettle,crompton-activhot-cool-touch-electric-kettle-1-2-litres,https://www.crompton.co.in/products/crompton-activhot-cool-touch-electric-kettle-1-2-litres,2300.0,2300.0,Color,Black :: SKU=ACGEK-ACTIVHOT1.2 :: ₹2300.00,5,https://cdn.shopify.com/s/files/1/0715/1704/5040/files/Untitled-1_e1de2717-263d-48ac-a0f1-4b57fbc809fb.png?v=1694612023 | https://cdn.shopify.com/s/files/1/0715/1704/5040/files/pl1_4_1_1_477b913c-1d31-43d1-8fe5-5a45715160c0.jpg?v=1711031354 | https://cdn.shopify.com/s/files/1/0715/1704/5040/files/pl2_3_1_4cff105d-c452-453a-91f8-564493cf1094.jpg?v=1711031354 | https://cdn.shopify.com/s/files/1/0715/1704/5040/files/pl4_11_1_6adb8b19-969c-45a0-9423-f86cd2c7cd9e.jpg?v=1711031354 | https://cdn.shopify.com/s/files/1/0715/1704/5040/files/PL1_19_1_b505cdae-d98b-4d37-9cb6-cd9e9be0e6ce.jpg?v=1711031354,2023-08-28T15:32:30+05:30,2026-09-08T08:56:50+05:30
Crompton,Crompton Ozone Classic H 55,Desert Coolers,"300-600-sqft, Desert Coolers, type-auto-fill-tank-function, type-dry, type-outdoor-cooling",crompton-ozone-classic-h-55,https://www.crompton.co.in/products/crompton-ozone-classic-h-55,15300.0,15300.0,Color,Grey and White :: SKU=ACGC-DACCH55 :: ₹15300.00,6,https://cdn.shopify.com/s/files/1/0715/1704/5040/files/OzoneClassicH55FrontView.png?v=1774437666 | https://cdn.shopify.com/s/files/1/0715/1704/5040/files/LifestylePl1_ff92b8ea-f92b-4277-97c6-f2e650920446.jpg?v=1774437662 | https://cdn.shopify.com/s/files/1/0715/1704/5040/files/ozoneroyalpl01_3_1.jpg?v=1774437662 | https://cdn.shopify.com/s/files/1/0715/1704/5040/files/ozoneroyalpl03_3_1.jpg?v=1774437662 | https://cdn.shopify.com/s/files/1/0715/1704/5040/files/ozoneroyalpl03copy_1.jpg?v=1774437661 | https://cdn.shopify.com/s/files/1/0715/1704/5040/files/OzoneClassicH55.jpg?v=1774437662,2023-08-28T12:13:47+05:30,2026-09-08T08:56:50+05:30
Crompton,Crompton Ozone Classic W 55,Desert Coolers,"300-600-sqft, Desert Coolers, type-auto-fill-tank-function, type-dry, type-outdoor-cooling",crompton-ozone-classic-w-55,https://www.crompton.co.in/products/crompton-ozone-classic-w-55,14900.0,14900.0,Color,Grey and White :: SKU=ACGC-DACCW55 :: ₹14900.00,6,https://cdn.shopify.com/s/files/1/0715/1704/5040/files/OzoneClassicW55FrontView.png?v=1774437675 | https://cdn.shopify.com/s/files/1/0715/1704/5040/files/LifestylePl1_4ed66d18-f26a-45d9-9b87-65f0ec807b84.jpg?v=1774437660 | https://cdn.shopify.com/s/files/1/0715/1704/5040/files/ozoneroyalpl01_4_1.jpg?v=1774437660 | https://cdn.shopify.com/s/files/1/0715/1704/5040/files/ozoneroyalpl03_4_1.jpg?v=1774437661 | https://cdn.shopify.com/s/files/1/0715/1704/5040/files/ozoneroyalpl04copy_1.jpg?v=1774437661 | https://cdn.shopify.com/s/files/1/0715/1704/5040/files/OzoneClassicW55.jpg?v=1774437660,2023-08-28T11:58:33+05:30,2026-09-08T08:56:50+05:30
Crompton,Crompton NourisPro 4.5 Litres Air Fryer,Air Fryer,Air Fryer,crompton-nourispro-4-5-litres-air-fryer,https://www.crompton.co.in/products/crompton-nourispro-4-5-litres-air-fryer,9700.0,9700.0,Color,Gloss Black :: SKU=ACGAF-NOURISPRO :: ₹9700.00,5,https://cdn.shopify.com/s/files/1/0715/1704/5040/files/NourisPro.png?v=1713259255 | https://cdn.shopify.com/s/files/1/0715/1704/5040/files/LifestylePL1_e6829087-35ea-4f15-90e7-d0a23a401a2e.jpg?v=1713259255 | https://cdn.shopify.com/s/files/1/0715/1704/5040/files/Nourish-Pro-PL1_1.jpg?v=1713259255 | https://cdn.shopify.com/s/files/1/0715/1704/5040/files/Nourish-Pro-PL4_1.jpg?v=1713259255 | https://cdn.shopify.com/s/files/1/0715/1704/5040/files/Nourish-Pro-PL-2_10_1.jpg?v=1713259255,2023-08-22T10:41:34+05:30,2026-09-08T08:56:50+05:30
Crompton,Crompton RD 750 W Dry Iron,Fabric Care Irons,"Dry Iron, occasion-iron",crompton-rd-750-w-dry-iron,https://www.crompton.co.in/products/crompton-rd-750-w-dry-iron,950.0,950.0,Color,Blue :: SKU=ACGEI-RD :: ₹950.00,5,https://cdn.shopify.com/s/files/1/0715/1704/5040/files/iron.png?v=1712918240 | https://cdn.shopify.com/s/files/1/0715/1704/5040/files/LifestylePl1_534c0e64-2ff4-443b-9e1e-514745eb9438.jpg?v=1712918240 | https://cdn.shopify.com/s/files/1/0715/1704/5040/files/RDironPL2_5_1.jpg?v=1712918240 | https://cdn.shopify.com/s/files/1/0715/1704/5040/files/RDironPL3_7_1.jpg?v=1712918240 | https://cdn.shopify.com/s/files/1/0715/1704/5040/files/RDironPL4_5_1.jpg?v=1712918240,2023-08-16T17:33:38+05:30,2026-09-08T08:56:51+05:30
Crompton,Crompton Rhino 1000 W Heavy Weight Dry Iron,Fabric Care Irons,"Dry Iron, weekly-iron",crompton-rhino-1000-w-heavy-weight-dry-iron,https://www.crompton.co.in/products/crompton-rhino-1000-w-heavy-weight-dry-iron,1550.0,1550.0,Color,White/Silver :: SKU=ACGEI-RHINO :: ₹1550.00,5,https://cdn.shopify.com/s/files/1/0715/1704/5040/files/RHINO-IRON-PNG_1.png?v=1694416379 | https://cdn.shopify.com/s/files/1/0715/1704/5040/files/LifestylePL1_96d55262-3847-41f0-9967-4af65db84b3a.jpg?v=1694416379 | https://cdn.shopify.com/s/files/1/0715/1704/5040/files/RhinoOldPL_3_4_1.jpg?v=1694416376 | https://cdn.shopify.com/s/files/1/0715/1704/5040/files/RhinoOldPL_4_5_1.jpg?v=1694416377 | https://cdn.shopify.com/s/files/1/0715/1704/5040/files/Rhino-Old-PL1_2.jpg?v=1694416376,2023-08-16T17:06:29+05:30,2026-09-08T08:56:51+05:30
Crompton,"Crompton Rapidjet Plus Turbo , 3000W Storage Water Heater - 6-L",Storage Water Heaters,"feature-bath-modes, feature-energy-efficient, feature-smart-water-heaters, feature-tanks-with-polymer, location-bathroom, location-bathroom-wfc, location-lobby, members-g3, members-g5, Storage Water Heaters, type-storage-geysers, weather-cool, weather-pleasant",crompton-rapidjet-plus-turbo-6-l-5-star-rated-storage-water-heater-with-nano-polybond-technology-powerful-3000w-heating-element-rust-proof-body-and-advanced-3-level-safety-with-free-installation-and-connection-pipes-white,https://www.crompton.co.in/products/crompton-rapidjet-plus-turbo-6-l-5-star-rated-storage-water-heater-with-nano-polybond-technology-powerful-3000w-heating-element-rust-proof-body-and-advanced-3-level-safety-with-free-installation-and-connection-pipes-white,9500.0,9500.0,Color,White :: SKU=ASWH-6LRPDJT3KW :: ₹9500.00,5,https://cdn.shopify.com/s/files/1/0715/1704/5040/files/RapidJetPlus6LturboFrontPerspective.png?v=1692181444 | https://cdn.shopify.com/s/files/1/0715/1704/5040/files/RapidJetPlusTurboPL1_1.jpg?v=1692181444 | https://cdn.shopify.com/s/files/1/0715/1704/5040/files/RapidJetTurbo-PL2_2.png?v=1692181444 | https://cdn.shopify.com/s/files/1/0715/1704/5040/files/Artboard3_69_2.jpg?v=1692181444 | https://cdn.shopify.com/s/files/1/0715/1704/5040/files/rapidjetturbopl4_1_2.jpg?v=1692181444,2023-08-16T15:52:30+05:30,2026-09-08T08:56:51+05:30
Crompton,"Crompton Rapidjet Plus, 2000W Storage Water Heater - 6-L",Storage Water Heaters,"feature-bath-modes, feature-energy-efficient, feature-smart-water-heaters, feature-tanks-with-polymer, location-bathroom, location-bathroom-wfc, location-lobby, members-g3, members-g5, Storage Water Heaters, type-storage-geysers, weather-cool, weather-pleasant",crompton-rapidjet-plus-6-l-5-star-rated-storage-water-heater-with-nano-polybond-technology-powerful-2000w-heating-element-rust-proof-body-and-advanced-3-level-safety-with-free-installation-and-connection-pipes-white,https://www.crompton.co.in/products/crompton-rapidjet-plus-6-l-5-star-rated-storage-water-heater-with-nano-polybond-technology-powerful-2000w-heating-element-rust-proof-body-and-advanced-3-level-safety-with-free-installation-and-connection-pipes-white,8500.0,8500.0,Color,White :: SKU=ASWH-6LRPDJT2KW :: ₹8500.00,5,https://cdn.shopify.com/s/files/1/0715/1704/5040/files/RapidJetDLX3LIWHFrontView.png?v=1692180936 | https://cdn.shopify.com/s/files/1/0715/1704/5040/files/rapidjet02_8_1.jpg?v=1692180936 | https://cdn.shopify.com/s/files/1/0715/1704/5040/files/rapidjet03_6_1.jpg?v=1692180936 | https://cdn.shopify.com/s/files/1/0715/1704/5040/files/rapidjet04_9_1.jpg?v=1692180936 | https://cdn.shopify.com/s/files/1/0715/1704/5040/files/Rapidjet011_5.jpg?v=1692180936,2023-08-16T15:43:55+05:30,2026-09-08T08:56:51+05:30
Crompton,"Crompton Solarium Qube, 2000W Storage Water Heater",Storage Water Heaters,"feature-bath-modes, feature-energy-efficient, feature-smart-water-heaters, feature-tanks-with-polymer, location-bathroom, location-bathroom-wfc, location-lobby, members-g3, members-g5, Storage Water Heaters, type-storage-geysers, weather-cool, weather-pleasant",crompton-solarium-qube-5-star-rated-storage-water-heater,https://www.crompton.co.in/products/crompton-solarium-qube-5-star-rated-storage-water-heater,11500.0,13500.0,"Color, Capacity",White & Black/10-L :: SKU=ASWH-2410 :: ₹11500.00 | White & Black/15-L :: SKU=ASWH-2415 :: ₹12500.00 | White & Black/25-L :: SKU=ASWH-2425 :: ₹13500.00,5,https://cdn.shopify.com/s/files/1/0715/1704/5040/files/SolariumQubeSWH2022FrontView.png?v=1692176634 | https://cdn.shopify.com/s/files/1/0715/1704/5040/files/prodlisting_1_5_1.jpg?v=1692176634 | https://cdn.shopify.com/s/files/1/0715/1704/5040/files/prodlisting_2_4_1.jpg?v=1692176634 | https://cdn.shopify.com/s/files/1/0715/1704/5040/files/prodlisting_3_3_1.jpg?v=1692176634 | https://cdn.shopify.com/s/files/1/0715/1704/5040/files/prodlisting_4_1_1.jpg?v=1692176634,2023-08-16T14:32:32+05:30,2026-09-08T08:56:51+05:30
Crompton,Crompton Gale DAC,Desert Coolers,"300-600-sqft, Desert Coolers, type-dry, type-ice-chambers, type-outdoor-cooling",crompton-gale-dac,https://www.crompton.co.in/products/crompton-gale-dac,14000.0,16000.0,"Color, Capacity",Grey/60-L :: SKU=ACGC-GALEDAC60 :: ₹14000.00 | Grey/90-L :: SKU=ACGC-GALEDAC90 :: ₹16000.00,12,https://cdn.shopify.com/s/files/1/0715/1704/5040/files/GaleDAC60OpenLouvers.png?v=1774437663 | https://cdn.shopify.com/s/files/1/0715/1704/5040/files/LifestylePL1_0750ad43-34e3-4ab2-a8ff-c12bddf68db9.jpg?v=1774437659 | https://cdn.shopify.com/s/files/1/0715/1704/5040/files/prod-listing-_2_7.jpg?v=1774437659 | https://cdn.shopify.com/s/files/1/0715/1704/5040/files/prod-listing-_3_8_1.jpg?v=1774437659 | https://cdn.shopify.com/s/files/1/0715/1704/5040/files/prod-listing-_4_8.jpg?v=1774437659 | https://cdn.shopify.com/s/files/1/0715/1704/5040/files/GaleDAC60L.jpg?v=1774437659 | https://cdn.shopify.com/s/files/1/0715/1704/5040/files/GaleDAC90OpenLouvers_cba29d99-90e2-4df7-bef8-d1cd6bb672dc.png?v=1774437662 | https://cdn.shopify.com/s/files/1/0715/1704/5040/files/Gale-PL-_90L_-4-_2_1.jpg?v=1774437659 | https://cdn.shopify.com/s/files/1/0715/1704/5040/files/Gale-PL-_90L_-1-_1.jpg?v=1774437659 | https://cdn.shopify.com/s/files/1/0715/1704/5040/files/Gale-PL-_90L_-2-_3_1_fbdbef01-33d5-4619-82f5-0721cf4a22e4.jpg?v=1774437659 | https://cdn.shopify.com/s/files/1/0715/1704/5040/files/Gale-PL-_90L_-3-_1_be8bcf9b-cebe-4e7a-b597-0bc6cd018071.jpg?v=1774437659 | https://cdn.shopify.com/s/files/1/0715/1704/5040/files/GaleDAC90L.jpg?v=1774437659,2023-08-16T12:56:22+05:30,2026-09-08T08:56:51+05:30
Crompton,Crompton Marvel Neo,Personal Coolers,"150-300-sqft, Air Cooler under 10000, Personal Cooler, type-humid, type-ice-chambers, type-mosquito-net, type-personal-cooling, type-room-cooling, type-spot-cooling",crompton-marvel-neo,https://www.crompton.co.in/products/crompton-marvel-neo,8900.0,9500.0,"Color, Capacity",White/23-L :: SKU=ACGC-MARVELNEO23 :: ₹8900.00 | White/40-L :: SKU=ACGC-MARVELNEO40 :: ₹9500.00,12,https://cdn.shopify.com/s/files/1/0715/1704/5040/files/MarvelNeo23Front.png?v=1774437658 | https://cdn.shopify.com/s/files/1/0715/1704/5040/files/LifestylePl1_11f50d98-f512-4f95-8dfa-8f683a2c4470.jpg?v=1774437655 | https://cdn.shopify.com/s/files/1/0715/1704/5040/files/productPL2_5_1.jpg?v=1774437655 | https://cdn.shopify.com/s/files/1/0715/1704/5040/files/productPL3_6_1.jpg?v=1774437655 | https://cdn.shopify.com/s/files/1/0715/1704/5040/files/productPL4_5_1.jpg?v=1774437655 | https://cdn.shopify.com/s/files/1/0715/1704/5040/files/PersonalCoolers-CromptonMarvelNeo23L.jpg?v=1774437655 | https://cdn.shopify.com/s/files/1/0715/1704/5040/files/MarvelNeo40FrontOpenLouvers_1.png?v=1774437658 | https://cdn.shopify.com/s/files/1/0715/1704/5040/files/marvelneopl40l_1_f53864ef-c203-4059-a31e-01cb3311a7d1.jpg?v=1774437655 | https://cdn.shopify.com/s/files/1/0715/1704/5040/files/productPL3_5_1_2821d1fc-bb17-4313-8938-3104aa7b5d56.jpg?v=1774437655 | https://cdn.shopify.com/s/files/1/0715/1704/5040/files/marvelneopl4_1_1_ff5baa73-3b9c-4951-95be-52cb0d579ddb.jpg?v=1774437655 | https://cdn.shopify.com/s/files/1/0715/1704/5040/files/marvelneopl2_1_1_81529b90-c1ab-4bb3-a0e3-3fa988dc4182.jpg?v=1774437655 | https://cdn.shopify.com/s/files/1/0715/1704/5040/files/PersonalCoolers-CromptonMarvelNeo40L.jpg?v=1774437655,2023-08-16T12:26:04+05:30,2026-09-08T08:56:51+05:30
Crompton,Crompton Zelus PAC,Personal Coolers,"150-300-sqft, Air Cooler under 10000, Personal Cooler, type-humid, type-ice-chambers, type-personal-cooling, type-room-cooling, type-spot-cooling",crompton-zelus-dac,https://www.crompton.co.in/products/crompton-zelus-dac,8500.0,9500.0,"Color, Capacity",Grey/28-L :: SKU=ACGC-ZELUSDAC28 :: ₹8500.00 | Grey/43-L :: SKU=ACGC-ZELUSDAC43 :: ₹9500.00,12,https://cdn.shopify.com/s/files/1/0715/1704/5040/files/ZelusDAC28FrontView.png?v=1774437658 | https://cdn.shopify.com/s/files/1/0715/1704/5040/files/LifestylePl1_329c4397-9119-4807-89ef-025b23420613.jpg?v=1774437657 | https://cdn.shopify.com/s/files/1/0715/1704/5040/files/product282_1.jpg?v=1774437657 | https://cdn.shopify.com/s/files/1/0715/1704/5040/files/product283_3_1.jpg?v=1774437657 | https://cdn.shopify.com/s/files/1/0715/1704/5040/files/product284_2_1.jpg?v=1774437657 | https://cdn.shopify.com/s/files/1/0715/1704/5040/files/PersonalCoolers-CromptonZelusPAC28L.jpg?v=1774437657 | https://cdn.shopify.com/s/files/1/0715/1704/5040/files/ZelusDAC43FrontView_2e9f82d9-0ec9-4080-ac5a-4728264ffbd3.png?v=1774437658 | https://cdn.shopify.com/s/files/1/0715/1704/5040/files/product-1_8_1.jpg?v=1774437657 | https://cdn.shopify.com/s/files/1/0715/1704/5040/files/product-2_6_1_f9efa8f1-574b-4177-a7c8-e659dfb3ace2.jpg?v=1774437657 | https://cdn.shopify.com/s/files/1/0715/1704/5040/files/product-3_7_1_985e5e69-2aa7-4ffe-a750-583e116b927b.jpg?v=1774437657 | https://cdn.shopify.com/s/files/1/0715/1704/5040/files/product-4_7_1_862a2d31-d00a-4d1e-9eab-6a88fb1cbf2a.jpg?v=1774437657 | https://cdn.shopify.com/s/files/1/0715/1704/5040/files/PersonalCoolers-CromptonZelusPAC43L.jpg?v=1774437657,2023-08-16T12:04:21+05:30,2026-09-08T08:56:51+05:30
Crompton,Crompton Ozone Royal,Desert Coolers,"300-600-sqft, Desert Coolers, type-auto-fill-tank-function, type-dry, type-outdoor-cooling",crompton-ozone-royal,https://www.crompton.co.in/products/crompton-ozone-royal,16900.0,18200.0,"Color, Capacity",Grey and White/55-L :: SKU=ACGC-DACR55 :: ₹16900.00 | Grey and White/75-L :: SKU=ACGC-DACR75 :: ₹18200.00,12,https://cdn.shopify.com/s/files/1/0715/1704/5040/files/OzoneRoyale55FrontView.png?v=1774437650 | https://cdn.shopify.com/s/files/1/0715/1704/5040/files/Lifestylepl1_f06c2668-5139-40a4-a7a8-5916b86a3373.jpg?v=1774437635 | https://cdn.shopify.com/s/files/1/0715/1704/5040/files/ozoneroyalpl01_2_1.jpg?v=1774437636 | https://cdn.shopify.com/s/files/1/0715/1704/5040/files/ozoneroyalpl03_2_1.jpg?v=1774437635 | https://cdn.shopify.com/s/files/1/0715/1704/5040/files/ozoneroyalpl04_6_1.jpg?v=1774437635 | https://cdn.shopify.com/s/files/1/0715/1704/5040/files/Ozoneroyal56L.jpg?v=1774437635 | https://cdn.shopify.com/s/files/1/0715/1704/5040/files/OzoneRoyale75FrontView_011f4676-cb32-4d42-a949-fcc590f2c6cd.png?v=1774437650 | https://cdn.shopify.com/s/files/1/0715/1704/5040/files/ozoneroyalpl02_1_1.jpg?v=1774437635 | https://cdn.shopify.com/s/files/1/0715/1704/5040/files/ozoneroyalpl01_1_1_a2442621-613f-4e9f-8e3d-cbd64ed89a75.jpg?v=1774437635 | https://cdn.shopify.com/s/files/1/0715/1704/5040/files/ozoneroyalpl03_1_1_fa54da2f-adb6-4cf7-b4bd-54a05b36feb4.jpg?v=1774437635 | https://cdn.shopify.com/s/files/1/0715/1704/5040/files/ozoneroyalPl04_4_1_e19d2ae8-f5b7-46d0-be02-e9ebd301c32f.jpg?v=1774437635 | https://cdn.shopify.com/s/files/1/0715/1704/5040/files/Ozoneroyal75L.jpg?v=1774437635,2023-06-08T15:12:39+05:30,2026-09-08T08:56:51+05:30
Crompton,Crompton Optimus Neo 35i,Tower Coolers,"150-300-sqft, Tower Coolers, type-auto-fill-tank-function, type-humid, type-ice-chambers, type-inverter-compatibility, type-mosquito-net, type-room-cooling",crompton-optimus-neo-35i,https://www.crompton.co.in/products/crompton-optimus-neo-35i,11300.0,11300.0,Color,White and Black :: SKU=ACGC-OPTIMUSNEO35I :: ₹11300.00,6,https://cdn.shopify.com/s/files/1/0715/1704/5040/files/OptimusNeo35ifrontopenlouvers.png?v=1774437656 | https://cdn.shopify.com/s/files/1/0715/1704/5040/files/LifestylePl1_3047975f-f33b-483e-9335-9a2d339d434d.jpg?v=1774437653 | https://cdn.shopify.com/s/files/1/0715/1704/5040/files/optimusneo35i.png?v=1774437654 | https://cdn.shopify.com/s/files/1/0715/1704/5040/files/OptimusNeoiPL3.jpg?v=1774437653 | https://cdn.shopify.com/s/files/1/0715/1704/5040/files/OptimusNeoiPL4.jpg?v=1774437653 | https://cdn.shopify.com/s/files/1/0715/1704/5040/files/TowerCoolers-CromptonOptimusNeo27L.jpg?v=1774437653,2023-08-14T14:34:31+05:30,2026-09-08T08:56:51+05:30
Crompton,Crompton Optimus 65 IoT,Desert Coolers,"300-600-sqft, Desert Coolers, Smart Air Coolers, type-auto-fill-tank-function, type-dry, type-ice-chambers, type-mosquito-net, type-outdoor-cooling, type-smart-iot",crompton-optimus-65-iot,https://www.crompton.co.in/products/crompton-optimus-65-iot,21500.0,21500.0,Color,White and Black :: SKU=ACGC-OPTIPS65IOT :: ₹21500.00,7,https://cdn.shopify.com/s/files/1/0715/1704/5040/files/Untitled-1_c50cac9e-574a-4175-ac8a-6bbdff7715c5.png?v=1774437652 | https://cdn.shopify.com/s/files/1/0715/1704/5040/files/LifestylePl1_b0c54c45-bfab-4c27-869b-fdc909935513.jpg?v=1774437652 | https://cdn.shopify.com/s/files/1/0715/1704/5040/files/Optimus65iotPL2_2_1.jpg?v=1774437652 | https://cdn.shopify.com/s/files/1/0715/1704/5040/files/Optimus65iotPL3_2_1.jpg?v=1774437652 | https://cdn.shopify.com/s/files/1/0715/1704/5040/files/Optimus65iotPL4_2_1.jpg?v=1774437653 | https://cdn.shopify.com/s/files/1/0715/1704/5040/files/optimuspl03_10_1.jpg?v=1774437652 | https://cdn.shopify.com/s/files/1/0715/1704/5040/files/optimus65IOT.jpg?v=1774437652,2023-08-14T12:27:35+05:30,2026-09-08T08:56:51+05:30
Crompton,Crompton Optimus 65i,Desert Coolers,"300-600-sqft, Desert Coolers, type-auto-fill-tank-function, type-dry, type-ice-chambers, type-mosquito-net, type-outdoor-cooling",crompton-optimus-65i,https://www.crompton.co.in/products/crompton-optimus-65i,20500.0,20500.0,Color,White and Black :: SKU=ACGC-OPTIMUS65i :: ₹20500.00,6,https://cdn.shopify.com/s/files/1/0715/1704/5040/files/Optimus65i_FrontLeftPerspective_Black_OpenLouvers.png?v=1774437652 | https://cdn.shopify.com/s/files/1/0715/1704/5040/files/LifestylePl1_86fd8955-65a3-405a-9521-fc6faf19a0f9.jpg?v=1774437651 | https://cdn.shopify.com/s/files/1/0715/1704/5040/files/Optimus65iPL2_3_1.jpg?v=1774437650 | https://cdn.shopify.com/s/files/1/0715/1704/5040/files/Optimus65iPL4_2_1.jpg?v=1774437650 | https://cdn.shopify.com/s/files/1/0715/1704/5040/files/optimuspl03_9_1.jpg?v=1774437650 | https://cdn.shopify.com/s/files/1/0715/1704/5040/files/Optimus65i.jpg?v=1774437650,2023-08-14T12:11:40+05:30,2026-09-08T08:56:51+05:30
Crompton,Crompton Jedi PAC,Personal Coolers,"150-300-sqft, Air Cooler under 10000, Air Coolers, Personal Cooler, type-humid, type-ice-chambers, type-personal-cooling, type-room-cooling, type-spot-cooling",crompton-jedi-pac,https://www.crompton.co.in/products/crompton-jedi-pac,8000.0,9000.0,"Color, Capacity",White and Black/16-L :: SKU=ACGC-JEDIPAC16 :: ₹8000.00 | White and Black/22-L :: SKU=ACGC-JEDIPAC22 :: ₹8500.00 | White and Black/35-L :: SKU=ACGC-JEDIPAC35 :: ₹9000.00,18,https://cdn.shopify.com/s/files/1/0715/1704/5040/files/JediPAC16FrontView.png?v=1774437644 | https://cdn.shopify.com/s/files/1/0715/1704/5040/files/LifestylePl1_46d43e89-e9fd-4d3a-8b2b-a108ace2f860.jpg?v=1774437642 | https://cdn.shopify.com/s/files/1/0715/1704/5040/files/Artboard4_10_1.png?v=1774437642 | https://cdn.shopify.com/s/files/1/0715/1704/5040/files/JediPAC16PL2.png?v=1774437642 | https://cdn.shopify.com/s/files/1/0715/1704/5040/files/JediPAC16PL4.png?v=1774437642 | https://cdn.shopify.com/s/files/1/0715/1704/5040/files/PersonalCoolers-CromptonJediPAC16L.jpg?v=1774437642 | https://cdn.shopify.com/s/files/1/0715/1704/5040/files/JediPAC22FrontView_a9af4e2f-49ea-4b2a-b948-9785e1c83547.png?v=1774437643 | https://cdn.shopify.com/s/files/1/0715/1704/5040/files/Artboard1_61.jpg?v=1774437642 | https://cdn.shopify.com/s/files/1/0715/1704/5040/files/Artboard2_4.png?v=1774437642 | https://cdn.shopify.com/s/files/1/0715/1704/5040/files/Artboard4_5.png?v=1774437642 | https://cdn.shopify.com/s/files/1/0715/1704/5040/files/Artboard5.png?v=1774437642 | https://cdn.shopify.com/s/files/1/0715/1704/5040/files/PersonalCoolers-CromptonJediPAC22L.jpg?v=1774437643 | https://cdn.shopify.com/s/files/1/0715/1704/5040/files/JediPAC35FrontView_5829505e-2fb4-435b-9ff9-aa4b3949c125.png?v=1774437642 | https://cdn.shopify.com/s/files/1/0715/1704/5040/files/Artboard1_62.jpg?v=1774437642 | https://cdn.shopify.com/s/files/1/0715/1704/5040/files/Artboard2_5.png?v=1774437642 | https://cdn.shopify.com/s/files/1/0715/1704/5040/files/Artboard4_6_40c72e34-be25-4e91-abdd-d810284dc0c9.png?v=1774437642 | https://cdn.shopify.com/s/files/1/0715/1704/5040/files/Artboard5_1.png?v=1774437642 | https://cdn.shopify.com/s/files/1/0715/1704/5040/files/PersonalCoolers-CromptonJediPAC35L.jpg?v=1774437642,2023-06-08T18:21:30+05:30,2026-09-08T08:56:51+05:30
Crompton,Crompton ChopMaxx Electric Vegetable Chopper | 300 Watts,Mixers & Grinders,chopper,crompton-chopmaxx-electric-vegetable-chopper-300-watts,https://www.crompton.co.in/products/crompton-chopmaxx-electric-vegetable-chopper-300-watts,2030.0,2030.0,Color,Black & Golden :: SKU=ACGCP-CHOPMAXX :: ₹2030.00,5,https://cdn.shopify.com/s/files/1/0715/1704/5040/files/CHOPMAXXfrontview.png?v=1694425042 | https://cdn.shopify.com/s/files/1/0715/1704/5040/files/LifestylePL1_21d38d1c-5982-4555-a4ab-bf08ebfd7b8f.jpg?v=1694425042 | https://cdn.shopify.com/s/files/1/0715/1704/5040/files/prodct-list1_2.jpg?v=1694425042 | https://cdn.shopify.com/s/files/1/0715/1704/5040/files/prodct-list2_2.jpg?v=1694425042 | https://cdn.shopify.com/s/files/1/0715/1704/5040/files/prodct-list3_2.jpg?v=1694425042,2023-08-10T14:49:43+05:30,2026-09-08T08:56:51+05:30
Crompton,Crompton NourisPro DG 4.5 Litres Air Fryer,Air Fryer,Air Fryer,crompton-nourispro-dg-4-5-litres-air-fryer,https://www.crompton.co.in/products/crompton-nourispro-dg-4-5-litres-air-fryer,10800.0,10800.0,Color,Black & Steel Grey :: SKU=ACGAF-NOURISPRODG :: ₹10800.00,5,https://cdn.shopify.com/s/files/1/0715/1704/5040/files/Untitled-1_54b0a178-e94f-4171-939e-a61cee846c62.png?v=1694611725 | https://cdn.shopify.com/s/files/1/0715/1704/5040/files/Nourish-ProDG-PL-2_1_1.jpg?v=1694611725 | https://cdn.shopify.com/s/files/1/0715/1704/5040/files/Nourish-ProDG-PL-3_4.jpg?v=1694611725 | https://cdn.shopify.com/s/files/1/0715/1704/5040/files/Nourish-Pro-DG-PL-1.jpg?v=1694611725 | https://cdn.shopify.com/s/files/1/0715/1704/5040/files/Nourish-ProDG-PL-4.jpg?v=1694611725,2023-08-10T13:19:36+05:30,2026-09-08T08:56:51+05:30
Crompton,Crompton Blendserve Hand Blender with Steel Stem,Blenders & Juicers,"Hand Blender, Kitchen Blender",crompton-blendserve-hand-blender-with-steel-stem,https://www.crompton.co.in/products/crompton-blendserve-hand-blender-with-steel-stem,1950.0,1950.0,Color,White :: SKU=ACGHB-BLENDSERVSS :: ₹1950.00,5,https://cdn.shopify.com/s/files/1/0715/1704/5040/files/BlendServeSSFrontView.png?v=1694423426 | https://cdn.shopify.com/s/files/1/0715/1704/5040/files/LifestylePL1_383fbc9d-e05b-4569-aea2-9765a1d52615.jpg?v=1694423426 | https://cdn.shopify.com/s/files/1/0715/1704/5040/files/product-listing-_2_3.jpg?v=1694423426 | https://cdn.shopify.com/s/files/1/0715/1704/5040/files/product-listing-_3_4.jpg?v=1694423426 | https://cdn.shopify.com/s/files/1/0715/1704/5040/files/product-listing-_4_3.jpg?v=1694423426,2023-08-10T12:44:58+05:30,2026-09-08T08:56:51+05:30
Crompton,Crompton SunBrown Classic Pop-up Toaster 700W,Other Cooking Appliances,Pop-up toaster,crompton-sunbrown-classic-pop-up-toaster-700w,https://www.crompton.co.in/products/crompton-sunbrown-classic-pop-up-toaster-700w,2270.0,2270.0,Color,White :: SKU=ACGPT-SUNBROWNC :: ₹2270.00,5,https://cdn.shopify.com/s/files/1/0715/1704/5040/files/Untitleddesign_1_97b8981e-297a-4181-ab24-c011ae1dbd12.png?v=1716181984 | https://cdn.shopify.com/s/files/1/0715/1704/5040/files/SunbrownClassicPL3.jpg?v=1716181984 | https://cdn.shopify.com/s/files/1/0715/1704/5040/files/SunbrownClassicPL1_27f83f0a-0b96-42c2-b550-fe62f4ec0094.jpg?v=1716181984 | https://cdn.shopify.com/s/files/1/0715/1704/5040/files/SunbrownClassicPL2.jpg?v=1716181984 | https://cdn.shopify.com/s/files/1/0715/1704/5040/files/SunbrownClassicPL4_a5eeb854-622c-4140-919c-6039d3dab030.jpg?v=1716181984,2023-08-10T12:37:38+05:30,2026-09-08T08:56:51+05:30
Crompton,Crompton SunBrown Deluxe Pop-up Toaster 800W,Other Cooking Appliances,Pop-up toaster,crompton-sunbrown-deluxe-pop-up-toaster-800w,https://www.crompton.co.in/products/crompton-sunbrown-deluxe-pop-up-toaster-800w,2720.0,2720.0,Color,White :: SKU=ACGPT-SUNBROWND :: ₹2720.00,5,https://cdn.shopify.com/s/files/1/0715/1704/5040/files/Deluxe.png?v=1691576967 | https://cdn.shopify.com/s/files/1/0715/1704/5040/files/SunbrownDeluxePL1_d6e337f3-3e7c-411a-8635-71cc894a4c01.jpg?v=1716182181 | https://cdn.shopify.com/s/files/1/0715/1704/5040/files/SunbrownDeluxePL3.jpg?v=1716182181 | https://cdn.shopify.com/s/files/1/0715/1704/5040/files/SunbrownDeluxePL2.jpg?v=1716182181 | https://cdn.shopify.com/s/files/1/0715/1704/5040/files/SunbrownDeluxePL4_5ef5be43-38bd-4c62-820d-b2c784e82d1d.jpg?v=1716182169,2023-08-09T15:58:04+05:30,2026-09-08T08:56:51+05:30
Crompton,Crompton SunBrown Royale Pop-up Toaster 800W,Other Cooking Appliances,Pop-up toaster,crompton-sunbrown-royale-pop-up-toaster-800w,https://www.crompton.co.in/products/crompton-sunbrown-royale-pop-up-toaster-800w,3810.0,3810.0,Color,SS - silver grey :: SKU=ACGPT-SUNBROWNR :: ₹3810.00,5,https://cdn.shopify.com/s/files/1/0715/1704/5040/files/O2A0225.png?v=1691575667 | https://cdn.shopify.com/s/files/1/0715/1704/5040/files/SunBrownRoyalePL_3_2_00dc9b0d-1e6b-48e6-8fa9-26c02c9e4a96.jpg?v=1716183172 | https://cdn.shopify.com/s/files/1/0715/1704/5040/files/SunBrownRoyalePL_1_3_2c947118-7e07-436e-b6fb-b14ba4cd5bba.jpg?v=1716183173 | https://cdn.shopify.com/s/files/1/0715/1704/5040/files/SunBrownRoyalePL_2_2_a28929c6-43ac-405c-8125-6b3da80ed2f6.jpg?v=1716183173 | https://cdn.shopify.com/s/files/1/0715/1704/5040/files/SunBrownRoyalePL_4_2_fd5ebce4-feff-4863-84bb-eeb6221ab89d.jpg?v=1716183172,2023-08-09T15:24:52+05:30,2026-09-08T08:56:51+05:30
Crompton,"Crompton Questa 500W, Mixer Grinder, 3 Stainless Steel Jars",Mixers & Grinders,"3jars, freq-medium, Mixer Grinder, type-basic",crompton-questa-500w-mixer-grinder-3-stainless-steel-jars,https://www.crompton.co.in/products/crompton-questa-500w-mixer-grinder-3-stainless-steel-jars,3500.0,3500.0,Color,Red & White :: SKU=ACGM-QUESTA500W3J :: ₹3500.00,5,https://cdn.shopify.com/s/files/1/0715/1704/5040/files/Questa500w3JPackagingView_1.png?v=1710856054 | https://cdn.shopify.com/s/files/1/0715/1704/5040/files/QuestaLifestyle_1.jpg?v=1710856054 | https://cdn.shopify.com/s/files/1/0715/1704/5040/files/InvuildPulseSwitch_1.jpg?v=1710856054 | https://cdn.shopify.com/s/files/1/0715/1704/5040/files/MotorOverloadProtector_1.jpg?v=1710856054 | https://cdn.shopify.com/s/files/1/0715/1704/5040/files/StainlessSteelJar_1.jpg?v=1710856054,2023-08-08T16:42:08+05:30,2026-09-08T08:56:51+05:30
Crompton,"Crompton Questa Dlx 500W, Mixer Grinder, 3 Stainless Steel Jars",Mixers & Grinders,"3jars, freq-medium, Mixer Grinder, type-basic",crompton-questa-dlx-500w-mixer-grinder-3-stainless-steel-jars,https://www.crompton.co.in/products/crompton-questa-dlx-500w-mixer-grinder-3-stainless-steel-jars,4100.0,4100.0,Color,Lavender & White :: SKU=ACGM-QUESTADLX3J :: ₹4100.00,5,https://cdn.shopify.com/s/files/1/0715/1704/5040/files/QuestaDLX500w3JFrontView.png?v=1691491960 | https://cdn.shopify.com/s/files/1/0715/1704/5040/files/productlisting1_11_1.jpg?v=1691491960 | https://cdn.shopify.com/s/files/1/0715/1704/5040/files/productlisting2_13_1.jpg?v=1691491960 | https://cdn.shopify.com/s/files/1/0715/1704/5040/files/productlisting3_16_1.jpg?v=1691491960 | https://cdn.shopify.com/s/files/1/0715/1704/5040/files/productlisting4_7_1.jpg?v=1691491960,2023-08-08T16:20:27+05:30,2026-09-08T08:56:51+05:30
Crompton,"Crompton Ameo 750-Watt, Mixer Grinder, 3 Stainless Steel Jars",Mixers & Grinders,"3jars, freq-high, Mixer Grinder, type-heavy",crompton-ameo-750-watt-mixer-grinder-3-stainless-steel-jars,https://www.crompton.co.in/products/crompton-ameo-750-watt-mixer-grinder-3-stainless-steel-jars,6600.0,6600.0,Color,Black & Turquoise :: SKU=ACGM-AMEO :: ₹6600.00,5,https://cdn.shopify.com/s/files/1/0715/1704/5040/files/AmeoFrontviewwithars.webp?v=1702271284 | https://cdn.shopify.com/s/files/1/0715/1704/5040/files/1_2.png?v=1702271284 | https://cdn.shopify.com/s/files/1/0715/1704/5040/files/2_4.png?v=1702271284 | https://cdn.shopify.com/s/files/1/0715/1704/5040/files/3_1.png?v=1702271284 | https://cdn.shopify.com/s/files/1/0715/1704/5040/files/4_1.png?v=1702271284,2023-08-08T14:51:13+05:30,2026-09-08T08:56:51+05:30
Crompton,"Crompton DS 500, 500 Watt Mixer Grinder with 3 Stainless Steel Jars",Mixers & Grinders,"3jars, freq-medium, Mixer Grinder, type-basic",crompton-ds500w-mixer-grinder-3-stainless-steel-jars,https://www.crompton.co.in/products/crompton-ds500w-mixer-grinder-3-stainless-steel-jars,3500.0,3500.0,Color,Sky Blue :: SKU=ACGM-DS500W3J :: ₹3500.00 | Black :: SKU=ACGM-DS500W3J BLK :: ₹3500.00,10,https://cdn.shopify.com/s/files/1/0715/1704/5040/files/DS500FrontOrthographicView.png?v=1694418327 | https://cdn.shopify.com/s/files/1/0715/1704/5040/files/LifestylePL1_818ce4d3-b140-429b-ab6d-c1b8cacd752b.jpg?v=1702961143 | https://cdn.shopify.com/s/files/1/0715/1704/5040/files/DS500Pl4.jpg?v=1702961143 | https://cdn.shopify.com/s/files/1/0715/1704/5040/files/DS500PL2.jpg?v=1702961143 | https://cdn.shopify.com/s/files/1/0715/1704/5040/files/DS500PL3.jpg?v=1702961143 | https://cdn.shopify.com/s/files/1/0715/1704/5040/files/Untitled-1_d3a413ae-d41e-49d5-8439-545d1ed682ba.png?v=1702961143 | https://cdn.shopify.com/s/files/1/0715/1704/5040/files/DS500BLKPL02.7_1.jpg?v=1702961140 | https://cdn.shopify.com/s/files/1/0715/1704/5040/files/DS500BLKPL04_1.jpg?v=1702961140 | https://cdn.shopify.com/s/files/1/0715/1704/5040/files/ds500BLK-PL_1.jpg?v=1702961140 | https://cdn.shopify.com/s/files/1/0715/1704/5040/files/DS500BLKPL03_1.jpg?v=1702961140,2023-08-08T14:29:00+05:30,2026-09-08T08:56:51+05:30
Crompton,"Crompton Ameo Mixer Grinder, 750-Watt with 4-Jars",Mixers & Grinders,"3jars, 4jars, freq-high, Mixer Grinder, type-heavy",crompton-ameo-750-watt-mixer-grinder-4-jars,https://www.crompton.co.in/products/crompton-ameo-750-watt-mixer-grinder-4-jars,7100.0,7100.0,Color,Black & Turquoise :: SKU=ACGM-AMEO-4JARS :: ₹7100.00,5,https://cdn.shopify.com/s/files/1/0715/1704/5040/files/Untitled-1_a346ed12-962f-4e46-81a8-5ba6a23b342e.png?v=1695137135 | https://cdn.shopify.com/s/files/1/0715/1704/5040/files/LifestylePL1_ea6dbb76-f365-4755-a5d0-cdc8a26f5100.jpg?v=1761721835 | https://cdn.shopify.com/s/files/1/0715/1704/5040/files/Ameo-pl2_1.jpg?v=1761721835 | https://cdn.shopify.com/s/files/1/0715/1704/5040/files/Ameo-PL3_6_1.jpg?v=1761721835 | https://cdn.shopify.com/s/files/1/0715/1704/5040/files/Ameo-PL4_1.jpg?v=1761721835,2023-08-08T12:37:35+05:30,2026-09-08T08:56:51+05:30
Crompton,"Crompton Nigella 500W Mixer Grinder, 3 Stainless Steel Jars",Mixers & Grinders,"3jars, freq-medium, Mixer Grinder, type-basic",crompton-nigella-500w-3j-mixer-grinder-3-stainless-steel-jars,https://www.crompton.co.in/products/crompton-nigella-500w-3j-mixer-grinder-3-stainless-steel-jars,3500.0,3500.0,Color,Lavender & White :: SKU=ACGM-NIGELLA500W3J :: ₹3500.00,5,https://cdn.shopify.com/s/files/1/0715/1704/5040/files/Nigella500w2JIvoryBodypackagingview_1.png?v=1710856283 | https://cdn.shopify.com/s/files/1/0715/1704/5040/files/Artboard1_2_1.png?v=1710856283 | https://cdn.shopify.com/s/files/1/0715/1704/5040/files/Artboard3_9_1.png?v=1710856283 | https://cdn.shopify.com/s/files/1/0715/1704/5040/files/Artboard4_11_1.png?v=1710856283 | https://cdn.shopify.com/s/files/1/0715/1704/5040/files/LifestylePl1.png?v=1710856283,2023-05-27T11:04:17+05:30,2026-09-08T08:56:51+05:30
Crompton,Crompton Rhino Plus 1250 W Heavy Weight Dry Iron,Fabric Care Irons,"Dry Iron, weekly-iron",crompton-rhino-plus-1250-w-heavy-weight-dry-iron,https://www.crompton.co.in/products/crompton-rhino-plus-1250-w-heavy-weight-dry-iron,1700.0,1700.0,Color,Blue :: SKU=ACGEI-RHINOPLUS :: ₹1700.00,5,https://cdn.shopify.com/s/files/1/0715/1704/5040/files/RhinoPlusIronShot3.png?v=1694415643 | https://cdn.shopify.com/s/files/1/0715/1704/5040/files/LifestylePl1_94155b60-31f6-443b-beac-c6c917f45558.jpg?v=1694415643 | https://cdn.shopify.com/s/files/1/0715/1704/5040/files/prodlistingrihno2_4_1.jpg?v=1694415643 | https://cdn.shopify.com/s/files/1/0715/1704/5040/files/prodlistingrihno3_3.jpg?v=1711033876 | https://cdn.shopify.com/s/files/1/0715/1704/5040/files/prodlistingrihno4_4_1.jpg?v=1711033876,2023-05-01T16:21:08+05:30,2026-09-08T08:56:51+05:30
Crompton,Crompton InstaGlide 1000 W Dry Iron,Fabric Care Irons,"Dry Iron, weekly-iron",crompton-instaglide-1000-w-dry-iron,https://www.crompton.co.in/products/crompton-instaglide-1000-w-dry-iron,1250.0,1250.0,Color,Black :: SKU=ACGEI-INSTAGLIDE :: ₹1250.00,5,https://cdn.shopify.com/s/files/1/0715/1704/5040/files/Untitled-1_d08cd36c-0424-41df-a79c-51353fd6cfd7.png?v=1694611144 | https://cdn.shopify.com/s/files/1/0715/1704/5040/files/LifestylePl1_2242975a-2206-4d06-afde-9882251dd54b.jpg?v=1694611144 | https://cdn.shopify.com/s/files/1/0715/1704/5040/files/InstaglidePL2.jpg?v=1694611144 | https://cdn.shopify.com/s/files/1/0715/1704/5040/files/InstaglidePL3.jpg?v=1694611144 | https://cdn.shopify.com/s/files/1/0715/1704/5040/files/InstaglidePL4.jpg?v=1694611144,2023-07-27T17:36:37+05:30,2026-09-08T08:56:51+05:30
Crompton,Crompton AIMR SP1A 1000 W Immersion Water Heater with IP 68 Protection,Immersion Rods,"Immersion Rods, IMMERSION_HEATER",crompton-aimr-sp1a-1000-w-immersion-water-heater-with-ip-68-protection,https://www.crompton.co.in/products/crompton-aimr-sp1a-1000-w-immersion-water-heater-with-ip-68-protection,1020.0,1020.0,Color,Black :: SKU=AIMR-SP1A :: ₹1020.00,5,https://cdn.shopify.com/s/files/1/0715/1704/5040/files/AMIR_SP1A.png?v=1758029517 | https://cdn.shopify.com/s/files/1/0715/1704/5040/files/Fold1_34fc7454-d48d-4f62-8520-385b4bbf8f7b.jpg?v=1758029517 | https://cdn.shopify.com/s/files/1/0715/1704/5040/files/Fold2_6fdd4bf4-4cfe-4c4d-9888-569bd8730cb5.jpg?v=1758029517 | https://cdn.shopify.com/s/files/1/0715/1704/5040/files/Fold3_4a8f3e7a-e54d-40df-b836-4865d84790bd.jpg?v=1758292763 | https://cdn.shopify.com/s/files/1/0715/1704/5040/files/Fold4_7a6863eb-3a6d-4fb9-a88a-cfea590195c9.jpg?v=1758292763,2023-07-27T17:29:27+05:30,2026-09-08T08:56:51+05:30
Crompton,Crompton AIMR SP15A 1500 W Immersion Water Heater with IP68 Protection,Immersion Rods,"Immersion Rods, IMMERSION_HEATER",crompton-aimr-sp15a-1500-w-immersion-water-heater-with-ip68-protection,https://www.crompton.co.in/products/crompton-aimr-sp15a-1500-w-immersion-water-heater-with-ip68-protection,1145.0,1145.0,Color,Black :: SKU=AIMR-SP15A :: ₹1145.00,5,https://cdn.shopify.com/s/files/1/0715/1704/5040/files/AMIRSP15A.png?v=1758025910 | https://cdn.shopify.com/s/files/1/0715/1704/5040/files/Fold1_614208e7-7337-4cda-b985-bb4c04a1b807.jpg?v=1758025910 | https://cdn.shopify.com/s/files/1/0715/1704/5040/files/Fold2_6f57cd37-8df0-455b-bf1f-a9ad306cc20d.jpg?v=1758025910 | https://cdn.shopify.com/s/files/1/0715/1704/5040/files/Fold3_538eaa47-ef8b-472d-adc4-f7d293d9d9af.jpg?v=1758292935 | https://cdn.shopify.com/s/files/1/0715/1704/5040/files/Fold4_4c8e6518-b735-4c31-a20e-c85f4b2bd80e.jpg?v=1758292935,2023-07-27T17:19:06+05:30,2026-09-08T08:56:51+05:30
Crompton,Crompton AIMR B15A 1500 W Immersion Water Heater,Immersion Rods,"Immersion Rods, IMMERSION_HEATER",crompton-ihl-152-1500-w-immersion-water-heater,https://www.crompton.co.in/products/crompton-ihl-152-1500-w-immersion-water-heater,1020.0,1020.0,Color,Black :: SKU=AIMR B15A :: ₹1020.00,5,https://cdn.shopify.com/s/files/1/0715/1704/5040/files/IHL152_01.png?v=1695127787 | https://cdn.shopify.com/s/files/1/0715/1704/5040/files/AIMR_B15A_immersion_rod_PL_1b5a6b02-b3ab-4722-9005-61290206d35b.jpg?v=1757685395 | https://cdn.shopify.com/s/files/1/0715/1704/5040/files/ImmersionPL152_2_2_1.jpg?v=1757685395 | https://cdn.shopify.com/s/files/1/0715/1704/5040/files/ImmersionPL152_3_1.jpg?v=1757685395 | https://cdn.shopify.com/s/files/1/0715/1704/5040/files/ImmersionWaterheaterPL_4_5_1.jpg?v=1757685395,2023-07-27T16:53:34+05:30,2026-09-08T08:56:51+05:30
Crompton,Crompton AIMR B1A 1000 W Immersion Water Heater,Immersion Rods,"Immersion Rods, IMMERSION_HEATER",crompton-ihl102-1000-watt-immersion-water-heater,https://www.crompton.co.in/products/crompton-ihl102-1000-watt-immersion-water-heater,830.0,830.0,Color,Black :: SKU=AIMR-B1A :: ₹830.00,5,https://cdn.shopify.com/s/files/1/0715/1704/5040/files/IHL102_01_eee598a7-0a30-4a4b-8cc8-ba5aaad7fad9.png?v=1695127673 | https://cdn.shopify.com/s/files/1/0715/1704/5040/files/AIMR_B1A_immersion_rod_pl.jpg?v=1757685547 | https://cdn.shopify.com/s/files/1/0715/1704/5040/files/ImmersionWaterheaterPL_2_10_1.jpg?v=1757685547 | https://cdn.shopify.com/s/files/1/0715/1704/5040/files/ImmersionWaterheaterPL_3_4_1.jpg?v=1757685547 | https://cdn.shopify.com/s/files/1/0715/1704/5040/files/ImmersionWaterheaterPL_4_6_1.jpg?v=1757685547,2023-07-27T16:22:45+05:30,2026-09-08T08:56:51+05:30
Crompton,Crompton Insta Red 1000 W Room Heater,Room Heaters,Ceramic Heater,crompton-insta-red-1000-w-room-heater,https://www.crompton.co.in/products/crompton-insta-red-1000-w-room-heater,1300.0,1300.0,Color,Grey/Blue :: SKU=ACGRH-INSTARED :: ₹1300.00,5,https://cdn.shopify.com/s/files/1/0715/1704/5040/files/SingleRodInstaRedLit.png?v=1694415006 | https://cdn.shopify.com/s/files/1/0715/1704/5040/files/LifestylePl1_66a34651-d834-40f5-9822-ae092fa56943.jpg?v=1694521670 | https://cdn.shopify.com/s/files/1/0715/1704/5040/files/InstaRedPL3.jpg?v=1694521670 | https://cdn.shopify.com/s/files/1/0715/1704/5040/files/InstaRedPL4.jpg?v=1694521670 | https://cdn.shopify.com/s/files/1/0715/1704/5040/files/Protectedforthelonghaul_1_1.jpg?v=1694415006,2023-07-27T15:27:39+05:30,2026-09-08T08:56:51+05:30
Crompton,Crompton Insta Cozy 1200 W Halogen Room Heater,Room Heaters,Halogen Room Heater,crompton-insta-cozy-1200-w-halogen-room-heater,https://www.crompton.co.in/products/crompton-insta-cozy-1200-w-halogen-room-heater,4400.0,4400.0,Color,Grey Blue :: SKU=ACGRH-INSTACOZY :: ₹4400.00,5,https://cdn.shopify.com/s/files/1/0715/1704/5040/files/InstaCozyFrontPerspectiveLit.png?v=1694414558 | https://cdn.shopify.com/s/files/1/0715/1704/5040/files/LifestylePl1_e1b87734-9168-434c-89fe-e5fc771b464c.jpg?v=1694521490 | https://cdn.shopify.com/s/files/1/0715/1704/5040/files/Corrosion-resistantreflectors_1.jpg?v=1694521490 | https://cdn.shopify.com/s/files/1/0715/1704/5040/files/Safe-to-useforEveryone_3_1.jpg?v=1694414558 | https://cdn.shopify.com/s/files/1/0715/1704/5040/files/Temperatureselectionbuttons_1_1.jpg?v=1694414558,2023-07-27T13:10:22+05:30,2026-09-08T08:56:51+05:30
Crompton,"Crompton Insta Comfort Room Heater, 2000 W Heat Convector With 35 W Blower",Room Heaters,Heat Convectors,crompton-insta-comfort-heater-2000-w-heat-convector-with-35-w-blower,https://www.crompton.co.in/products/crompton-insta-comfort-heater-2000-w-heat-convector-with-35-w-blower,2400.0,2400.0,Color,Hybrid Cyan :: SKU=ACGRH- INSTACOMFORT :: ₹2400.00,5,https://cdn.shopify.com/s/files/1/0715/1704/5040/files/Untitled-1_68d81c63-cea1-486a-99df-b3e21e54c496.png?v=1694780933 | https://cdn.shopify.com/s/files/1/0715/1704/5040/files/LifestylePl1_6a3ee95b-56aa-490e-b9e9-68437721a6db.jpg?v=1694780933 | https://cdn.shopify.com/s/files/1/0715/1704/5040/files/product-listing2_5_1.jpg?v=1694780933 | https://cdn.shopify.com/s/files/1/0715/1704/5040/files/product-listing3_9_1.jpg?v=1694780933 | https://cdn.shopify.com/s/files/1/0715/1704/5040/files/instaComfort_product-listing4_3_1.jpg?v=1711034888,2023-07-27T12:27:02+05:30,2026-09-08T08:56:51+05:30
Crompton,Crompton Insta Comfy 800 W  Quartz Room Heater,Room Heaters,"Quartz Heater, Quartz Room Heaters",crompton-insta-comfy-800-w-quartz-room-heater,https://www.crompton.co.in/products/crompton-insta-comfy-800-w-quartz-room-heater,2300.0,2300.0,Color,Grey Blue :: SKU=ACGRH-INSTACOMFY :: ₹2300.00,5,https://cdn.shopify.com/s/files/1/0715/1704/5040/files/InstaComfy2021frontperspectiveLit.png?v=1694410485 | https://cdn.shopify.com/s/files/1/0715/1704/5040/files/LifestylePl1_2ae1b517-3481-443a-8853-e3900117e88a.jpg?v=1694410485 | https://cdn.shopify.com/s/files/1/0715/1704/5040/files/Artboard1M_2_1.jpg?v=1694410485 | https://cdn.shopify.com/s/files/1/0715/1704/5040/files/Artboard3_74_1.jpg?v=1694410485 | https://cdn.shopify.com/s/files/1/0715/1704/5040/files/Artboard4_59_1.jpg?v=1694410485,2023-07-26T17:27:17+05:30,2026-09-08T08:56:51+05:30
Crompton,"Crompton Amica Classic, 2000W Rated Storage Water Heater",Storage Water Heaters,"8026 Water Heaters, feature-bath-modes, feature-energy-efficient, feature-smart-water-heaters, feature-tanks-with-polymer, location-bathroom, location-bathroom-wfc, location-lobby, members-g3, members-g5, Storage Water Heaters, type-storage-geysers, weather-cool, weather-pleasant",crompton-amica-classic-5-star-rated-storage-water-heater,https://www.crompton.co.in/products/crompton-amica-classic-5-star-rated-storage-water-heater,9500.0,10500.0,"Color, Capacity",White/15-L :: SKU=ASWH-4415 :: ₹9500.00 | White/25-L :: SKU=ASWH-4425 :: ₹10500.00,5,https://cdn.shopify.com/s/files/1/0715/1704/5040/files/Img1567_1_-2.png?v=1690363905 | https://cdn.shopify.com/s/files/1/0715/1704/5040/files/AmicaSlider_1_2_1.jpg?v=1690363915 | https://cdn.shopify.com/s/files/1/0715/1704/5040/files/AmicaSlider_2_2_1.jpg?v=1690363915 | https://cdn.shopify.com/s/files/1/0715/1704/5040/files/AmicaSlider_3_3_1.jpg?v=1690363914 | https://cdn.shopify.com/s/files/1/0715/1704/5040/files/AmicaSlider_4_1.jpg?v=1690363915,2023-07-26T14:52:24+05:30,2026-09-08T08:56:51+05:30
Crompton,"Crompton Solarium Care, 2000W Storage Water Heater",Storage Water Heaters,"8026 Water Heaters, feature-bath-modes, feature-energy-efficient, feature-smart-water-heaters, feature-tanks-with-polymer, location-bathroom, location-bathroom-wfc, location-lobby, members-g3, members-g5, Storage Water Heaters, type-storage-geysers, weather-cool, weather-pleasant",crompton-solarium-care-5-star-rated-storage-water-heater,https://www.crompton.co.in/products/crompton-solarium-care-5-star-rated-storage-water-heater,12500.0,14800.0,"Color, Capacity",White/10-L :: SKU=ASWH-3910 :: ₹12500.00 | White/15-L :: SKU=ASWH-3915 :: ₹13500.00 | White/25-L :: SKU=ASWH-3925 :: ₹14800.00,5,https://cdn.shopify.com/s/files/1/0715/1704/5040/files/Untitled-1_aecb7b7a-9f88-44a6-9b2a-b80c604e7f9c.png?v=1694780411 | https://cdn.shopify.com/s/files/1/0715/1704/5040/files/productlisting1_12_1.jpg?v=1694780411 | https://cdn.shopify.com/s/files/1/0715/1704/5040/files/productlisting2_12_1.jpg?v=1694780411 | https://cdn.shopify.com/s/files/1/0715/1704/5040/files/productlisting3_13_1.jpg?v=1694780411 | https://cdn.shopify.com/s/files/1/0715/1704/5040/files/productlisting4_6_1.jpg?v=1694780411,2023-07-26T14:32:23+05:30,2026-09-08T08:56:51+05:30
Crompton,"Crompton Arno Supremus, 2000W Storage Water Heater",Storage Water Heaters,"feature-bath-modes, feature-energy-efficient, feature-smart-water-heaters, feature-tanks-with-polymer, location-bathroom, location-bathroom-wfc, location-lobby, members-g3, members-g5, Storage Water Heaters, type-storage-geysers, weather-cool, weather-pleasant",crompton-arno-supremus-5-star-rated-storage-water-heater,https://www.crompton.co.in/products/crompton-arno-supremus-5-star-rated-storage-water-heater,9700.0,12200.0,"Color, Capacity",Ivory/10-L :: SKU=ASWH-3710 :: ₹9700.00 | Ivory/15-L :: SKU=ASWH-3715 :: ₹10900.00 | Ivory/25-L :: SKU=ASWH-3725 :: ₹12200.00,5,https://cdn.shopify.com/s/files/1/0715/1704/5040/files/ArnoSupremus2021FrontView.png?v=1692178360 | https://cdn.shopify.com/s/files/1/0715/1704/5040/files/ProductListing1_13.jpg?v=1694862664 | https://cdn.shopify.com/s/files/1/0715/1704/5040/files/prodlisting2_8_1.jpg?v=1694862664 | https://cdn.shopify.com/s/files/1/0715/1704/5040/files/prodlisting3_6_1.jpg?v=1694862664 | https://cdn.shopify.com/s/files/1/0715/1704/5040/files/prodlisting4_8_1.jpg?v=1694862664,2023-07-26T13:24:47+05:30,2026-09-08T08:56:51+05:30
Crompton,"Crompton Solarium Qube IOT, 2000W Storage Water Heater",Storage Water Heaters,"8026 Water Heaters, feature-bath-modes, feature-energy-efficient, feature-smart-water-heaters, feature-tanks-with-polymer, location-bathroom, location-bathroom-wfc, location-lobby, members-g3, members-g5, Storage Water Heaters, type-storage-geysers, weather-cool, weather-pleasant",crompton-solarium-qube-iot-5-star-rated-storage-water-heater,https://www.crompton.co.in/products/crompton-solarium-qube-iot-5-star-rated-storage-water-heater,17000.0,18500.0,"Color, Capacity",White/15-L :: SKU=ASWH-3315 :: ₹17000.00 | White/25-L :: SKU=ASWH-3325 :: ₹18500.00,5,https://cdn.shopify.com/s/files/1/0715/1704/5040/files/SolariumQubeIOTFrontView.png?v=1690356981 | https://cdn.shopify.com/s/files/1/0715/1704/5040/files/SolariumQubeIOT_ec7e58a7-cdd5-43b3-aa22-dc626540db85.png?v=1694862167 | https://cdn.shopify.com/s/files/1/0715/1704/5040/files/DigitalTemperatureDisplay.png?v=1694862167 | https://cdn.shopify.com/s/files/1/0715/1704/5040/files/Readyin10minutes.png?v=1694862167 | https://cdn.shopify.com/s/files/1/0715/1704/5040/files/VoiceCommand.png?v=1690356984,2023-07-26T13:05:16+05:30,2026-09-08T08:56:51+05:30
Crompton,"Crompton Arno Neo,  2000W Storage Water Heater",Storage Water Heaters,"8026 Water Heaters, feature-bath-modes, feature-energy-efficient, feature-smart-water-heaters, feature-tanks-with-polymer, location-bathroom, location-bathroom-wfc, location-lobby, members-g3, members-g5, Storage Water Heaters, type-storage-geysers, weather-cool, weather-pleasant",crompton-arno-neo-5-star-rated-storage-water-heater,https://www.crompton.co.in/products/crompton-arno-neo-5-star-rated-storage-water-heater,8100.0,11700.0,"Color, Capacity",Grey/6-L :: SKU=ASWH-3006 :: ₹8100.00 | Grey/10-L :: SKU=ASWH-3010 :: ₹9200.00 | Grey/15-L :: SKU=ASWH-3015 :: ₹10400.00 | Grey/25-L :: SKU=ASWH-3025 :: ₹11700.00,5,https://cdn.shopify.com/s/files/1/0715/1704/5040/files/ArnoNeo6L2022PackagingFrontView_1.png?v=1690284697 | https://cdn.shopify.com/s/files/1/0715/1704/5040/files/Arno-Neo-Slider_1_4_1.png?v=1690284697 | https://cdn.shopify.com/s/files/1/0715/1704/5040/files/Arno-Neo-Slider_2_4.png?v=1690284697 | https://cdn.shopify.com/s/files/1/0715/1704/5040/files/Arno-Neo-Slider_3_4.png?v=1690284697 | https://cdn.shopify.com/s/files/1/0715/1704/5040/files/Arno-Neo-Slider_4_4_1.png?v=1690284697,2023-07-25T16:58:15+05:30,2026-09-08T08:56:51+05:30
Crompton,"Crompton Solarium Neo, 2000W Storage Water Heater",Storage Water Heaters,"8026 Water Heaters, feature-bath-modes, feature-energy-efficient, feature-smart-water-heaters, feature-tanks-with-polymer, location-bathroom, location-bathroom-wfc, location-lobby, members-g3, members-g5, Storage Water Heaters, type-storage-geysers, weather-cool, weather-pleasant",crompton-solarium-neo-5-star-rated-storage-water-heater,https://www.crompton.co.in/products/crompton-solarium-neo-5-star-rated-storage-water-heater,12500.0,14500.0,"Color, Capacity",Ivory/10-L :: SKU=ASWH1610 :: ₹12500.00 | Ivory/15-L :: SKU=ASWH1615 :: ₹13500.00 | Ivory/25-L :: SKU=ASWH1625 :: ₹14500.00,5,https://cdn.shopify.com/s/files/1/0715/1704/5040/files/1_4_a9a07e79-3745-40a3-b33a-08594d8c3343.png?v=1692352569 | https://cdn.shopify.com/s/files/1/0715/1704/5040/files/SolariumNeopl1_1_1.jpg?v=1692352569 | https://cdn.shopify.com/s/files/1/0715/1704/5040/files/SolariumNeopl2_2_1.jpg?v=1692352569 | https://cdn.shopify.com/s/files/1/0715/1704/5040/files/SolariumNeopl3_1_1.jpg?v=1692352569 | https://cdn.shopify.com/s/files/1/0715/1704/5040/files/SolariumNeopl4_2_1.jpg?v=1692352569,2023-07-25T15:57:47+05:30,2026-09-08T08:56:51+05:30
Crompton,"Crompton Gracee, 3000W Instant Water Heater - 5-L",Instant Water Heaters,"8026 Water Heaters, feature-bath-modes, feature-energy-efficient, feature-smart-water-heaters, feature-tanks-with-polymer, Instant Water Heater, location-kitchen, location-small-bathroom, members-g3, members-l3, type-instant-geysers, weather-cool, weather-pleasant",crompton-gracee-5-l-3000w-instant-water-heater-geyser-with-advanced-4-level-safety-and-rust-free-body-black,https://www.crompton.co.in/products/crompton-gracee-5-l-3000w-instant-water-heater-geyser-with-advanced-4-level-safety-and-rust-free-body-black,7200.0,7200.0,Color,Black and Orange :: SKU=AIWH-5LGRACE3KW5Y :: ₹7200.00,5,https://cdn.shopify.com/s/files/1/0715/1704/5040/files/grcee-pnggg.png?v=1731911698 | https://cdn.shopify.com/s/files/1/0715/1704/5040/files/grace0e2.jpg?v=1731911775 | https://cdn.shopify.com/s/files/1/0715/1704/5040/files/gracee01.jpg?v=1731911775 | https://cdn.shopify.com/s/files/1/0715/1704/5040/files/gracee03.jpg?v=1731911775 | https://cdn.shopify.com/s/files/1/0715/1704/5040/files/gracee04.jpg?v=1731911775,2023-07-25T11:23:02+05:30,2026-09-08T08:56:51+05:30
Crompton,"Crompton Solarium Vogue, 3000W Instant Water Heater - 3-L",Instant Water Heaters,"feature-bath-modes, feature-energy-efficient, feature-smart-water-heaters, feature-tanks-with-polymer, Instant Water Heater, location-kitchen, location-small-bathroom, members-g3, members-l3, type-instant-geysers, weather-cool, weather-pleasant",crompton-solarium-vogue-3-l-3000w-instant-water-heater-geyser-with-advanced-4-level-safety-and-rust-free-body-with-installation-pipe-white-and-turquoise-blue,https://www.crompton.co.in/products/crompton-solarium-vogue-3-l-3000w-instant-water-heater-geyser-with-advanced-4-level-safety-and-rust-free-body-with-installation-pipe-white-and-turquoise-blue,5600.0,5600.0,Color,White & Turquoise Blue :: SKU=AIWH-3LSOLVOG3KW5Y :: ₹5600.00,5,https://cdn.shopify.com/s/files/1/0715/1704/5040/files/SolariumVoguea_324c4f27-45c7-40a4-99d1-19eb142c4d28.png?v=1690259277 | https://cdn.shopify.com/s/files/1/0715/1704/5040/files/SolariumVougePL_1_4_1.jpg?v=1690259276 | https://cdn.shopify.com/s/files/1/0715/1704/5040/files/SolariumVougePL_2_3_1.jpg?v=1690259276 | https://cdn.shopify.com/s/files/1/0715/1704/5040/files/SolariumVougePL_3_6_1.jpg?v=1690259276 | https://cdn.shopify.com/s/files/1/0715/1704/5040/files/SolariumVougePL_4_3_1.jpg?v=1690259276,2023-07-25T09:57:02+05:30,2026-09-08T08:56:51+05:30
Crompton,"Crompton Solarium Neo, 3000W Instant Water Heater 3-L",Instant Water Heaters,"8026 Water Heaters, feature-bath-modes, feature-energy-efficient, feature-smart-water-heaters, feature-tanks-with-polymer, Instant Water Heater, location-kitchen, location-small-bathroom, members-g3, members-l3, type-instant-geysers, weather-cool, weather-pleasant",crompton-solarium-neo-3-l-3000w-instant-water-heater-geyser-with-advanced-4-level-safety-and-rust-free-bodyivory,https://www.crompton.co.in/products/crompton-solarium-neo-3-l-3000w-instant-water-heater-geyser-with-advanced-4-level-safety-and-rust-free-bodyivory,4600.0,4600.0,Color,Ivory :: SKU=AIWH-3LSOLNEO3KW5Y :: ₹4600.00,5,https://cdn.shopify.com/s/files/1/0715/1704/5040/files/1_4.png?v=1692352489 | https://cdn.shopify.com/s/files/1/0715/1704/5040/files/SolariumNeopl1_2_1.jpg?v=1692352489 | https://cdn.shopify.com/s/files/1/0715/1704/5040/files/SolariumNeopl2_2_2.jpg?v=1692352489 | https://cdn.shopify.com/s/files/1/0715/1704/5040/files/SolariumNeopl3_1_2.jpg?v=1692352489 | https://cdn.shopify.com/s/files/1/0715/1704/5040/files/SolariumNeopl4_2_2.jpg?v=1692352489,2023-07-24T10:59:07+05:30,2026-09-08T08:56:51+05:30
Crompton,Crompton InstaServe Toast Sandwich maker | 800 Watts,Other Cooking Appliances,Sandwich maker,crompton-instaserve-toast-sandwich-maker-800-watts,https://www.crompton.co.in/products/crompton-instaserve-toast-sandwich-maker-800-watts,2100.0,2100.0,Color,Black :: SKU=ACGT-INSTASERVTOS :: ₹2100.00,6,https://cdn.shopify.com/s/files/1/0715/1704/5040/files/CromptonSandwichMakertriangularplateOpenA.png?v=1693545782 | https://cdn.shopify.com/s/files/1/0715/1704/5040/files/PL1_5a63b37e-666c-4b34-a142-9d346ca7e67b.jpg?v=1693545782 | https://cdn.shopify.com/s/files/1/0715/1704/5040/files/PL1_1.jpg?v=1693545782 | https://cdn.shopify.com/s/files/1/0715/1704/5040/files/productlisting2_5_1_1.jpg?v=1693545782 | https://cdn.shopify.com/s/files/1/0715/1704/5040/files/productlisting3_5_3_1.jpg?v=1693545782 | https://cdn.shopify.com/s/files/1/0715/1704/5040/files/productlisting4_5_1_1.jpg?v=1693545782,2023-05-27T13:46:55+05:30,2026-09-08T08:56:51+05:30
Crompton,Crompton Instaserve Grill Sandwich Maker,Other Cooking Appliances,Sandwich maker,crompton-instaserve-grill-sandwich-maker,https://www.crompton.co.in/products/crompton-instaserve-grill-sandwich-maker,2100.0,2100.0,Color,Black :: SKU=ACGT-INSTASERVGRL :: ₹2100.00,4,https://cdn.shopify.com/s/files/1/0715/1704/5040/files/CromptonSandwichMakerLinesPlateOpenA_1.webp?v=1693546573 | https://cdn.shopify.com/s/files/1/0715/1704/5040/files/instagrillpl01_1.jpg?v=1693546579 | https://cdn.shopify.com/s/files/1/0715/1704/5040/files/instagrillpl03_1.jpg?v=1693546579 | https://cdn.shopify.com/s/files/1/0715/1704/5040/files/instagrillpl04_1.jpg?v=1693546579,2023-05-27T13:25:49+05:30,2026-09-08T08:56:51+05:30
Crompton,"Crompton Rapid Jet, 4500W Instant Water Heater - 1-L",Instant Water Heaters,"8026 Water Heaters, feature-bath-modes, feature-energy-efficient, feature-smart-water-heaters, feature-tanks-with-polymer, Instant Water Heater, location-kitchen, location-small-bathroom, members-g3, members-l3, type-instant-geysers, weather-cool, weather-pleasant",crompton-rapid-jet-1-l-4500w-instant-water-heater-with-advanced-4-level-safety-and-rust-free-body-white,https://www.crompton.co.in/products/crompton-rapid-jet-1-l-4500w-instant-water-heater-with-advanced-4-level-safety-and-rust-free-body-white,4400.0,4400.0,Color,White :: SKU=AIWH-1LRPDJT4.5K5Y :: ₹4400.00,5,https://cdn.shopify.com/s/files/1/0715/1704/5040/files/RapidJetIWHShot4.png?v=1690783682 | https://cdn.shopify.com/s/files/1/0715/1704/5040/files/rapidjetPL02_2_1.jpg?v=1694859592 | https://cdn.shopify.com/s/files/1/0715/1704/5040/files/rapidjet03_2_1.png?v=1694859592 | https://cdn.shopify.com/s/files/1/0715/1704/5040/files/rapidjet04_1.png?v=1694859592 | https://cdn.shopify.com/s/files/1/0715/1704/5040/files/Rapidjet01_2_1.png?v=1694859592,2023-07-20T12:57:27+05:30,2026-09-08T08:56:51+05:30
Crompton,Crompton Tandoori Magic 45 Litres Oven Toaster Grill (OTG),Other Cooking Appliances,OTG Oven Toaster Griller,crompton-tandoori-magic-45-litres-oven-toaster-grill-otg,https://www.crompton.co.in/products/crompton-tandoori-magic-45-litres-oven-toaster-grill-otg,17000.0,17000.0,Color,Black :: SKU=ACGOTG-TRMAGIC45 :: ₹17000.00,6,https://cdn.shopify.com/s/files/1/0715/1704/5040/files/TO-18G25LFullfunction-FrontAngle_Chickenimage_fa31112c-c27f-4b88-9e8b-7ea4161e02ab.png?v=1691055143 | https://cdn.shopify.com/s/files/1/0715/1704/5040/files/product1_1_f6b160e1-08e3-4347-afae-a2accbb6b7ce.jpg?v=1691055143 | https://cdn.shopify.com/s/files/1/0715/1704/5040/files/product2_1_89c12f6d-7d73-4ab4-a269-24e4c7ea1364.jpg?v=1691055143 | https://cdn.shopify.com/s/files/1/0715/1704/5040/files/product3_dd051d04-cff9-47a9-84aa-db4b5b15f767.gif?v=1691055143 | https://cdn.shopify.com/s/files/1/0715/1704/5040/files/product4_1738fee7-cde9-4c73-b7ec-55bdd13934ca.gif?v=1691055143 | https://cdn.shopify.com/s/files/1/0715/1704/5040/files/513LfW047VL._SX679.jpg?v=1712554584,2023-06-20T17:43:07+05:30,2026-09-08T08:56:51+05:30
Crompton,Crompton Tandoori Magic 35 Litres Oven Toaster Grill (OTG),Other Cooking Appliances,OTG Oven Toaster Griller,crompton-tandoori-magic-35-litres-oven-toaster-grill-otg,https://www.crompton.co.in/products/crompton-tandoori-magic-35-litres-oven-toaster-grill-otg,14000.0,14000.0,Color,Black :: SKU=ACGOTG-TRMAGIC35 :: ₹14000.00,6,https://cdn.shopify.com/s/files/1/0715/1704/5040/files/TO-18G25LFullfunction-FrontAngle_Chickenimage_4666108c-8d74-4c54-89ce-c02781f76f61.png?v=1691055106 | https://cdn.shopify.com/s/files/1/0715/1704/5040/files/product1_1_79b472d5-394f-4ae2-9323-871740974e7c.jpg?v=1691055106 | https://cdn.shopify.com/s/files/1/0715/1704/5040/files/product2_1_d1e7f88c-a92b-4ce7-97ac-e0268751ca9c.jpg?v=1691055106 | https://cdn.shopify.com/s/files/1/0715/1704/5040/files/product3_cc875df4-9f55-47c4-a7f1-2fe515531dad.gif?v=1691055106 | https://cdn.shopify.com/s/files/1/0715/1704/5040/files/product4_96e9d97b-a608-4acf-bafa-59ba21fb4e10.gif?v=1691055106 | https://cdn.shopify.com/s/files/1/0715/1704/5040/files/513LfW047VL._SX679.png?v=1713259201,2023-06-20T17:36:29+05:30,2026-09-08T08:56:51+05:30
Crompton,Crompton Tandoori Magic 25 Litres Oven Toaster Grill (OTG),Other Cooking Appliances,OTG Oven Toaster Griller,crompton-tandoori-magic-25-litres-oven-toaster-grill-otg,https://www.crompton.co.in/products/crompton-tandoori-magic-25-litres-oven-toaster-grill-otg,11500.0,11500.0,Color,Black :: SKU=ACGOTG-TRMAGIC25 :: ₹11500.00,6,https://cdn.shopify.com/s/files/1/0715/1704/5040/files/TO-18G25LFullfunction-FrontAngle_Chickenimage.png?v=1691054939 | https://cdn.shopify.com/s/files/1/0715/1704/5040/files/product1_1.jpg?v=1691054939 | https://cdn.shopify.com/s/files/1/0715/1704/5040/files/product2_1.jpg?v=1691054939 | https://cdn.shopify.com/s/files/1/0715/1704/5040/files/product3.gif?v=1691054939 | https://cdn.shopify.com/s/files/1/0715/1704/5040/files/product4.gif?v=1691054939 | https://cdn.shopify.com/s/files/1/0715/1704/5040/files/513LfW047VL25._SX679.png?v=1713259162,2023-06-20T17:20:33+05:30,2026-09-08T08:56:51+05:30
Crompton,Crompton Ozone,Desert Coolers,"300-600-sqft, Air Coolers, Desert Coolers, type-auto-fill-tank-function, type-dry, type-ice-chambers, type-outdoor-cooling",crompton-ozone,https://www.crompton.co.in/products/crompton-ozone,15900.0,19990.0,"Color, Capacity",White and Teal/55-L :: SKU=ACGC-DAC555 :: ₹15900.00 | White and Teal/75-L :: SKU=ACGC-DAC751 :: ₹17200.00 | White and Teal/88-L :: SKU=ACGC-DAC881 :: ₹19990.00,18,https://cdn.shopify.com/s/files/1/0715/1704/5040/files/Ozone55_2021Front.png?v=1774437649 | https://cdn.shopify.com/s/files/1/0715/1704/5040/files/LifestylePl1_53d55550-f5ed-4709-a06b-3b569d9da6b3.jpg?v=1774437649 | https://cdn.shopify.com/s/files/1/0715/1704/5040/files/ozone55pl01_1_1.jpg?v=1774437649 | https://cdn.shopify.com/s/files/1/0715/1704/5040/files/ozone55pl03_3_1.jpg?v=1774437649 | https://cdn.shopify.com/s/files/1/0715/1704/5040/files/ozone55pl04_4_1.jpg?v=1774437649 | https://cdn.shopify.com/s/files/1/0715/1704/5040/files/DessertCoolers-CromptonOzone55L_1.jpg?v=1774437649 | https://cdn.shopify.com/s/files/1/0715/1704/5040/files/Ozone75_2021Front_12484739-0e28-4054-a252-8f4e3858da60.png?v=1774437664 | https://cdn.shopify.com/s/files/1/0715/1704/5040/files/ozone75pl02_1.jpg?v=1774437649 | https://cdn.shopify.com/s/files/1/0715/1704/5040/files/ozone75pl01_1_de011004-d838-4eed-a258-55bdec6b2c6e.jpg?v=1774437649 | https://cdn.shopify.com/s/files/1/0715/1704/5040/files/ozone75pl03_1_c896b828-6fcc-4785-ae50-94f2a3a298cb.jpg?v=1774437649 | https://cdn.shopify.com/s/files/1/0715/1704/5040/files/ozone75pl04_1_d5d9f1af-3c3e-4e4e-8b6e-8a0c8e58d72f.jpg?v=1774437649 | https://cdn.shopify.com/s/files/1/0715/1704/5040/files/DessertCoolers-CromptonOzone75L_1.jpg?v=1774437649 | https://cdn.shopify.com/s/files/1/0715/1704/5040/files/Ozone88_2021Front_825b26cd-6d6c-4601-b3c5-791774253b27.png?v=1774437653 | https://cdn.shopify.com/s/files/1/0715/1704/5040/files/ozone88pl02_1_1.jpg?v=1774437649 | https://cdn.shopify.com/s/files/1/0715/1704/5040/files/ozone88pl01_1_9e6499a2-fe5e-4e67-b25e-fea68555a124.jpg?v=1774437649 | https://cdn.shopify.com/s/files/1/0715/1704/5040/files/ozone88pl03_1_ef00ff77-00d4-4e7f-8d86-28e64100ff40.jpg?v=1774437649 | https://cdn.shopify.com/s/files/1/0715/1704/5040/files/ozone88pl04_1_1_31cf4a39-54fa-44da-8ee3-b0305dc0cb95.jpg?v=1774437649 | https://cdn.shopify.com/s/files/1/0715/1704/5040/files/DessertCoolers-CromptonOzone88L_1.jpg?v=1774437649,2023-07-19T13:19:42+05:30,2026-09-08T08:56:51+05:30
Crompton,Crompton Optimus,Desert Coolers,"300-600-sqft, Air Coolers, Desert Coolers, type-auto-fill-tank-function, type-dry, type-ice-chambers, type-mosquito-net, type-outdoor-cooling",crompton-optimus,https://www.crompton.co.in/products/crompton-optimus,19500.0,26875.0,"Color, Capacity",White and Black/65-L :: SKU=ACGC-OPTIMUS65 :: ₹19500.00 | White and Black/100-L :: SKU=ACGC-OPTIMUS100 :: ₹21500.00 | White and Black/125-L :: SKU=ACGC-OPTIMUS125 :: ₹26875.00,18,https://cdn.shopify.com/s/files/1/0715/1704/5040/files/Optimus65_FrontView_Black_80715846-89b3-4268-8ab5-3dad62d79e03.png?v=1774437647 | https://cdn.shopify.com/s/files/1/0715/1704/5040/files/Optimus65PL01_1_ac771f1d-418f-41be-83c3-d520d52d5d9f.jpg?v=1774437647 | https://cdn.shopify.com/s/files/1/0715/1704/5040/files/Optimus65PL02_1_5cd10fce-fd2b-4c5d-83dc-f3c6780df5a6.jpg?v=1774437647 | https://cdn.shopify.com/s/files/1/0715/1704/5040/files/optimuspl03_11_54dcec44-28a2-4dc3-88b5-9408317b8f73.jpg?v=1774437646 | https://cdn.shopify.com/s/files/1/0715/1704/5040/files/optimuspl03_7_1.jpg?v=1774437646 | https://cdn.shopify.com/s/files/1/0715/1704/5040/files/Optimus65L.jpg?v=1774437647 | https://cdn.shopify.com/s/files/1/0715/1704/5040/files/Optimus100_FrontView_Black.png?v=1774437647 | https://cdn.shopify.com/s/files/1/0715/1704/5040/files/Optimus100PL1_1_1.jpg?v=1774437647 | https://cdn.shopify.com/s/files/1/0715/1704/5040/files/Optimus100PL4_1_1.jpg?v=1774437646 | https://cdn.shopify.com/s/files/1/0715/1704/5040/files/optimus100pl02_1.jpg?v=1774437647 | https://cdn.shopify.com/s/files/1/0715/1704/5040/files/optimuspl03_6_1_f176dfe2-2fc0-4328-b4fb-b57972a08907.jpg?v=1774437646 | https://cdn.shopify.com/s/files/1/0715/1704/5040/files/Optimus100L.jpg?v=1774437646 | https://cdn.shopify.com/s/files/1/0715/1704/5040/files/Optimus125_FrontLeftPerspective_Black_OpenLouvers_8b3d389e-44ec-4680-98bb-235a227d7024.png?v=1774437649 | https://cdn.shopify.com/s/files/1/0715/1704/5040/files/Optimus125PL1_3_1_75143878-2064-4b28-9102-435d4585920c.jpg?v=1774437646 | https://cdn.shopify.com/s/files/1/0715/1704/5040/files/Optimus125PL4_3_1_7b54b49b-9a21-410c-a7af-157f6451f4d9.jpg?v=1774437647 | https://cdn.shopify.com/s/files/1/0715/1704/5040/files/optimus125pl02_1_a569aba1-4c07-4178-8471-10da5285f0a9.jpg?v=1774437646 | https://cdn.shopify.com/s/files/1/0715/1704/5040/files/optimuspl03_8_1_bd90b512-62fd-4e99-9bd7-898c337a251b.jpg?v=1774437647 | https://cdn.shopify.com/s/files/1/0715/1704/5040/files/Optimus125L.jpg?v=1774437646,2023-07-19T12:23:48+05:30,2026-09-08T08:56:51+05:30
Crompton,Crompton Zelus WAC 54,Window Coolers,"Air Coolers, type-ice-chambers, type-outdoor-cooling, Window Cooler",crompton-zelus-wac-54,https://www.crompton.co.in/products/crompton-zelus-wac-54,10000.0,10000.0,Color,Grey :: SKU=ACGC-ZELUSWAC54 :: ₹10000.00,6,https://cdn.shopify.com/s/files/1/0715/1704/5040/files/ZelusWAC54FrontView2021.png?v=1774437634 | https://cdn.shopify.com/s/files/1/0715/1704/5040/files/LifestylePl1_01e1ac9a-776a-4820-8ac0-601b55e8c988.jpg?v=1774437632 | https://cdn.shopify.com/s/files/1/0715/1704/5040/files/prodctlisting3_2_1.jpg?v=1774437632 | https://cdn.shopify.com/s/files/1/0715/1704/5040/files/prodctlisting4_2_1.jpg?v=1774437632 | https://cdn.shopify.com/s/files/1/0715/1704/5040/files/prodct-listing-1-Copy_1.jpg?v=1774437632 | https://cdn.shopify.com/s/files/1/0715/1704/5040/files/WindowCoolers-CromptonZelusWAC54.jpg?v=1774437632,2023-06-07T09:45:47+05:30,2026-09-08T08:56:51+05:30
Crompton,Crompton Cool Breeze Neo DAC,Desert Coolers,"300-600-sqft, Air Coolers, Desert Coolers, type-dry, type-ice-chambers, type-outdoor-cooling",crompton-cool-breeze-neo-dac,https://www.crompton.co.in/products/crompton-cool-breeze-neo-dac,15500.0,18000.0,"Color, Capacity",White and Black/53-L :: SKU=ACGC-CBDACNEO53 :: ₹15500.00 | White and Black/80-L :: SKU=ACGC-CBDACNEO80 :: ₹18000.00,12,https://cdn.shopify.com/s/files/1/0715/1704/5040/files/CoolBreezeNeoDAC53shot4.png?v=1774437643 | https://cdn.shopify.com/s/files/1/0715/1704/5040/files/CoolbreezePL_1_7_1.jpg?v=1774437640 | https://cdn.shopify.com/s/files/1/0715/1704/5040/files/CoolbreezePL_2_7_1.jpg?v=1774437641 | https://cdn.shopify.com/s/files/1/0715/1704/5040/files/CoolbreezePL_3_6_1.jpg?v=1774437639 | https://cdn.shopify.com/s/files/1/0715/1704/5040/files/CoolbreezePL_4_3_1.jpg?v=1774437640 | https://cdn.shopify.com/s/files/1/0715/1704/5040/files/CoolBreezeNeoDAC53L.jpg?v=1774437640 | https://cdn.shopify.com/s/files/1/0715/1704/5040/files/CoolBreezeNeo80Lpng_1.png?v=1774437640 | https://cdn.shopify.com/s/files/1/0715/1704/5040/files/CoolbreezePL_2_6_1_fb85c57b-e4dd-4261-94ed-31f5f3a15e7d.jpg?v=1774437639 | https://cdn.shopify.com/s/files/1/0715/1704/5040/files/CoolbreezePL_3_7_1_0422505a-1d3a-4b91-adf4-75aeb0be7013.jpg?v=1774437640 | https://cdn.shopify.com/s/files/1/0715/1704/5040/files/CoolbreezePL_4_4_1_172087aa-58a6-4916-b126-c9c54a57c8cb.jpg?v=1774437640 | https://cdn.shopify.com/s/files/1/0715/1704/5040/files/53-neo-pl.png?v=1774437640 | https://cdn.shopify.com/s/files/1/0715/1704/5040/files/CoolBreezeNeoDAC80L.jpg?v=1774437640,2023-06-08T16:27:01+05:30,2026-09-08T08:56:51+05:30
Crompton,Crompton Optimus Neo,Tower Coolers,"150-300-sqft, Tower Coolers, type-auto-fill-tank-function, type-humid, type-ice-chambers, type-inverter-compatibility, type-mosquito-net, type-room-cooling",crompton-optimus-neo,https://www.crompton.co.in/products/crompton-optimus-neo,10000.0,13000.0,"Color, Capacity",White and Black/27-L :: SKU=ACGC-OPTIMUSNEO27 :: ₹10000.00 | White and Black/35-L :: SKU=ACGC-OPTIMUSNEO35 :: ₹10500.00 | White and Black/52-L :: SKU=ACGC-OPTIMUSNEO52 :: ₹13000.00,18,https://cdn.shopify.com/s/files/1/0715/1704/5040/files/OptimusNeo27front.png?v=1774437638 | https://cdn.shopify.com/s/files/1/0715/1704/5040/files/LifestylePl1_9b6c0a17-f589-492a-8053-ca609f666044.jpg?v=1774437638 | https://cdn.shopify.com/s/files/1/0715/1704/5040/files/Autoswinglouvers_3_4.jpg?v=1774437637 | https://cdn.shopify.com/s/files/1/0715/1704/5040/files/Largetankcapacity_3_4.jpg?v=1774437638 | https://cdn.shopify.com/s/files/1/0715/1704/5040/files/Powerfulairdelivery_1_4.jpg?v=1774437638 | https://cdn.shopify.com/s/files/1/0715/1704/5040/files/TowerCoolers-CromptonOptimusNeo27L_c5654c1f-323f-4533-a8c3-c9a7258b51f2.jpg?v=1774437638 | https://cdn.shopify.com/s/files/1/0715/1704/5040/files/OptimusNeo52Front_56806dda-617f-496b-a39b-fd1ddcdec686.png?v=1774437638 | https://cdn.shopify.com/s/files/1/0715/1704/5040/files/EscapetheheatwithOptimusneo_10_1_a8af9f73-b800-4013-813c-2ed4761b27cb.jpg?v=1774437638 | https://cdn.shopify.com/s/files/1/0715/1704/5040/files/Autoswinglouvers_10_1_76e6b6ce-56bc-4007-8fb8-8ae6db6fa18b.jpg?v=1774437638 | https://cdn.shopify.com/s/files/1/0715/1704/5040/files/Largetankcapacity_14_2_d8c64df2-a340-4da0-bc6e-39a3611f3c60.jpg?v=1774437637 | https://cdn.shopify.com/s/files/1/0715/1704/5040/files/CollapsibleLouvers_Mosquitonet_2_1_ec52c01e-8d0e-4667-961c-402f67ead377.jpg?v=1774437638 | https://cdn.shopify.com/s/files/1/0715/1704/5040/files/TowerCoolers-CromptonOptimusNeo35i.jpg?v=1774437638 | https://cdn.shopify.com/s/files/1/0715/1704/5040/files/OptimusNeo52Front_d9c547c5-fd0c-440e-9056-8e6c8df58b49.png?v=1774437639 | https://cdn.shopify.com/s/files/1/0715/1704/5040/files/EscapetheheatwithOptimusneo_9_1_b9d165ea-b525-4d2c-8e9b-4597bcc24fdb.jpg?v=1774437638 | https://cdn.shopify.com/s/files/1/0715/1704/5040/files/Autoswinglouvers_9_1_e55549da-bae7-433e-b8fd-9ac93a18abaf.jpg?v=1774437637 | https://cdn.shopify.com/s/files/1/0715/1704/5040/files/Largetankcapacity_16_1_ff2ff314-ce82-4e43-b106-7297d677c4bd.jpg?v=1774437638 | https://cdn.shopify.com/s/files/1/0715/1704/5040/files/CollapsibleLouvers_Mosquitonet_3_1_71d9edf1-53b8-471b-af7f-cc422ba849f4.jpg?v=1774437638 | https://cdn.shopify.com/s/files/1/0715/1704/5040/files/TowerCoolers-CromptonOptimusNeo52L_jpg.jpg?v=1774437638,2023-06-08T17:03:56+05:30,2026-09-08T08:56:51+05:30
Crompton,Crompton Optimus WAC 70,Window Coolers,"8004 Coolers, Air Coolers, type-outdoor-cooling, Window Cooler",crompton-optimus-wac-70,https://www.crompton.co.in/products/crompton-optimus-wac-70,15500.0,15500.0,Color,Grey :: SKU=ACGC-OPTIWAC70 :: ₹15500.00,6,https://cdn.shopify.com/s/files/1/0715/1704/5040/files/Untitled-2.png?v=1774437643 | https://cdn.shopify.com/s/files/1/0715/1704/5040/files/PL1.jpg?v=1774437643 | https://cdn.shopify.com/s/files/1/0715/1704/5040/files/PL2.jpg?v=1774437643 | https://cdn.shopify.com/s/files/1/0715/1704/5040/files/PL3.jpg?v=1774437643 | https://cdn.shopify.com/s/files/1/0715/1704/5040/files/PL4.jpg?v=1774437643 | https://cdn.shopify.com/s/files/1/0715/1704/5040/files/WindowCoolers-CromptonOptimusWAC70.jpg?v=1774437643,2023-07-13T11:41:16+05:30,2026-09-08T08:56:51+05:30
Crompton,Crompton Ginie Neo,Personal Coolers,"150-300-sqft, Air Cooler under 10000, Coolers under 5000, Personal Cooler, type-dust-filter, type-humid, type-ice-chambers, type-mosquito-net, type-personal-cooling, type-room-cooling, type-spot-cooling",crompton-ginie-neo,https://www.crompton.co.in/products/crompton-ginie-neo,4900.0,4900.0,Color,White and Blue :: SKU=ACGC-GINIE NEO :: ₹4900.00,6,https://cdn.shopify.com/s/files/1/0715/1704/5040/files/GinieneoFront.png?v=1774437635 | https://cdn.shopify.com/s/files/1/0715/1704/5040/files/GenieNeoPL_1_5_1.jpg?v=1774437634 | https://cdn.shopify.com/s/files/1/0715/1704/5040/files/GenieNeoPL_2_2_1.jpg?v=1774437634 | https://cdn.shopify.com/s/files/1/0715/1704/5040/files/GenieNeoPL_3_3_1.jpg?v=1774437634 | https://cdn.shopify.com/s/files/1/0715/1704/5040/files/GenieNeoPL_4_3_1.jpg?v=1774437634 | https://cdn.shopify.com/s/files/1/0715/1704/5040/files/PersonalCoolers-CromptonGinieNeo.jpg?v=1774437634,2023-06-08T13:55:16+05:30,2026-09-08T08:56:51+05:30
Crompton,Crompton Insta Airohot 2000W Heat convector Room Heater with Blower,Room Heaters,Heat Convectors,crompton-insta-airohot-2000w-heat-convector-room-heater-with-blower,https://www.crompton.co.in/products/crompton-insta-airohot-2000w-heat-convector-room-heater-with-blower,4800.0,4800.0,Color,Maroon :: SKU=ACGRH – Insta Airohot :: ₹4800.00,5,https://cdn.shopify.com/s/files/1/0715/1704/5040/files/Untitled-1_dd0e0f5a-cbc7-4212-b2f4-a84355b26e6d.png?v=1694611377 | https://cdn.shopify.com/s/files/1/0715/1704/5040/files/LifestylePl1_92fd0ded-e65b-405c-8196-3061c448222f.jpg?v=1694611377 | https://cdn.shopify.com/s/files/1/0715/1704/5040/files/prodlisting3_9.jpg?v=1694611377 | https://cdn.shopify.com/s/files/1/0715/1704/5040/files/ProductListing2.jpg?v=1694611377 | https://cdn.shopify.com/s/files/1/0715/1704/5040/files/ProductListing4.jpg?v=1694611377,2023-05-15T15:21:12+05:30,2026-09-08T08:56:51+05:30
Crompton,Crompton Desire 1100 W Dry Iron,Fabric Care Irons,"Dry Iron, iron, weekly-iron",crompton-desire-1100-w-dry-iron,https://www.crompton.co.in/products/crompton-desire-1100-w-dry-iron,1200.0,1200.0,Color,Dark Blue :: SKU=ACGEI-DESIRE :: ₹1200.00,5,https://cdn.shopify.com/s/files/1/0715/1704/5040/files/DesirePDneo.C.png?v=1694408331 | https://cdn.shopify.com/s/files/1/0715/1704/5040/files/LifestylePl1_1c4b6bf2-5f6b-4b47-a7d6-2f9bd97a7c5b.jpg?v=1694520793 | https://cdn.shopify.com/s/files/1/0715/1704/5040/files/irondesirepd2.jpg?v=1711033477 | https://cdn.shopify.com/s/files/1/0715/1704/5040/files/irondesirepd3_1.jpg?v=1711033477 | https://cdn.shopify.com/s/files/1/0715/1704/5040/files/irondesirepd_2.jpg?v=1711033477,2023-05-12T12:28:25+05:30,2026-09-08T08:56:51+05:30
Crompton,Crompton Brio 1000 W Dry Iron,Fabric Care Irons,"Dry Iron, weekly-iron",crompton-brio-1000-w-dry-iron,https://www.crompton.co.in/products/crompton-brio-1000-w-dry-iron,1100.0,1100.0,Color,Sky Blue/White :: SKU=ACGEI-BRIO :: ₹1100.00,5,https://cdn.shopify.com/s/files/1/0715/1704/5040/files/BrioLeftPerspectiveView.png?v=1694409792 | https://cdn.shopify.com/s/files/1/0715/1704/5040/files/LifestylePl1_ba414f1c-08be-478b-a044-7a987f243259.jpg?v=1694520958 | https://cdn.shopify.com/s/files/1/0715/1704/5040/files/BrioPL2.jpg?v=1694520958 | https://cdn.shopify.com/s/files/1/0715/1704/5040/files/BrioPl4_55ea8c96-55d1-453d-8141-de0098bc3bb3.png?v=1711033316 | https://cdn.shopify.com/s/files/1/0715/1704/5040/files/BrioPl4_55ea8c96-55d1-453d-8141-de0098bc3bb32.jpg?v=1711033317,2023-07-12T17:26:43+05:30,2026-09-08T08:56:51+05:30
Crompton,Crompton Instaserve Slim 2100 W Induction Cooktop | 8 One Touch Cook Menus,Cooking Appliances,Induction Cooktop,crompton-instaserve-2100-w-induction-cooktop-8-one-touch-cook-menus,https://www.crompton.co.in/products/crompton-instaserve-2100-w-induction-cooktop-8-one-touch-cook-menus,5400.0,5400.0,Color,Black and White :: SKU=ACGIC-INSTSERV2100 :: ₹5400.00,5,https://cdn.shopify.com/s/files/1/0715/1704/5040/files/ICT2100WTopView.webp?v=1685108155 | https://cdn.shopify.com/s/files/1/0715/1704/5040/files/2100wInductionPL_1_1.jpg?v=1685108155 | https://cdn.shopify.com/s/files/1/0715/1704/5040/files/2100wInductionPL_2_1.jpg?v=1685108155 | https://cdn.shopify.com/s/files/1/0715/1704/5040/files/2100wInductionPL_3_1.jpg?v=1685108155 | https://cdn.shopify.com/s/files/1/0715/1704/5040/files/InstaserveSlim2100WInductionCooktop.png?v=1713260090,2023-05-26T19:05:53+05:30,2026-09-08T08:56:51+05:30
Crompton,Crompton Instaserve 2000 W Induction Cooktop | 8 One touch Cook Menus,Cooking Appliances,Induction Cooktop,crompton-instaserve-2000-w-induction-cooktop-8-one-touch-cook-menus,https://www.crompton.co.in/products/crompton-instaserve-2000-w-induction-cooktop-8-one-touch-cook-menus,4800.0,4800.0,Color,Black and Red :: SKU=ACGIC-INSTSERV200T :: ₹4800.00,5,https://cdn.shopify.com/s/files/1/0715/1704/5040/files/2000wFullGlassICT2022TopView.png?v=1685106295 | https://cdn.shopify.com/s/files/1/0715/1704/5040/files/2000wInductionPL_1_1.jpg?v=1685106295 | https://cdn.shopify.com/s/files/1/0715/1704/5040/files/2000wInductionPL_2_1.jpg?v=1685106294 | https://cdn.shopify.com/s/files/1/0715/1704/5040/files/2000wInductionPL_3_1.jpg?v=1685106294 | https://cdn.shopify.com/s/files/1/0715/1704/5040/files/2000wInductionPL_4_1.png?v=1713261758,2023-05-16T17:54:03+05:30,2026-09-08T08:56:51+05:30
Crompton,Crompton Instaserve 1900 W Induction Cooktop | 8 One touch Cook Menus,Cooking Appliances,Induction Cooktop,crompton-instaserve-1900-w-induction-cooktop-8-one-touch-cook-menus,https://www.crompton.co.in/products/crompton-instaserve-1900-w-induction-cooktop-8-one-touch-cook-menus,3900.0,3900.0,Color,Black and Purple :: SKU=ACGIC-INSTSERV1900 :: ₹3900.00,5,https://cdn.shopify.com/s/files/1/0715/1704/5040/files/1900wICT2022.11135619.webp?v=1685107640 | https://cdn.shopify.com/s/files/1/0715/1704/5040/files/1900wInductionPL_1_2.jpg?v=1685107640 | https://cdn.shopify.com/s/files/1/0715/1704/5040/files/1900wInductionPL_2_2.jpg?v=1685107640 | https://cdn.shopify.com/s/files/1/0715/1704/5040/files/1900wInductionPL_3_2.jpg?v=1685107640 | https://cdn.shopify.com/s/files/1/0715/1704/5040/files/1900wInductionPL_4_2.png?v=1713261981,2023-05-16T17:36:46+05:30,2026-09-08T08:56:51+05:30
Crompton,Crompton Instaserve 1500 W Induction Cooktop | 7 One touch Cook Menus,Cooking Appliances,Induction Cooktop,crompton-instaserve-1500-w-induction-cooktop-7-one-touch-cook-menus,https://www.crompton.co.in/products/crompton-instaserve-1500-w-induction-cooktop-7-one-touch-cook-menus,3500.0,3500.0,Color,Black and Blue :: SKU=ACGIC-INSTSERV150N :: ₹3500.00,5,https://cdn.shopify.com/s/files/1/0715/1704/5040/files/1500wICT2022TopView.webp?v=1685107444 | https://cdn.shopify.com/s/files/1/0715/1704/5040/files/1500wInductionPL_1_2.jpg?v=1685107444 | https://cdn.shopify.com/s/files/1/0715/1704/5040/files/1500wInductionPL_2_2.jpg?v=1685107444 | https://cdn.shopify.com/s/files/1/0715/1704/5040/files/1500wInductionPL_3_1.jpg?v=1685107444 | https://cdn.shopify.com/s/files/1/0715/1704/5040/files/1500wInductionPL_4_2.jpg?v=1685107444,2023-05-16T17:11:56+05:30,2026-09-08T08:56:51+05:30
Crompton,Crompton Instaserve 1200 W Induction Cooktop | 7 One touch Cook Menus,Cooking Appliances,Induction Cooktop,crompton-instaserve-1200-w-induction-cooktop-7-one-touch-cook-menus,https://www.crompton.co.in/products/crompton-instaserve-1200-w-induction-cooktop-7-one-touch-cook-menus,3200.0,3200.0,Color,Black and Blue :: SKU=ACGIC-INSTSERV1200 :: ₹3200.00,5,https://cdn.shopify.com/s/files/1/0715/1704/5040/files/1200wICTtopviewww.webp?v=1685107824 | https://cdn.shopify.com/s/files/1/0715/1704/5040/files/1200wInductionPL_1_1.jpg?v=1685107824 | https://cdn.shopify.com/s/files/1/0715/1704/5040/files/1200wInductionPL_2_1.jpg?v=1685107824 | https://cdn.shopify.com/s/files/1/0715/1704/5040/files/1200wInductionPL_4_1.jpg?v=1685107824 | https://cdn.shopify.com/s/files/1/0715/1704/5040/files/inductionproductlisting_3_1.jpg?v=1685107824,2023-05-16T16:47:39+05:30,2026-09-08T08:56:51+05:30
