brand,title,product_type,tags,handle,product_url,price_min_inr,price_max_inr,option_names,variants,num_images,image_urls,created_at,updated_at
Crompton,CITO PRO Highspeed 2-in-1 Fan,Personal Fans,Wall cum Table Fan,cito-pro-highspeed-2-in-1-fan-personal-fan,https://www.crompton.co.in/products/cito-pro-highspeed-2-in-1-fan-personal-fan,3299.0,3299.0,Color,Black :: SKU=CTOPROPERSONAL9BLK :: ₹3299.00 | White :: SKU=CTOPROPERSONAL9WHT :: ₹3299.00,12,https://cdn.shopify.com/s/files/1/0715/1704/5040/files/Artboard1_77ebc27e-73c7-4d97-abb0-0e83b84e9d71.png?v=1788327426 | https://cdn.shopify.com/s/files/1/0715/1704/5040/files/Artboard2_b3f4abac-e51c-490f-8375-52a582f3dffa.jpg?v=1788327425 | https://cdn.shopify.com/s/files/1/0715/1704/5040/files/Artboard3_34db0a54-0ab3-4290-a4ff-c7778376b00a.jpg?v=1788327426 | https://cdn.shopify.com/s/files/1/0715/1704/5040/files/Artboard4_136af37f-b8b3-46bf-8ce4-f31df02bacc6.jpg?v=1788327426 | https://cdn.shopify.com/s/files/1/0715/1704/5040/files/PDP.png?v=1788418471 | https://cdn.shopify.com/s/files/1/0715/1704/5040/files/Artboard5_8bf3ecf9-1775-4bef-8292-5142e036684a.jpg?v=1788327425 | https://cdn.shopify.com/s/files/1/0715/1704/5040/files/1_4fac28bb-ad47-43e9-b95b-328794627a88.png?v=1788327425 | https://cdn.shopify.com/s/files/1/0715/1704/5040/files/2_5cec37cd-d38f-401e-93b6-4a43ebf3ce1d.jpg?v=1788327425 | https://cdn.shopify.com/s/files/1/0715/1704/5040/files/3_4367271f-1c76-4ae8-8f16-88b96140061d.jpg?v=1788327425 | https://cdn.shopify.com/s/files/1/0715/1704/5040/files/4_80ebc470-a360-46aa-8307-e2956e82c95e.jpg?v=1788327425 | https://cdn.shopify.com/s/files/1/0715/1704/5040/files/PDP_0c848f3b-b728-4135-9e44-71738f2c3354.png?v=1788418475 | https://cdn.shopify.com/s/files/1/0715/1704/5040/files/5_78685687-d591-4f06-9af8-9446633f82ae.jpg?v=1788327425,2026-09-03T10:32:59+05:30,2026-09-08T08:56:46+05:30
Crompton,CITO PRO Highspeed 2-in-1 Fan,Wall Mounted Fans,Wall cum Table Fan,cito-pro-highspeed-2-in-1-fan-wall-mounted-fan,https://www.crompton.co.in/products/cito-pro-highspeed-2-in-1-fan-wall-mounted-fan,3299.0,3299.0,Color,Black :: SKU=CTOPROPERSONAL9BLK :: ₹3299.00 | White :: SKU=CTOPROPERSONAL9WHT :: ₹3299.00,12,https://cdn.shopify.com/s/files/1/0715/1704/5040/files/Artboard1_77ebc27e-73c7-4d97-abb0-0e83b84e9d71.png?v=1788327426 | https://cdn.shopify.com/s/files/1/0715/1704/5040/files/Artboard2_b3f4abac-e51c-490f-8375-52a582f3dffa.jpg?v=1788327425 | https://cdn.shopify.com/s/files/1/0715/1704/5040/files/Artboard3_34db0a54-0ab3-4290-a4ff-c7778376b00a.jpg?v=1788327426 | https://cdn.shopify.com/s/files/1/0715/1704/5040/files/Artboard4_136af37f-b8b3-46bf-8ce4-f31df02bacc6.jpg?v=1788327426 | https://cdn.shopify.com/s/files/1/0715/1704/5040/files/PDP_d413efeb-a03e-42e0-bdf4-e70a3048b1aa.png?v=1788419911 | https://cdn.shopify.com/s/files/1/0715/1704/5040/files/Artboard5_8bf3ecf9-1775-4bef-8292-5142e036684a.jpg?v=1788327425 | https://cdn.shopify.com/s/files/1/0715/1704/5040/files/1_4fac28bb-ad47-43e9-b95b-328794627a88.png?v=1788327425 | https://cdn.shopify.com/s/files/1/0715/1704/5040/files/2_5cec37cd-d38f-401e-93b6-4a43ebf3ce1d.jpg?v=1788327425 | https://cdn.shopify.com/s/files/1/0715/1704/5040/files/3_4367271f-1c76-4ae8-8f16-88b96140061d.jpg?v=1788327425 | https://cdn.shopify.com/s/files/1/0715/1704/5040/files/4_80ebc470-a360-46aa-8307-e2956e82c95e.jpg?v=1788327425 | https://cdn.shopify.com/s/files/1/0715/1704/5040/files/PDP_a7470469-9e52-49df-b1b0-3dfd8ada972c.png?v=1788419909 | https://cdn.shopify.com/s/files/1/0715/1704/5040/files/5_78685687-d591-4f06-9af8-9446633f82ae.jpg?v=1788327425,2026-09-02T11:07:03+05:30,2026-09-08T08:56:46+05:30
Crompton,CITO PRO Highspeed 2-in-1 Fan,Table Fans,Wall cum Table Fan,cito-pro-highspeed-2-in-1-fan-table-fan,https://www.crompton.co.in/products/cito-pro-highspeed-2-in-1-fan-table-fan,3299.0,3299.0,Color,Black :: SKU=CTOPROPERSONAL9BLK :: ₹3299.00 | White :: SKU=CTOPROPERSONAL9WHT :: ₹3299.00,12,https://cdn.shopify.com/s/files/1/0715/1704/5040/files/Artboard1_b64c5a3a-ae7b-430d-885b-8de179112d6a.png?v=1788327424 | https://cdn.shopify.com/s/files/1/0715/1704/5040/files/Artboard2_ab87995a-534d-4531-86d1-1b3d63c13063.jpg?v=1788327423 | https://cdn.shopify.com/s/files/1/0715/1704/5040/files/Artboard3_19adfe1d-42a0-4e25-9d82-76e7a3073094.jpg?v=1788327423 | https://cdn.shopify.com/s/files/1/0715/1704/5040/files/Artboard4_2d69fa7e-cd98-409c-85d3-e5143e4505a8.jpg?v=1788327423 | https://cdn.shopify.com/s/files/1/0715/1704/5040/files/PDP_d87da881-b286-4cd1-a324-d71b0e47021a.png?v=1788419934 | https://cdn.shopify.com/s/files/1/0715/1704/5040/files/Artboard5_93dd0e3c-169a-4219-8d2e-74401333a98e.jpg?v=1788327423 | https://cdn.shopify.com/s/files/1/0715/1704/5040/files/1_572c3a17-938b-4d92-91f5-9e014a0ed8bd.png?v=1788327424 | https://cdn.shopify.com/s/files/1/0715/1704/5040/files/2_46b92152-cf8e-4bfb-835a-854f166f626b.jpg?v=1788327423 | https://cdn.shopify.com/s/files/1/0715/1704/5040/files/3_e47964a0-d226-45cb-afe7-0318ace72621.jpg?v=1788327423 | https://cdn.shopify.com/s/files/1/0715/1704/5040/files/4_7cdac7d4-af27-41dc-8779-d1861e4adf68.jpg?v=1788327423 | https://cdn.shopify.com/s/files/1/0715/1704/5040/files/PDP_b07dd108-7fe2-4811-a9ad-264bf88eb2c8.png?v=1788419936 | https://cdn.shopify.com/s/files/1/0715/1704/5040/files/5_f152a79f-9e09-48cc-912f-03bd8b1a6480.jpg?v=1788327423,2026-09-02T11:07:00+05:30,2026-09-08T08:56:46+05:30
Crompton,Crompton Energion Niteo Pro BLDC Ceiling Fan,Ceiling Fans,,crompton-energion-niteo-pro-bldc-ceiling-fan,https://www.crompton.co.in/products/crompton-energion-niteo-pro-bldc-ceiling-fan,5999.0,6399.0,Color,Burnt Driftwood :: SKU=CFENNTOPR48BDW5Z :: ₹6399.00 | Copper Gleam :: SKU=CFENNTOPR48CPG5Z :: ₹5999.00 | Dark Cherry Wood :: SKU=CFENNTOPR48DCW5Z :: ₹6399.00 | Ivory Black :: SKU=CFENNTOPR48IBK5Z :: ₹5999.00 | Ivory :: SKU=CFENNTOPR48IVY5Z :: ₹5999.00 | Light Pine Wood :: SKU=CFENNTOPR48LPW5Z :: ₹6399.00 | Metallic Grey :: SKU=CFENNTOPR48MGR5Z :: ₹5999.00 | Smoke Brown :: SKU=CFENNTOPR48SBR5Z :: ₹5999.00 | Matte Black :: SKU=CFENNTOPR48SWM5Z :: ₹5999.00 | White Black :: SKU=CFENNTOPR48WBK5Z :: ₹5999.00 | Gilded Beige :: SKU=CFENNTOPR48GLB5Z :: ₹5999.00,55,https://cdn.shopify.com/s/files/1/0715/1704/5040/files/Artboard0_abf66d1d-debf-4441-bc3e-4d4a0033a308.png?v=1787836433 | https://cdn.shopify.com/s/files/1/0715/1704/5040/files/Artboard1_7dfc34cd-a584-40bc-a434-0334e8d433d0.jpg?v=1787836433 | https://cdn.shopify.com/s/files/1/0715/1704/5040/files/Artboard2_d36d9003-7164-4649-b573-dbb9d55572ce.jpg?v=1787836433 | https://cdn.shopify.com/s/files/1/0715/1704/5040/files/Artboard3_36472901-f82e-485c-ac45-0577f9ad62f5.jpg?v=1787836432 | https://cdn.shopify.com/s/files/1/0715/1704/5040/files/Artboard4_ccac1698-92cf-4524-8a46-6c0675f54ec2.jpg?v=1787836433 | https://cdn.shopify.com/s/files/1/0715/1704/5040/files/Artboard0_b4cfde7a-4c68-4d31-8208-ff0e622f9df6.png?v=1787836433 | https://cdn.shopify.com/s/files/1/0715/1704/5040/files/Artboard1_9cdfd2cf-b463-430b-8bef-fa0a24a64493.jpg?v=1787836433 | https://cdn.shopify.com/s/files/1/0715/1704/5040/files/Artboard2_0f12ed28-7a4a-4e84-97e9-1d516b76f20f.jpg?v=1787836433 | https://cdn.shopify.com/s/files/1/0715/1704/5040/files/Artboard3_38fc190b-ffed-4b84-880b-ac3420a74153.jpg?v=1787836433 | https://cdn.shopify.com/s/files/1/0715/1704/5040/files/Artboard4_710909f9-d0e1-42d9-b62f-61f0a235893c.jpg?v=1787836433 | https://cdn.shopify.com/s/files/1/0715/1704/5040/files/Artboard0_82612f0e-b9ec-44b9-98e2-8e86ae57dcc7.png?v=1787836433 | https://cdn.shopify.com/s/files/1/0715/1704/5040/files/Artboard1_366b8b62-8423-4527-8f04-1e467d7cd241.jpg?v=1787836433 | https://cdn.shopify.com/s/files/1/0715/1704/5040/files/Artboard2_f267ca7c-9562-484b-b27b-ec19dd114c7a.jpg?v=1787836433 | https://cdn.shopify.com/s/files/1/0715/1704/5040/files/Artboard3_3b2da6a2-e786-414d-aae9-50a847f05734.jpg?v=1787836433 | https://cdn.shopify.com/s/files/1/0715/1704/5040/files/Artboard4_6120d1a6-aaf9-4f9d-981d-3c9f9ba3bc98.jpg?v=1787836433 | https://cdn.shopify.com/s/files/1/0715/1704/5040/files/Artboard0_3a2d7742-6651-41f2-9b42-4c58df76abee.png?v=1787836433 | https://cdn.shopify.com/s/files/1/0715/1704/5040/files/Artboard1_dbb35485-1fd6-4d12-b97c-15fbc27b962c.jpg?v=1787836433 | https://cdn.shopify.com/s/files/1/0715/1704/5040/files/Artboard2_b2869634-d405-4997-b708-bdace5c95eae.jpg?v=1787836433 | https://cdn.shopify.com/s/files/1/0715/1704/5040/files/Artboard3_15749cf2-3af6-4e93-b4ef-d2bf92feacee.jpg?v=1787836433 | https://cdn.shopify.com/s/files/1/0715/1704/5040/files/Artboard4_2c79d65b-3f29-4327-821e-d6d124a6b6ee.jpg?v=1787836433 | https://cdn.shopify.com/s/files/1/0715/1704/5040/files/Artboard0_df251dc7-b657-4b4e-8db6-21e65ecd8583.png?v=1787836434 | https://cdn.shopify.com/s/files/1/0715/1704/5040/files/Artboard1_eb3c1e1b-18d7-4d74-8b23-036ae607b0d2.jpg?v=1787836433 | https://cdn.shopify.com/s/files/1/0715/1704/5040/files/Artboard2_dff253d2-cc7d-47f9-8864-d760b699b9cc.jpg?v=1787836434 | https://cdn.shopify.com/s/files/1/0715/1704/5040/files/Artboard3_c8d32cb1-4746-4be8-a0fe-5621a10c56c1.jpg?v=1787836433 | https://cdn.shopify.com/s/files/1/0715/1704/5040/files/Artboard4_133a501c-2c34-4193-98e3-0cc3f8e669d9.jpg?v=1787836433 | https://cdn.shopify.com/s/files/1/0715/1704/5040/files/Artboard0_777611f9-545a-4528-9e11-cae4c62e61b3.png?v=1787836433 | https://cdn.shopify.com/s/files/1/0715/1704/5040/files/Artboard1_098ab74d-4ed8-4ad0-bc27-97b5c768badf.jpg?v=1787836433 | https://cdn.shopify.com/s/files/1/0715/1704/5040/files/Artboard2_0648afef-6908-419d-9c54-648163a45e38.jpg?v=1787836433 | https://cdn.shopify.com/s/files/1/0715/1704/5040/files/Artboard3_bcb1525e-07ce-4b33-9cda-5f356f76947c.jpg?v=1787836433 | https://cdn.shopify.com/s/files/1/0715/1704/5040/files/Artboard4_f8c1ca90-0b9b-4289-ab64-4b9a0ff8a82a.jpg?v=1787836433 | https://cdn.shopify.com/s/files/1/0715/1704/5040/files/Artboard0_6c14b132-c072-40e6-be36-c999246fd485.png?v=1787836433 | https://cdn.shopify.com/s/files/1/0715/1704/5040/files/Artboard1_bc666e37-8dd3-418b-833e-c827cbc48b26.jpg?v=1787836433 | https://cdn.shopify.com/s/files/1/0715/1704/5040/files/Artboard2_fd0a0a96-93c5-4a92-97bf-3a35b175564d.jpg?v=1787836433 | https://cdn.shopify.com/s/files/1/0715/1704/5040/files/Artboard3_8e267ea3-3d81-4fbe-b4c7-c440cf73f0de.jpg?v=1787836433 | https://cdn.shopify.com/s/files/1/0715/1704/5040/files/Artboard4_c3cf0ff6-744e-4b5a-b99c-08f8df4fcbb9.jpg?v=1787836433 | https://cdn.shopify.com/s/files/1/0715/1704/5040/files/Artboard0_b6acdd6f-07bf-4dbb-ab7c-c2d1c4e8936f.png?v=1787836433 | https://cdn.shopify.com/s/files/1/0715/1704/5040/files/Artboard1_a6671564-f036-4bc6-ad11-7a05ca074906.jpg?v=1787836433 | https://cdn.shopify.com/s/files/1/0715/1704/5040/files/Artboard2_dcf3590b-873f-4fe8-bc94-f0758a6dade4.jpg?v=1787836433 | https://cdn.shopify.com/s/files/1/0715/1704/5040/files/Artboard3_834d2582-21b8-492b-b89e-d6e740e04602.jpg?v=1787836433 | https://cdn.shopify.com/s/files/1/0715/1704/5040/files/Artboard4_f6a3e431-4a5a-40c2-b118-13f749a7f27e.jpg?v=1787836433 | https://cdn.shopify.com/s/files/1/0715/1704/5040/files/Artboard0_c2c804b0-4919-46d6-b363-f2a896d90f76.png?v=1787836433 | https://cdn.shopify.com/s/files/1/0715/1704/5040/files/Artboard1_ae012137-3164-4943-a785-f64575379395.jpg?v=1787836433 | https://cdn.shopify.com/s/files/1/0715/1704/5040/files/Artboard2_56c66703-ed95-4b7c-a6c8-43f96939745a.jpg?v=1787836433 | https://cdn.shopify.com/s/files/1/0715/1704/5040/files/Artboard3_5bfdf184-983c-494c-a509-3fccd1c67f4d.jpg?v=1787836433 | https://cdn.shopify.com/s/files/1/0715/1704/5040/files/Artboard4_0a4ddbf7-ca78-4a42-aae9-24550485802f.jpg?v=1787836433 | https://cdn.shopify.com/s/files/1/0715/1704/5040/files/Artboard0_ace6bd7c-85b9-4aae-9863-12ab101d961e.png?v=1787836433 | https://cdn.shopify.com/s/files/1/0715/1704/5040/files/Artboard1_8c65f6b7-61c2-482b-ad23-caba106ad8ce.jpg?v=1787836433 | https://cdn.shopify.com/s/files/1/0715/1704/5040/files/Artboard2_2778ca29-c048-4ed1-96d4-62769c35ef04.jpg?v=1787836433 | https://cdn.shopify.com/s/files/1/0715/1704/5040/files/Artboard3_fd76ff00-3ad3-42c0-af01-d4bd8f0150b5.jpg?v=1787836433 | https://cdn.shopify.com/s/files/1/0715/1704/5040/files/Artboard4_c491bb2f-e3a9-4728-a8f3-9b0e1eca1181.jpg?v=1787836433 | https://cdn.shopify.com/s/files/1/0715/1704/5040/files/Artboard0_8c947359-3bf2-434b-87e5-2c8d5e07a500.png?v=1787836433 | https://cdn.shopify.com/s/files/1/0715/1704/5040/files/Artboard1_65cf622e-bcfa-401a-93fb-2365ab918dd7.jpg?v=1787836433 | https://cdn.shopify.com/s/files/1/0715/1704/5040/files/Artboard2_81897393-df63-449a-bab2-02a680a98235.jpg?v=1787836433 | https://cdn.shopify.com/s/files/1/0715/1704/5040/files/Artboard3_687bda41-3d0d-4525-b585-f10456b4bccf.jpg?v=1787836433 | https://cdn.shopify.com/s/files/1/0715/1704/5040/files/Artboard4_5509cda0-8caa-45b9-8dfd-54166f376255.jpg?v=1787836433,2026-08-27T18:43:49+05:30,2026-09-08T08:56:46+05:30
Crompton,Crompton Siro Rechargeable Clip Fan,Personal Fans,Tabletop Mount,crompton-siro-rechargeable-clip-fan,https://www.crompton.co.in/products/crompton-siro-rechargeable-clip-fan,1899.0,1899.0,Color,White :: SKU=SIROPERSONAL4WHT :: ₹1899.00,5,https://cdn.shopify.com/s/files/1/0715/1704/5040/files/Artboard4-Photoroom.png?v=1787746595 | https://cdn.shopify.com/s/files/1/0715/1704/5040/files/Artboard1_60b22ee0-caa7-4980-a416-1502e83118cf.png?v=1787746594 | https://cdn.shopify.com/s/files/1/0715/1704/5040/files/Artboard2_7c6ceaf9-84e8-49ed-9f28-775b5008f3f7.png?v=1787746595 | https://cdn.shopify.com/s/files/1/0715/1704/5040/files/Artboard3_c1d69cfc-c89a-4616-a129-9714fbe42c38.png?v=1787746598 | https://cdn.shopify.com/s/files/1/0715/1704/5040/files/Artboard5_5a3d26cb-8cd2-45e2-b4c1-f8b25d934c38.png?v=1787746595,2026-08-26T17:46:31+05:30,2026-09-08T08:56:46+05:30
Crompton,Crompton Luxian Jupiter Senze Ceiling Fan,Ceiling Fans,,crompton-luxian-jupiter-senze-ceiling-fan,https://www.crompton.co.in/products/crompton-luxian-jupiter-senze-ceiling-fan,15999.0,15999.0,Color,Antique Brass :: SKU=CFLXJUP48ABR5Z :: ₹15999.00,5,https://cdn.shopify.com/s/files/1/0715/1704/5040/files/Jupiter-Photoroom_1.png?v=1787651564 | https://cdn.shopify.com/s/files/1/0715/1704/5040/files/Artboard2_72523039-ac56-49a7-b2c6-7626c3c1a7ef.jpg?v=1787651563 | https://cdn.shopify.com/s/files/1/0715/1704/5040/files/Artboard3_214495c0-a8de-4a02-bcea-66d7c422d86b.jpg?v=1787651563 | https://cdn.shopify.com/s/files/1/0715/1704/5040/files/Artboard4_f635a3c2-7fb9-4735-bad2-8da15762bf9d.jpg?v=1787651563 | https://cdn.shopify.com/s/files/1/0715/1704/5040/files/Artboard5_856b6ff7-aad2-4ba6-98f0-3a371ec36e7d.jpg?v=1787651563,2026-08-25T15:22:40+05:30,2026-09-08T08:56:46+05:30
Crompton,Crompton Luxian Statement Senze Ceiling Fan,Ceiling Fans,,crompton-luxian-statement-senze-ceiling-fan,https://www.crompton.co.in/products/crompton-luxian-statement-senze-ceiling-fan,24000.0,24000.0,Color,Bistre Brown :: SKU=CFLXSTS8B48BSB5Z :: ₹24000.00 | Ice White :: SKU=CFLXSTS8B48IWT5Z :: ₹24000.00,10,https://cdn.shopify.com/s/files/1/0715/1704/5040/files/Artboard1_11a81d7d-dea5-48dd-ae0f-e929ca217fbd-Photoroom.png?v=1787725099 | https://cdn.shopify.com/s/files/1/0715/1704/5040/files/Artboard2_f8dc8165-a902-430e-adb8-ea4b9a1e0930.jpg?v=1787651559 | https://cdn.shopify.com/s/files/1/0715/1704/5040/files/Artboard3_fa067683-29c0-415b-bee4-f9637858d52e.jpg?v=1787651560 | https://cdn.shopify.com/s/files/1/0715/1704/5040/files/Artboard4_62c22ed9-1803-4bb5-96e8-3921cd2e335e.jpg?v=1787651559 | https://cdn.shopify.com/s/files/1/0715/1704/5040/files/Artboard5_f1e59021-e936-42fc-9c90-7e564dea63a3.jpg?v=1787651559 | https://cdn.shopify.com/s/files/1/0715/1704/5040/files/Artboard1_a60f3ace-8df1-4f82-b8f2-78cc70bf4127-Photoroom.png?v=1787725099 | https://cdn.shopify.com/s/files/1/0715/1704/5040/files/Artboard2_3ae2b83b-42ba-465c-9971-ab46cabb080d.jpg?v=1787651560 | https://cdn.shopify.com/s/files/1/0715/1704/5040/files/Artboard3_32261680-a5db-4f05-baf9-3ebdb2b2239b.jpg?v=1787651560 | https://cdn.shopify.com/s/files/1/0715/1704/5040/files/Artboard4_15f7f2a2-6bbc-4460-97ac-75ec6870673c.jpg?v=1787651559 | https://cdn.shopify.com/s/files/1/0715/1704/5040/files/Artboard5_32c2bf01-f574-4e20-861b-f7ffeb446aeb.jpg?v=1787651559,2026-08-25T15:22:36+05:30,2026-09-08T08:56:46+05:30
Crompton,Crompton SilentPro Fluido Glide IOT Ceiling Fan,Ceiling Fans,,crompton-silentpro-fluido-glide-iot-ceiling-fan,https://www.crompton.co.in/products/crompton-silentpro-fluido-glide-iot-ceiling-fan,9999.0,12499.0,Color,Crater Brown :: SKU=CFSPFLGL48CTBRAD4Z :: ₹11499.00 | Glow White :: SKU=CFSPFLGL48GLWTAD4Z :: ₹9999.00 | Matte Black :: SKU=CFSPFLGL48MTBKAD4Z :: ₹11499.00 | Pacific Blue :: SKU=CFSPFLGL48PCBLAD4Z :: ₹11499.00 | Espresso Wood :: SKU=CFSPFLGL48EPRWD4Z :: ₹12499.00,25,https://cdn.shopify.com/s/files/1/0715/1704/5040/files/1-Photoroom_3.png?v=1787562847 | https://cdn.shopify.com/s/files/1/0715/1704/5040/files/2_f1ad616e-748e-464f-849c-7e3f5b0f79e8.png?v=1787561841 | https://cdn.shopify.com/s/files/1/0715/1704/5040/files/3_ee167f6e-d9e8-4fdd-bfa8-fd455edf3a37.png?v=1787561841 | https://cdn.shopify.com/s/files/1/0715/1704/5040/files/4_8fa5e268-ab98-4a79-8b9d-a753cba761da.png?v=1787561841 | https://cdn.shopify.com/s/files/1/0715/1704/5040/files/5_6b135611-c70b-4bc6-8e51-4fa0ad4215c6.png?v=1787561841 | https://cdn.shopify.com/s/files/1/0715/1704/5040/files/1-Photoroom_4.png?v=1787562847 | https://cdn.shopify.com/s/files/1/0715/1704/5040/files/2_1_a4f562fc-0e60-40c2-ae40-78672f3582dc.png?v=1787561841 | https://cdn.shopify.com/s/files/1/0715/1704/5040/files/3_1a0feeea-d11d-408f-bea6-4a0dc112c867.png?v=1787561841 | https://cdn.shopify.com/s/files/1/0715/1704/5040/files/4_1_84ef0f34-8ce4-42d7-8bb8-f0835067470f.png?v=1787561841 | https://cdn.shopify.com/s/files/1/0715/1704/5040/files/5_1_6c1061d7-5037-4c82-ba15-e88c2b6b9ada.png?v=1787561841 | https://cdn.shopify.com/s/files/1/0715/1704/5040/files/1-Photoroom.png?v=1787562847 | https://cdn.shopify.com/s/files/1/0715/1704/5040/files/2_a55311f0-d671-4bf9-b273-88d0e80492a8.png?v=1787561842 | https://cdn.shopify.com/s/files/1/0715/1704/5040/files/3_595c8c87-bd36-44c2-beb5-03b3d949be09.png?v=1787561841 | https://cdn.shopify.com/s/files/1/0715/1704/5040/files/4_f055f56a-be1c-48be-90ba-8f41efcf37a9.png?v=1787561841 | https://cdn.shopify.com/s/files/1/0715/1704/5040/files/5_cbd81ff1-8174-43aa-8548-666fe159eab0.png?v=1787561841 | https://cdn.shopify.com/s/files/1/0715/1704/5040/files/1-Photoroom_1.png?v=1787562847 | https://cdn.shopify.com/s/files/1/0715/1704/5040/files/2_49e52c3b-3c20-48c1-92f7-039c8a8070e1.png?v=1787561841 | https://cdn.shopify.com/s/files/1/0715/1704/5040/files/3_5d065840-25ac-4a99-ab9f-f851aba52736.png?v=1787561841 | https://cdn.shopify.com/s/files/1/0715/1704/5040/files/4_e625b99e-1d12-45a6-823c-457984638b4f.png?v=1787561841 | https://cdn.shopify.com/s/files/1/0715/1704/5040/files/5_25b109c6-5913-4fe1-82dd-83c63fcf4dfa.png?v=1787561841 | https://cdn.shopify.com/s/files/1/0715/1704/5040/files/1-Photoroom_2.png?v=1787562848 | https://cdn.shopify.com/s/files/1/0715/1704/5040/files/2_6a968c00-940d-41a1-afd7-d709caff6db0.png?v=1787561841 | https://cdn.shopify.com/s/files/1/0715/1704/5040/files/3_5894eb2d-80ed-4ff4-be23-c5931e646c02.png?v=1787561841 | https://cdn.shopify.com/s/files/1/0715/1704/5040/files/4_f8bf5eb8-2c34-4801-9420-263edab6fae0.png?v=1787561841 | https://cdn.shopify.com/s/files/1/0715/1704/5040/files/5_3f8bebc3-2258-4ecb-a559-6944712529fb.png?v=1787561841,2026-08-24T14:27:18+05:30,2026-09-08T08:56:46+05:30
Crompton,Crompton SilentPro Enso Senze IoT - India's MOST Silent Fan,Ceiling Fans,Enso iOT,crompton-silentpro-enso-senze-iot-indias-most-silent-fan,https://www.crompton.co.in/products/crompton-silentpro-enso-senze-iot-indias-most-silent-fan,12849.0,15349.0,Color,Chestnut Wood :: SKU=CFSPENSSM48DWT5ZG :: ₹15349.00 | Silk White :: SKU=CFSPENSSM48SWT5ZG :: ₹12849.00 | All White :: SKU=CFSPENSSM48AWT5ZG :: ₹12849.00 | Charcoal Grey :: SKU=CFSPENSSM48CHG5ZG :: ₹14349.00 | Matte Black :: SKU=CFSPENSSM48MBK5ZG :: ₹14349.00 | Mocha Brown :: SKU=CFSPENSSM48MBN5ZG :: ₹14349.00,30,https://cdn.shopify.com/s/files/1/0715/1704/5040/files/silkW-Photoroom.png?v=1787295859 | https://cdn.shopify.com/s/files/1/0715/1704/5040/files/2_cd5408a2-c6b9-4e38-b5df-894038b684e2.png?v=1787234353 | https://cdn.shopify.com/s/files/1/0715/1704/5040/files/3_473a5c00-c378-4e33-9d15-c2cd89fa825e.png?v=1787234353 | https://cdn.shopify.com/s/files/1/0715/1704/5040/files/4_3e5c44c3-c2e8-4288-ac54-cb136869fc46.png?v=1787234353 | https://cdn.shopify.com/s/files/1/0715/1704/5040/files/5_1c431ded-b0e3-40c0-a25a-63b8cbacfb3e.png?v=1787234352 | https://cdn.shopify.com/s/files/1/0715/1704/5040/files/AllW-Photoroom.png?v=1787295859 | https://cdn.shopify.com/s/files/1/0715/1704/5040/files/2_f505b65b-4f8f-4cc9-9b99-4ac11a8c7b8a.png?v=1787234354 | https://cdn.shopify.com/s/files/1/0715/1704/5040/files/3_f899c2c1-ee29-4328-a190-3c03e54de420.png?v=1787234353 | https://cdn.shopify.com/s/files/1/0715/1704/5040/files/4_b3f136fb-38c7-4e29-9cfe-cff3f8699d42.png?v=1787234353 | https://cdn.shopify.com/s/files/1/0715/1704/5040/files/5_68e7a51f-2a03-4d92-89ec-68443b4eac8c.png?v=1787234353 | https://cdn.shopify.com/s/files/1/0715/1704/5040/files/charcoalgrey-Photoroom.png?v=1787295859 | https://cdn.shopify.com/s/files/1/0715/1704/5040/files/2_74a4a785-2702-4383-827d-dc5c2e4197c7.png?v=1787234354 | https://cdn.shopify.com/s/files/1/0715/1704/5040/files/3_c3733fdc-46ec-4b2f-905c-f85440aad914.png?v=1787234353 | https://cdn.shopify.com/s/files/1/0715/1704/5040/files/4_ed936c8f-2d02-4dc9-85fc-73db1f48414c.png?v=1787234354 | https://cdn.shopify.com/s/files/1/0715/1704/5040/files/5_801db9dc-7f43-4d88-bde7-6bae38c6c8a5.png?v=1787234353 | https://cdn.shopify.com/s/files/1/0715/1704/5040/files/Mattblack-Photoroom.png?v=1787295859 | https://cdn.shopify.com/s/files/1/0715/1704/5040/files/2_f629e895-27ad-4e2a-8ead-54ce526310ff.png?v=1787234354 | https://cdn.shopify.com/s/files/1/0715/1704/5040/files/3_2_0e81079f-01ef-43ee-b632-14cb1966a49b.png?v=1787234353 | https://cdn.shopify.com/s/files/1/0715/1704/5040/files/4_2_6a431e8b-8d51-40c2-a937-b80e1328e584.png?v=1787234353 | https://cdn.shopify.com/s/files/1/0715/1704/5040/files/5_4278e94d-6624-415d-953d-fec4fff4a248.png?v=1787234354 | https://cdn.shopify.com/s/files/1/0715/1704/5040/files/chestnut-Photoroom.png?v=1787295859 | https://cdn.shopify.com/s/files/1/0715/1704/5040/files/2_ab5d2465-1399-4b96-b32a-2734142dbec9.png?v=1787234352 | https://cdn.shopify.com/s/files/1/0715/1704/5040/files/3_fa29ab5e-59ba-4134-a5a4-97af25228148.png?v=1787234353 | https://cdn.shopify.com/s/files/1/0715/1704/5040/files/4_a4473534-61aa-4efe-b3c9-3b9f11dd0649.png?v=1787234354 | https://cdn.shopify.com/s/files/1/0715/1704/5040/files/5_4db6fdf8-3f7e-4ae0-8dda-911adad408ff.png?v=1787234353 | https://cdn.shopify.com/s/files/1/0715/1704/5040/files/mochabr-Photoroom.png?v=1787295859 | https://cdn.shopify.com/s/files/1/0715/1704/5040/files/2_e2de8f67-2084-4768-affa-4287447af7bf.png?v=1787234352 | https://cdn.shopify.com/s/files/1/0715/1704/5040/files/3_25024649-42cb-4713-b2ed-7791322b5883.png?v=1787234353 | https://cdn.shopify.com/s/files/1/0715/1704/5040/files/4_082f6aa6-fb19-4d1f-bbe1-22972257ec9b.png?v=1787234353 | https://cdn.shopify.com/s/files/1/0715/1704/5040/files/5_0ed0401d-e896-423b-a4c8-4379804ba7c6.png?v=1787234353,2026-08-19T20:44:30+05:30,2026-09-08T08:56:46+05:30
Crompton,Crompton High Speed Rapidus Ceiling Fan,Ceiling Fans,High Speed Fans,crompton-high-speed-rapidus-ceiling-fan,https://www.crompton.co.in/products/crompton-high-speed-rapidus-ceiling-fan,4699.0,4699.0,Color,Knight Blue :: SKU=CFHSRPDAD48KBL1Z :: ₹4699.00 | Matte Birken :: SKU=CFHSRPDAD48BKN1Z :: ₹4699.00 | Pearl Grey :: SKU=CFHSRPDAD48PGR1Z :: ₹4699.00 | Tiramisu :: SKU=CFHSRPDAD48TRM1Z :: ₹4699.00,20,https://cdn.shopify.com/s/files/1/0715/1704/5040/files/Transprent_11820df9-23df-4e60-9c8e-bf91730bce0e.png?v=1777978085 | https://cdn.shopify.com/s/files/1/0715/1704/5040/files/Lifestyle_d541add3-01df-4269-9545-926965b16dab.jpg?v=1777978084 | https://cdn.shopify.com/s/files/1/0715/1704/5040/files/RPMCMM_89ce42ed-601b-4cbb-8e93-833d779522b3.jpg?v=1777978085 | https://cdn.shopify.com/s/files/1/0715/1704/5040/files/Watt_782243a8-a5a0-46eb-b166-1515477efae7.jpg?v=1777978085 | https://cdn.shopify.com/s/files/1/0715/1704/5040/files/warranty_8d88ad44-d2f9-49a5-9def-02143abd562a.jpg?v=1777978085 | https://cdn.shopify.com/s/files/1/0715/1704/5040/files/MatteBirken.png?v=1777978085 | https://cdn.shopify.com/s/files/1/0715/1704/5040/files/Lifestyle_ae158a71-9352-48c4-8192-18a24f9c63f0.jpg?v=1777978085 | https://cdn.shopify.com/s/files/1/0715/1704/5040/files/RPMCPM_f16bae8d-93fa-4af4-bb08-c328f3ff78c1.jpg?v=1777978085 | https://cdn.shopify.com/s/files/1/0715/1704/5040/files/Watt_a58960bb-71e9-4d40-a7d2-b6938935332d.jpg?v=1777978085 | https://cdn.shopify.com/s/files/1/0715/1704/5040/files/Warranty_3848f818-ee37-468c-a50c-48218ae2ed23.jpg?v=1777978085 | https://cdn.shopify.com/s/files/1/0715/1704/5040/files/transprent_06d2a27f-fe55-4285-9223-2301a8ed6a2d.png?v=1777978085 | https://cdn.shopify.com/s/files/1/0715/1704/5040/files/Lifestyle_6229fea7-6dcc-4db6-bda7-c4a65bd0d3af.png?v=1777978085 | https://cdn.shopify.com/s/files/1/0715/1704/5040/files/garyRPMCPM.jpg?v=1777978084 | https://cdn.shopify.com/s/files/1/0715/1704/5040/files/Watt.png?v=1777978085 | https://cdn.shopify.com/s/files/1/0715/1704/5040/files/Warranty_458de233-fd04-4657-a34c-50f46314166d.png?v=1777978085 | https://cdn.shopify.com/s/files/1/0715/1704/5040/files/Tiramisu.png?v=1777978085 | https://cdn.shopify.com/s/files/1/0715/1704/5040/files/Lifestyle_1971759e-eb5b-4d3a-9a74-ea5dd5bf73d3.png?v=1777978085 | https://cdn.shopify.com/s/files/1/0715/1704/5040/files/TiramisuRPMCPM.jpg?v=1777978085 | https://cdn.shopify.com/s/files/1/0715/1704/5040/files/Watt_41f0c35e-5726-4bcb-91a1-52cb8c730859.png?v=1777978085 | https://cdn.shopify.com/s/files/1/0715/1704/5040/files/Warranty_8bee6b16-a18c-43f2-a53b-f4034dbf4d2c.png?v=1777978085,2026-05-05T16:18:01+05:30,2026-09-08T08:56:46+05:30
Crompton,Crompton Energion Roverr BLDC Ceiling Fan,Ceiling Fans,"Bldc Fans, Energion, Lifestyle fans, new price, Roverr",crompton-energion-roverr-bldc-ceiling-fan,https://www.crompton.co.in/products/crompton-energion-roverr-bldc-ceiling-fan,12399.0,12399.0,Color,Champagne Gold :: SKU=CFENROVAD48CPG5Z :: ₹12399.00 | Matte Black :: SKU=CFENROVAD48BLK5Z :: ₹12399.00 | Pristine White :: SKU=CFENROVAD48PWT5Z :: ₹12399.00,18,https://cdn.shopify.com/s/files/1/0715/1704/5040/files/Untitled-2_3a6a4fae-3d31-43e9-a700-52ab858e2950.png?v=1776751800 | https://cdn.shopify.com/s/files/1/0715/1704/5040/files/pl1_1_c5da8969-63ac-4be8-9050-5e1e6a318c9f.png?v=1776751800 | https://cdn.shopify.com/s/files/1/0715/1704/5040/files/pl2_2_d6337196-7ce5-471e-8869-212ed81dbaa4.png?v=1776751800 | https://cdn.shopify.com/s/files/1/0715/1704/5040/files/pl5_1.png?v=1776751800 | https://cdn.shopify.com/s/files/1/0715/1704/5040/files/ChampagneGoldPL.jpg?v=1776751799 | https://cdn.shopify.com/s/files/1/0715/1704/5040/files/ChampagneGold.jpg?v=1776751800 | https://cdn.shopify.com/s/files/1/0715/1704/5040/files/png_a9da487f-c149-474b-94ab-5d659b8a4163.png?v=1776751800 | https://cdn.shopify.com/s/files/1/0715/1704/5040/files/pl1_f6baea09-4eca-47e7-b981-ddebaac12d49.png?v=1776751800 | https://cdn.shopify.com/s/files/1/0715/1704/5040/files/pl2_1_efd5c05b-3fc2-4db3-ae29-279b8e0e25c0.png?v=1776751800 | https://cdn.shopify.com/s/files/1/0715/1704/5040/files/pl5_208d7c29-3d0c-437b-a2d3-5cf147a30d78.png?v=1776751800 | https://cdn.shopify.com/s/files/1/0715/1704/5040/files/BlackmattePL.jpg?v=1776751800 | https://cdn.shopify.com/s/files/1/0715/1704/5040/files/MatteBlack.jpg?v=1776751799 | https://cdn.shopify.com/s/files/1/0715/1704/5040/files/Untitled-2_9f8a67c1-1de8-4f3c-962a-1626a078b299.png?v=1776751800 | https://cdn.shopify.com/s/files/1/0715/1704/5040/files/pl1_2_68af248d-bfc8-4c00-888c-73f1340a5623.png?v=1776751800 | https://cdn.shopify.com/s/files/1/0715/1704/5040/files/pl2_3.png?v=1776751800 | https://cdn.shopify.com/s/files/1/0715/1704/5040/files/pl5_2.png?v=1776751799 | https://cdn.shopify.com/s/files/1/0715/1704/5040/files/PristineWhite_36e81763-91e8-48c5-a0b4-acd1e9e76bb0.jpg?v=1776751799 | https://cdn.shopify.com/s/files/1/0715/1704/5040/files/PristineWhite_d9481bb5-12a9-4bb2-8b68-89781ede4ac8.jpg?v=1776751799,2024-07-16T12:50:14+05:30,2026-09-08T08:56:46+05:30
Crompton,Crompton SilentPro Enso Smart BLDC Ceiling Fans,Ceiling Fans,"Bldc Fans, Enso iOT, Featured Fans, Lifestyle fans, SilentPro, Smart Fans, type-energy-efficient-fans, type-silent-fans, type-smart-fans",crompton-silentpro-enso-smart-bldc-ceiling-fans,https://www.crompton.co.in/products/crompton-silentpro-enso-smart-bldc-ceiling-fans,12699.0,12699.0,Color,All White :: SKU=CFSPENS48AWTSM :: ₹12699.00 | Silk White :: SKU=CFSPENS48SWTSM :: ₹12699.00,10,https://cdn.shopify.com/s/files/1/0715/1704/5040/files/Silentproensosmart_Allwhite__4angle_1.png?v=1776751796 | https://cdn.shopify.com/s/files/1/0715/1704/5040/files/silentproensoWhitePL1_1.jpg?v=1776751795 | https://cdn.shopify.com/s/files/1/0715/1704/5040/files/silentproensoWhitePL2_1.jpg?v=1776751796 | https://cdn.shopify.com/s/files/1/0715/1704/5040/files/silentproensoWhitePL3_1_0f74130c-9003-472c-86e4-c583d0c6496d.jpg?v=1776751796 | https://cdn.shopify.com/s/files/1/0715/1704/5040/files/AllWhite.jpg?v=1776751796 | https://cdn.shopify.com/s/files/1/0715/1704/5040/files/SilentProEnso_Silkwhite__1stAngle_f6238cd0-204d-4f8e-a205-60e975d1d018.png?v=1776751796 | https://cdn.shopify.com/s/files/1/0715/1704/5040/files/PL01_44082413-67a0-46a1-a1a0-6800fb73dbd5.jpg?v=1776751795 | https://cdn.shopify.com/s/files/1/0715/1704/5040/files/silentproensoPL3_0522f3d0-3664-4f9c-a10d-2d96d8bc0eca.png?v=1776751796 | https://cdn.shopify.com/s/files/1/0715/1704/5040/files/PL03_5511578c-b1ce-4cc0-9801-5baaca780073.jpg?v=1776751795 | https://cdn.shopify.com/s/files/1/0715/1704/5040/files/Silkwhite.jpg?v=1776751796,2023-11-21T11:58:59+05:30,2026-09-08T08:56:46+05:30
Crompton,Crompton Energion Roverr Smart BLDC Ceiling Fan,Ceiling Fans,"Bldc Fans, Designer Fans, Energion, Energy Efficient, Energy Efficient Bidc Fans, Featured Fans, Lifestyle fans, new price, Roverr Smart, type-best-sellers, type-designer-fans, type-energy-efficient-fans, type-living-room, type-new-arrival, Underlight Fans",crompton-energion-roverr-smart-bldc-ceiling-fan,https://www.crompton.co.in/products/crompton-energion-roverr-smart-bldc-ceiling-fan,14999.0,14999.0,Color,Shimmer Brown :: SKU=CFENROVSM48SHB5Z :: ₹14999.00 | Pristine White :: SKU=CFENROVSM48PWT5Z :: ₹14999.00,12,https://cdn.shopify.com/s/files/1/0715/1704/5040/files/Untitled-1_752225c7-8103-486c-8efe-b64b3dc32f47.png?v=1776751793 | https://cdn.shopify.com/s/files/1/0715/1704/5040/files/PL2-e.png?v=1776751793 | https://cdn.shopify.com/s/files/1/0715/1704/5040/files/PL2-d.png?v=1776751793 | https://cdn.shopify.com/s/files/1/0715/1704/5040/files/PL2-a.png?v=1776751793 | https://cdn.shopify.com/s/files/1/0715/1704/5040/files/PL2-b_b3764da9-7241-4221-886b-f192b2b334bc.png?v=1776751793 | https://cdn.shopify.com/s/files/1/0715/1704/5040/files/CromptonEnergionRoverrSmartBLDCCeilingFancopy.jpg?v=1776751793 | https://cdn.shopify.com/s/files/1/0715/1704/5040/files/EnergionroverrSM_Pristinewhite_1_Angle.png?v=1776751793 | https://cdn.shopify.com/s/files/1/0715/1704/5040/files/EnergionRoverrSmartLifestyle_2.jpg?v=1776751793 | https://cdn.shopify.com/s/files/1/0715/1704/5040/files/Easytoclean_10_1_5e478aa6-5d1c-43d0-b7d8-d2133a06478c.jpg?v=1776751793 | https://cdn.shopify.com/s/files/1/0715/1704/5040/files/EnergionRoverrSmartfeature_2_b1906b7c-2b34-405d-afe9-4e9a285115c0.jpg?v=1776751793 | https://cdn.shopify.com/s/files/1/0715/1704/5040/files/EnergionRoverrSmartfeaturecopy_1.jpg?v=1776751793 | https://cdn.shopify.com/s/files/1/0715/1704/5040/files/EnergionroverrsmartPL.jpg?v=1776751793,2023-09-01T16:51:41+05:30,2026-09-08T08:56:46+05:30
Crompton,Crompton Energion Roverr Underlight BLDC Ceiling Fan,Ceiling Fans,"Bldc Fans, Designer Fans, Energion, Energy Efficient, Energy Efficient Bidc Fans, Lifestyle fans, new price, Roverr UL, type-best-sellers, type-designer-fans, type-energy-efficient-fans, type-new-arrival, Underlight Fans",crompton-energion-roverr-underlight-bldc-ceiling-fan,https://www.crompton.co.in/products/crompton-energion-roverr-underlight-bldc-ceiling-fan,13499.0,13499.0,Color,Pristine White :: SKU=CFENROVUL48PWT5Z :: ₹13499.00 | Champagne Gold :: SKU=CFENROVUL48CPGLD5S :: ₹13499.00 | Matte Black :: SKU=CFENROVUL48MTBLK5S :: ₹13499.00,18,https://cdn.shopify.com/s/files/1/0715/1704/5040/files/Untitled-1_97065d67-d52a-4513-909c-454baab6fe97.png?v=1776751790 | https://cdn.shopify.com/s/files/1/0715/1704/5040/files/energionunderlightlifestyle10_2_1.jpg?v=1776751789 | https://cdn.shopify.com/s/files/1/0715/1704/5040/files/2_16_2_5c681660-3ab9-4b44-aee0-f953036aead2.jpg?v=1776751790 | https://cdn.shopify.com/s/files/1/0715/1704/5040/files/3_7_2_8cadcf1d-15af-4890-b8fc-75b3a7b2a640.jpg?v=1776751789 | https://cdn.shopify.com/s/files/1/0715/1704/5040/files/5_1_2_affc6a28-ae4c-40a7-aaa3-27b77e3238cc.jpg?v=1776751789 | https://cdn.shopify.com/s/files/1/0715/1704/5040/files/PristineWhite_fd4456d5-3284-4cdf-b3fb-323b3dd3908b.jpg?v=1776751789 | https://cdn.shopify.com/s/files/1/0715/1704/5040/files/Energionroverrunderlight_champagnegold__4angle_0f7af6ff-f1b4-4a42-b8c4-dabaa5368c08.webp?v=1776751789 | https://cdn.shopify.com/s/files/1/0715/1704/5040/files/energionunderlightlifestyle09_1_1_132cd6bd-2657-447b-8d29-c3578d34ae93.jpg?v=1776751790 | https://cdn.shopify.com/s/files/1/0715/1704/5040/files/2_17_1_e8bf0c72-56fd-4b23-a63a-40052d24b5d6.jpg?v=1776751790 | https://cdn.shopify.com/s/files/1/0715/1704/5040/files/2copy_1.jpg?v=1776751790 | https://cdn.shopify.com/s/files/1/0715/1704/5040/files/3_8_1.jpg?v=1776751790 | https://cdn.shopify.com/s/files/1/0715/1704/5040/files/ChampagneGold_e12f2e70-633f-4e0f-a4a4-8eb15dceee0a.jpg?v=1776751790 | https://cdn.shopify.com/s/files/1/0715/1704/5040/files/Energionroverrunderlight_Matteblack__4angle_7af6c576-4d05-44df-8599-bd81a4121a7c.webp?v=1776751789 | https://cdn.shopify.com/s/files/1/0715/1704/5040/files/energionunderlightlifestyle11_1_1.jpg?v=1776751789 | https://cdn.shopify.com/s/files/1/0715/1704/5040/files/2_14_1_896b0bc4-fa66-4912-abc9-33323da3c722.jpg?v=1776751790 | https://cdn.shopify.com/s/files/1/0715/1704/5040/files/3_6_1_58af75d7-e2ad-4cd6-b436-52f9d5abe5ea.jpg?v=1776751790 | https://cdn.shopify.com/s/files/1/0715/1704/5040/files/4_8_1_b76db3e4-6511-4380-a25e-69a2ef0a4f98.jpg?v=1776751790 | https://cdn.shopify.com/s/files/1/0715/1704/5040/files/MatteBlack_a08229e3-4a73-4257-9a2c-e740829edd25.jpg?v=1776751790,2023-09-01T11:37:19+05:30,2026-09-08T08:56:46+05:30
Crompton,Crompton Silent Pro Blossom Smart Ceiling Fan,Ceiling Fans,"Anti Dust Fans, Blossom Smart, Designer Fans, Lifestyle fans, new price, Remote Fans, Silent Fans, SilentPro, Smart Fans, type-bedroom, type-designer-fans, type-new-arrival, type-silent-fans, type-smart-fans, Underlight Fans",crompton-silent-pro-blossom-smart-ceiling-fan,https://www.crompton.co.in/products/crompton-silent-pro-blossom-smart-ceiling-fan,16999.0,16999.0,Color,Denim Blue :: SKU=CFSPBSMSM48DBL5Z :: ₹16999.00 | White :: SKU=CFSPBSMSM48WHT5Z :: ₹16999.00 | Brown :: SKU=CFSPBSMSM48SHB5Z :: ₹16999.00,22,https://cdn.shopify.com/s/files/1/0715/1704/5040/files/SilentproBlossomsmart_Denimblue_1_angle_1.png?v=1776751786 | https://cdn.shopify.com/s/files/1/0715/1704/5040/files/SilentProBlossomPL01.png?v=1776751786 | https://cdn.shopify.com/s/files/1/0715/1704/5040/files/2_5.png?v=1776751786 | https://cdn.shopify.com/s/files/1/0715/1704/5040/files/3_2.png?v=1776751786 | https://cdn.shopify.com/s/files/1/0715/1704/5040/files/LifestylePL1_4b5c55ad-cef3-4ae5-984e-361ffc7f10cd.jpg?v=1776751786 | https://cdn.shopify.com/s/files/1/0715/1704/5040/files/SilentproBlossomPL3.jpg?v=1776751785 | https://cdn.shopify.com/s/files/1/0715/1704/5040/files/SilentProBlossomPL2_ddded371-4468-432d-b336-acb1a61bc99c.jpg?v=1776751785 | https://cdn.shopify.com/s/files/1/0715/1704/5040/files/DenimBlue.jpg?v=1776751785 | https://cdn.shopify.com/s/files/1/0715/1704/5040/files/SilentproBlossomsmart_glossywhite_1_angle_09899f76-593c-4cf4-a7a7-dffe9d14f912.png?v=1776751786 | https://cdn.shopify.com/s/files/1/0715/1704/5040/files/PL7_1_c9641a32-c282-4c49-892c-78f7d6cab947.jpg?v=1776751786 | https://cdn.shopify.com/s/files/1/0715/1704/5040/files/PL6_1_15cf7ed0-3049-48b2-9b11-e8fbf3cb070a.jpg?v=1776751786 | https://cdn.shopify.com/s/files/1/0715/1704/5040/files/PL3_11_1_4c6ada17-aa88-4085-8dc4-ea0394e539b4.jpg?v=1776751785 | https://cdn.shopify.com/s/files/1/0715/1704/5040/files/PL4_12_1_dd6394ee-819c-421e-aaa2-594e5bf9f19a.jpg?v=1776751785 | https://cdn.shopify.com/s/files/1/0715/1704/5040/files/PL_1_6_1_4f165c9a-62be-401e-a151-cbd65ad938e9.jpg?v=1776751785 | https://cdn.shopify.com/s/files/1/0715/1704/5040/files/White.jpg?v=1776751785 | https://cdn.shopify.com/s/files/1/0715/1704/5040/files/SilentproBlossomsmart_mochabrown__1stAngle_7a399e08-ce50-4d72-876b-62aac9cefc77.png?v=1776751786 | https://cdn.shopify.com/s/files/1/0715/1704/5040/files/6_1_4dce8945-46b9-41b1-bce2-e64da092b16e.jpg?v=1776751785 | https://cdn.shopify.com/s/files/1/0715/1704/5040/files/2_12_1_d8019f9c-b340-4256-a6f5-0ccc3cfa4ead.jpg?v=1776751785 | https://cdn.shopify.com/s/files/1/0715/1704/5040/files/7_1_592d765b-728c-4caa-99a9-899126465172.jpg?v=1776751786 | https://cdn.shopify.com/s/files/1/0715/1704/5040/files/3_5_1_e71d20b2-abcd-4324-886d-2d76640f4b2a.jpg?v=1776751786 | https://cdn.shopify.com/s/files/1/0715/1704/5040/files/5_2_1_767b40b5-851c-4f83-bdd7-06e56d4b521a.jpg?v=1776751785 | https://cdn.shopify.com/s/files/1/0715/1704/5040/files/Artboard1copy_6abf90f5-ae2f-410c-a7bb-4dd19a9d8e3e.jpg?v=1776751786,2023-09-01T00:07:29+05:30,2026-09-08T08:56:46+05:30
Crompton,Crompton Surebreeze Alphabriz |Star Ceiling Fan,Ceiling Fans,"Featured Fans, Simple Fans, Sure Breeze Fans, type-bedroom, type-living-room",crompton-surebreeze-alphabriz-star-ceiling-fan,https://www.crompton.co.in/products/crompton-surebreeze-alphabriz-star-ceiling-fan,2599.0,2599.0,Color,Brown :: SKU=CFSBALB48BRN1S :: ₹2599.00 | Opal White :: SKU=CFSBALB48OPW1S :: ₹2599.00,12,https://cdn.shopify.com/s/files/1/0715/1704/5040/files/Untitled-1_042c0de5-2154-4252-bef7-3c78b6a74e28.png?v=1776751781 | https://cdn.shopify.com/s/files/1/0715/1704/5040/files/AlphhaBriz-Brown1_1_1.jpg?v=1776751781 | https://cdn.shopify.com/s/files/1/0715/1704/5040/files/AlphhaBriz-Brown2_1_1_5bd5f9ab-a65b-4302-b1ab-834d2eb2d0ae.jpg?v=1776751781 | https://cdn.shopify.com/s/files/1/0715/1704/5040/files/AlphhaBriz-Brown4_1_1.jpg?v=1776751781 | https://cdn.shopify.com/s/files/1/0715/1704/5040/files/AlphhaBriz-Brown_mobile3_2_1.png?v=1776751781 | https://cdn.shopify.com/s/files/1/0715/1704/5040/files/Brown.jpg?v=1776751781 | https://cdn.shopify.com/s/files/1/0715/1704/5040/files/SurebreeezeAlphabriz_Opalwhite__1angle.png?v=1776751782 | https://cdn.shopify.com/s/files/1/0715/1704/5040/files/AlphhaBriz-pl1_1_1_4e015c0e-21b0-48fb-a227-9b77a844f865.jpg?v=1776751781 | https://cdn.shopify.com/s/files/1/0715/1704/5040/files/AlphhaBriz-pl2_1.jpg?v=1776751781 | https://cdn.shopify.com/s/files/1/0715/1704/5040/files/AlphhaBriz-pl3_1.jpg?v=1776751781 | https://cdn.shopify.com/s/files/1/0715/1704/5040/files/AlphhaBriz-pl4_1_ad9a066e-c854-4b06-a761-d502c19f77ee.jpg?v=1776751781 | https://cdn.shopify.com/s/files/1/0715/1704/5040/files/opalwhite_2dd5aef0-bb9f-4176-beea-f0da23e92080.jpg?v=1776751781,2023-08-31T14:38:06+05:30,2026-09-08T08:56:46+05:30
Crompton,Crompton Premion Aura 2 Designer 1 Star,Ceiling Fans,"Aura2 Designer, Designer Fans, duratech, Featured Fans, High Speed Fans, Lifestyle fans, new price, Premion, Smart Fans, type-bedroom",pre-aura2-dgn-arab-1-2m-pwt-gld-ad-1s,https://www.crompton.co.in/products/pre-aura2-dgn-arab-1-2m-pwt-gld-ad-1s,6529.0,6529.0,Color,Pearl White :: SKU=CFPRAUR2D48PWT1Z :: ₹6529.00 | Bakers Brown :: SKU=CFPRAUR2D48BBR1Z :: ₹6529.00,10,https://cdn.shopify.com/s/files/1/0715/1704/5040/files/Untitled-1_b15e56dd-29ea-4b00-82b9-d989c2c00a1e.png?v=1776751772 | https://cdn.shopify.com/s/files/1/0715/1704/5040/files/LifestylePL1_a1b363c1-bf1e-434d-8440-4ac719c4c311.jpg?v=1776751772 | https://cdn.shopify.com/s/files/1/0715/1704/5040/files/Aura2dWhitePL2_1_1_0e6cf119-f8cb-4dac-b357-731980780e1d.jpg?v=1776751772 | https://cdn.shopify.com/s/files/1/0715/1704/5040/files/Aura2dWhitePL4_2_1.jpg?v=1776751772 | https://cdn.shopify.com/s/files/1/0715/1704/5040/files/PearlWhite.jpg?v=1776751772 | https://cdn.shopify.com/s/files/1/0715/1704/5040/files/Untitled-1_1e291d06-9e23-4fde-be15-90a84049a68d.png?v=1776751772 | https://cdn.shopify.com/s/files/1/0715/1704/5040/files/LifestylePL1_944e9d48-4d7c-42f5-bdd8-d855932332f1.jpg?v=1776751772 | https://cdn.shopify.com/s/files/1/0715/1704/5040/files/Aura2dBrownPL1_1_1_b25316ed-848e-4afd-b62a-0cec6e99117b.jpg?v=1776751772 | https://cdn.shopify.com/s/files/1/0715/1704/5040/files/Aura2dBrownPL4_3_1_ab375249-50ab-4934-acdf-b719a2f39f9f.jpg?v=1776751772 | https://cdn.shopify.com/s/files/1/0715/1704/5040/files/BakersBrown.jpg?v=1776751772,2023-08-31T12:25:21+05:30,2026-09-08T08:56:46+05:30
Crompton,Crompton Premion Aura 2 Prime | Star Rated Ceiling Fan,Ceiling Fans,"Aura2 Prime, Designer Fans, duratech, Featured Fans, Lifestyle fans, new price, Premion",crompton-premion-aura-2-prime-star-rated-ceiling-fan,https://www.crompton.co.in/products/crompton-premion-aura-2-prime-star-rated-ceiling-fan,6119.0,6119.0,Color,Bakers Brown :: SKU=CFPRAU2PM48BBR1Z :: ₹6119.00 | Irish Coffee :: SKU=CFPRAU2PM48ICF1Z :: ₹6119.00 | Pearl White Titanium :: SKU=CFPRAU2PM48PTE1Z :: ₹6119.00 | Pearl White :: SKU=CFPRAU2PM48PWT1Z :: ₹6119.00 | Birken Effect :: SKU=CFPRAU2PM48BKN1Z :: ₹6119.00 | Rose Gold :: SKU=CFPRAU2PM48RSG1Z :: ₹6119.00,30,https://cdn.shopify.com/s/files/1/0715/1704/5040/files/Untitled-1_26539983-8a08-4d7c-ba9b-abeb16330f6b.png?v=1776751778 | https://cdn.shopify.com/s/files/1/0715/1704/5040/files/LifestylePl1_3133c626-5116-4e8f-a787-afe6a1e6d83e.jpg?v=1776751778 | https://cdn.shopify.com/s/files/1/0715/1704/5040/files/Baker_sbrownPL4_1_1.png?v=1776751778 | https://cdn.shopify.com/s/files/1/0715/1704/5040/files/Baker_sbrownPL2_1_1_7c484d8d-54b2-4a9a-b75d-cff9e91e4da4.jpg?v=1776751778 | https://cdn.shopify.com/s/files/1/0715/1704/5040/files/BakersBrown_3c95b143-8dac-4750-86d2-cbf2648cb905.jpg?v=1776751778 | https://cdn.shopify.com/s/files/1/0715/1704/5040/files/Aura2Prime__Irishcoffee__1stAngle.png?v=1776751778 | https://cdn.shopify.com/s/files/1/0715/1704/5040/files/LifestylePL1_d5099362-0bcb-4c9b-ae88-77e395357793.jpg?v=1776751778 | https://cdn.shopify.com/s/files/1/0715/1704/5040/files/irishCoffeePL.png?v=1776751778 | https://cdn.shopify.com/s/files/1/0715/1704/5040/files/IrishcoffeePL2_1_1_5b34b44c-d55e-4cf0-9da7-ec46e32be8ad.jpg?v=1776751779 | https://cdn.shopify.com/s/files/1/0715/1704/5040/files/irishCoffee.jpg?v=1776751778 | https://cdn.shopify.com/s/files/1/0715/1704/5040/files/Aura2Prime_Pearlwhitetitaniumrosegold__1angle.png?v=1776751778 | https://cdn.shopify.com/s/files/1/0715/1704/5040/files/LifestylePL1_2c781eb3-b4be-4157-a3f3-12808db5845f.jpg?v=1776751778 | https://cdn.shopify.com/s/files/1/0715/1704/5040/files/Aura2dPearlwhitetitaniumPL4_1_1_c0636736-b338-43da-bc8e-787c79ae0716.jpg?v=1776751778 | https://cdn.shopify.com/s/files/1/0715/1704/5040/files/Aura2dPearlwhitetitaniumPL3_1_1_d20436b4-02f3-4dc4-a1c4-c191421669ed.jpg?v=1776751778 | https://cdn.shopify.com/s/files/1/0715/1704/5040/files/PearlWhiteTitanium.jpg?v=1776751778 | https://cdn.shopify.com/s/files/1/0715/1704/5040/files/Aura2Prime_PearlWhiteChrome__1angle_1563d771-b0f9-4f92-902b-58d42996b529.png?v=1776751778 | https://cdn.shopify.com/s/files/1/0715/1704/5040/files/LifestylePL1_44f13949-d8aa-4cf4-8975-2ac8bc699c8b.jpg?v=1776751778 | https://cdn.shopify.com/s/files/1/0715/1704/5040/files/Aura2dprimeWhitePL4_3_1_9e36348b-07a9-4215-b761-6b64330bb28a.jpg?v=1776751778 | https://cdn.shopify.com/s/files/1/0715/1704/5040/files/Aura2dprimeWhitePL2_3_1_3445bc46-d739-4bb9-b05e-43756d2fff8e.jpg?v=1776751778 | https://cdn.shopify.com/s/files/1/0715/1704/5040/files/PearlWhite_88df5a90-c4fb-4899-beba-4b178cf3b949.jpg?v=1776751778 | https://cdn.shopify.com/s/files/1/0715/1704/5040/files/Aura2Prime_Birkengold__1angle_37009a22-d2ce-445a-aeae-ad1c48bb9011.png?v=1776751778 | https://cdn.shopify.com/s/files/1/0715/1704/5040/files/LifestylePL1_dd25cb16-aaec-4035-bbda-862d771529b6.jpg?v=1776751778 | https://cdn.shopify.com/s/files/1/0715/1704/5040/files/Airdelivery_1_2_0411fd59-5310-4366-b012-989c047a265f.jpg?v=1776751778 | https://cdn.shopify.com/s/files/1/0715/1704/5040/files/Longlastingbuilt_4_1_22e14121-1900-4c5d-ba28-424da51becc4.jpg?v=1776751778 | https://cdn.shopify.com/s/files/1/0715/1704/5040/files/Birkeneffect.jpg?v=1776751778 | https://cdn.shopify.com/s/files/1/0715/1704/5040/files/Aura2Prime__RoseGold__1stAngle_fd834fe4-be42-41b4-b92d-cb36db47a390.png?v=1776751778 | https://cdn.shopify.com/s/files/1/0715/1704/5040/files/Aura2RosePL05.2_1_9ddafbd7-6646-4192-84b4-1ab9eb481e59.jpg?v=1776751778 | https://cdn.shopify.com/s/files/1/0715/1704/5040/files/AuraRosePL02_1_10a694e9-1c36-41fb-862a-cadc94faeb1f.jpg?v=1776751778 | https://cdn.shopify.com/s/files/1/0715/1704/5040/files/Aura2primepl03_3_6829c4e6-5983-4932-b740-a258e8184c18.jpg?v=1776751778 | https://cdn.shopify.com/s/files/1/0715/1704/5040/files/Aura2primepl01_1_b4237596-5e65-4b4b-8915-350183229d22.jpg?v=1776751778,2023-08-31T11:50:49+05:30,2026-09-08T08:56:46+05:30
Crompton,Crompton Energion Caelum 1200mm BLDC Ceiling Fan,Ceiling Fans,"Bldc Fans, Similar Product List|crompton-energion-groove-remote-bldc-ceiling-fan, Similar Product List|crompton-energion-niteo-bldc-ceiling-fan, Similar Product List|crompton-energion-roverr-bldc-ceiling-fan, Similar Product List|crompton-energion-roverr-smart-bldc-ceiling-fan",crompton-energion-caelum-1200mm-bldc-ceiling-fan,https://www.crompton.co.in/products/crompton-energion-caelum-1200mm-bldc-ceiling-fan,7000.0,7000.0,Color,Metallic Copper :: SKU=Metallic Copper :: ₹7000.00 | Silver White :: SKU=CFENCALGM48SWM5Z :: ₹7000.00 | Metallic Grey :: SKU=CFENCALGM48MGR5Z :: ₹7000.00 | Matt Black :: SKU=CFENCALGM48MBK5Z :: ₹7000.00,28,https://cdn.shopify.com/s/files/1/0715/1704/5040/files/Transprent_3dbfb60b-6fa1-4710-ba37-902e121751c6.png?v=1776151774 | https://cdn.shopify.com/s/files/1/0715/1704/5040/files/Lifestyle_4c8fcd9f-2158-48f9-b9dd-55493d78e81b.png?v=1776151775 | https://cdn.shopify.com/s/files/1/0715/1704/5040/files/350_RPM_32W_215_CMM_ab4f2dda-5ab3-417d-a9f4-70dd0aaf4c1f.jpg?v=1776320265 | https://cdn.shopify.com/s/files/1/0715/1704/5040/files/ActiveBLDC_892d3f3d-d746-41e2-b09b-2541e28d8640.png?v=1776320265 | https://cdn.shopify.com/s/files/1/0715/1704/5040/files/Bee5starRated_1b354fab-999d-4a5f-94a3-06a99c8fbb3b.png?v=1776320265 | https://cdn.shopify.com/s/files/1/0715/1704/5040/files/PointAnywhereRemote_ccf71a48-6a03-479e-91d7-c5a2fdd41370.png?v=1776320265 | https://cdn.shopify.com/s/files/1/0715/1704/5040/files/Warranty_29f23c5f-3ed9-4636-8492-a76d2e58b0cf.jpg?v=1776320396 | https://cdn.shopify.com/s/files/1/0715/1704/5040/files/SilverWhite_a5d986b2-aa07-4ec9-9841-4394ce1d3167.png?v=1776320396 | https://cdn.shopify.com/s/files/1/0715/1704/5040/files/Lifestyle_37f3c272-88c9-41f3-9af1-f6f3e2ea091b.jpg?v=1776320396 | https://cdn.shopify.com/s/files/1/0715/1704/5040/files/350_RPM_32W_215_CMM_6eacb329-493e-42bf-8cb3-1fa3f5d70b33.jpg?v=1776320396 | https://cdn.shopify.com/s/files/1/0715/1704/5040/files/ActiveBLDC_bd7b6f50-e086-427d-9c9b-b507250b0ac7.jpg?v=1776320396 | https://cdn.shopify.com/s/files/1/0715/1704/5040/files/Bee5starRated_5c122680-5e32-43a8-a312-981af6088aec.jpg?v=1776320396 | https://cdn.shopify.com/s/files/1/0715/1704/5040/files/PointAnywhereRemote_f1359b33-6c92-4710-b3e2-8628fc44921d.jpg?v=1776320396 | https://cdn.shopify.com/s/files/1/0715/1704/5040/files/Warranty_132b912f-072b-4e51-a25f-a4b7895dc963.jpg?v=1776320396 | https://cdn.shopify.com/s/files/1/0715/1704/5040/files/MattBlack_b4887a23-6df1-4a63-807b-5ff54eb239ac.png?v=1776320396 | https://cdn.shopify.com/s/files/1/0715/1704/5040/files/Lifestyle_cbf43d45-debd-49b3-8ef5-c32af2396eb4.jpg?v=1776320396 | https://cdn.shopify.com/s/files/1/0715/1704/5040/files/350_RPM_32W_215_CMM.jpg?v=1776320396 | https://cdn.shopify.com/s/files/1/0715/1704/5040/files/ActiveBLDC_52cd8185-373f-4df3-b5cf-9a868e327fd0.jpg?v=1776320396 | https://cdn.shopify.com/s/files/1/0715/1704/5040/files/Bee5starRated_48da7b49-9ab5-4605-8d86-27737c3e4492.jpg?v=1776320396 | https://cdn.shopify.com/s/files/1/0715/1704/5040/files/PointAnywhereRemote_e1e6fdb7-d836-48f4-805f-40525ff87a4c.jpg?v=1776320396 | https://cdn.shopify.com/s/files/1/0715/1704/5040/files/Warranty_494f75e5-f4a6-4a5a-a1a6-c9b96e772f7e.jpg?v=1776320396 | https://cdn.shopify.com/s/files/1/0715/1704/5040/files/MetallicGrey.png?v=1776320396 | https://cdn.shopify.com/s/files/1/0715/1704/5040/files/Lifestyle_aee86f33-b76d-47ce-9177-2e331f9c33ad.jpg?v=1776320396 | https://cdn.shopify.com/s/files/1/0715/1704/5040/files/350_RPM_32W_215_CMM_a95d45a1-f132-4888-bdda-a91418bd2bde.jpg?v=1776320396 | https://cdn.shopify.com/s/files/1/0715/1704/5040/files/ActiveBLDC.jpg?v=1776320396 | https://cdn.shopify.com/s/files/1/0715/1704/5040/files/Bee5starRated.jpg?v=1776320396 | https://cdn.shopify.com/s/files/1/0715/1704/5040/files/PointAnywhereRemote.jpg?v=1776320396 | https://cdn.shopify.com/s/files/1/0715/1704/5040/files/Warranty_09f590b8-2e39-4d1e-bc51-ff47409cd654.jpg?v=1776320396,2026-04-14T12:59:31+05:30,2026-09-08T08:56:46+05:30
Crompton,Crompton Energion Elevate 1200mm BLDC Ceiling Fan,Ceiling Fans,"Bldc Fans, pfs:label-oddcolor, Similar Product List|crompton-energion-groove-remote-bldc-ceiling-fan, Similar Product List|crompton-energion-niteo-bldc-ceiling-fan, Similar Product List|crompton-energion-roverr-bldc-ceiling-fan, Similar Product List|crompton-energion-roverr-smart-bldc-ceiling-fan",crompton-energion-elevate-1200mm-bldc-ceiling-fan,https://www.crompton.co.in/products/crompton-energion-elevate-1200mm-bldc-ceiling-fan,3489.0,3489.0,Color,Matte Mettalic Blue :: SKU=CFENEL48MBL5ZRM :: ₹3489.00 | Ivory :: SKU=CFENEL48IVY5ZRM :: ₹3489.00 | Matt Black :: SKU=CFENEL48BLK5ZRM :: ₹3489.00 | Opal White :: SKU=CFENEL48OPW5ZRM :: ₹3489.00 | Smoked Brown :: SKU=CFENEL48SBR5ZRM :: ₹3489.00 | Lustre Brown :: SKU=CFENEL48LBR5ZRM :: ₹3489.00,48,https://cdn.shopify.com/s/files/1/0715/1704/5040/files/Transprent_fb6697b2-5e39-422b-a819-bd4deeba49dc.png?v=1776168872 | https://cdn.shopify.com/s/files/1/0715/1704/5040/files/Lifestyle.jpg_3.jpg?v=1776168872 | https://cdn.shopify.com/s/files/1/0715/1704/5040/files/PointAnywhereRemote_f3fd7353-17ef-4770-a13b-3590e69e675a.jpg?v=1776168872 | https://cdn.shopify.com/s/files/1/0715/1704/5040/files/Bee5starRated_7f811d4b-3a1c-49d7-9bae-a0c4d4a8f836.jpg?v=1776168872 | https://cdn.shopify.com/s/files/1/0715/1704/5040/files/350RPM_32W_215CMM_28459c11-151c-4f48-98f8-c320e497b511.jpg?v=1776168872 | https://cdn.shopify.com/s/files/1/0715/1704/5040/files/ActiveBLDC_0d8dca06-4054-4c00-a69b-698c18898921.jpg?v=1776168872 | https://cdn.shopify.com/s/files/1/0715/1704/5040/files/EnergySavingTable_7.jpg?v=1776315597 | https://cdn.shopify.com/s/files/1/0715/1704/5040/files/werranty_2.jpg?v=1776315597 | https://cdn.shopify.com/s/files/1/0715/1704/5040/files/Transprent_b1b54727-201a-4bb5-9323-d94130ee67ea.png?v=1776315597 | https://cdn.shopify.com/s/files/1/0715/1704/5040/files/Lifestyle_jpg.jpg?v=1776315597 | https://cdn.shopify.com/s/files/1/0715/1704/5040/files/PointAnywhereRemote_6c93e1c4-ac9b-422f-b94d-1fc72788f77a.jpg?v=1776315597 | https://cdn.shopify.com/s/files/1/0715/1704/5040/files/Bee5starRated.jpg_1.jpg?v=1776315597 | https://cdn.shopify.com/s/files/1/0715/1704/5040/files/350RPM_32W_215CMM_336c66cf-a782-46a4-bf9a-53673b2971a6.jpg?v=1776315597 | https://cdn.shopify.com/s/files/1/0715/1704/5040/files/ActiveBLDC_1e3ac291-3a47-42e2-a04b-7afca7154db4.jpg?v=1776315597 | https://cdn.shopify.com/s/files/1/0715/1704/5040/files/EnergySavingTable_5.jpg?v=1776315597 | https://cdn.shopify.com/s/files/1/0715/1704/5040/files/werranty_11a5ed09-6f13-4207-9083-c8628d8e1f1f.jpg?v=1776315597 | https://cdn.shopify.com/s/files/1/0715/1704/5040/files/Transprent_8867aa39-4fa8-40cb-a226-66106bb284a8.png?v=1776315597 | https://cdn.shopify.com/s/files/1/0715/1704/5040/files/Lifestyle.jpg_2.jpg?v=1776315597 | https://cdn.shopify.com/s/files/1/0715/1704/5040/files/PointAnywhereRemote_7dd5b3d5-9cec-4db7-af65-406182235bc2.jpg?v=1776315597 | https://cdn.shopify.com/s/files/1/0715/1704/5040/files/350RPM_32W_215CMM_88070892-8cfc-4c92-9574-7d309e1642bf.jpg?v=1776315597 | https://cdn.shopify.com/s/files/1/0715/1704/5040/files/Bee5starRated.jpg_2.jpg?v=1776315597 | https://cdn.shopify.com/s/files/1/0715/1704/5040/files/ActiveBLDC_b653ac03-104b-421c-a409-d3e323d11cfb.jpg?v=1776315597 | https://cdn.shopify.com/s/files/1/0715/1704/5040/files/EnergySavingTable_9.jpg?v=1776315597 | https://cdn.shopify.com/s/files/1/0715/1704/5040/files/werranty_4.jpg?v=1776315597 | https://cdn.shopify.com/s/files/1/0715/1704/5040/files/Transprent_6204faeb-e166-421e-b064-9f5afe2c7263.png?v=1776315597 | https://cdn.shopify.com/s/files/1/0715/1704/5040/files/Lifestyle.jpg_1.jpg?v=1776315597 | https://cdn.shopify.com/s/files/1/0715/1704/5040/files/PointAnywhereRemote_7cba2d80-aaba-414c-9143-3f1212479f41.jpg?v=1776315597 | https://cdn.shopify.com/s/files/1/0715/1704/5040/files/350RPM_32W_215CMM_d476cb01-54ba-4e0f-b9d8-167a60de2ac6.jpg?v=1776315597 | https://cdn.shopify.com/s/files/1/0715/1704/5040/files/Bee5starRated_jpg.jpg?v=1776315597 | https://cdn.shopify.com/s/files/1/0715/1704/5040/files/ActiveBLDC_a9d64425-594a-4c7f-8350-7d8fb69ddf96.jpg?v=1776315597 | https://cdn.shopify.com/s/files/1/0715/1704/5040/files/EnergySavingTable_6.jpg?v=1776315597 | https://cdn.shopify.com/s/files/1/0715/1704/5040/files/werranty_1.jpg?v=1776315597 | https://cdn.shopify.com/s/files/1/0715/1704/5040/files/matteblackwithoutartboard_395f38e6-af8e-450b-b34a-299ff1aa3959.webp?v=1776315597 | https://cdn.shopify.com/s/files/1/0715/1704/5040/files/matteblackFeedbackSlide1.png?v=1776315597 | https://cdn.shopify.com/s/files/1/0715/1704/5040/files/02Slide_cd338397-4cc2-4379-9ad5-ec108b725848.jpg?v=1776315597 | https://cdn.shopify.com/s/files/1/0715/1704/5040/files/03Slide_1a301667-77e1-4a38-aa52-8df393fddbe8.jpg?v=1776315597 | https://cdn.shopify.com/s/files/1/0715/1704/5040/files/04Slide_c187c0f0-742b-41b3-a4ae-2b13038edb33.jpg?v=1776315597 | https://cdn.shopify.com/s/files/1/0715/1704/5040/files/05Slide_d929da80-3a76-4d15-8589-02bb89c0736e.jpg?v=1776315597 | https://cdn.shopify.com/s/files/1/0715/1704/5040/files/EnergySavingTable_8.jpg?v=1776315597 | https://cdn.shopify.com/s/files/1/0715/1704/5040/files/Werranty_3.jpg?v=1776315597 | https://cdn.shopify.com/s/files/1/0715/1704/5040/files/Transprent_34b743a2-ef83-4893-b45c-2a8ecb375c46.webp?v=1776315597 | https://cdn.shopify.com/s/files/1/0715/1704/5040/files/1_Slide.png?v=1776315597 | https://cdn.shopify.com/s/files/1/0715/1704/5040/files/2_Slide.png?v=1776315597 | https://cdn.shopify.com/s/files/1/0715/1704/5040/files/3_Slide.png?v=1776315597 | https://cdn.shopify.com/s/files/1/0715/1704/5040/files/4_Slide_3866ba50-6919-47a3-9428-96724938ef18.png?v=1776315597 | https://cdn.shopify.com/s/files/1/0715/1704/5040/files/5_Slide.png?v=1776315597 | https://cdn.shopify.com/s/files/1/0715/1704/5040/files/Slide6_1.jpg?v=1776315597 | https://cdn.shopify.com/s/files/1/0715/1704/5040/files/6_Slide.png?v=1776315597,2026-04-14T17:44:28+05:30,2026-09-08T08:56:46+05:30
Crompton,Crompton SilentPro Fluido Wave BLDC 1200mm,Ceiling Fans,"Bldc Fans, pfs:label-oddcolor, Silent Fans, SilentPro, type-silent-fans",crompton-silentpro-fluido-wave-bldc-1200mm,https://www.crompton.co.in/products/crompton-silentpro-fluido-wave-bldc-1200mm,10799.0,17249.0,Color,Cinnamon Blush :: SKU=CFSPFLWV48CNBLAD5S :: ₹12399.00 | Snow White :: SKU=CFSPFLWV48SWT5S :: ₹10799.00 | Matt Black :: SKU=CFSPFLWV48MBLKAD5S :: ₹12399.00 | Conch Cream :: SKU=CFSPFLWV48CCRAD5S :: ₹12399.00 | Sheesham Wood :: SKU=CFSPFLWV48SHWDAD5S :: ₹17249.00 | Fog Grey :: SKU=CFSPFLWV48FGRAD5S :: ₹12399.00,42,https://cdn.shopify.com/s/files/1/0715/1704/5040/files/CopyofSnowWhite.png?v=1773400151 | https://cdn.shopify.com/s/files/1/0715/1704/5040/files/1_Lifestyle.jpg?v=1773400151 | https://cdn.shopify.com/s/files/1/0715/1704/5040/files/2_2XSilent.jpg?v=1773400151 | https://cdn.shopify.com/s/files/1/0715/1704/5040/files/fluidowaveSnowWhite_ActiveBLDC_.jpg_1.jpg?v=1773406087 | https://cdn.shopify.com/s/files/1/0715/1704/5040/files/4_5StarRateing.jpg?v=1773406087 | https://cdn.shopify.com/s/files/1/0715/1704/5040/files/5_RPMCPMWATT.jpg?v=1773406087 | https://cdn.shopify.com/s/files/1/0715/1704/5040/files/6_Warranty.jpg?v=1773406087 | https://cdn.shopify.com/s/files/1/0715/1704/5040/files/FluidoBLDC.png?v=1773406087 | https://cdn.shopify.com/s/files/1/0715/1704/5040/files/1_Lifestyle_9647aee4-1055-41a8-8c0b-eadd91671b4f.jpg?v=1773406087 | https://cdn.shopify.com/s/files/1/0715/1704/5040/files/2_2XSilent_51656b11-5000-46b5-9274-2806a9ccc1e9.jpg?v=1773406087 | https://cdn.shopify.com/s/files/1/0715/1704/5040/files/FluidoCoachCreamActiveBLDCPL_jpg.jpg?v=1773406087 | https://cdn.shopify.com/s/files/1/0715/1704/5040/files/4_StarRateing.jpg?v=1773406087 | https://cdn.shopify.com/s/files/1/0715/1704/5040/files/5_RPMCPMWATT_e7745595-6e54-4cb4-977b-afc5503a5cd8.jpg?v=1773406087 | https://cdn.shopify.com/s/files/1/0715/1704/5040/files/6_Warranty_17ceee87-326b-4f07-a65f-31ba443a2145.jpg?v=1773406087 | https://cdn.shopify.com/s/files/1/0715/1704/5040/files/TransprentPng_a163e5cd-870f-49a4-8a21-13980a27e6eb.png?v=1773406087 | https://cdn.shopify.com/s/files/1/0715/1704/5040/files/1_Lifestyle_470c339b-3116-483c-bff5-cab290328d06.jpg?v=1773406087 | https://cdn.shopify.com/s/files/1/0715/1704/5040/files/2_2XSilent_a1a914f8-4c14-4819-9c5d-598c4620a088.jpg?v=1773406087 | https://cdn.shopify.com/s/files/1/0715/1704/5040/files/FluidoFogGreyActiveBLDCPL_jpg.jpg?v=1773406087 | https://cdn.shopify.com/s/files/1/0715/1704/5040/files/4_StarRateing_ea0fa42b-e548-47ec-a9a1-d3c57237518d.jpg?v=1773406087 | https://cdn.shopify.com/s/files/1/0715/1704/5040/files/5_RPMCPMWATT_969acb1c-c856-4f12-82fb-93369d178737.jpg?v=1773406087 | https://cdn.shopify.com/s/files/1/0715/1704/5040/files/6_Warranty_d7d10618-45ba-4dc0-a171-02e504f4548c.jpg?v=1773406087 | https://cdn.shopify.com/s/files/1/0715/1704/5040/files/TransprentPng_b33b5241-f740-4e7e-bf29-d7a6820b031c.png?v=1773406087 | https://cdn.shopify.com/s/files/1/0715/1704/5040/files/1_Lifestyle_6199dad6-c743-40d5-b193-b81e4e67da56.jpg?v=1773406087 | https://cdn.shopify.com/s/files/1/0715/1704/5040/files/2_2XSilent_7c7273a8-71f1-422d-aaa1-202c0d6388ce.jpg?v=1773406087 | https://cdn.shopify.com/s/files/1/0715/1704/5040/files/FluidoMatteBlackActiveBLDCPL_jpg.jpg?v=1773406087 | https://cdn.shopify.com/s/files/1/0715/1704/5040/files/4_StarRateing_db291958-f0e0-4513-bc82-49fc0c672de2.jpg?v=1773406087 | https://cdn.shopify.com/s/files/1/0715/1704/5040/files/5_RPMCPMWATT_c55679f3-b45f-4dc0-bf49-a9cea3b7e5d6.jpg?v=1773406087 | https://cdn.shopify.com/s/files/1/0715/1704/5040/files/6_Warranty_6221192a-5019-45d5-964c-4935a6d2e0ed.jpg?v=1773406087 | https://cdn.shopify.com/s/files/1/0715/1704/5040/files/TransprentPng_58b9b11e-6c1b-4873-8900-410c544a01e7.png?v=1773406087 | https://cdn.shopify.com/s/files/1/0715/1704/5040/files/1_Lifestyle_4c1dcef9-e6f3-4b66-a2c2-1508cccd9a16.jpg?v=1773406087 | https://cdn.shopify.com/s/files/1/0715/1704/5040/files/2_2XSilent_10f7b78a-f186-445b-8287-0092c82d778e.jpg?v=1773406087 | https://cdn.shopify.com/s/files/1/0715/1704/5040/files/fluidowaveCinnamonblush_ActiveBLDC_.jpg_1.jpg?v=1773406087 | https://cdn.shopify.com/s/files/1/0715/1704/5040/files/4StarRateing.jpg?v=1773406087 | https://cdn.shopify.com/s/files/1/0715/1704/5040/files/5_RPMCPMWATT_20b494bf-33ce-4ea9-a04d-511e5990dbe1.jpg?v=1773406087 | https://cdn.shopify.com/s/files/1/0715/1704/5040/files/6_Warranty_6ead85c6-126d-48f6-8955-562ae19cbe54.jpg?v=1773406087 | https://cdn.shopify.com/s/files/1/0715/1704/5040/files/TransprentPng_16123505-15df-4311-9ef8-fede94603f73.png?v=1773406087 | https://cdn.shopify.com/s/files/1/0715/1704/5040/files/1_Lifestyle_4d8b8f86-e00c-4af1-a5aa-1daf9d168b00.jpg?v=1773406087 | https://cdn.shopify.com/s/files/1/0715/1704/5040/files/2_2XSilent_c2efec72-c953-444e-ba35-b016cf5246e4.jpg?v=1773406087 | https://cdn.shopify.com/s/files/1/0715/1704/5040/files/fluido_wave_Sheesham_Wood_Active_BLDC_.jpg_2.jpg?v=1774270294 | https://cdn.shopify.com/s/files/1/0715/1704/5040/files/4StarRateing_78ddb0ec-8ef5-48ce-a3a8-c55ac241a66c.jpg?v=1774270294 | https://cdn.shopify.com/s/files/1/0715/1704/5040/files/5_RPMCPMWATT_0352a3ed-3ccf-4e4b-a9a2-8df2e9e722c3.jpg?v=1774270294 | https://cdn.shopify.com/s/files/1/0715/1704/5040/files/6_Warranty_801b16cd-3620-48a3-911c-5a80d483548a.jpg?v=1774270294,2026-03-13T16:37:21+05:30,2026-09-08T08:56:46+05:30
Crompton,Crompton Surebreeze Star Drift 600 MM | Ceiling Fan,Ceiling Fans,"600 mm, new price, Sure Breeze Fans",crompton-surebreeze-star-drift-600-mm-ceiling-fan,https://www.crompton.co.in/products/crompton-surebreeze-star-drift-600-mm-ceiling-fan,2599.0,2599.0,Color,Brown :: SKU=CFSBSTD24BRN1Z :: ₹2599.00,6,https://cdn.shopify.com/s/files/1/0715/1704/5040/files/PLBanner1_9ac18d7d-bf9b-4a75-ad8d-09b8a09edefe.png?v=1772789773 | https://cdn.shopify.com/s/files/1/0715/1704/5040/files/PLBanner2_9eb8f400-66d2-4542-98b1-8df6c980fed7.jpg?v=1772789772 | https://cdn.shopify.com/s/files/1/0715/1704/5040/files/PLBanner3_60f6004a-6b90-49fa-a544-f7b64c046f80.jpg?v=1772789773 | https://cdn.shopify.com/s/files/1/0715/1704/5040/files/PLBanner4_c8c31d04-dba1-40f4-bb03-6afa1ebc3c42.jpg?v=1772789772 | https://cdn.shopify.com/s/files/1/0715/1704/5040/files/PLBanner5_9c5f2c1e-3c26-4a61-b828-6f86f7eaabbd.jpg?v=1772789772 | https://cdn.shopify.com/s/files/1/0715/1704/5040/files/PLBanner6_dac8609f-3971-4a0a-83df-dbb6d467f6e6.jpg?v=1772789772,2026-01-20T18:29:00+05:30,2026-09-08T08:56:46+05:30
Crompton,Crompton Surebreeze Star Drift 900 MM | Ceiling Fan,Ceiling Fans,"900 mm, new price, Sure Breeze Fans",crompton-surebreeze-star-drift-900-mm-ceiling-fan,https://www.crompton.co.in/products/crompton-surebreeze-star-drift-900-mm-ceiling-fan,2599.0,2599.0,Color,Brown :: SKU=CFSBSTD36BRN1Z :: ₹2599.00,6,https://cdn.shopify.com/s/files/1/0715/1704/5040/files/PLBanner1_1c4dbdaa-3b55-4ad0-87a7-64f14446a340.png?v=1772789775 | https://cdn.shopify.com/s/files/1/0715/1704/5040/files/PLBanner2_694c7c85-5aaf-4d19-9bf6-436c60f46ccd.jpg?v=1772789775 | https://cdn.shopify.com/s/files/1/0715/1704/5040/files/PLBanner3_d12757e6-7757-47d5-94d3-26e54f736417.jpg?v=1772789775 | https://cdn.shopify.com/s/files/1/0715/1704/5040/files/PLBanner4_8b627f80-6c01-490f-85c6-8b0c7a329f07.jpg?v=1772789774 | https://cdn.shopify.com/s/files/1/0715/1704/5040/files/PLBanner5_1.jpg?v=1772789774 | https://cdn.shopify.com/s/files/1/0715/1704/5040/files/PLBanner6_dc074641-c475-4ac2-b401-084a8aa248d2.jpg?v=1772789774,2026-01-20T16:39:13+05:30,2026-09-08T08:56:46+05:30
Crompton,Crompton Surebreeze Star Drift 1200 MM | Ceiling Fan,Ceiling Fans,"new price, Sure Breeze Fans",crompton-surebreeze-star-drift-1200-mm-ceiling-fan,https://www.crompton.co.in/products/crompton-surebreeze-star-drift-1200-mm-ceiling-fan,2599.0,2599.0,Color,Brown :: SKU=CFSBSTD48BRN1Z :: ₹2599.00 | Ivory :: SKU=CFSBSTD48IVY1Z :: ₹2599.00 | Opal White :: SKU=CFSBSTD48OPW1Z :: ₹2599.00,18,https://cdn.shopify.com/s/files/1/0715/1704/5040/files/PLBanner1_e4e742cb-89ee-40cb-818f-fea357454798.png?v=1772789770 | https://cdn.shopify.com/s/files/1/0715/1704/5040/files/PLBanner2_f8c224a0-f0be-404c-a301-f07a296bba52.jpg?v=1772789770 | https://cdn.shopify.com/s/files/1/0715/1704/5040/files/PLBanner3_37e079a2-30df-4479-badb-0fa1bb9be0c5.jpg?v=1772789770 | https://cdn.shopify.com/s/files/1/0715/1704/5040/files/PLBanner4_058ea48e-b59e-46f3-acc4-f2e67ed00a88.jpg?v=1772789770 | https://cdn.shopify.com/s/files/1/0715/1704/5040/files/PLBanner5_4.jpg?v=1772789770 | https://cdn.shopify.com/s/files/1/0715/1704/5040/files/PLBanner6_cd889bee-4148-4ad5-b9f9-0f31005a307b.jpg?v=1772789770 | https://cdn.shopify.com/s/files/1/0715/1704/5040/files/PLBanner1_bb0cb6a1-c4c2-4dff-9062-c8597a8582df.png?v=1772789771 | https://cdn.shopify.com/s/files/1/0715/1704/5040/files/PLBanner2_2c59d182-c24d-49fb-9534-86f54818da19.jpg?v=1772789770 | https://cdn.shopify.com/s/files/1/0715/1704/5040/files/PLBanner3_d9b37db9-6b1c-42ab-b994-f946ed96b85c.jpg?v=1772789770 | https://cdn.shopify.com/s/files/1/0715/1704/5040/files/PLBanner4_73a1b3db-06a9-4bb8-b63a-bd56e6ad1a79.jpg?v=1772789770 | https://cdn.shopify.com/s/files/1/0715/1704/5040/files/PLBanner5_3.jpg?v=1772789770 | https://cdn.shopify.com/s/files/1/0715/1704/5040/files/PLBanner6_91302f7d-d974-4d7b-b178-4c726b7329a9.jpg?v=1772789770 | https://cdn.shopify.com/s/files/1/0715/1704/5040/files/PLBanner1_0d0eedd1-5ecd-4491-ac97-d72b255b9123.png?v=1772789770 | https://cdn.shopify.com/s/files/1/0715/1704/5040/files/PLBanner2_37177102-2dd1-4008-b210-91d218ef1983.jpg?v=1772789770 | https://cdn.shopify.com/s/files/1/0715/1704/5040/files/PLBanner3_49673cbe-e561-45d3-b4f3-e2debcc5254e.jpg?v=1772789770 | https://cdn.shopify.com/s/files/1/0715/1704/5040/files/PLBanner4_00bf4e75-5760-4d02-b704-de6f48d6a323.jpg?v=1772789770 | https://cdn.shopify.com/s/files/1/0715/1704/5040/files/PLBanner5_2.jpg?v=1772789770 | https://cdn.shopify.com/s/files/1/0715/1704/5040/files/PLBanner6_c8db9ba8-473f-47b4-a8cc-96c9cdcd79bf.jpg?v=1772789770,2026-01-20T16:39:08+05:30,2026-09-08T08:56:46+05:30
Crompton,Crompton Surebreeze Star Spin | Ceiling Fan,Ceiling Fans,"Anti Dust Fans, new price, star spin, type-anti-dust-fans",crompton-surebreeze-star-spin-ceiling-fan,https://www.crompton.co.in/products/crompton-surebreeze-star-spin-ceiling-fan,2599.0,2599.0,Color,Opal White :: SKU=CFSBSTP48OPW1Z :: ₹2599.00 | Luster Brown :: SKU=CFSBSTP48BRN1Z :: ₹2599.00 | Ivory :: SKU=CFSBSTP48IVY1Z :: ₹2599.00,15,https://cdn.shopify.com/s/files/1/0715/1704/5040/files/PLBanner1_88d23758-5567-418b-b3ec-170d5c75e548.png?v=1772789768 | https://cdn.shopify.com/s/files/1/0715/1704/5040/files/PLBanner2_29523269-a0dd-4f1f-8103-d9220859f199.jpg?v=1772789767 | https://cdn.shopify.com/s/files/1/0715/1704/5040/files/PLBanner3_c0b28ece-8324-4e24-9292-b95f23f0aafe.jpg?v=1772789767 | https://cdn.shopify.com/s/files/1/0715/1704/5040/files/PLBanner4_5ac88e34-e881-4777-93d1-beac8217814d.jpg?v=1772789767 | https://cdn.shopify.com/s/files/1/0715/1704/5040/files/PLBanner6_86e26859-b25e-4de3-abd1-9310ea4ab8bf.jpg?v=1772789767 | https://cdn.shopify.com/s/files/1/0715/1704/5040/files/PLBanner1_5d473162-7252-4e4f-99cb-06c143965a4c.png?v=1772789767 | https://cdn.shopify.com/s/files/1/0715/1704/5040/files/PLBanner2_b4e184cd-3ac1-4e78-a6d8-177271f2823b.jpg?v=1772789767 | https://cdn.shopify.com/s/files/1/0715/1704/5040/files/PLBanner3_380bd090-a386-47c2-ae4a-ecbe7c5696d3.jpg?v=1772789767 | https://cdn.shopify.com/s/files/1/0715/1704/5040/files/PLBanner4_dfaa188e-77b6-4f57-aee2-210923c6fe7a.jpg?v=1772789767 | https://cdn.shopify.com/s/files/1/0715/1704/5040/files/PLBanner6_cc214529-d242-41c8-b889-80f9cc0fb7d1.jpg?v=1772789767 | https://cdn.shopify.com/s/files/1/0715/1704/5040/files/PLBanner1_7e87f1c5-8e85-46c7-b1b0-d885c9e63db4.png?v=1772789767 | https://cdn.shopify.com/s/files/1/0715/1704/5040/files/PLBanner2_182916ef-6820-44fe-bfff-bc97cc07835d.jpg?v=1772789767 | https://cdn.shopify.com/s/files/1/0715/1704/5040/files/PLBanner3_1a3b9660-7305-4f44-952c-3e8ccd9a1e41.jpg?v=1772789767 | https://cdn.shopify.com/s/files/1/0715/1704/5040/files/PLBanner4_f72a93ee-e399-4fd1-ab84-b3a21a68b8a1.jpg?v=1772789767 | https://cdn.shopify.com/s/files/1/0715/1704/5040/files/PLBanner6_5be83c6d-621a-41b4-9322-4c641733d188.jpg?v=1772789767,2025-11-27T15:07:51+05:30,2026-09-08T08:56:46+05:30
Crompton,Crompton QuietPro Filterless Chimney with BLDC Motor,Chimneys,"60cm-chimney, 75cm-chimney, 90cm-chimney, baffle-filter, Box Chimneys, box-chimney, filterless, suction-abv-1500",crompton-quietpro-filterless-chimney-with-bldc-motor,https://www.crompton.co.in/products/crompton-quietpro-filterless-chimney-with-bldc-motor,33599.0,42790.0,"Color, Shapes, Sizes",Midnight black/Box/90cm :: SKU=CHD-QPVB90FLE-MBL :: ₹40790.00 | Midnight black/Box/75cm :: SKU=CHD-QPVB75FLE-MBL :: ₹38690.00 | Midnight black/Box/60cm :: SKU=CHD-QPVB60FLE-MBL :: ₹36490.00 | Midnight black/Curved/90cm :: SKU=CHD-QPVC90FLE-MBL :: ₹34490.00 | Midnight black/Curved/75cm :: SKU=CHD-QPVC75FLE-MBL :: ₹34299.00 | Midnight black/Curved/60cm :: SKU=CHD-QPVC60FLE-MBL :: ₹33599.00 | Midnight black/Inclined/90cm :: SKU=CHD-QPVI90FLE-MBL :: ₹42790.00 | Midnight black/Inclined/75cm :: SKU=CHD-QPVI75FLE-MBL :: ₹40690.00 | Midnight black/Inclined/60cm :: SKU=CHD-QPVI60FLE-MBL :: ₹38590.00,69,https://cdn.shopify.com/s/files/1/0715/1704/5040/files/box_90.webp?v=1765799663 | https://cdn.shopify.com/s/files/1/0715/1704/5040/files/pl1_40e202cb-0415-46dc-8555-618264c526e7.jpg?v=1766056510 | https://cdn.shopify.com/s/files/1/0715/1704/5040/files/pl2_5b86acb4-99f9-4404-b32c-b018449481d4.webp?v=1766056510 | https://cdn.shopify.com/s/files/1/0715/1704/5040/files/pl3_d67b5da7-96de-4437-827e-797a5a332b03.webp?v=1766056510 | https://cdn.shopify.com/s/files/1/0715/1704/5040/files/pl4_bc41021c-c3a9-4a75-aa2a-b4c76ae561df.webp?v=1766056510 | https://cdn.shopify.com/s/files/1/0715/1704/5040/files/pl5_b13d418d-6c7f-44e3-a0aa-1299946d5e71.webp?v=1766056510 | https://cdn.shopify.com/s/files/1/0715/1704/5040/files/QuietPro_90cm_Box_Shape.jpg?v=1773753241 | https://cdn.shopify.com/s/files/1/0715/1704/5040/files/pl7_d9d17844-4b1a-42a2-aaa9-80d63c9a718b.webp?v=1773753241 | https://cdn.shopify.com/s/files/1/0715/1704/5040/files/incl90_2a1e722c-de99-4cf8-8488-c517fe030894.png?v=1773753241 | https://cdn.shopify.com/s/files/1/0715/1704/5040/files/PL_Incl_90.jpg?v=1773753241 | https://cdn.shopify.com/s/files/1/0715/1704/5040/files/pl2_d75fc91c-f341-4eb8-818d-9a16ac384dab.png?v=1773753241 | https://cdn.shopify.com/s/files/1/0715/1704/5040/files/pl3_c385c852-a58a-4167-8e25-2079fe0f7077.png?v=1773753241 | https://cdn.shopify.com/s/files/1/0715/1704/5040/files/pl4_31ab26be-f4f4-4052-81ab-a42355c9f54e.jpg?v=1773753241 | https://cdn.shopify.com/s/files/1/0715/1704/5040/files/pl5_53725104-d1e9-41b1-945b-18fabf323980.png?v=1773753241 | https://cdn.shopify.com/s/files/1/0715/1704/5040/files/QuietPro_90cm_Inclined_Shape.jpg?v=1773753701 | https://cdn.shopify.com/s/files/1/0715/1704/5040/files/pl7_857e7deb-c6bf-4a74-8f38-ecb5230af087.png?v=1773753701 | https://cdn.shopify.com/s/files/1/0715/1704/5040/files/incl-75.webp?v=1773753701 | https://cdn.shopify.com/s/files/1/0715/1704/5040/files/PL_Incl_75.jpg?v=1773753701 | https://cdn.shopify.com/s/files/1/0715/1704/5040/files/pl2_9417fbae-dde9-4db2-bb31-de48e0ca459b.webp?v=1773753701 | https://cdn.shopify.com/s/files/1/0715/1704/5040/files/cuietepro-inclined-75-pl3.webp?v=1773753701 | https://cdn.shopify.com/s/files/1/0715/1704/5040/files/pl4_dbb0edc1-9dfb-4b08-9848-b315857a657b.jpg?v=1773753701 | https://cdn.shopify.com/s/files/1/0715/1704/5040/files/pl5_fd4a23a6-45a2-4e25-80a3-6860b257c14c.webp?v=1773753701 | https://cdn.shopify.com/s/files/1/0715/1704/5040/files/Crompton_QuietPro_Inverter_Motor_Inclined_75cm_Filterless_Chimney.webp?v=1773753701 | https://cdn.shopify.com/s/files/1/0715/1704/5040/files/pl7_8e68be18-59ad-46e6-8a85-a9dc444bf575.webp?v=1773753701 | https://cdn.shopify.com/s/files/1/0715/1704/5040/files/1_869ca61d-d648-4b25-bb53-ae0bd8c23b6b.webp?v=1773753701 | https://cdn.shopify.com/s/files/1/0715/1704/5040/files/2_0142d39f-b209-46fa-b0e1-8adf9d873573.webp?v=1773753701 | https://cdn.shopify.com/s/files/1/0715/1704/5040/files/3_d8d468c3-5246-40de-a459-fe05cf6a83bf.webp?v=1773753701 | https://cdn.shopify.com/s/files/1/0715/1704/5040/files/4_982a273c-b87a-4516-83e3-5bc98a07ffbd.webp?v=1773753701 | https://cdn.shopify.com/s/files/1/0715/1704/5040/files/5_2795d4c4-cb08-4c13-8fe5-5425b8705efe.webp?v=1773753701 | https://cdn.shopify.com/s/files/1/0715/1704/5040/files/6_a9fb5ebf-42ce-40c6-8f6c-86a0e0f04f9e.webp?v=1773753701 | https://cdn.shopify.com/s/files/1/0715/1704/5040/files/curve_90.webp?v=1773753701 | https://cdn.shopify.com/s/files/1/0715/1704/5040/files/pl1_3cbe2dea-eedc-477e-a9e5-fd0388784999.jpg?v=1773753701 | https://cdn.shopify.com/s/files/1/0715/1704/5040/files/pl2_587c8a08-6899-4367-a2a6-72409ca1e15e.webp?v=1773753701 | https://cdn.shopify.com/s/files/1/0715/1704/5040/files/pl-qp-curved-90-pl3.webp?v=1773753701 | https://cdn.shopify.com/s/files/1/0715/1704/5040/files/pl4_23d6a136-98ae-4ce5-b0b3-0d515fd419f7.webp?v=1773753701 | https://cdn.shopify.com/s/files/1/0715/1704/5040/files/pl5_f2c28909-bc24-46bf-83a9-c155d26ee4da.webp?v=1773753701 | https://cdn.shopify.com/s/files/1/0715/1704/5040/files/pl7_996deab5-f4af-4b76-9e1b-e45ef43723ba.webp?v=1773753701 | https://cdn.shopify.com/s/files/1/0715/1704/5040/files/QuietPro_90cm_Curved_Shape.jpg?v=1773753701 | https://cdn.shopify.com/s/files/1/0715/1704/5040/files/png_051e1443-5575-4570-96bc-b0fbf5af7fc5.webp?v=1773753701 | https://cdn.shopify.com/s/files/1/0715/1704/5040/files/Artboard1_c63d985d-d637-45cf-8d77-f5934448f3b4.jpg?v=1773753701 | https://cdn.shopify.com/s/files/1/0715/1704/5040/files/pl2_e7a11713-dc8e-42ef-bfa7-f61cf5e4a317.webp?v=1773753701 | https://cdn.shopify.com/s/files/1/0715/1704/5040/files/pl3_98279890-565f-42f1-a2cc-9f946864b44a.webp?v=1773753701 | https://cdn.shopify.com/s/files/1/0715/1704/5040/files/pl4_3bba5ee5-e519-42f0-97df-847c3a8e5513.webp?v=1773753701 | https://cdn.shopify.com/s/files/1/0715/1704/5040/files/pl5_a4ec3197-402c-41c2-8ff0-22fdec84fc14.webp?v=1773753701 | https://cdn.shopify.com/s/files/1/0715/1704/5040/files/pl4copy_6f6a44de-4e41-4c06-b7b1-b69e941e7e36.webp?v=1773753701 | https://cdn.shopify.com/s/files/1/0715/1704/5040/files/pl7_dbdcbbaa-3466-4b79-8cfd-eafb6dedfd0a.webp?v=1773753701 | https://cdn.shopify.com/s/files/1/0715/1704/5040/files/QuietPro_75cm_Curved_Shape.jpg?v=1773753701 | https://cdn.shopify.com/s/files/1/0715/1704/5040/files/1_0dddb0b5-95a2-47f6-a9bc-c9720ea2f1a4.webp?v=1773753701 | https://cdn.shopify.com/s/files/1/0715/1704/5040/files/2_93d4a99a-ddc5-451f-8aea-e4588f70189b.webp?v=1773753701 | https://cdn.shopify.com/s/files/1/0715/1704/5040/files/3_fd405d7d-815d-4f81-a3df-191b585f027b.webp?v=1773753701 | https://cdn.shopify.com/s/files/1/0715/1704/5040/files/4_67012144-57ce-4d44-b43e-d3ba88d31985.webp?v=1773753701 | https://cdn.shopify.com/s/files/1/0715/1704/5040/files/5_d1a97bb7-a9cf-4059-a6bd-3878c76fbd78.webp?v=1773753701 | https://cdn.shopify.com/s/files/1/0715/1704/5040/files/6_11f306af-31ec-4baa-95c1-c34240131cf0.webp?v=1773753701 | https://cdn.shopify.com/s/files/1/0715/1704/5040/files/box_75_fcbb923a-dada-4611-9513-f4f019300290.webp?v=1773753701 | https://cdn.shopify.com/s/files/1/0715/1704/5040/files/pl1_2456c9bf-376b-4aa3-8e01-3ab6eca3a4dd.jpg?v=1773753701 | https://cdn.shopify.com/s/files/1/0715/1704/5040/files/pl2_d4c3c814-a87e-43ab-8511-7bc732ac7534.webp?v=1773753701 | https://cdn.shopify.com/s/files/1/0715/1704/5040/files/qp-box75-pl-3_418835c6-a372-46b7-8581-845203afc8b2.webp?v=1773753701 | https://cdn.shopify.com/s/files/1/0715/1704/5040/files/pl4_56b79fa6-239d-4535-b436-2a7ca960dc55.webp?v=1773753701 | https://cdn.shopify.com/s/files/1/0715/1704/5040/files/pl5_a1e29255-f803-49a6-806d-5fee63100f09.webp?v=1773753701 | https://cdn.shopify.com/s/files/1/0715/1704/5040/files/pl7_641f2d8a-1a28-4d27-8748-3ad79c460434.webp?v=1773753701 | https://cdn.shopify.com/s/files/1/0715/1704/5040/files/QuietPro_75cm_Box_Shape.jpg?v=1773753701 | https://cdn.shopify.com/s/files/1/0715/1704/5040/files/box_60_8e575648-9b5f-4a36-b121-9b13ba8afec5.webp?v=1773753701 | https://cdn.shopify.com/s/files/1/0715/1704/5040/files/pl1_2eafb97a-311b-4df7-9692-914c8f3d1d2e.jpg?v=1773753701 | https://cdn.shopify.com/s/files/1/0715/1704/5040/files/pl2_3fb1d60c-9b9b-4636-96bb-c3ba43a55476.webp?v=1773753701 | https://cdn.shopify.com/s/files/1/0715/1704/5040/files/qp-box60-pl-3_d1c0e5ae-f911-4b55-912c-f7db0e43bbbd.webp?v=1773753701 | https://cdn.shopify.com/s/files/1/0715/1704/5040/files/pl4_d1ffbc22-7e15-41ff-b165-ac5c010a6b11.webp?v=1773753701 | https://cdn.shopify.com/s/files/1/0715/1704/5040/files/pl5_e5538503-d654-47e5-b5dd-8f9b2994b43d.webp?v=1773753701 | https://cdn.shopify.com/s/files/1/0715/1704/5040/files/pl7_2783c413-37ae-4113-ac65-9dc7864e230d.webp?v=1773753701 | https://cdn.shopify.com/s/files/1/0715/1704/5040/files/QuietPro_60cm_Box_Shape.jpg?v=1773753701,2025-12-15T14:47:15+05:30,2026-09-08T08:56:46+05:30
Crompton,Crompton Energion Hyperjet BLDC Ceiling Fan,Ceiling Fans,"Bldc Fans, export tag",crompton-energion-hyperjet-bldc-ceiling-fan,https://www.crompton.co.in/products/crompton-energion-hyperjet-bldc-ceiling-fan,5499.0,5499.0,Color,Opal White :: SKU=CFENHP35W48OPWRM :: ₹5499.00 | Ivory :: SKU=CFENHP35W48IVYRM :: ₹5499.00 | Brown :: SKU=CFENHP35W48BRNRM :: ₹5499.00,18,https://cdn.shopify.com/s/files/1/0715/1704/5040/files/CopyofHyperjetPL_fb4527d3-ed27-4354-b4ec-df1a7e43b0e3.png?v=1768830772 | https://cdn.shopify.com/s/files/1/0715/1704/5040/files/CopyofhyperjetPL01_d29c7188-0095-41dc-9fbd-936ab3f275af.jpg?v=1768830771 | https://cdn.shopify.com/s/files/1/0715/1704/5040/files/CopyofhyperjetPL02_0223d24f-6049-4485-831d-af1608193f12.jpg?v=1768830771 | https://cdn.shopify.com/s/files/1/0715/1704/5040/files/CopyofhyperjetPL03_c109654e-bc92-4ae5-8fc1-fcd52018952a.jpg?v=1768830771 | https://cdn.shopify.com/s/files/1/0715/1704/5040/files/CopyofhyperjetPL04_aa4e6757-c732-442f-b704-0781c556d945.jpg?v=1768830771 | https://cdn.shopify.com/s/files/1/0715/1704/5040/files/CopyofhyperjetPL05.jpg?v=1768830771 | https://cdn.shopify.com/s/files/1/0715/1704/5040/files/Hyperjet_Ivory.png?v=1768830772 | https://cdn.shopify.com/s/files/1/0715/1704/5040/files/Artboard1_99608550-825a-47af-a71a-9e5afba107db.jpg?v=1768830771 | https://cdn.shopify.com/s/files/1/0715/1704/5040/files/Artboard2_9.jpg?v=1768830772 | https://cdn.shopify.com/s/files/1/0715/1704/5040/files/Artboard3_95c4f4cb-3da7-4f35-ae90-b14e2da38439.jpg?v=1768830772 | https://cdn.shopify.com/s/files/1/0715/1704/5040/files/Artboard4_4bdfc73a-c1c8-4c11-8dd4-b0bd7a750d39.jpg?v=1768830772 | https://cdn.shopify.com/s/files/1/0715/1704/5040/files/Artboard5_89bf6823-120b-4ff8-8a9a-b5d3148b0aa0.jpg?v=1768830771 | https://cdn.shopify.com/s/files/1/0715/1704/5040/files/Hyperjet_Brown.png?v=1768830772 | https://cdn.shopify.com/s/files/1/0715/1704/5040/files/Artboard1_346b303f-873a-4909-a6a9-7f91b31718b8.jpg?v=1768830771 | https://cdn.shopify.com/s/files/1/0715/1704/5040/files/Artboard2_10.jpg?v=1768830772 | https://cdn.shopify.com/s/files/1/0715/1704/5040/files/Artboard3_35f1e210-472d-41d9-a2e2-1eabc98e8302.jpg?v=1768830772 | https://cdn.shopify.com/s/files/1/0715/1704/5040/files/Artboard4_cf4f1617-0dfc-4320-bf91-11ac84da0fc2.jpg?v=1768830771 | https://cdn.shopify.com/s/files/1/0715/1704/5040/files/Artboard5_8420ee66-d20c-4295-b2a9-87835d338779.jpg?v=1768830772,2023-12-28T10:58:36+05:30,2026-09-08T08:56:46+05:30
Crompton,Crompton Luxian Uranus Chandelier Ceiling Fan,Ceiling Fans,"Designer Fans, new price",crompton-luxian-uranus,https://www.crompton.co.in/products/crompton-luxian-uranus,9999.0,9999.0,Color,Ivory :: SKU=CFLXURN48IVY1Z :: ₹9999.00 | Black Chrome :: SKU=CFLXURN48BLK1Z :: ₹9999.00,14,https://cdn.shopify.com/s/files/1/0715/1704/5040/files/1_9352ed6d-106c-4141-a638-5c20b05e74c4.png?v=1772789704 | https://cdn.shopify.com/s/files/1/0715/1704/5040/files/2_645331b7-0e00-49bf-9bff-d330eb891b92.jpg?v=1772789704 | https://cdn.shopify.com/s/files/1/0715/1704/5040/files/3_81ffb1bd-7b2e-4790-840a-b832f9caefea.jpg?v=1772789704 | https://cdn.shopify.com/s/files/1/0715/1704/5040/files/4_25d67c25-766d-4083-83f0-852020c8c25e.jpg?v=1772789704 | https://cdn.shopify.com/s/files/1/0715/1704/5040/files/PL_f98e8e4f-2d23-421b-8e89-e4b3ec30ee2e.jpg?v=1772789704 | https://cdn.shopify.com/s/files/1/0715/1704/5040/files/6_82641992-c664-41f5-930b-a1c57105451b.jpg?v=1772789704 | https://cdn.shopify.com/s/files/1/0715/1704/5040/files/8_28718b70-7f97-4799-b234-37885c942031.jpg?v=1772789704 | https://cdn.shopify.com/s/files/1/0715/1704/5040/files/1_a4dc31d3-4779-4eee-83d0-17ec59228c4d.png?v=1772789705 | https://cdn.shopify.com/s/files/1/0715/1704/5040/files/2_103e35e9-8115-4485-a4ac-89026e54daa4.jpg?v=1772789704 | https://cdn.shopify.com/s/files/1/0715/1704/5040/files/3_3f631395-5834-4a70-8eab-9d895cca63fc.jpg?v=1772789704 | https://cdn.shopify.com/s/files/1/0715/1704/5040/files/4_eda3700d-67d2-44e1-9523-4c53cbdaa8cf.jpg?v=1772789704 | https://cdn.shopify.com/s/files/1/0715/1704/5040/files/PL2_3550e35b-b045-4d99-af75-20fc127e9923.jpg?v=1772789704 | https://cdn.shopify.com/s/files/1/0715/1704/5040/files/6_0a769d79-c0a8-4822-8592-98bdf02b6be4.jpg?v=1772789704 | https://cdn.shopify.com/s/files/1/0715/1704/5040/files/8_053c7df1-b28b-490d-b5bd-f0fcace5f7d7.jpg?v=1772789704,2025-06-12T12:50:05+05:30,2026-09-08T08:56:46+05:30
Crompton,Crompton Silent Pro Fluido Wave 900mm,Ceiling Fans,"High Speed Fans, pfs:label-oddcolor, Silent Fans",crompton-silentpro-fluido-wave-900mm,https://www.crompton.co.in/products/crompton-silentpro-fluido-wave-900mm,10399.0,16849.0,Color,Conch Cream :: SKU=CFSPFLWV36CCRAD1S :: ₹11999.00 | Cinnamon Blush :: SKU=CFSPFLWV36CNBLSAD1S :: ₹11999.00 | Fog Grey :: SKU=CFSPFLWV36FGRAD1S :: ₹11999.00 | Matt Black :: SKU=CFSPFLWV36MBKAD1S :: ₹11999.00 | Snow White :: SKU=CFSPFLWV36SWT1S :: ₹10399.00 | Sheesham Wood :: SKU=CFSPFLWV36SHWDAD1S :: ₹16849.00,36,https://cdn.shopify.com/s/files/1/0715/1704/5040/files/SnowWhite_451d1758-607b-4c05-8f5b-88d53e85d76d.png?v=1746683288 | https://cdn.shopify.com/s/files/1/0715/1704/5040/files/1_437cdacb-ae87-4618-93bc-24fea8dc500c.jpg?v=1746683288 | https://cdn.shopify.com/s/files/1/0715/1704/5040/files/2_560ed939-f2c9-492d-9fda-e1c0fd0d85ee.jpg?v=1746683288 | https://cdn.shopify.com/s/files/1/0715/1704/5040/files/3_45266007-2082-40bb-99d0-deeaca143f6f.jpg?v=1746683288 | https://cdn.shopify.com/s/files/1/0715/1704/5040/files/4_443a9d4d-ada1-4c8b-8d8f-0bd4935517ed.jpg?v=1746683288 | https://cdn.shopify.com/s/files/1/0715/1704/5040/files/5_a36d060a-6766-4a2e-9094-bf15b192acb4.jpg?v=1746683288 | https://cdn.shopify.com/s/files/1/0715/1704/5040/files/ConchCreame_7fdd2ba3-d539-4174-9e2f-e22414e69ddf.png?v=1746683288 | https://cdn.shopify.com/s/files/1/0715/1704/5040/files/1_dd7fd54a-de36-4feb-95b3-bbf91cdfb404.jpg?v=1746683288 | https://cdn.shopify.com/s/files/1/0715/1704/5040/files/2_733546a2-63d0-4bb5-80a5-5df68fdcb1e1.jpg?v=1746683288 | https://cdn.shopify.com/s/files/1/0715/1704/5040/files/3_61a436db-5d0d-49ad-9da8-e9926f72efd0.jpg?v=1746683288 | https://cdn.shopify.com/s/files/1/0715/1704/5040/files/4_32ad0853-8ef0-49b3-b7a7-d4d774f0a679.jpg?v=1746683288 | https://cdn.shopify.com/s/files/1/0715/1704/5040/files/5_e275ca74-7201-4da9-a969-9edfa98f595a.jpg?v=1746683288 | https://cdn.shopify.com/s/files/1/0715/1704/5040/files/CinnamonBlush_68c975b2-c1b9-413d-9ae2-6aa281e88ea6.png?v=1746683288 | https://cdn.shopify.com/s/files/1/0715/1704/5040/files/1_a0d2b88a-8b07-4bbd-8025-fc103933ceca.jpg?v=1746683288 | https://cdn.shopify.com/s/files/1/0715/1704/5040/files/2_7590f439-2f32-4e47-bf19-f8a3e96f5a5e.jpg?v=1746683247 | https://cdn.shopify.com/s/files/1/0715/1704/5040/files/3_54eed6c9-5941-4d46-ad2d-4c36847e9bb7.jpg?v=1746683247 | https://cdn.shopify.com/s/files/1/0715/1704/5040/files/4_fba10ec1-2650-4f70-8721-3f665c9a26b2.jpg?v=1746683247 | https://cdn.shopify.com/s/files/1/0715/1704/5040/files/5_1beefb6f-f362-4b8d-acb6-5f73d4d12b29.jpg?v=1746683247 | https://cdn.shopify.com/s/files/1/0715/1704/5040/files/FogGrey_8c95b936-f3ea-4102-be20-5271b5400ffe.png?v=1746683247 | https://cdn.shopify.com/s/files/1/0715/1704/5040/files/1_36cee4db-59c5-458c-af18-401fd5cd41f0.jpg?v=1746683247 | https://cdn.shopify.com/s/files/1/0715/1704/5040/files/2_d7b92ff6-8436-4eeb-8e4a-2266761f902c.jpg?v=1746683247 | https://cdn.shopify.com/s/files/1/0715/1704/5040/files/3_20820fcc-9674-4559-95cb-d7e0c39dc241.jpg?v=1746683247 | https://cdn.shopify.com/s/files/1/0715/1704/5040/files/4_7361228a-9a9b-4312-9386-9a046caa027d.jpg?v=1746683247 | https://cdn.shopify.com/s/files/1/0715/1704/5040/files/5_7bbf7318-f1fa-4af5-a86e-a124f2196cdb.jpg?v=1746683247 | https://cdn.shopify.com/s/files/1/0715/1704/5040/files/MatteBlack_cfb3b5b7-6ff6-4f08-9471-7a662590e0ca.png?v=1746683247 | https://cdn.shopify.com/s/files/1/0715/1704/5040/files/1_fd9e083e-7c76-4fdc-80a7-2f4c1f497622.jpg?v=1746683247 | https://cdn.shopify.com/s/files/1/0715/1704/5040/files/2_1380e076-c966-4d05-804e-3679eecabad1.jpg?v=1746683247 | https://cdn.shopify.com/s/files/1/0715/1704/5040/files/3_243eb57d-e69e-4264-bb7f-9a3a076095b9.jpg?v=1746683247 | https://cdn.shopify.com/s/files/1/0715/1704/5040/files/4_3a344946-b2fb-485e-9892-1d8dd369530f.jpg?v=1746683247 | https://cdn.shopify.com/s/files/1/0715/1704/5040/files/5_76eb30e2-cc75-4265-94df-6fc3e26c784b.jpg?v=1746683247 | https://cdn.shopify.com/s/files/1/0715/1704/5040/files/Wood_6f03d7dd-d9b9-4224-878e-83267c324af7.png?v=1746683247 | https://cdn.shopify.com/s/files/1/0715/1704/5040/files/1_6e6429a8-7550-4f48-9023-03297e3f16a2.jpg?v=1746683247 | https://cdn.shopify.com/s/files/1/0715/1704/5040/files/2_4852e6d7-3b5a-448c-9da9-6e8c5c9bc9b4.jpg?v=1746683247 | https://cdn.shopify.com/s/files/1/0715/1704/5040/files/3_740ff929-f8c3-48ec-bca1-83fa6338f5b8.jpg?v=1746683247 | https://cdn.shopify.com/s/files/1/0715/1704/5040/files/4_7441855b-b611-48a7-a5a2-e59516e73366.jpg?v=1746683247 | https://cdn.shopify.com/s/files/1/0715/1704/5040/files/5_515b0d4f-e626-4b2b-a5ec-ec2b963115c0.jpg?v=1746683247,2025-05-06T16:20:45+05:30,2026-09-08T08:56:46+05:30
Crompton,Crompton Silent Pro Fluido Wave 1200mm,Ceiling Fans,"High Speed Fans, new price, pfs:label-oddcolor, Silent Fans",crompton-silentpro-fluido-wave-1200mm,https://www.crompton.co.in/products/crompton-silentpro-fluido-wave-1200mm,10399.0,16849.0,Color,Conch Cream :: SKU=CFSPFLDAD48CCR1Z :: ₹11999.00 | Cinnamon Blush :: SKU=CFSPFLDAD48CNB1Z :: ₹11999.00 | Fog Grey :: SKU=CFSPFLDAD48FGR1Z :: ₹11999.00 | Matt Black :: SKU=CFSPFLDAD48BLK1Z :: ₹11999.00 | Snow White :: SKU=CFSPFLD48SNW1Z :: ₹10399.00 | Sheesham Wood :: SKU=CFSPFLDAD48SWD1Z :: ₹16849.00,36,https://cdn.shopify.com/s/files/1/0715/1704/5040/files/SnowWhite_5af240c4-4c13-49fc-8f35-5937a54f88c4.png?v=1772789699 | https://cdn.shopify.com/s/files/1/0715/1704/5040/files/1_1_2cbeb226-2a32-45ed-ab78-48e063274a64.jpg?v=1772789698 | https://cdn.shopify.com/s/files/1/0715/1704/5040/files/FluidoWave_SnowWhite_2_faad3fbd-5309-4171-b691-55f8096cc529.jpg?v=1772789698 | https://cdn.shopify.com/s/files/1/0715/1704/5040/files/PL5_25922ec0-ea26-445b-9971-7a8a9d57d401.jpg?v=1772789698 | https://cdn.shopify.com/s/files/1/0715/1704/5040/files/4_1_9d3420cc-1e4a-45f9-bfb0-349ee8f9ab4c.jpg?v=1772789700 | https://cdn.shopify.com/s/files/1/0715/1704/5040/files/5_1_d53c7bcd-fc67-4b60-b775-5428546a27c2.jpg?v=1772789698 | https://cdn.shopify.com/s/files/1/0715/1704/5040/files/ConchCreame_4b6f1509-1cf1-4288-b282-4fdb11342b03.png?v=1772789700 | https://cdn.shopify.com/s/files/1/0715/1704/5040/files/PL1_Opt-2.jpg?v=1772789698 | https://cdn.shopify.com/s/files/1/0715/1704/5040/files/2_68447eed-c77e-4751-a6ea-9985caa98ffe.jpg?v=1772789698 | https://cdn.shopify.com/s/files/1/0715/1704/5040/files/PL_d47170fd-5938-4184-acf0-44bd6c3f3ef8.jpg?v=1772789699 | https://cdn.shopify.com/s/files/1/0715/1704/5040/files/4_675afcbb-08a3-4f1f-bb0e-e05254ba2791.jpg?v=1772789698 | https://cdn.shopify.com/s/files/1/0715/1704/5040/files/5_5075884c-9a09-44e1-b299-61ffa2fd4007.jpg?v=1772789698 | https://cdn.shopify.com/s/files/1/0715/1704/5040/files/CinnamonBlush_bb86491c-7d57-4293-a3c1-de3705fadcff.png?v=1772789699 | https://cdn.shopify.com/s/files/1/0715/1704/5040/files/1_1_98206e6a-d5fd-4e50-b6da-ea335a355fda.jpg?v=1772789698 | https://cdn.shopify.com/s/files/1/0715/1704/5040/files/2_1eee3bf9-cbd8-4692-b9cb-4f33f0aa6021.jpg?v=1772789698 | https://cdn.shopify.com/s/files/1/0715/1704/5040/files/PL2_6ae83132-2a84-43a0-9400-2df3ebb2d6bb.jpg?v=1772789698 | https://cdn.shopify.com/s/files/1/0715/1704/5040/files/4_57e22537-810d-4632-a910-d291b4485978.jpg?v=1772789698 | https://cdn.shopify.com/s/files/1/0715/1704/5040/files/5_c4ff734d-03cb-4215-bcb6-226a803a9401.jpg?v=1772789698 | https://cdn.shopify.com/s/files/1/0715/1704/5040/files/FogGrey_be137dd9-d48e-4bc1-95d2-5b99ad8c3529.png?v=1772789699 | https://cdn.shopify.com/s/files/1/0715/1704/5040/files/1_2_7fd72502-84ff-49fc-b5c0-c0b5ad60eef0.jpg?v=1772789699 | https://cdn.shopify.com/s/files/1/0715/1704/5040/files/2_1_7fdb950d-14b6-4dd7-91aa-5f9b45317d9e.jpg?v=1772789698 | https://cdn.shopify.com/s/files/1/0715/1704/5040/files/PL3_d25a978e-db0e-40e6-a21f-14489bf78f0e.jpg?v=1772789698 | https://cdn.shopify.com/s/files/1/0715/1704/5040/files/4_1_a67b7a99-60f2-4065-ad11-3e6c4f800547.jpg?v=1772789698 | https://cdn.shopify.com/s/files/1/0715/1704/5040/files/5_1_020a9ff9-0b00-4c76-a7e1-1ce9ebc0615b.jpg?v=1772789698 | https://cdn.shopify.com/s/files/1/0715/1704/5040/files/MatteBlack_a0324e44-3fd9-4b20-9b19-d5b74d520950.png?v=1772789699 | https://cdn.shopify.com/s/files/1/0715/1704/5040/files/1_1_41f7fff3-4a96-4851-a025-3ba4ea92afb5.jpg?v=1772789698 | https://cdn.shopify.com/s/files/1/0715/1704/5040/files/2_3a2f0ad1-1fe1-4659-95b0-4a65a255085a.jpg?v=1772789699 | https://cdn.shopify.com/s/files/1/0715/1704/5040/files/PL4_497d9ef7-efc6-4649-845c-148c589ae905.jpg?v=1772789698 | https://cdn.shopify.com/s/files/1/0715/1704/5040/files/4_d9e72f8f-ff22-4375-873a-293d63c69a0b.jpg?v=1772789699 | https://cdn.shopify.com/s/files/1/0715/1704/5040/files/5_f690b76a-d96b-46ef-9c69-ce9e9887bf60.jpg?v=1772789698 | https://cdn.shopify.com/s/files/1/0715/1704/5040/files/Wood_bc154c94-b4ee-4395-9673-d8bfb495d786.png?v=1772789699 | https://cdn.shopify.com/s/files/1/0715/1704/5040/files/1_c9012df1-7372-48db-befa-8f63e67ef10c.jpg?v=1772789699 | https://cdn.shopify.com/s/files/1/0715/1704/5040/files/2_cf10b724-28b6-4ccf-9886-f7f709e26945.jpg?v=1772789701 | https://cdn.shopify.com/s/files/1/0715/1704/5040/files/PL6_db9602d5-9bc1-4d27-879a-2822e65513c3.jpg?v=1772789700 | https://cdn.shopify.com/s/files/1/0715/1704/5040/files/4_478786d9-b947-4e6f-8c4a-85c401f9146b.jpg?v=1772789698 | https://cdn.shopify.com/s/files/1/0715/1704/5040/files/5_c224c3cf-e748-4ca6-9e77-d8f7c7b70854.jpg?v=1772789698,2025-05-07T11:31:10+05:30,2026-09-08T08:56:46+05:30
Crompton,Crompton Energion Hyperjet smart BLDC Ceiling Fan,Ceiling Fans,Smart Fans,crompton-energion-hyperjet-smart-bldc-ceiling-fan,https://www.crompton.co.in/products/crompton-energion-hyperjet-smart-bldc-ceiling-fan,5699.0,5699.0,Color,Brown :: SKU=CFENHP35W48BRNSM :: ₹5699.00 | Dark Cherrywood :: SKU=CFENHP35W48DCWSM :: ₹5699.00 | Ivory Black :: SKU=CFENHP35W48IBKSM :: ₹5699.00 | Ivory :: SKU=CFENHP35W48IVYSM :: ₹5699.00 | Light Pinewood :: SKU=CFENHP35W48LPWSM :: ₹5699.00 | Matt Black :: SKU=CFENHP35W48MBKSM :: ₹5699.00 | Opal White :: SKU=CFENHP35W48OPWSM :: ₹5699.00 | White Black :: SKU=CFENHP35W48WBKSM :: ₹5699.00,72,https://cdn.shopify.com/s/files/1/0715/1704/5040/files/Energioncookie_Brown__1angle_0baab2d2-b376-4fb5-91cc-a5783f2d9fb4.png?v=1742455358 | https://cdn.shopify.com/s/files/1/0715/1704/5040/files/HyperjetSmart_Brown_PL1.jpg?v=1742455358 | https://cdn.shopify.com/s/files/1/0715/1704/5040/files/HyperjetSmart_Brown_PL3_b7bd334d-a49a-4090-b634-1b4402d51173.jpg?v=1743144305 | https://cdn.shopify.com/s/files/1/0715/1704/5040/files/HyperjetSmart_Brown_PL4.jpg?v=1743144305 | https://cdn.shopify.com/s/files/1/0715/1704/5040/files/HyperjetSmart_Brown_PL5.jpg?v=1743144305 | https://cdn.shopify.com/s/files/1/0715/1704/5040/files/Hyperjet_Smart_Brown_PL_6.jpg?v=1743169873 | https://cdn.shopify.com/s/files/1/0715/1704/5040/files/HyperjetSmart_Brown_PL7.jpg?v=1743169873 | https://cdn.shopify.com/s/files/1/0715/1704/5040/files/HyperjetSmart_Brown_PL8.jpg?v=1743169873 | https://cdn.shopify.com/s/files/1/0715/1704/5040/files/HyperjetSmart_Brown_PL9.jpg?v=1743169873 | https://cdn.shopify.com/s/files/1/0715/1704/5040/files/Energioncookie_darkcherrywood__1angle.png?v=1743169873 | https://cdn.shopify.com/s/files/1/0715/1704/5040/files/HyperjetSmartPL1.jpg?v=1743169873 | https://cdn.shopify.com/s/files/1/0715/1704/5040/files/HyperjetSmart_darkcherrywood_PL_3.jpg?v=1743169873 | https://cdn.shopify.com/s/files/1/0715/1704/5040/files/HyperjetSmartPL4.jpg?v=1743169873 | https://cdn.shopify.com/s/files/1/0715/1704/5040/files/HyperjetSmartPL5.jpg?v=1743169873 | https://cdn.shopify.com/s/files/1/0715/1704/5040/files/Hyperjet_Smart_dark_cherrywood_PL_6.jpg?v=1743169873 | https://cdn.shopify.com/s/files/1/0715/1704/5040/files/HyperjetSmartPL7.jpg?v=1743169873 | https://cdn.shopify.com/s/files/1/0715/1704/5040/files/HyperjetSmartPL8.jpg?v=1743169873 | https://cdn.shopify.com/s/files/1/0715/1704/5040/files/HyperjetSmartPL9.jpg?v=1743169873 | https://cdn.shopify.com/s/files/1/0715/1704/5040/files/Energioncookie_MatteBlack__1angle.png?v=1743169873 | https://cdn.shopify.com/s/files/1/0715/1704/5040/files/HyperjetSmart_MatteBlack_PL1.jpg?v=1743169873 | https://cdn.shopify.com/s/files/1/0715/1704/5040/files/HyperjetSmart_MatteBlack_PL3_5dfcba98-6371-42b3-b457-e3671cfb6dd7.jpg?v=1743169873 | https://cdn.shopify.com/s/files/1/0715/1704/5040/files/HyperjetSmart_MatteBlack_PL4.jpg?v=1743169873 | https://cdn.shopify.com/s/files/1/0715/1704/5040/files/HyperjetSmart_MatteBlack_PL5.jpg?v=1743169873 | https://cdn.shopify.com/s/files/1/0715/1704/5040/files/Hyperjet_Smart_Matte_Black_PL_6.jpg?v=1743169873 | https://cdn.shopify.com/s/files/1/0715/1704/5040/files/HyperjetSmart_MatteBlack_PL7.jpg?v=1743169873 | https://cdn.shopify.com/s/files/1/0715/1704/5040/files/HyperjetSmart_MatteBlack_PL8.jpg?v=1743169873 | https://cdn.shopify.com/s/files/1/0715/1704/5040/files/HyperjetSmart_MatteBlack_PL9.jpg?v=1743169873 | https://cdn.shopify.com/s/files/1/0715/1704/5040/files/Energioncookie_White__1angle_26866d41-31c7-4e37-b23f-525bcf7ce3c6.png?v=1743169873 | https://cdn.shopify.com/s/files/1/0715/1704/5040/files/HyperjetSmart_opalwhite_PL1.jpg?v=1743169873 | https://cdn.shopify.com/s/files/1/0715/1704/5040/files/HyperjetSmart_opalwhite_PL3_3f8f6e9a-4ce7-4fd3-88a9-5453f2fa4347.jpg?v=1743169873 | https://cdn.shopify.com/s/files/1/0715/1704/5040/files/HyperjetSmart_opalwhite_PL4.jpg?v=1743169873 | https://cdn.shopify.com/s/files/1/0715/1704/5040/files/HyperjetSmart_opalwhite_PL5.jpg?v=1743169873 | https://cdn.shopify.com/s/files/1/0715/1704/5040/files/Hyperjet_Smart_opal_white_PL_6.jpg?v=1743169873 | https://cdn.shopify.com/s/files/1/0715/1704/5040/files/HyperjetSmart_opalwhite_PL7.jpg?v=1743169873 | https://cdn.shopify.com/s/files/1/0715/1704/5040/files/HyperjetSmart_opalwhite_PL8.jpg?v=1743169873 | https://cdn.shopify.com/s/files/1/0715/1704/5040/files/HyperjetSmart_opalwhite_PL9.jpg?v=1743169873 | https://cdn.shopify.com/s/files/1/0715/1704/5040/files/Energioncookie_black_white__1angle.png?v=1743169873 | https://cdn.shopify.com/s/files/1/0715/1704/5040/files/HyperjetSmart_black_White_PL1.jpg?v=1743169873 | https://cdn.shopify.com/s/files/1/0715/1704/5040/files/HyperjetSmart_black_White_PL3_71143193-039f-44ae-8c9d-62739ee54da5.jpg?v=1743169873 | https://cdn.shopify.com/s/files/1/0715/1704/5040/files/HyperjetSmart_black_White_PL4.jpg?v=1743169873 | https://cdn.shopify.com/s/files/1/0715/1704/5040/files/HyperjetSmart_black_White_PL5.jpg?v=1743169873 | https://cdn.shopify.com/s/files/1/0715/1704/5040/files/Hyperjet_Smart_black_ivory_PL_0_4_c406d40c-aec5-442b-8ecf-0767b79e208b.jpg?v=1743395731 | https://cdn.shopify.com/s/files/1/0715/1704/5040/files/HyperjetSmart_black_White_PL7.jpg?v=1743395731 | https://cdn.shopify.com/s/files/1/0715/1704/5040/files/HyperjetSmart_black_White_PL8.jpg?v=1743395731 | https://cdn.shopify.com/s/files/1/0715/1704/5040/files/HyperjetSmart_black_White_PL9.jpg?v=1743395731 | https://cdn.shopify.com/s/files/1/0715/1704/5040/files/Energioncookie_black_ivory__1angle_cf9e8d43-b401-4091-a89b-144abadfd24e.png?v=1743395731 | https://cdn.shopify.com/s/files/1/0715/1704/5040/files/HyperjetSmart_black_ivory_PL1_9d0a1505-3c32-4428-9e7d-671f6a515291.jpg?v=1743395731 | https://cdn.shopify.com/s/files/1/0715/1704/5040/files/HyperjetSmart_black_ivory_PL2_0921c182-4eb5-4502-9bac-10aa4b510ee6.jpg?v=1743395731 | https://cdn.shopify.com/s/files/1/0715/1704/5040/files/HyperjetSmart_black_ivory_PL3_81c0c5a4-e071-41b2-b34b-908ee6ba7398.jpg?v=1743395731 | https://cdn.shopify.com/s/files/1/0715/1704/5040/files/HyperjetSmart_black_ivory_PL4_f1486958-a1cf-4f04-a340-f50cdfd08934.jpg?v=1743395731 | https://cdn.shopify.com/s/files/1/0715/1704/5040/files/Hyperjet_Smart_black_White_PL_6.jpg?v=1743395731 | https://cdn.shopify.com/s/files/1/0715/1704/5040/files/HyperjetSmart_black_ivory_PL6_2c79a31e-5e74-4afa-bed6-80dde9cd54e1.jpg?v=1743395731 | https://cdn.shopify.com/s/files/1/0715/1704/5040/files/HyperjetSmart_black_ivory_PL8_4cf70d2d-9430-4354-9162-5ad986186d01.jpg?v=1743395731 | https://cdn.shopify.com/s/files/1/0715/1704/5040/files/HyperjetSmart_black_ivory_PL7_b3a70750-547c-415c-875a-4a79fdd358b7.jpg?v=1743395731 | https://cdn.shopify.com/s/files/1/0715/1704/5040/files/Energioncookie_Ivory__1angle_1bc967c8-35fb-4bc0-b711-22423ec06170.png?v=1743395731 | https://cdn.shopify.com/s/files/1/0715/1704/5040/files/HyperjetSmart_ivory_PL1_8bf3f6e7-6670-4bb5-a6a4-6214fde3b0e8.jpg?v=1743395731 | https://cdn.shopify.com/s/files/1/0715/1704/5040/files/HyperjetSmart_ivory_PL3_1a591362-de7a-42bb-915f-fd4948aaea87.jpg?v=1743395731 | https://cdn.shopify.com/s/files/1/0715/1704/5040/files/HyperjetSmart_ivory_PL4_0016bad2-0f1b-44ff-9404-ee30acc39f57.jpg?v=1743395731 | https://cdn.shopify.com/s/files/1/0715/1704/5040/files/HyperjetSmart_ivory_PL5_b8cbe85d-2448-4e2e-845a-72858994c03e.jpg?v=1743395731 | https://cdn.shopify.com/s/files/1/0715/1704/5040/files/Hyperjet_Smart_ivory_PL_6.jpg?v=1743395731 | https://cdn.shopify.com/s/files/1/0715/1704/5040/files/HyperjetSmart_ivory_PL7_6261847e-11c9-43d5-aa57-93fa95a96ac1.jpg?v=1743395731 | https://cdn.shopify.com/s/files/1/0715/1704/5040/files/HyperjetSmart_ivory_PL8_13ced241-09ef-4c77-83d0-0dafd7a68467.jpg?v=1743395731 | https://cdn.shopify.com/s/files/1/0715/1704/5040/files/HyperjetSmart_ivory_PL9_724385b5-f7fb-4163-a0cb-2c42aeba9f47.jpg?v=1743395731 | https://cdn.shopify.com/s/files/1/0715/1704/5040/files/Energioncookie_lightpinewood__1angle_ae5c2518-60e8-4eda-9291-86c68edb491a.png?v=1743395731 | https://cdn.shopify.com/s/files/1/0715/1704/5040/files/HyperjetSmart_Blightpinewood_PL1_9730e17b-c3cb-4b47-9c76-4b5a66262726.jpg?v=1743395731 | https://cdn.shopify.com/s/files/1/0715/1704/5040/files/HyperjetSmart_lightpinewood_PL3.jpg?v=1743395731 | https://cdn.shopify.com/s/files/1/0715/1704/5040/files/HyperjetSmart_Blightpinewood_PL4_64c74a29-a11d-46e4-a7d6-f5fa4ccacaf8.jpg?v=1743395731 | https://cdn.shopify.com/s/files/1/0715/1704/5040/files/HyperjetSmart_Blightpinewood_PL5_0af41742-3a6d-46d3-999e-0bc55202cc5e.jpg?v=1743395731 | https://cdn.shopify.com/s/files/1/0715/1704/5040/files/Hyperjet_Smart_Blight_pinewood_PL_6.jpg?v=1743395731 | https://cdn.shopify.com/s/files/1/0715/1704/5040/files/HyperjetSmart_Blightpinewood_PL7_bceca1a2-3360-4b86-b17e-ef1a6e3b31fc.jpg?v=1743395731 | https://cdn.shopify.com/s/files/1/0715/1704/5040/files/HyperjetSmart_Blightpinewood_PL8_ad9913c9-d814-448a-8e22-d729e213eadf.jpg?v=1743395731 | https://cdn.shopify.com/s/files/1/0715/1704/5040/files/HyperjetSmart_Blightpinewood_PL9_629e3608-6ed7-4649-8b61-ade71d05aa4b.jpg?v=1743395731,2025-03-20T12:43:35+05:30,2026-09-08T08:56:46+05:30
Crompton,Crompton Energion Nucleoid BLDC Ceiling Fan,Ceiling Fans,"Bldc Fans, Energy Efficient, new price",crompton-energion-nucleoid-bldc-ceiling-fan,https://www.crompton.co.in/products/crompton-energion-nucleoid-bldc-ceiling-fan,5399.0,5399.0,Color,Ivory :: SKU=CFENNCLRM48IVY5Z :: ₹5399.00 | Matt Black :: SKU=CFENNCLRM48BLK5Z-1 :: ₹5399.00 | Ivory Black :: SKU=CFENNCLRM48IBK5Z :: ₹5399.00 | Silver White :: SKU=CFENNCLRM48SMW5Z :: ₹5399.00 | Metallic Copper :: SKU=CFENNCLRM48MCP5Z :: ₹5399.00 | Metallic Grey :: SKU=CFENNCLRM48MGR5Z :: ₹5399.00 | Gilded Beige :: SKU=CFENNCLRM48BLK5Z :: ₹5399.00,71,https://cdn.shopify.com/s/files/1/0715/1704/5040/files/Ivory_1angle_1740d988-43c6-486c-8723-ecc7d407db5d.png?v=1772789694 | https://cdn.shopify.com/s/files/1/0715/1704/5040/files/NucleoidPL1_bce6d915-ac4c-4077-b89a-1bf96113c998.jpg?v=1772789693 | https://cdn.shopify.com/s/files/1/0715/1704/5040/files/PL_49de172d-61fb-4907-9e01-2ca2902f1017.jpg?v=1772789694 | https://cdn.shopify.com/s/files/1/0715/1704/5040/files/NucleoidPL3_6d61db1b-f73d-4970-8af7-92d1574a6703.jpg?v=1772789693 | https://cdn.shopify.com/s/files/1/0715/1704/5040/files/NucleoidPL2_FOld_2_81a56c69-8cc5-4914-bd96-b6d823a3925c.jpg?v=1772789693 | https://cdn.shopify.com/s/files/1/0715/1704/5040/files/NucleoidPL4_b4481bc9-6c81-49b4-a48b-2e0445984a4f.jpg?v=1772789694 | https://cdn.shopify.com/s/files/1/0715/1704/5040/files/NucleoidPL6_991e362e-281f-4593-b9f1-493dbe329caf.jpg?v=1772789693 | https://cdn.shopify.com/s/files/1/0715/1704/5040/files/NucleoidPL7_7cab80c7-2d69-4fc2-b447-84cc1bb48f1c.jpg?v=1772789693 | https://cdn.shopify.com/s/files/1/0715/1704/5040/files/Ivory_Fold_9_89a5bbf6-72b0-46ee-ac82-2a4007dc19c4.jpg?v=1772789693 | https://cdn.shopify.com/s/files/1/0715/1704/5040/files/MatteBlackWithGlossyBottomDisk_1angle_b0ee9c14-c294-47c9-a0f8-8417c38540f6.png?v=1772789693 | https://cdn.shopify.com/s/files/1/0715/1704/5040/files/NucleoidPL_MatteBlackWithGlossyBottomDisk_1_85545715-8602-45f8-b363-1c605433cca9.jpg?v=1772789693 | https://cdn.shopify.com/s/files/1/0715/1704/5040/files/PL2_48bb4526-4421-41e1-91bb-db3bc91e9350.jpg?v=1772789693 | https://cdn.shopify.com/s/files/1/0715/1704/5040/files/NucleoidPL_MatteBlackWithGlossyBottomDisk_3_6059f701-3f5e-4bc9-bab1-0d865da4ec88.jpg?v=1772789693 | https://cdn.shopify.com/s/files/1/0715/1704/5040/files/Matte_Black_FOld_2_a95e9b98-4eff-4c26-8558-f9f38ce9a2ab.jpg?v=1772789693 | https://cdn.shopify.com/s/files/1/0715/1704/5040/files/NucleoidPL_MatteBlackWithGlossyBottomDisk_4_58f0f94e-be76-47df-8239-8d36f0cbf108.jpg?v=1772789693 | https://cdn.shopify.com/s/files/1/0715/1704/5040/files/NucleoidPL_MatteBlackWithGlossyBottomDisk_6_aedf8b92-f636-4922-a555-b81880e50f59.jpg?v=1772789693 | https://cdn.shopify.com/s/files/1/0715/1704/5040/files/NucleoidPL_MatteBlackWithGlossyBottomDisk_7_a0190c3e-f4bf-4c48-9c5d-8af55c25830b.jpg?v=1772789693 | https://cdn.shopify.com/s/files/1/0715/1704/5040/files/Matte_Black_Fold_9_9346da24-190a-4931-a303-49c41c610a02.jpg?v=1772789693 | https://cdn.shopify.com/s/files/1/0715/1704/5040/files/MatteBlackWithSilverWhiteMagicBlades_1angle_3c8241d7-d162-493f-b669-a07d13397a9f.png?v=1772789693 | https://cdn.shopify.com/s/files/1/0715/1704/5040/files/NucleoidPL_MatteBlackWithSilverWhiteMagicBlades_1_de5fc6d5-634f-40ca-88a7-3eff3648807f.jpg?v=1772789693 | https://cdn.shopify.com/s/files/1/0715/1704/5040/files/PL3_7f155a14-7b95-4bb2-b661-ff4951d2a3eb.jpg?v=1772789693 | https://cdn.shopify.com/s/files/1/0715/1704/5040/files/NucleoidPL_MatteBlackWithSilverWhiteMagicBlades_3_5441d0d5-e4f7-4db8-a64b-1adca1757e59.jpg?v=1772789693 | https://cdn.shopify.com/s/files/1/0715/1704/5040/files/NucleoidPL_MatteBlackWithSilverWhiteMagicBlades_2_4f3c3360-5886-4694-82d2-0bf769c2ecfa.jpg?v=1772789694 | https://cdn.shopify.com/s/files/1/0715/1704/5040/files/NucleoidPL_MatteBlackWithSilverWhiteMagicBlades_4_8f6567d0-ed67-4a1a-ad6f-564f71ef2e35.jpg?v=1772789693 | https://cdn.shopify.com/s/files/1/0715/1704/5040/files/NucleoidPL_MatteBlackWithSilverWhiteMagicBlades_6_a6c5f6bd-ce40-4294-8c31-9f3604fa00b6.jpg?v=1772789693 | https://cdn.shopify.com/s/files/1/0715/1704/5040/files/NucleoidPL_MatteBlackWithSilverWhiteMagicBlades_7_4cddca7e-4d1b-43ab-b5b3-d034abfe2e37.jpg?v=1772789693 | https://cdn.shopify.com/s/files/1/0715/1704/5040/files/MatteBlackWithIvoryBlades_1angle_9ddb921f-3be5-438e-91b8-43591db8272e.png?v=1772789693 | https://cdn.shopify.com/s/files/1/0715/1704/5040/files/NucleoidPL_MatteBlackWithIvoryBlades_1_440de64c-79c7-4571-a25b-f9f0b275fb94.jpg?v=1772789693 | https://cdn.shopify.com/s/files/1/0715/1704/5040/files/PL3_aaa7a83d-b813-4bd6-940d-40b03481d9fa.jpg?v=1772789693 | https://cdn.shopify.com/s/files/1/0715/1704/5040/files/NucleoidPL_MatteBlackWithIvoryBlades_3_727078ad-1658-4739-adb9-9d58940cd131.jpg?v=1772789693 | https://cdn.shopify.com/s/files/1/0715/1704/5040/files/Ivory_Black_FOld_2_0be99f52-3d3d-4c5e-9091-a5ee75883db8.jpg?v=1772789693 | https://cdn.shopify.com/s/files/1/0715/1704/5040/files/NucleoidPL_MatteBlackWithIvoryBlades_4_6fb7403b-e680-446b-b18e-f693829c8215.jpg?v=1772789693 | https://cdn.shopify.com/s/files/1/0715/1704/5040/files/NucleoidPL_MatteBlackWithIvoryBlades_6_0dfef35d-6db7-433c-bc72-d02d86653148.jpg?v=1772789694 | https://cdn.shopify.com/s/files/1/0715/1704/5040/files/NucleoidPL_MatteBlackWithIvoryBlades_7_2e82633b-4624-47f1-8576-d1520c60d87c.jpg?v=1772789693 | https://cdn.shopify.com/s/files/1/0715/1704/5040/files/Ivory_Black_Fold_9_61cb650c-c3aa-42e2-bb6d-ccb422fc5bdb.jpg?v=1772789693 | https://cdn.shopify.com/s/files/1/0715/1704/5040/files/SilverWhiteMagic_1angle_08a60495-506d-4a47-8d1b-acbeeafcfd62.png?v=1772789693 | https://cdn.shopify.com/s/files/1/0715/1704/5040/files/NucleoidPL_SilverWhiteMagic_1_42a6c685-cf83-4ff3-a167-d688e57d0a49.jpg?v=1772789693 | https://cdn.shopify.com/s/files/1/0715/1704/5040/files/PL4_481b1bf2-dd49-4e5c-885b-6945e51a1ac2.jpg?v=1772789693 | https://cdn.shopify.com/s/files/1/0715/1704/5040/files/NucleoidPL_SilverWhiteMagic_3_eea14ed9-c007-49ae-8b6c-6037b3e5537c.jpg?v=1772789693 | https://cdn.shopify.com/s/files/1/0715/1704/5040/files/Silver_White_FOld_2_ecad5d56-61e6-4686-ab83-d8d113acfb83.jpg?v=1772789693 | https://cdn.shopify.com/s/files/1/0715/1704/5040/files/NucleoidPL_SilverWhiteMagic_4_18442013-4fee-4d29-ad9c-6fde6f83fbbf.jpg?v=1772789693 | https://cdn.shopify.com/s/files/1/0715/1704/5040/files/NucleoidPL_SilverWhiteMagic_6_f800d8e4-cef1-414f-be45-39491a7661d0.jpg?v=1772789693 | https://cdn.shopify.com/s/files/1/0715/1704/5040/files/NucleoidPL_SilverWhiteMagic_7_06b10d8f-5c6c-4fa6-a726-d7f909614af2.jpg?v=1772789693 | https://cdn.shopify.com/s/files/1/0715/1704/5040/files/Silver_White_Fold_9.jpg?v=1772789693 | https://cdn.shopify.com/s/files/1/0715/1704/5040/files/MetalicCopper_1angle_e602d199-f34d-49f5-85c1-5a48da3ef07f.png?v=1772789694 | https://cdn.shopify.com/s/files/1/0715/1704/5040/files/NucleoidPL_MatteCopper_1_a33f4c23-cb6a-41cd-934a-6031e970b4c9.jpg?v=1772789693 | https://cdn.shopify.com/s/files/1/0715/1704/5040/files/PL5_f0ebe73d-41b7-461a-b976-aa284a0bde5b.jpg?v=1772789693 | https://cdn.shopify.com/s/files/1/0715/1704/5040/files/NucleoidPL_MatteCopper_3_2a2c151b-c19b-4620-b6a4-5958454f3195.jpg?v=1772789693 | https://cdn.shopify.com/s/files/1/0715/1704/5040/files/Mettalic_Copper_FOld_2_c977876a-c4ca-4394-9332-a2841579e252.jpg?v=1772789693 | https://cdn.shopify.com/s/files/1/0715/1704/5040/files/NucleoidPL_MatteCopper_4_687faf2d-df65-4046-aa58-a8e8de46df67.jpg?v=1772789693 | https://cdn.shopify.com/s/files/1/0715/1704/5040/files/NucleoidPL_MatteCopper_6_03be87d5-c1b6-4b06-9811-40df27b0aa83.jpg?v=1772789693 | https://cdn.shopify.com/s/files/1/0715/1704/5040/files/NucleoidPL_MatteCopper_7_292642fa-d2ec-4525-af62-13830ba1ea9a.jpg?v=1772789693 | https://cdn.shopify.com/s/files/1/0715/1704/5040/files/Metallic_Copper_Fold_9_f566d05a-eb82-42d4-961b-11b43bd35baf.jpg?v=1772789694 | https://cdn.shopify.com/s/files/1/0715/1704/5040/files/MetalicGrey_Shark__1angle_320c8b48-9a2f-4384-b1ef-7b169a2438bf.png?v=1772789694 | https://cdn.shopify.com/s/files/1/0715/1704/5040/files/NucleoidPL_MatteGrey_1_d24c3ded-3443-42be-b51e-17628e97b673.jpg?v=1772789693 | https://cdn.shopify.com/s/files/1/0715/1704/5040/files/PL6_81895aa1-61c7-4d11-9e87-2aca2f3d3f4b.jpg?v=1772789693 | https://cdn.shopify.com/s/files/1/0715/1704/5040/files/NucleoidPL_MatteGrey_3_df318093-dceb-4659-9bd6-22b1a0709aa2.jpg?v=1772789693 | https://cdn.shopify.com/s/files/1/0715/1704/5040/files/Mettalic_Grey_FOld_2_26906f75-813b-4a6b-878f-98ca00f87617.jpg?v=1772789693 | https://cdn.shopify.com/s/files/1/0715/1704/5040/files/NucleoidPL_MatteGrey_4_d472e21e-1304-44a4-b106-d04dcb1305cd.jpg?v=1772789693 | https://cdn.shopify.com/s/files/1/0715/1704/5040/files/NucleoidPL_MatteGrey_6_512ff55c-3f33-44a2-b287-256ead1f4f1c.jpg?v=1772789693 | https://cdn.shopify.com/s/files/1/0715/1704/5040/files/NucleoidPL_MatteGrey_7_ed5667b5-a9b5-4241-9a83-0cda6366b73f.jpg?v=1772789693 | https://cdn.shopify.com/s/files/1/0715/1704/5040/files/Metallic_Grey_Fold_9_9cd08bf0-d9a2-49b3-8225-825ccede7bc3.jpg?v=1772789693 | https://cdn.shopify.com/s/files/1/0715/1704/5040/files/GildedBeige_Montania__1angle_4f7a519a-8abb-425c-8931-9b8405394e37.png?v=1772789693 | https://cdn.shopify.com/s/files/1/0715/1704/5040/files/NucleoidPL_GildedBeige_1_24b1cbf4-ae0e-4dfc-a0e5-a394d632f583.jpg?v=1772789693 | https://cdn.shopify.com/s/files/1/0715/1704/5040/files/PL7_9871e873-6ca1-4877-9614-daedcbabcf18.jpg?v=1772789693 | https://cdn.shopify.com/s/files/1/0715/1704/5040/files/NucleoidPL_GildedBeige_3_eb53b29a-0920-43b8-8a83-759293399516.jpg?v=1772789693 | https://cdn.shopify.com/s/files/1/0715/1704/5040/files/NucleoidPL_GildedBeige_4_45b0e8f0-74b1-4f3d-9f1e-dfbca491728e.jpg?v=1772789693 | https://cdn.shopify.com/s/files/1/0715/1704/5040/files/NucleoidPL_GildedBeige_6_473b8caa-f139-40e8-9b4e-09416579f36e.jpg?v=1772789693 | https://cdn.shopify.com/s/files/1/0715/1704/5040/files/NucleoidPL_GildedBeige_7_9d53552c-c21b-4362-a187-afc59c4ccdfc.jpg?v=1772789693 | https://cdn.shopify.com/s/files/1/0715/1704/5040/files/Glided_Beige_Fold_9_8e0e3b92-9a32-4d96-8ae8-0d13ffc3d195.jpg?v=1772789693 | https://cdn.shopify.com/s/files/1/0715/1704/5040/files/Glided_Beige_FOld_2_38ec0a21-7ef5-41ce-a877-e484029bbc2b.jpg?v=1772789693,2025-03-04T16:33:58+05:30,2026-09-08T08:56:46+05:30
Crompton,Crompton Energion NITEO BLDC Ceiling Fan,Ceiling Fans,"Bldc Fans, Energy Efficient, new price",crompton-energion-niteo-bldc-ceiling-fan,https://www.crompton.co.in/products/crompton-energion-niteo-bldc-ceiling-fan,5599.0,5599.0,Color,Gilded Beige :: SKU=CFENNTORM48CPG5Z :: ₹5599.00 | Light Pinewood :: SKU=CFENNTORM48LPW5Z :: ₹5599.00 | Burnt Driftwood :: SKU=CFENNT30W48BDW5SRM :: ₹5599.00 | Dark Cherry Wood :: SKU=CFENNT30W48DCW5SRM :: ₹5599.00 | Ivory Black :: SKU=CFENNTORM48IBK5Z :: ₹5599.00 | Ivory :: SKU=CFENNTORM48IVY5Z :: ₹5599.00 | Matt Black :: SKU=CFENNTORM48BLK5Z :: ₹5599.00 | Matt Grey :: SKU=CFENNTORM48MGR5Z :: ₹5599.00 | Matt Copper :: SKU=CFENNTORM48MCP5Z :: ₹5599.00 | Silver White :: SKU=CFENNTORM48SMW5Z :: ₹5599.00,90,https://cdn.shopify.com/s/files/1/0715/1704/5040/files/LightPineWood_e0efe551-795b-49e4-b5e8-405c691d6b3c.png?v=1772789687 | https://cdn.shopify.com/s/files/1/0715/1704/5040/files/NITEOPL_LightPinewood_1_8e466075-a7e7-41bc-b826-f2bc3391fa36.jpg?v=1772789686 | https://cdn.shopify.com/s/files/1/0715/1704/5040/files/Light_Pinewood_fold_2_fa5d4715-3240-4360-a2c5-00343dbdff79.jpg?v=1772789687 | https://cdn.shopify.com/s/files/1/0715/1704/5040/files/NITEOPL_LightPinewood_4_3077aeda-e8a3-4f92-9dd6-7065cb56cd7a.jpg?v=1772789687 | https://cdn.shopify.com/s/files/1/0715/1704/5040/files/NITEOPL_LightPinewood_6_edb64053-df60-4874-9620-8e9657a1eb9a.jpg?v=1772789686 | https://cdn.shopify.com/s/files/1/0715/1704/5040/files/PL2_6e293f0c-5b3b-492f-92e5-4067a6fe5124.jpg?v=1772789686 | https://cdn.shopify.com/s/files/1/0715/1704/5040/files/NITEOPL_LightPinewood_3_e55660a9-8be5-44e7-9cd5-00f76db2ec5f.jpg?v=1772789686 | https://cdn.shopify.com/s/files/1/0715/1704/5040/files/NITEOPL_LightPinewood_7_c0b73789-8660-48c1-9285-7163168eecff.jpg?v=1772789686 | https://cdn.shopify.com/s/files/1/0715/1704/5040/files/Light_Pinewwod_Fold_9_21f8f1c6-053b-4c75-91c3-29a26349dba9.jpg?v=1772789686 | https://cdn.shopify.com/s/files/1/0715/1704/5040/files/BURNTDRIFT_266e1118-7d21-4bf7-9006-b33768044e01.png?v=1772789686 | https://cdn.shopify.com/s/files/1/0715/1704/5040/files/NITEOPL_BurntDriftwood_1_174c1239-5a7c-4201-8da4-26df7626a808.jpg?v=1772789686 | https://cdn.shopify.com/s/files/1/0715/1704/5040/files/Burnt_driftwood_fold_2_2fa90cf3-64c5-4152-9dcc-026855cb0439.jpg?v=1772789686 | https://cdn.shopify.com/s/files/1/0715/1704/5040/files/NITEOPL_BurntDriftwood_4_db77f108-d159-482e-9028-f2c347675fd4.jpg?v=1772789686 | https://cdn.shopify.com/s/files/1/0715/1704/5040/files/NITEOPL_BurntDriftwood_6_9c8cc634-12d8-46d0-8132-a23109bd7395.jpg?v=1772789686 | https://cdn.shopify.com/s/files/1/0715/1704/5040/files/PL3_1c9549be-f134-44c7-9912-48f242f888df.jpg?v=1772789686 | https://cdn.shopify.com/s/files/1/0715/1704/5040/files/NITEOPL_BurntDriftwood_3_a147de8a-9fb6-41d0-8bb7-1a1b9abb9a5a.jpg?v=1772789687 | https://cdn.shopify.com/s/files/1/0715/1704/5040/files/NITEOPL_BurntDriftwood_7_b8b4ce1d-2267-40f9-b453-e56987b6aad7.jpg?v=1772789686 | https://cdn.shopify.com/s/files/1/0715/1704/5040/files/NITEOPL_BurntDriftwood_8_c6e5d9ac-d77a-4924-bd58-336c37f3aa41.jpg?v=1772789686 | https://cdn.shopify.com/s/files/1/0715/1704/5040/files/GildedBeige_9acbf2f3-260d-4685-99ed-98c7bce56a6a.png?v=1772789686 | https://cdn.shopify.com/s/files/1/0715/1704/5040/files/NITEOPL1_e6ee8696-279e-4dfe-adde-3cfe8d024743.jpg?v=1772789686 | https://cdn.shopify.com/s/files/1/0715/1704/5040/files/Glided_Beige_fold_2_e458734a-83da-4d9b-926d-d2883e9a7e05.jpg?v=1772789687 | https://cdn.shopify.com/s/files/1/0715/1704/5040/files/NITEOPL4_8aced5e4-4f53-446c-98ca-586994129b29.jpg?v=1772789686 | https://cdn.shopify.com/s/files/1/0715/1704/5040/files/NITEOPL6_fee38a24-7bdb-4d16-8afe-360f9120b7ad.jpg?v=1772789687 | https://cdn.shopify.com/s/files/1/0715/1704/5040/files/PL_e01b37a0-83f8-485a-8fd8-bbf2a652b2b4.jpg?v=1772789687 | https://cdn.shopify.com/s/files/1/0715/1704/5040/files/NITEOPL3_9495d8fc-b24e-4318-a834-ddc3e52c3ff9.jpg?v=1772789687 | https://cdn.shopify.com/s/files/1/0715/1704/5040/files/NITEOPL7_GildedBeige_297ac5c4-7254-445c-a029-2a578f7d5814.jpg?v=1772789686 | https://cdn.shopify.com/s/files/1/0715/1704/5040/files/NITEOPL8_42235f2b-258e-44f6-97d6-0274490ea364.jpg?v=1772789686 | https://cdn.shopify.com/s/files/1/0715/1704/5040/files/DarkCherryWood_9a42860d-3e5a-4131-9869-d245150e7275.png?v=1772789686 | https://cdn.shopify.com/s/files/1/0715/1704/5040/files/NITEOPL_DarkCherrywood_1_4ef71a2c-59d2-4eae-9515-6b0f8c880818.jpg?v=1772789686 | https://cdn.shopify.com/s/files/1/0715/1704/5040/files/Dark_Cherry_Wood_fold_2_a05b945b-b7bf-4a24-881d-feaf3a1f3c05.jpg?v=1772789686 | https://cdn.shopify.com/s/files/1/0715/1704/5040/files/NITEOPL_DarkCherrywood_4_58de6af2-6d45-4f24-876e-42605a113699.jpg?v=1772789686 | https://cdn.shopify.com/s/files/1/0715/1704/5040/files/NITEOPL_DarkCherrywood_6_aa22c2c3-7243-4122-b0ce-1336898d2b21.jpg?v=1772789686 | https://cdn.shopify.com/s/files/1/0715/1704/5040/files/PL4_e587fa14-476e-4393-ad38-e65dc1454b12.jpg?v=1772789686 | https://cdn.shopify.com/s/files/1/0715/1704/5040/files/NITEOPL_DarkCherrywood_3_1645cd6a-45fe-4748-86cb-622d35fd8d1a.jpg?v=1772789687 | https://cdn.shopify.com/s/files/1/0715/1704/5040/files/NITEOPL_DarkCherrywood_7_b15cb07b-2b7f-4223-afa8-d2dbea20743c.jpg?v=1772789687 | https://cdn.shopify.com/s/files/1/0715/1704/5040/files/NITEOPL_DarkCherrywood_8_736fbddd-6663-4f4c-9a65-58af744736ce.jpg?v=1772789686 | https://cdn.shopify.com/s/files/1/0715/1704/5040/files/Ivory_c1ceb0cd-7bb0-4690-b587-509b2f784bef.png?v=1772789686 | https://cdn.shopify.com/s/files/1/0715/1704/5040/files/NITEO_PL_Ivory_1_a9c6fa50-3ad6-4f7c-a177-71d5d9f43ba2.jpg?v=1772789686 | https://cdn.shopify.com/s/files/1/0715/1704/5040/files/Ivory_fold_2_1d679308-c607-4094-ab88-fb5f1be43470.jpg?v=1772789687 | https://cdn.shopify.com/s/files/1/0715/1704/5040/files/NITEO_PL_Ivory_11_3d1f39d5-8d82-4261-a18f-1df62331873b.jpg?v=1772789687 | https://cdn.shopify.com/s/files/1/0715/1704/5040/files/NITEO_PL_Ivory_13_9682747f-d919-4482-9fc2-2f1b196c5eb5.jpg?v=1772789686 | https://cdn.shopify.com/s/files/1/0715/1704/5040/files/PL6_38030e94-6ea0-4d31-95f3-f3b8a44119d9.jpg?v=1772789686 | https://cdn.shopify.com/s/files/1/0715/1704/5040/files/NITEO_PL_Ivory_10_7da3b8fd-ef8f-421e-be79-9ef6c9d2d680.jpg?v=1772789686 | https://cdn.shopify.com/s/files/1/0715/1704/5040/files/NITEO_PL_Ivory_14_6039c2d8-e250-47ea-8d3e-609fdd6fd811.jpg?v=1772789687 | https://cdn.shopify.com/s/files/1/0715/1704/5040/files/NITEO_PL_Ivory_15_e23a65c3-e67c-4aa7-81b4-2ce6941c5933.jpg?v=1772789686 | https://cdn.shopify.com/s/files/1/0715/1704/5040/files/MatteBlack_df4728dd-014c-4bc8-85cd-52477752eff2.png?v=1772789687 | https://cdn.shopify.com/s/files/1/0715/1704/5040/files/NITEOPL_MattBlack_1_c6387bc7-a329-4011-a8c3-77abc75fc127.jpg?v=1772789686 | https://cdn.shopify.com/s/files/1/0715/1704/5040/files/NITEOPL_MattBlack_2_54a0f98c-20c6-4483-948b-121935d538e6.jpg?v=1772789686 | https://cdn.shopify.com/s/files/1/0715/1704/5040/files/NITEOPL_MattBlack_6_65b44866-1100-4f0a-bce2-2e287418301f.jpg?v=1772789686 | https://cdn.shopify.com/s/files/1/0715/1704/5040/files/NITEOPL_MattBlack_4_e6cb0612-87e3-4afc-bde9-bba11466f059.jpg?v=1772789686 | https://cdn.shopify.com/s/files/1/0715/1704/5040/files/PL7_a78400dd-c100-4799-bef4-bcad8fd77c0a.jpg?v=1772789686 | https://cdn.shopify.com/s/files/1/0715/1704/5040/files/NITEOPL_MattBlack_3_d047c221-36af-4c3a-9e53-b2acdf664983.jpg?v=1772789686 | https://cdn.shopify.com/s/files/1/0715/1704/5040/files/NITEOPL_MattBlack_7_3ae121d1-8bbe-44d1-b176-6a7c47387951.jpg?v=1772789686 | https://cdn.shopify.com/s/files/1/0715/1704/5040/files/NITEOPL_MattBlack_8_c4ebfd34-8adc-4fe4-bf60-5ab4a499e188.jpg?v=1772789686 | https://cdn.shopify.com/s/files/1/0715/1704/5040/files/Matte_Grey_035fcd7f-91d9-4bdc-b952-87aa90d44129.png?v=1772789686 | https://cdn.shopify.com/s/files/1/0715/1704/5040/files/NITEOPL_MattGrey_1_94eb5baa-bb47-4630-8bd7-0c64163305c8.jpg?v=1772789686 | https://cdn.shopify.com/s/files/1/0715/1704/5040/files/NITEOPL_MattGrey_2_884360e1-cff2-4a6c-8d3f-8ef580af9d82.jpg?v=1772789686 | https://cdn.shopify.com/s/files/1/0715/1704/5040/files/NITEOPL_MattGrey_4_23729633-f886-49d7-a585-d989d2bca875.jpg?v=1772789686 | https://cdn.shopify.com/s/files/1/0715/1704/5040/files/NITEOPL_MattGrey_6_8d98607a-847e-489d-b72b-06cb4490ba03.jpg?v=1772789686 | https://cdn.shopify.com/s/files/1/0715/1704/5040/files/PL8_ed78a0e5-819e-4f99-85d7-a684e404336e.jpg?v=1772789686 | https://cdn.shopify.com/s/files/1/0715/1704/5040/files/NITEOPL_MattGrey_3_ec6c47f0-0faa-4992-b151-a6c57a334509.jpg?v=1772789686 | https://cdn.shopify.com/s/files/1/0715/1704/5040/files/NITEOPL_MattGrey_7_20fd1eb6-e626-4af1-8639-53180a7d42a9.jpg?v=1772789686 | https://cdn.shopify.com/s/files/1/0715/1704/5040/files/NITEOPL_MattGrey_8_bed5851f-8275-48ff-9ca8-2bdcf0b2bd62.jpg?v=1772789686 | https://cdn.shopify.com/s/files/1/0715/1704/5040/files/MetalicCopper_55d951fb-20aa-46ff-bd2f-2688ebd20c24.png?v=1772789687 | https://cdn.shopify.com/s/files/1/0715/1704/5040/files/NITEOPL_MattCopper_1_b35a640c-1957-48f6-9960-8a28f1fd32c2.jpg?v=1772789687 | https://cdn.shopify.com/s/files/1/0715/1704/5040/files/Matte_Copper_fold_2_591c2b20-2d58-43e2-8c06-1fdc41ffda17.jpg?v=1772789686 | https://cdn.shopify.com/s/files/1/0715/1704/5040/files/NITEOPL_MattCopper_6_0dd44b1a-d91a-4994-bda5-f5667ce84b31.jpg?v=1772789687 | https://cdn.shopify.com/s/files/1/0715/1704/5040/files/NITEOPL_MattCopper_4_f6cd3b92-a29e-4e5d-b3b5-df959e59094d.jpg?v=1772789686 | https://cdn.shopify.com/s/files/1/0715/1704/5040/files/PL9.jpg?v=1772789687 | https://cdn.shopify.com/s/files/1/0715/1704/5040/files/NITEOPL_MattCopper_3_64fc4419-3b7e-4b42-ad8c-8c54a58d61ce.jpg?v=1772789687 | https://cdn.shopify.com/s/files/1/0715/1704/5040/files/NITEOPL_MattCopper_7_0dad07db-5347-4bc5-8a9b-40f60579978c.jpg?v=1772789687 | https://cdn.shopify.com/s/files/1/0715/1704/5040/files/NITEOPL_MattCopper_8_03fafe38-5df2-404e-bb1e-bc6e95da05e2.jpg?v=1772789686 | https://cdn.shopify.com/s/files/1/0715/1704/5040/files/MatteBlackWithIvoryBlades_2c635e4e-fd56-4ac9-9e63-cab98ffd6490.png?v=1772789687 | https://cdn.shopify.com/s/files/1/0715/1704/5040/files/NITEOPL_MatteBlackWithIvoryBlades_1_973b77c3-c588-4dcc-bea0-b6f796130236.jpg?v=1772789687 | https://cdn.shopify.com/s/files/1/0715/1704/5040/files/Ivory_Black_fold_2_9b4c64c2-b666-4beb-b674-452f54051eda.jpg?v=1772789686 | https://cdn.shopify.com/s/files/1/0715/1704/5040/files/NITEOPL_MatteBlackWithIvoryBlades_6_85beba3d-a282-4df5-87ac-c347adf6ec65.jpg?v=1772789686 | https://cdn.shopify.com/s/files/1/0715/1704/5040/files/NITEOPL_MatteBlackWithIvoryBlades_4_c314bac6-47b5-47c7-95fc-8d4afc9fc01c.jpg?v=1772789686 | https://cdn.shopify.com/s/files/1/0715/1704/5040/files/PL5_688ef3ee-9c89-4443-ab41-d2a9b86a9bde.jpg?v=1772789686 | https://cdn.shopify.com/s/files/1/0715/1704/5040/files/NITEOPL_MatteBlackWithIvoryBlades_3_63cecbca-c9a1-4324-afa1-dae6e8b20281.jpg?v=1772789686 | https://cdn.shopify.com/s/files/1/0715/1704/5040/files/NITEOPL_MatteBlackWithIvoryBlades_7_0bc8c45f-18a5-4745-b36a-49ed6999d7e6.jpg?v=1772789686 | https://cdn.shopify.com/s/files/1/0715/1704/5040/files/NITEOPL_MatteBlackWithIvoryBlades_8_c24a06c9-d837-4192-aa32-81eff9fcd475.jpg?v=1772789686 | https://cdn.shopify.com/s/files/1/0715/1704/5040/files/SilverWhiteMagic_6f8926be-bb8a-4a7d-8b6d-c0a9d7e5a3a5.png?v=1772789687 | https://cdn.shopify.com/s/files/1/0715/1704/5040/files/NITEOPL_SilverWhiteMagic_1_e1dc335f-68bf-42ed-9252-ce92f07027f9.jpg?v=1772789687 | https://cdn.shopify.com/s/files/1/0715/1704/5040/files/Silver_White_fold_2_d3150e10-e894-49c3-912c-b1ab4ebf98fc.jpg?v=1772789686 | https://cdn.shopify.com/s/files/1/0715/1704/5040/files/NITEOPL_SilverWhiteMagic_4_3b50887e-1a66-4eb4-8de7-d0b7be9b6854.jpg?v=1772789686 | https://cdn.shopify.com/s/files/1/0715/1704/5040/files/PL10.jpg?v=1772789686 | https://cdn.shopify.com/s/files/1/0715/1704/5040/files/NITEOPL_SilverWhiteMagic_3_7da5919f-e998-4366-8f84-2a5dc25b2483.jpg?v=1772789686 | https://cdn.shopify.com/s/files/1/0715/1704/5040/files/NITEOPL_SilverWhiteMagic_6_0688ab63-6d72-48cc-b09c-752654c8a462.jpg?v=1772789686 | https://cdn.shopify.com/s/files/1/0715/1704/5040/files/NITEOPL_SilverWhiteMagic_7_425bb15b-a5db-4f26-ac5b-764e7b9f6af0.jpg?v=1772789686 | https://cdn.shopify.com/s/files/1/0715/1704/5040/files/NITEOPL_SilverWhiteMagic_8_ca8ed009-18f3-4abc-b6cf-4691877566a7.jpg?v=1772789686,2025-03-03T21:10:02+05:30,2026-09-08T08:56:46+05:30
Crompton,Crompton Surebreeze Starspeed| Ceiling Fan,Ceiling Fans,Sure Breeze Fans,crompton-surebreeze-starspeed-ceiling-fan,https://www.crompton.co.in/products/crompton-surebreeze-starspeed-ceiling-fan,2649.0,2649.0,Color,Opal White :: SKU=CFSBSSD48OPW1S :: ₹2649.00 | Ivory :: SKU=CFSBSSD48IVY1S :: ₹2649.00 | Lustre Brown :: SKU=CFSBSSD48LBR1S :: ₹2649.00,15,https://cdn.shopify.com/s/files/1/0715/1704/5040/files/white_73f9e727-368d-47af-9465-3633d2f96d4f.png?v=1769506605 | https://cdn.shopify.com/s/files/1/0715/1704/5040/files/pl1_e9086470-3752-4789-81b6-94b6b43186d9.png?v=1769506606 | https://cdn.shopify.com/s/files/1/0715/1704/5040/files/pl2_dd4eed26-a3bb-4b0a-9294-c73ef532d4ed.png?v=1769506604 | https://cdn.shopify.com/s/files/1/0715/1704/5040/files/pl3_de8cc335-10cc-4349-b599-c5ca5abfb0ff.png?v=1769506607 | https://cdn.shopify.com/s/files/1/0715/1704/5040/files/pl5_7ad35d93-bbdc-487c-a567-ffd66cb4b031.png?v=1769506606 | https://cdn.shopify.com/s/files/1/0715/1704/5040/files/ivory_f872976a-c741-401e-ad26-4eca4254fae0.png?v=1769506604 | https://cdn.shopify.com/s/files/1/0715/1704/5040/files/pl1_40f21079-8a02-419d-96ea-615b7dd3265d.png?v=1769506606 | https://cdn.shopify.com/s/files/1/0715/1704/5040/files/pl2_1e9a7fde-8035-47a5-accc-97d6dce19f55.png?v=1769506605 | https://cdn.shopify.com/s/files/1/0715/1704/5040/files/pl3_3b395c0e-ed4f-42ec-a89e-d66e0d8ccfde.png?v=1769506604 | https://cdn.shopify.com/s/files/1/0715/1704/5040/files/pl5_c356cb66-7176-44a4-9101-6627be818abc.png?v=1769506604 | https://cdn.shopify.com/s/files/1/0715/1704/5040/files/brwn_32821d13-812c-42cd-ae68-97b754b2347d.png?v=1769506605 | https://cdn.shopify.com/s/files/1/0715/1704/5040/files/pl1_2672e48d-40bd-4452-9217-486425739afc.png?v=1769506606 | https://cdn.shopify.com/s/files/1/0715/1704/5040/files/pl2_996746d4-2615-4419-8bcc-e0232a6cffac.png?v=1769506605 | https://cdn.shopify.com/s/files/1/0715/1704/5040/files/pl3_3a56abe2-0333-4e48-973f-9616bcec404e.png?v=1769506605 | https://cdn.shopify.com/s/files/1/0715/1704/5040/files/pl5_af74d4a4-b34a-41ae-9b0f-1d37e925a47d.png?v=1769506607,2024-10-22T12:09:38+05:30,2026-09-08T08:56:48+05:30
Crompton,Crompton Surebreeze Montania| Ceiling Fan,Ceiling Fans,"new price, Sure Breeze Fans",crompton-surebreeze-montania-ceiling-fan,https://www.crompton.co.in/products/crompton-surebreeze-montania-ceiling-fan,2999.0,2999.0,Color,Gilded Beige :: SKU=CFSBMON48GBG1Z :: ₹2999.00 | Opal White :: SKU=CFSBMON48OPW1Z :: ₹2999.00 | Smoked Brown :: SKU=CFSBMON48SBR1Z :: ₹2999.00,18,https://cdn.shopify.com/s/files/1/0715/1704/5040/files/montania-white.png?v=1772789764 | https://cdn.shopify.com/s/files/1/0715/1704/5040/files/1_d200fe84-5267-448f-9003-197ea5c93224.jpg?v=1772789764 | https://cdn.shopify.com/s/files/1/0715/1704/5040/files/2_be286f90-1dca-4fcb-9da0-7e7ba3de3587.jpg?v=1772789764 | https://cdn.shopify.com/s/files/1/0715/1704/5040/files/3_643a0235-27f2-46d3-915e-a42c0d193386.jpg?v=1772789764 | https://cdn.shopify.com/s/files/1/0715/1704/5040/files/PL2_c6cbfd10-9528-461f-9900-8dd1f9a6593a.jpg?v=1772789764 | https://cdn.shopify.com/s/files/1/0715/1704/5040/files/5.jpg?v=1772789763 | https://cdn.shopify.com/s/files/1/0715/1704/5040/files/montania-smoked-brown.png?v=1772789766 | https://cdn.shopify.com/s/files/1/0715/1704/5040/files/Montania-smoked-brwn-PL-1.jpg?v=1772789764 | https://cdn.shopify.com/s/files/1/0715/1704/5040/files/Montania-smoked-brwn-PL-2.jpg?v=1772789764 | https://cdn.shopify.com/s/files/1/0715/1704/5040/files/Montania-smoked-brwn-PL-3.jpg?v=1772789764 | https://cdn.shopify.com/s/files/1/0715/1704/5040/files/PL3_e770ebda-899a-44f2-b8cd-68d081f06aae.jpg?v=1772789764 | https://cdn.shopify.com/s/files/1/0715/1704/5040/files/Montania-smoked-brwn-PL-5.jpg?v=1772789764 | https://cdn.shopify.com/s/files/1/0715/1704/5040/files/SurebreezeMontania_guidedbeige_ANGLE_01.png?v=1772789765 | https://cdn.shopify.com/s/files/1/0715/1704/5040/files/LifestylePL1_2a25c50c-7089-4691-9511-f4b4be9a8346.jpg?v=1772789764 | https://cdn.shopify.com/s/files/1/0715/1704/5040/files/MontaniaFanPL3_3_1_fd97369e-324b-4818-9b42-aa22cc01f57f.jpg?v=1772789764 | https://cdn.shopify.com/s/files/1/0715/1704/5040/files/MontaniaFanPL4_1_1_2c1ac0e2-8148-4a57-a631-1fc4e09536a0.jpg?v=1772789764 | https://cdn.shopify.com/s/files/1/0715/1704/5040/files/PL_22dfd8e0-8e27-4162-96ec-e2e825f4bc58.jpg?v=1772789764 | https://cdn.shopify.com/s/files/1/0715/1704/5040/files/MontaniaFanPL5_3_1_a68af922-c163-4460-af54-38b037abd036.jpg?v=1772789764,2024-10-22T15:25:05+05:30,2026-09-08T08:56:48+05:30
Crompton,Crompton Surebreeze Starbriz| Ceiling Fan,Ceiling Fans,"new price, Sure Breeze Fans",crompton-surebreeze-starbriz-ceiling-fan,https://www.crompton.co.in/products/crompton-surebreeze-starbriz-ceiling-fan,2649.0,2649.0,Color,Opal White :: SKU=CFSBSTB48OPW1Z :: ₹2649.00 | Ivory :: SKU=CFSBSTB48IVY1Z :: ₹2649.00 | Lustre Brown :: SKU=CFSBSTB48LBR1Z :: ₹2649.00,15,https://cdn.shopify.com/s/files/1/0715/1704/5040/files/white_cc335b29-1f30-4379-8f62-12269e2f0054.png?v=1772789761 | https://cdn.shopify.com/s/files/1/0715/1704/5040/files/pl1_264729f4-8f20-41e3-8cca-40f361e42f71.png?v=1772789763 | https://cdn.shopify.com/s/files/1/0715/1704/5040/files/pl2_9ccf74b6-010c-4ca6-be49-c1b25dc1ba6f.png?v=1772789762 | https://cdn.shopify.com/s/files/1/0715/1704/5040/files/pl3_4d092247-87fb-450b-a714-1d02c0304ec0.png?v=1772789762 | https://cdn.shopify.com/s/files/1/0715/1704/5040/files/pl5_fd3c2388-11ed-43fb-9b86-b9953e4637f6.png?v=1772789762 | https://cdn.shopify.com/s/files/1/0715/1704/5040/files/ivory_3273aec9-1e6b-4a31-a26d-857c8045590d.png?v=1772789761 | https://cdn.shopify.com/s/files/1/0715/1704/5040/files/pl-1.png?v=1772789762 | https://cdn.shopify.com/s/files/1/0715/1704/5040/files/pl2_7f7377d9-ade8-42a5-845c-de391c33e40e.png?v=1772789761 | https://cdn.shopify.com/s/files/1/0715/1704/5040/files/pl3_7f5d430e-a51a-492d-aa88-dc1edb6cb4cb.png?v=1772789763 | https://cdn.shopify.com/s/files/1/0715/1704/5040/files/pl-5.png?v=1772789763 | https://cdn.shopify.com/s/files/1/0715/1704/5040/files/brwn.png?v=1772789761 | https://cdn.shopify.com/s/files/1/0715/1704/5040/files/pl1_0bf467b3-1022-42b6-ada5-9173a9591e22.png?v=1772789761 | https://cdn.shopify.com/s/files/1/0715/1704/5040/files/pl2_fd1279fe-8498-4d69-942c-75d205219ee9.png?v=1772789763 | https://cdn.shopify.com/s/files/1/0715/1704/5040/files/pl3_8cc5372d-00b2-49fc-a8b3-284385a8db59.png?v=1772789762 | https://cdn.shopify.com/s/files/1/0715/1704/5040/files/pl5_1d47d224-a168-4180-b516-960e87e131b9.png?v=1772789762,2024-10-22T10:54:08+05:30,2026-09-08T08:56:48+05:30
Crompton,Crompton HDEF Exhaust Fan,Exhaust Fans,"Domex Fan, Industrial Fans",crompton-hdef-exhaust-fan-2,https://www.crompton.co.in/products/crompton-hdef-exhaust-fan-2,6249.0,6249.0,Color,Grey :: SKU=EXHD380-4-1-ALPHA :: ₹6249.00,5,https://cdn.shopify.com/s/files/1/0715/1704/5040/files/exhd-alpha.png?v=1728891887 | https://cdn.shopify.com/s/files/1/0715/1704/5040/files/Artboard1_e15f5f87-ccca-46d0-b7b8-86adb671d815.png?v=1728891887 | https://cdn.shopify.com/s/files/1/0715/1704/5040/files/Artboard1copy2_ec44a93f-b8f5-4718-826f-db05ba8071da.png?v=1728891887 | https://cdn.shopify.com/s/files/1/0715/1704/5040/files/Artboard1copy3_7ab58ad2-b5bc-48fa-9f34-850a57cf418a.png?v=1728891887 | https://cdn.shopify.com/s/files/1/0715/1704/5040/files/Artboard1copy_934add04-fbc8-4060-ab19-05957d527168.png?v=1728891887,2024-10-14T13:14:36+05:30,2026-09-08T08:56:48+05:30
Crompton,Crompton HDEF Exhaust Fan,Exhaust Fans,"Domex Fan, Industrial Fans",crompton-hdef-exhaust-fan-1,https://www.crompton.co.in/products/crompton-hdef-exhaust-fan-1,15499.0,15499.0,Color,Grey :: SKU=EXHD600-6-1 :: ₹15499.00,5,https://cdn.shopify.com/s/files/1/0715/1704/5040/files/png-exhd-600.png?v=1728890420 | https://cdn.shopify.com/s/files/1/0715/1704/5040/files/Artboard1_a73f4fb0-b16b-4d50-ae8f-21f252f0d183.png?v=1728890420 | https://cdn.shopify.com/s/files/1/0715/1704/5040/files/Artboard1copy2.png?v=1728890421 | https://cdn.shopify.com/s/files/1/0715/1704/5040/files/Artboard1copy3.png?v=1728890421 | https://cdn.shopify.com/s/files/1/0715/1704/5040/files/Artboard1copy_eb0e5a9c-1736-4a0b-a668-28fed9105604.png?v=1728890421,2024-10-14T12:47:37+05:30,2026-09-08T08:56:48+05:30
Crompton,Crompton GrandArt Box 90cm Filterless Chimney with BLDC Motor,Chimneys,"90cm-chimney, Box Chimneys, box-chimney, Built-In Box Chimney",crompton-grandart-inverter-motor-box-90cm-filterless-chimney,https://www.crompton.co.in/products/crompton-grandart-inverter-motor-box-90cm-filterless-chimney,60790.0,60790.0,Color,Midnight black :: SKU=CHD-GAVB90FLE-MBL :: ₹60790.00,8,https://cdn.shopify.com/s/files/1/0715/1704/5040/files/grandartiselandbox90.png?v=1727430068 | https://cdn.shopify.com/s/files/1/0715/1704/5040/files/pl1_0223027f-ad73-4b14-aa71-caf6cddde979.png?v=1727430068 | https://cdn.shopify.com/s/files/1/0715/1704/5040/files/pl3_b7c03a20-1632-4d40-8ae6-477dc0c3724d.png?v=1727430068 | https://cdn.shopify.com/s/files/1/0715/1704/5040/files/grand_art_iseland_90_box_pl_5.png?v=1733132460 | https://cdn.shopify.com/s/files/1/0715/1704/5040/files/pl5_4dd986e5-faae-4fbd-aeb1-becb1d0e44fe.png?v=1727430068 | https://cdn.shopify.com/s/files/1/0715/1704/5040/files/pl6_bb8215c3-9dfa-4768-b4c8-9de062c97415.png?v=1727430068 | https://cdn.shopify.com/s/files/1/0715/1704/5040/files/pl7_086b6ded-d47e-47d6-b643-e98a6f0c0a3c.png?v=1727430067 | https://cdn.shopify.com/s/files/1/0715/1704/5040/files/pl8_c9ec8876-3789-4f6a-86b4-d01c5bbb114d.png?v=1727430068,2024-09-27T15:10:32+05:30,2026-09-08T08:56:48+05:30
Crompton,Crompton GrandArt Inclined 90cm Filter less Chimney with BLDC Motor,Chimneys,"90cm-chimney, Built-In Inclined Chimney, Inclined Chimneys, inclined-chimney",crompton-grandart-inverter-motor-inclined-90cm-filterless-chimney,https://www.crompton.co.in/products/crompton-grandart-inverter-motor-inclined-90cm-filterless-chimney,58890.0,58890.0,Color,Midnight black :: SKU=CHD-GAVI90FLE-MBL :: ₹58890.00,8,https://cdn.shopify.com/s/files/1/0715/1704/5040/files/grandartincld90.png?v=1727432069 | https://cdn.shopify.com/s/files/1/0715/1704/5040/files/pl1_20cbb698-01af-4da6-afd8-7b0c20f6471b.png?v=1727432069 | https://cdn.shopify.com/s/files/1/0715/1704/5040/files/grand_art_incld_90_pl_5.png?v=1733133217 | https://cdn.shopify.com/s/files/1/0715/1704/5040/files/pl5_f5500928-8be1-4946-837f-4ffe912d06dd.png?v=1727432069 | https://cdn.shopify.com/s/files/1/0715/1704/5040/files/pl6_9d8b6ae2-bac9-4c9b-91d6-d5b667ffdee6.png?v=1727432069 | https://cdn.shopify.com/s/files/1/0715/1704/5040/files/pl7_c61a9059-7844-4bca-b865-6b8c8d8d866d.png?v=1727432069 | https://cdn.shopify.com/s/files/1/0715/1704/5040/files/pl8_29cf1612-d0ba-47ff-a19c-32713b1eb520.png?v=1727432068 | https://cdn.shopify.com/s/files/1/0715/1704/5040/files/pl3_a49c6323-153d-41e3-8d3a-d7bc51579f1d.png?v=1727432069,2024-09-27T15:42:46+05:30,2026-09-08T08:56:48+05:30
Crompton,Crompton High Speed Aura | Star Rated Ceiling Fan,Ceiling Fans,"Designer Fans, High Speed Fans, new price, type-designer-fans",crompton-high-speed-aura-star-rated-ceiling-fan,https://www.crompton.co.in/products/crompton-high-speed-aura-star-rated-ceiling-fan,5059.0,5059.0,Color,Ivory :: SKU=CFHSAUR56IVY1Z :: ₹5059.00 | New White :: SKU=CFHSAUR56WHT1Z :: ₹5059.00,11,https://cdn.shopify.com/s/files/1/0715/1704/5040/files/HSAura_Ivory_1400mm_1angle_437a188f-d8c5-4824-97dd-e52ce4dc402c.png?v=1772789757 | https://cdn.shopify.com/s/files/1/0715/1704/5040/files/HSAURAivory1400mmPl1_3_1_57865dc2-89f5-459b-ab63-2eba6ca53d3e.jpg?v=1772789757 | https://cdn.shopify.com/s/files/1/0715/1704/5040/files/HSAURAivory1400mmPl4_2_1_3c504319-fb61-485d-b0b7-8ea244d44c99.jpg?v=1772789757 | https://cdn.shopify.com/s/files/1/0715/1704/5040/files/HSAURAivory1400mmPl6_2_1_1397cdc2-6f0d-487b-b6d3-61669e052801.jpg?v=1772789757 | https://cdn.shopify.com/s/files/1/0715/1704/5040/files/Aura_Ivory_1.jpg?v=1772789757 | https://cdn.shopify.com/s/files/1/0715/1704/5040/files/First.jpg?v=1772789757 | https://cdn.shopify.com/s/files/1/0715/1704/5040/files/Aura_1_Opel_White_b99dbdd6-5bbd-4c81-8979-966874e1de81.jpg?v=1772789757 | https://cdn.shopify.com/s/files/1/0715/1704/5040/files/Aura_3_540ab323-420a-43ec-b268-c98f10cd3325.jpg?v=1772789757 | https://cdn.shopify.com/s/files/1/0715/1704/5040/files/Aura_5_52cf880e-7833-4fc9-b7bf-98e9769998df.jpg?v=1772789757 | https://cdn.shopify.com/s/files/1/0715/1704/5040/files/crompton-high-speed-aura-star-rated-ceiling-fan.jpg?v=1772789757 | https://cdn.shopify.com/s/files/1/0715/1704/5040/files/Aura_2_Opel_White_6dc6762b-a007-43b2-afbc-4b394c16f1b7.jpg?v=1772789757,2024-09-09T17:00:47+05:30,2026-09-08T08:56:48+05:30
Crompton,Crompton Premion Avancer Swirl | Ceiling Fan,Ceiling Fans,"Avancer Swirl, Designer Fans, Energy Efficient, Lifestyle fans, new price, Premion",crompton-premion-avancer-swirl-ceiling-fan,https://www.crompton.co.in/products/crompton-premion-avancer-swirl-ceiling-fan,7499.0,7499.0,Color,Conch Cream :: SKU=CFPRSWLAD48CCR2Z :: ₹7499.00 | Ice Coffee :: SKU=CFPRSWLAD48COF2Z :: ₹7499.00 | Shadow Grey :: SKU=CFPRSWLAD48SGR2Z :: ₹7499.00 | Dark Sapphire :: SKU=CFPRSWLAD48DSP2Z :: ₹7499.00 | Americano Brown :: SKU=CFPRSWLAD48ABR2Z :: ₹7499.00 | Cocoa Gold :: SKU=CFPRSWLAD48CCG2Z :: ₹7499.00,42,https://cdn.shopify.com/s/files/1/0715/1704/5040/files/conch-crm.png?v=1772789746 | https://cdn.shopify.com/s/files/1/0715/1704/5040/files/swirl-conch-creme-pl-1.png?v=1772789746 | https://cdn.shopify.com/s/files/1/0715/1704/5040/files/pl5_9283a2d9-774e-4c10-866d-263c8219cf0c.png?v=1772789746 | https://cdn.shopify.com/s/files/1/0715/1704/5040/files/pl2_b7e81aa2-4da3-4c46-bc31-7089d2f8fa90.png?v=1772789746 | https://cdn.shopify.com/s/files/1/0715/1704/5040/files/PLConchCream.jpg?v=1772789746 | https://cdn.shopify.com/s/files/1/0715/1704/5040/files/PLConchCream2.jpg?v=1772789746 | https://cdn.shopify.com/s/files/1/0715/1704/5040/files/pl4_45fbd95c-cd8f-47e3-808f-285c2754971d.png?v=1772789746 | https://cdn.shopify.com/s/files/1/0715/1704/5040/files/ice-coffee.png?v=1772789746 | https://cdn.shopify.com/s/files/1/0715/1704/5040/files/swirl-ice-coffee-p-1.png?v=1772789747 | https://cdn.shopify.com/s/files/1/0715/1704/5040/files/pl5_ed477e87-8aad-4655-bdf2-80c1a382673c.png?v=1772789746 | https://cdn.shopify.com/s/files/1/0715/1704/5040/files/pl2_2ac59c94-6166-40ad-b164-43c422db4b4d.png?v=1772789746 | https://cdn.shopify.com/s/files/1/0715/1704/5040/files/Artboard1_12b98d73-9dad-448f-9c08-680de6f1c8e4.jpg?v=1772789746 | https://cdn.shopify.com/s/files/1/0715/1704/5040/files/Artboard2_012357db-4dbc-48b2-a5db-d754a47a15d6.jpg?v=1772789746 | https://cdn.shopify.com/s/files/1/0715/1704/5040/files/pl-4.png?v=1772789746 | https://cdn.shopify.com/s/files/1/0715/1704/5040/files/grey_067166d5-8a26-4aea-8525-69de06de1a1b.png?v=1772789746 | https://cdn.shopify.com/s/files/1/0715/1704/5040/files/swirl-grey-pl-1.png?v=1772789746 | https://cdn.shopify.com/s/files/1/0715/1704/5040/files/pl5_f86701ba-abc9-4ee3-8316-df269ed94be0.png?v=1772789746 | https://cdn.shopify.com/s/files/1/0715/1704/5040/files/pl2_12c381e2-7b3e-47af-9916-f0f4c41e8436.png?v=1772789746 | https://cdn.shopify.com/s/files/1/0715/1704/5040/files/Artboard3_622d749b-0399-4594-a737-a85f9bd98071.jpg?v=1772789746 | https://cdn.shopify.com/s/files/1/0715/1704/5040/files/Artboard4_ce83164e-d618-470c-aa11-714f86f25c9a.jpg?v=1772789746 | https://cdn.shopify.com/s/files/1/0715/1704/5040/files/pl4_b96b5ae4-b931-45d0-a088-0832c26ae0de.png?v=1772789746 | https://cdn.shopify.com/s/files/1/0715/1704/5040/files/drk-sapphire.png?v=1772789746 | https://cdn.shopify.com/s/files/1/0715/1704/5040/files/swirl-dark-sapphire-pl-1.png?v=1772789747 | https://cdn.shopify.com/s/files/1/0715/1704/5040/files/pl5_9fb9f864-9f07-41f3-8dcd-f0bc3c8f4e0b.png?v=1772789746 | https://cdn.shopify.com/s/files/1/0715/1704/5040/files/pl2_6675c2e2-29c8-4850-b3cd-7bcef2528031.png?v=1772789746 | https://cdn.shopify.com/s/files/1/0715/1704/5040/files/Artboard5_74803171-acd6-4eb7-8334-4c6d5abfb970.jpg?v=1772789745 | https://cdn.shopify.com/s/files/1/0715/1704/5040/files/Artboard6_2d19d88d-8e27-4026-bc37-5bd7214e17ab.jpg?v=1772789745 | https://cdn.shopify.com/s/files/1/0715/1704/5040/files/pl4_cd3287b5-56a4-4f07-b627-aac9a627adf8.png?v=1772789747 | https://cdn.shopify.com/s/files/1/0715/1704/5040/files/americano.png?v=1772789746 | https://cdn.shopify.com/s/files/1/0715/1704/5040/files/swirl-americano-brwn-pl.png?v=1772789747 | https://cdn.shopify.com/s/files/1/0715/1704/5040/files/swirl-pl-5.png?v=1772789747 | https://cdn.shopify.com/s/files/1/0715/1704/5040/files/swirl-pl-2.png?v=1772789747 | https://cdn.shopify.com/s/files/1/0715/1704/5040/files/Artboard7_1fa83d33-f247-4cd4-898d-da331137c0b5.jpg?v=1772789746 | https://cdn.shopify.com/s/files/1/0715/1704/5040/files/Artboard8_b231c528-539a-44c0-8ed1-961d9a7b7118.jpg?v=1772789745 | https://cdn.shopify.com/s/files/1/0715/1704/5040/files/swirl-pl-4.png?v=1772789746 | https://cdn.shopify.com/s/files/1/0715/1704/5040/files/cocoa-gld_7e7f4973-2ebf-4576-89e9-8116f489a5e1.png?v=1772789746 | https://cdn.shopify.com/s/files/1/0715/1704/5040/files/swirl-cocoa-gold-pl-1.png?v=1772789747 | https://cdn.shopify.com/s/files/1/0715/1704/5040/files/pl5_fc6d9333-d0c1-4837-8ccc-b8715ab1370b.png?v=1772789746 | https://cdn.shopify.com/s/files/1/0715/1704/5040/files/pl2_b9c3949a-c7bc-499f-96e6-8b46c21a8543.png?v=1772789746 | https://cdn.shopify.com/s/files/1/0715/1704/5040/files/Artboard9.jpg?v=1772789746 | https://cdn.shopify.com/s/files/1/0715/1704/5040/files/Artboard10.jpg?v=1772789746 | https://cdn.shopify.com/s/files/1/0715/1704/5040/files/pl4_c95ea12d-7e5e-45e4-a388-9aad00317a3b.png?v=1772789746,2024-08-28T11:21:12+05:30,2026-09-08T08:56:48+05:30
Crompton,Crompton Premion Aura 2 | 4 Blade Ceiling Fan,Ceiling Fans,"Aura2 - 4 blade, Energy Efficient, Lifestyle fans, new price, Premion",crompton-premion-aura-2-4-blade-ceiling-fan,https://www.crompton.co.in/products/crompton-premion-aura-2-4-blade-ceiling-fan,7999.0,7999.0,Color,Carbon Silver :: SKU=CFPRAUR4B48CSL2Z :: ₹7999.00 | Irish Coffee :: SKU=CFPRAUR4B48ICF2Z :: ₹7999.00 | Ocean Blue :: SKU=CFPRAUR4B48OBL2Z :: ₹7999.00 | Pearl White :: SKU=CFPRAUR4B48PWT2Z :: ₹7999.00,28,https://cdn.shopify.com/s/files/1/0715/1704/5040/files/png_cbdae71b-0258-4c15-a9ec-5ef3d49aa1e3.png?v=1772789755 | https://cdn.shopify.com/s/files/1/0715/1704/5040/files/pl1_5c53f91d-092f-4d1a-a106-46662210c926.png?v=1772789756 | https://cdn.shopify.com/s/files/1/0715/1704/5040/files/pl5_d859ea02-ca82-4235-a04c-5009d9e83280.png?v=1772789755 | https://cdn.shopify.com/s/files/1/0715/1704/5040/files/pl2_2_5bf7f2d9-0869-4ecc-a81c-676d2ab5e641.jpg?v=1772789754 | https://cdn.shopify.com/s/files/1/0715/1704/5040/files/PL1_395ab6a5-e2ee-4af6-8976-128dda96b4d2.jpg?v=1772789754 | https://cdn.shopify.com/s/files/1/0715/1704/5040/files/Artboard1_7263ef0b-27ce-4246-b76c-42e1d476c049.jpg?v=1772789754 | https://cdn.shopify.com/s/files/1/0715/1704/5040/files/pl4_7184d8c8-10b2-44ae-bf12-3bc0de60fdb4.png?v=1772789757 | https://cdn.shopify.com/s/files/1/0715/1704/5040/files/Untitled-1_f819978f-ddd3-4cb6-b518-68154f39136c.png?v=1772789755 | https://cdn.shopify.com/s/files/1/0715/1704/5040/files/pl1_e50dd521-df63-41ed-955b-a250b70ff00b.png?v=1772789755 | https://cdn.shopify.com/s/files/1/0715/1704/5040/files/pl5_a5e4b4c0-e91b-4305-b079-1d1f9a081d84.png?v=1772789756 | https://cdn.shopify.com/s/files/1/0715/1704/5040/files/pl2_1_3388ee46-f869-48f7-9974-b2ed94e47b94.jpg?v=1772789754 | https://cdn.shopify.com/s/files/1/0715/1704/5040/files/PL2_c6c3e0ff-390b-46c0-8372-aba69406a35d.jpg?v=1772789755 | https://cdn.shopify.com/s/files/1/0715/1704/5040/files/Artboard2_49ddbc99-b07e-4ca2-a9dc-7ea8fa516b42.jpg?v=1772789754 | https://cdn.shopify.com/s/files/1/0715/1704/5040/files/pl4_eb145504-3aac-4c61-b383-025b62885221.png?v=1772789757 | https://cdn.shopify.com/s/files/1/0715/1704/5040/files/Untitled-1_7768206b-5804-4bac-a672-2b45089e258f.png?v=1772789755 | https://cdn.shopify.com/s/files/1/0715/1704/5040/files/pl1_4fa70a05-cebe-47e3-9cdd-8f3b6650f8ea.png?v=1772789755 | https://cdn.shopify.com/s/files/1/0715/1704/5040/files/pl5_cb4fb953-f973-4ab2-af3c-16990c9999ca.png?v=1772789755 | https://cdn.shopify.com/s/files/1/0715/1704/5040/files/pl2_15e55c69-b87f-4db6-ab77-626ae73d35f9.jpg?v=1772789754 | https://cdn.shopify.com/s/files/1/0715/1704/5040/files/PL3_9c7337ac-b9c4-4114-921a-c09458a8cebe.jpg?v=1772789754 | https://cdn.shopify.com/s/files/1/0715/1704/5040/files/Artboard3_886944f5-6dcc-4ba1-a0bf-19b91e8e8d40.jpg?v=1772789755 | https://cdn.shopify.com/s/files/1/0715/1704/5040/files/pl4_e5b307ec-d031-45d3-a8fb-75ad4df351c1.png?v=1772789755 | https://cdn.shopify.com/s/files/1/0715/1704/5040/files/png_4fba3d74-3a2b-4265-9927-57b31d71f2bf.png?v=1772789755 | https://cdn.shopify.com/s/files/1/0715/1704/5040/files/pl1_9e7fb27c-6bda-476b-96ec-d76ed22e6438.png?v=1772789756 | https://cdn.shopify.com/s/files/1/0715/1704/5040/files/pl5_233d858e-8f4b-4ead-8860-ede98e972241.png?v=1772789755 | https://cdn.shopify.com/s/files/1/0715/1704/5040/files/pl2_3_fbc21701-e426-46f8-a3db-828b1c8f5296.png?v=1772789756 | https://cdn.shopify.com/s/files/1/0715/1704/5040/files/PL4_90b5d766-49b0-4188-9d16-39fcf4b31c57.jpg?v=1772789754 | https://cdn.shopify.com/s/files/1/0715/1704/5040/files/Artboard4_30ec2216-d885-46d5-94a9-be706028ad6f.jpg?v=1772789755 | https://cdn.shopify.com/s/files/1/0715/1704/5040/files/pl4_c0e805ef-03ab-42e6-9c60-ad2069f01baa.png?v=1772789755,2024-08-29T12:50:00+05:30,2026-09-08T08:56:48+05:30
Crompton,Crompton HS Jura | Designer Ceiling Fan,Ceiling Fans,"Designer Fans, High Speed Fans, new price",crompton-hs-jura-designer-ceiling-fan,https://www.crompton.co.in/products/crompton-hs-jura-designer-ceiling-fan,5199.0,5199.0,Color,Dark Cherry Wood :: SKU=CFHSJURDS48DCW1Z :: ₹5199.00 | White Oak :: SKU=CFHSJURDS48OWD1Z :: ₹5199.00 | Light Pine Wood :: SKU=CFHSJURDS48LPW1Z :: ₹5199.00,15,https://cdn.shopify.com/s/files/1/0715/1704/5040/files/dark-cherry.png?v=1772789751 | https://cdn.shopify.com/s/files/1/0715/1704/5040/files/lifestyle.jpg?v=1772789751 | https://cdn.shopify.com/s/files/1/0715/1704/5040/files/long-lasting-built_355f724c-4d63-4452-b455-7e2523c50cbf.jpg?v=1772789751 | https://cdn.shopify.com/s/files/1/0715/1704/5040/files/DarkCherryWood.jpg?v=1772789751 | https://cdn.shopify.com/s/files/1/0715/1704/5040/files/wrrnty.jpg?v=1772789751 | https://cdn.shopify.com/s/files/1/0715/1704/5040/files/white-oak_eea73a9a-0653-40e3-a4f6-e1b1abfb6feb.png?v=1772789751 | https://cdn.shopify.com/s/files/1/0715/1704/5040/files/pl1_f04c2682-fa70-4e7d-ab87-a39f7083bee7.jpg?v=1772789751 | https://cdn.shopify.com/s/files/1/0715/1704/5040/files/pl2_1_f3a6927a-5b2b-4f71-ab25-ea3bba5d1037.jpg?v=1772789751 | https://cdn.shopify.com/s/files/1/0715/1704/5040/files/Whiteoak.jpg?v=1772789751 | https://cdn.shopify.com/s/files/1/0715/1704/5040/files/pl5_7615fa38-d0cd-4109-b12f-8cfb8dbe929a.jpg?v=1772789751 | https://cdn.shopify.com/s/files/1/0715/1704/5040/files/light-pine.png?v=1772789751 | https://cdn.shopify.com/s/files/1/0715/1704/5040/files/pl2_2c0edd40-f7b4-424e-a0ef-f3ed1ca1a290.jpg?v=1772789751 | https://cdn.shopify.com/s/files/1/0715/1704/5040/files/pl1_77ede651-9fa4-47a0-ac47-70f40b192ed4.jpg?v=1772789751 | https://cdn.shopify.com/s/files/1/0715/1704/5040/files/LightPineWood.jpg?v=1772789751 | https://cdn.shopify.com/s/files/1/0715/1704/5040/files/pl5_3bf147b3-68da-4c04-9657-f49a975010ff.jpg?v=1772789751,2024-08-29T10:23:03+05:30,2026-09-08T08:56:48+05:30
Crompton,Crompton New Mount Air Exhuast Fan,Exhaust Fans,,crompton-new-mount-air-exhuast-fan,https://www.crompton.co.in/products/crompton-new-mount-air-exhuast-fan,1649.0,1799.0,Color,Ivory :: SKU=MOUNTAIRNEW4IVY :: ₹1649.00 | Steel Finish :: SKU=MOUNTAIRNEW4STL :: ₹1799.00 | White :: SKU=MOUNTAIRNEW4WHT :: ₹1649.00 | Wooden Finish :: SKU=MOUNTAIRNEW4WOOD :: ₹1799.00,20,https://cdn.shopify.com/s/files/1/0715/1704/5040/files/Untitled-6.png?v=1721125805 | https://cdn.shopify.com/s/files/1/0715/1704/5040/files/1_2_297ed4be-2e61-471d-8e5b-7c9845bc771e.jpg?v=1721897325 | https://cdn.shopify.com/s/files/1/0715/1704/5040/files/2_2_cdd0ff16-49c2-43f2-9eb6-fd1cd652a74f.jpg?v=1721125805 | https://cdn.shopify.com/s/files/1/0715/1704/5040/files/3_2_d33ae877-d7bc-4a04-a241-875994a902b1.jpg?v=1721125805 | https://cdn.shopify.com/s/files/1/0715/1704/5040/files/4_2_0bda581b-32a0-4c5c-944f-c54c80cd0719.jpg?v=1721125805 | https://cdn.shopify.com/s/files/1/0715/1704/5040/files/Untitled-6_238bff1a-3e71-45a7-a8bf-736abe6c2ff9.png?v=1721125850 | https://cdn.shopify.com/s/files/1/0715/1704/5040/files/1_3_4ec49622-926b-4d00-a2db-5ea477512ca4.png?v=1721897325 | https://cdn.shopify.com/s/files/1/0715/1704/5040/files/2_3_31eeae8b-d7e0-4003-9958-793df5c7b7d1.png?v=1721125850 | https://cdn.shopify.com/s/files/1/0715/1704/5040/files/3_3_1ee6fb83-0778-419a-a198-eed280df6dc6.png?v=1721125850 | https://cdn.shopify.com/s/files/1/0715/1704/5040/files/4_3_5c95a8c8-d638-4afb-85e3-fdcdff05044e.png?v=1721125850 | https://cdn.shopify.com/s/files/1/0715/1704/5040/files/Untitled-6_f42fc806-ed64-4327-b4e7-73ee438e6527.png?v=1721125877 | https://cdn.shopify.com/s/files/1/0715/1704/5040/files/1_4_89d9b21b-e4ca-45da-a228-e7585ad5d1a6.jpg?v=1721897325 | https://cdn.shopify.com/s/files/1/0715/1704/5040/files/2_4.jpg?v=1721125878 | https://cdn.shopify.com/s/files/1/0715/1704/5040/files/3_4.jpg?v=1721125878 | https://cdn.shopify.com/s/files/1/0715/1704/5040/files/4_4.jpg?v=1721125878 | https://cdn.shopify.com/s/files/1/0715/1704/5040/files/Untitled-6_0cafa5aa-da78-411c-8d49-dc7eca1f1da3.png?v=1721125953 | https://cdn.shopify.com/s/files/1/0715/1704/5040/files/1_3_fd781caf-4981-48d9-a6a2-58af7d96d5a2.png?v=1721897326 | https://cdn.shopify.com/s/files/1/0715/1704/5040/files/2_3.jpg?v=1721125953 | https://cdn.shopify.com/s/files/1/0715/1704/5040/files/3_3.jpg?v=1721125953 | https://cdn.shopify.com/s/files/1/0715/1704/5040/files/4_3_c1c4f093-7fdd-403b-a02d-98a81a5aa0a2.jpg?v=1721125953,2024-07-16T15:57:39+05:30,2026-09-08T08:56:48+05:30
Crompton,Crompton Premion Avancer Prime 1 Star,Ceiling Fans,"Designer Fans, new price",crompton-premion-avancer-prime-1-star-1-2m,https://www.crompton.co.in/products/crompton-premion-avancer-prime-1-star-1-2m,5859.0,5859.0,Color,Bakers Brown :: SKU=CFHSAVR48BBR1Z :: ₹5859.00 | Conch Cream :: SKU=CFHSAVR48CCR1Z :: ₹5859.00 | Silver White :: SKU=CFPRAVRPM48SWTAD1S :: ₹5859.00,15,https://cdn.shopify.com/s/files/1/0715/1704/5040/files/png_1e803a54-ede1-4345-b0f8-296dc34ce467.png?v=1772789739 | https://cdn.shopify.com/s/files/1/0715/1704/5040/files/1_1.jpg?v=1772789739 | https://cdn.shopify.com/s/files/1/0715/1704/5040/files/2_1.jpg?v=1772789739 | https://cdn.shopify.com/s/files/1/0715/1704/5040/files/3_1_bc6c085e-598e-4902-9501-caa230e8464e.jpg?v=1772789739 | https://cdn.shopify.com/s/files/1/0715/1704/5040/files/avancer-prime-backers-brown-pl.png?v=1772789739 | https://cdn.shopify.com/s/files/1/0715/1704/5040/files/png_c449989d-ac08-47ff-a61e-771c293c0420.png?v=1772789739 | https://cdn.shopify.com/s/files/1/0715/1704/5040/files/1_6dde61b5-becb-4550-af9e-4e7bd4dc1b66.jpg?v=1772789739 | https://cdn.shopify.com/s/files/1/0715/1704/5040/files/2_1aeda635-866c-4121-96c1-acc8b95c63a0.jpg?v=1772789739 | https://cdn.shopify.com/s/files/1/0715/1704/5040/files/3_e75deca8-cbae-4aaa-8afb-ac9a6270346d.jpg?v=1772789739 | https://cdn.shopify.com/s/files/1/0715/1704/5040/files/4_d8b521f8-c9c6-46f3-a511-4087a7cb8204.png?v=1772789740 | https://cdn.shopify.com/s/files/1/0715/1704/5040/files/Whitepng_fc46e1fa-641c-4049-8e4e-d64e0fadfc34.jpg?v=1772789739 | https://cdn.shopify.com/s/files/1/0715/1704/5040/files/1_1_77efe30b-8bdd-4754-a09e-6c2961bd815b.png?v=1772789740 | https://cdn.shopify.com/s/files/1/0715/1704/5040/files/2_1.png?v=1772789739 | https://cdn.shopify.com/s/files/1/0715/1704/5040/files/3_1_125d6332-dd49-400c-b603-956afed0f5e7.png?v=1772789739 | https://cdn.shopify.com/s/files/1/0715/1704/5040/files/4-_1_-_1.png?v=1772789739,2024-07-18T11:17:45+05:30,2026-09-08T08:56:48+05:30
Crompton,Crompton Premion Avancer Prime 1 Star,Ceiling Fans,"Designer Fans, new price",crompton-premion-avancer-prime-1-star-1-4m,https://www.crompton.co.in/products/crompton-premion-avancer-prime-1-star-1-4m,6059.0,6059.0,Color,Bakers Brown :: SKU=CFHSAVR56BBR1Z :: ₹6059.00 | Conch Cream :: SKU=CFHSAVR56CCR1Z :: ₹6059.00,10,https://cdn.shopify.com/s/files/1/0715/1704/5040/files/Copyofpng.png?v=1772789736 | https://cdn.shopify.com/s/files/1/0715/1704/5040/files/Copyof1_1_b98f55bf-1e04-4a44-a901-c80e620a9352.jpg?v=1772789736 | https://cdn.shopify.com/s/files/1/0715/1704/5040/files/Copyof2_1.jpg?v=1772789737 | https://cdn.shopify.com/s/files/1/0715/1704/5040/files/Copyof3_1_c4ae90cf-b19c-47d1-90d4-5e9b29aa2740.jpg?v=1772789736 | https://cdn.shopify.com/s/files/1/0715/1704/5040/files/Copyofavancer-prime-backers-brown-pl.png?v=1772789737 | https://cdn.shopify.com/s/files/1/0715/1704/5040/files/Copyofpng_f680f018-f110-40c4-a6ac-2850bdd5ed4c.png?v=1772789737 | https://cdn.shopify.com/s/files/1/0715/1704/5040/files/Copyof1_bc101d39-9fee-443f-9249-29a94180ae0f.jpg?v=1772789736 | https://cdn.shopify.com/s/files/1/0715/1704/5040/files/Copyof2_25461748-e66f-4aaf-8d19-bb16b48041e3.jpg?v=1772789737 | https://cdn.shopify.com/s/files/1/0715/1704/5040/files/Copyof3.jpg?v=1772789736 | https://cdn.shopify.com/s/files/1/0715/1704/5040/files/Copyof4_3cfbc1a8-6b5a-4f62-91c9-df4bc0488d2a.png?v=1772789737,2024-07-17T16:24:19+05:30,2026-09-08T08:56:48+05:30
Crompton,Crompton Premion Aura Prime  | 1 Star Rated Ceiling Fan,Ceiling Fans,"Designer Fans, new price",crompton-premion-aura-prime-1star-rated-ceiling-fan,https://www.crompton.co.in/products/crompton-premion-aura-prime-1star-rated-ceiling-fan,5359.0,5359.0,Color,Birken Effect :: SKU=CFHSAURPM48BKN1Z :: ₹5359.00 | Butter Scotch :: SKU=CFHSAURPM48BSC1Z :: ₹5359.00 | Dusky Brown :: SKU=CFHSAURPM48DBR1Z :: ₹5359.00 | Husky Gold :: SKU=CFHSAURPM48HGD1Z :: ₹5359.00 | Onyx :: SKU=CFHSAURPM48ONX1Z :: ₹5359.00,21,https://cdn.shopify.com/s/files/1/0715/1704/5040/files/Untitled-5_6cc41df9-483d-4b7a-9eed-41cb65843e3b.png?v=1772789736 | https://cdn.shopify.com/s/files/1/0715/1704/5040/files/birken-pl-1_2a2373a7-8e2a-4736-8895-2457ebee2401.jpg?v=1772789734 | https://cdn.shopify.com/s/files/1/0715/1704/5040/files/birken-pl-3_b7866d64-b0cb-4069-be0d-16a54b111a3f.jpg?v=1772789734 | https://cdn.shopify.com/s/files/1/0715/1704/5040/files/birken-pl-4.jpg?v=1772789734 | https://cdn.shopify.com/s/files/1/0715/1704/5040/files/Untitled-5_4ebbf0b9-e729-4f1c-a313-2d9c9e7108fe.png?v=1772789734 | https://cdn.shopify.com/s/files/1/0715/1704/5040/files/1_2_affad6d7-054f-4486-929a-39d8ee548c0a.png?v=1772789735 | https://cdn.shopify.com/s/files/1/0715/1704/5040/files/2_2_1f416c7c-f4aa-4b50-935d-21bcfa94efbd.png?v=1772789734 | https://cdn.shopify.com/s/files/1/0715/1704/5040/files/3_2_774fdeb9-36bb-4306-9b16-579e12d037ed.png?v=1772789734 | https://cdn.shopify.com/s/files/1/0715/1704/5040/files/4_2_87acf76f-337b-442c-b9e3-09943a908021.png?v=1772789735 | https://cdn.shopify.com/s/files/1/0715/1704/5040/files/Untitled-5_a66b9d79-441e-4f05-b81f-8a9fdaeee457.png?v=1772789734 | https://cdn.shopify.com/s/files/1/0715/1704/5040/files/onyx-pl-1_3e3212e5-f363-4eb9-a28e-c2c2be1724e0.jpg?v=1772789734 | https://cdn.shopify.com/s/files/1/0715/1704/5040/files/onyx-pl-3.jpg?v=1772789734 | https://cdn.shopify.com/s/files/1/0715/1704/5040/files/onyx-pl-4_8177ea26-3a43-4a8f-b3bf-968063c92853.jpg?v=1772789734 | https://cdn.shopify.com/s/files/1/0715/1704/5040/files/Untitled-1_c3292134-cdeb-4ef2-a6b8-3b566541e0bd.png?v=1772789734 | https://cdn.shopify.com/s/files/1/0715/1704/5040/files/butter-scotch-pl-1_e90f4266-eef9-4ca9-8b1b-5730783879bf.jpg?v=1772789734 | https://cdn.shopify.com/s/files/1/0715/1704/5040/files/butter-scotch-pl-3_fa795f8b-fb3e-4c8e-b0a5-d46bc9e4afbb.jpg?v=1772789734 | https://cdn.shopify.com/s/files/1/0715/1704/5040/files/butter-scotch-pl-4_5305db4c-60db-43a4-86dc-0f6b1df42f77.jpg?v=1772789735 | https://cdn.shopify.com/s/files/1/0715/1704/5040/files/Untitled-1_d78643af-a558-4017-9502-499a28bbb0b5.png?v=1772789734 | https://cdn.shopify.com/s/files/1/0715/1704/5040/files/huskey-gold-pl-1_4b830b46-8bae-4d53-a47c-cb019db7647f.jpg?v=1772789734 | https://cdn.shopify.com/s/files/1/0715/1704/5040/files/huskey-gold-pl-3_6b00bbca-a832-4060-b4a7-75fa68683ee9.jpg?v=1772789734 | https://cdn.shopify.com/s/files/1/0715/1704/5040/files/huskey-gold-pl-4_0a0f0180-1c44-43be-bc0f-d10c24157743.jpg?v=1772789734,2024-07-17T10:39:48+05:30,2026-09-08T08:56:48+05:30
Crompton,Crompton Surebreeze Optimus| Ceiling Fan,Ceiling Fans,"Designer Fans, Sure Breeze Fans",crompton-surebreeze-optimus-ceiling-fan,https://www.crompton.co.in/products/crompton-surebreeze-optimus-ceiling-fan,3849.0,3849.0,Color,Brown Gold Shimmer :: SKU=CFSBOPS48BGS1Z :: ₹3849.00 | Copper Gleam :: SKU=CFSBOPS48CPG1Z :: ₹3849.00 | Matte Cloud White :: SKU=CFSBOPS48MCW1Z :: ₹3849.00 | Shimmer Carbon :: SKU=CFSBOPS48SCB1Z :: ₹3849.00,24,https://cdn.shopify.com/s/files/1/0715/1704/5040/files/SurebreezeOptimus_50053d75-a632-4b7c-b524-b4aa826fadd4.png?v=1780039948 | https://cdn.shopify.com/s/files/1/0715/1704/5040/files/SurebreezeOptimus_1.jpg?v=1780039948 | https://cdn.shopify.com/s/files/1/0715/1704/5040/files/SurebreezeOptimus_2.jpg?v=1780039948 | https://cdn.shopify.com/s/files/1/0715/1704/5040/files/SurebreezeOptimus_3.jpg?v=1780039948 | https://cdn.shopify.com/s/files/1/0715/1704/5040/files/SurebreezeOptimus_5.jpg?v=1780039948 | https://cdn.shopify.com/s/files/1/0715/1704/5040/files/SurebreezeOptimus_4.jpg?v=1780039948 | https://cdn.shopify.com/s/files/1/0715/1704/5040/files/SurebreezeOptimus_1f915426-1edd-4f2c-8d67-64de28822751.png?v=1780039948 | https://cdn.shopify.com/s/files/1/0715/1704/5040/files/SurebreezeOptimus1_2f62d3b7-fab6-4218-8b23-47c19ea26af5.jpg?v=1780039948 | https://cdn.shopify.com/s/files/1/0715/1704/5040/files/SurebreezeOptimus2_92ac2e40-7f13-4720-a0a0-962b7f0979be.jpg?v=1780039948 | https://cdn.shopify.com/s/files/1/0715/1704/5040/files/SurebreezeOptimus3_96476d54-4971-49bd-b02c-e78d371324d6.jpg?v=1780039948 | https://cdn.shopify.com/s/files/1/0715/1704/5040/files/SurebreezeOptimus4.jpg?v=1780039948 | https://cdn.shopify.com/s/files/1/0715/1704/5040/files/SurebreezeOptimus5.jpg?v=1780039948 | https://cdn.shopify.com/s/files/1/0715/1704/5040/files/SurebreezeOptimus_c6157c0e-cf33-447b-bb80-37f37b3f5bad.png?v=1780039948 | https://cdn.shopify.com/s/files/1/0715/1704/5040/files/SurebreezeOptimus_01.jpg?v=1780039948 | https://cdn.shopify.com/s/files/1/0715/1704/5040/files/SurebreezeOptimus_02.jpg?v=1780039948 | https://cdn.shopify.com/s/files/1/0715/1704/5040/files/SurebreezeOptimus_03.jpg?v=1780039948 | https://cdn.shopify.com/s/files/1/0715/1704/5040/files/SurebreezeOptimus_04.jpg?v=1780039948 | https://cdn.shopify.com/s/files/1/0715/1704/5040/files/SurebreezeOptimus_05.jpg?v=1780039948 | https://cdn.shopify.com/s/files/1/0715/1704/5040/files/Artboard5_35d7279d-cb8f-4c0b-9b65-f7f21b74aaa2.png?v=1780039948 | https://cdn.shopify.com/s/files/1/0715/1704/5040/files/Artboard1_f7c39149-ae15-4335-91df-c21677b27262.jpg?v=1780039948 | https://cdn.shopify.com/s/files/1/0715/1704/5040/files/Artboard2_81f94c6b-e687-4151-9a5e-3be4bb868439.jpg?v=1780039948 | https://cdn.shopify.com/s/files/1/0715/1704/5040/files/Artboard3_635194fe-050a-431c-b335-b0d3ed1b25f2.jpg?v=1780039948 | https://cdn.shopify.com/s/files/1/0715/1704/5040/files/Artboard6_8e3d7db9-4f64-47f7-89da-1418d08d9459.jpg?v=1780039948 | https://cdn.shopify.com/s/files/1/0715/1704/5040/files/Artboard4_412926ac-5abf-44bf-a974-99225f734fcf.jpg?v=1780039948,2024-07-16T15:21:29+05:30,2026-09-08T08:56:48+05:30
Crompton,Crompton Energion Groove Regmote BLDC Ceiling Fan,Ceiling Fans,"Bldc Fans, Energy Efficient, new price",crompton-energion-groove-regmote-bldc-ceiling-fan,https://www.crompton.co.in/products/crompton-energion-groove-regmote-bldc-ceiling-fan,6549.0,7299.0,Color,Brown :: SKU=CFENGRVGM48BRN5Z :: ₹6549.00 | Opal White :: SKU=CFENGRVGM48OPW5Z :: ₹6549.00 | Ivory :: SKU=CFENGRVGM48IVY5Z :: ₹6549.00 | Coffee Brown :: SKU=CFENGRVGM48CBR5Z :: ₹6799.00 | Satin Sand :: SKU=CFENGRVGM48SSD5Z :: ₹6799.00 | Onyx :: SKU=CFENGRVGM48ONX5Z :: ₹6799.00 | Titanium Effect :: SKU=CFENGRVGM48TTN5Z :: ₹6799.00 | Conch Cream :: SKU=CFENGRVGM48CCR5Z :: ₹6799.00 | Light Pine Wood :: SKU=CFENGRVGM48LPW5Z :: ₹7299.00 | Dark Cherry Wood :: SKU=CFENGRVGM48DCW5Z :: ₹7299.00,60,https://cdn.shopify.com/s/files/1/0715/1704/5040/files/Groove-Regmote-_Brown__1-angle-main_60c308f1-48d2-4619-b843-34cb5d01306a.png?v=1772789727 | https://cdn.shopify.com/s/files/1/0715/1704/5040/files/energion-groove-pl-1_77f2f357-a5ed-4e4c-90d5-052f70c3d136.jpg?v=1772789726 | https://cdn.shopify.com/s/files/1/0715/1704/5040/files/energion-groove-pl-3_f32b91b6-8116-4c58-ae1a-74aa6718d054.jpg?v=1772789726 | https://cdn.shopify.com/s/files/1/0715/1704/5040/files/Brown_Fold_4_1cf7ade6-a721-47be-b848-253745967cfe.jpg?v=1772789726 | https://cdn.shopify.com/s/files/1/0715/1704/5040/files/energion-groove-pl-4_0ba91c28-ea42-4da4-bfee-30dcb03e36b1.jpg?v=1772789726 | https://cdn.shopify.com/s/files/1/0715/1704/5040/files/Brown_Fold_6_165d31d0-a4f7-4c69-9707-2cd0f17ded58.jpg?v=1772789726 | https://cdn.shopify.com/s/files/1/0715/1704/5040/files/Cromair-Regmote-_Opal-White__1-angle_016c8238-f22a-4557-bdcf-ceb37066f623.png?v=1772789726 | https://cdn.shopify.com/s/files/1/0715/1704/5040/files/1_3_b0d7f84d-68a3-4ff6-95a7-bd19d00afa51.png?v=1772789728 | https://cdn.shopify.com/s/files/1/0715/1704/5040/files/2_2.png?v=1772789728 | https://cdn.shopify.com/s/files/1/0715/1704/5040/files/Opal_White_Fold_4_ea09eebd-c785-47fb-ba76-9783a655650d.jpg?v=1772789726 | https://cdn.shopify.com/s/files/1/0715/1704/5040/files/Opal_White_Fold_5_fd0784c5-9245-4480-8d31-238b1dfa15f0.jpg?v=1772789726 | https://cdn.shopify.com/s/files/1/0715/1704/5040/files/5_3.png?v=1772789728 | https://cdn.shopify.com/s/files/1/0715/1704/5040/files/Cromair-Regmote-_Ivory__1-angle_5cd82b54-eade-474d-867c-cc1945f38212.png?v=1772789727 | https://cdn.shopify.com/s/files/1/0715/1704/5040/files/1_5cfd5340-9159-487c-9f50-ad858cad6423.png?v=1772789730 | https://cdn.shopify.com/s/files/1/0715/1704/5040/files/2_984bbbe7-cbd9-4ed9-87e1-f21c87f8f6d5.png?v=1772789728 | https://cdn.shopify.com/s/files/1/0715/1704/5040/files/Ivory_Fold_4_cdb930e7-0702-4219-9884-7e02372e9286.jpg?v=1772789726 | https://cdn.shopify.com/s/files/1/0715/1704/5040/files/5_739b7092-4d78-4579-9863-27b8ec1049b4.png?v=1772789727 | https://cdn.shopify.com/s/files/1/0715/1704/5040/files/Ivory_Fold_5_d729c241-a731-4183-a8ef-85bf6805442a.jpg?v=1772789726 | https://cdn.shopify.com/s/files/1/0715/1704/5040/files/Groove-Regmote-_Coffee-Brown__1-angle_7bed252f-e84c-42ca-abd4-eddc4b8ada99.png?v=1772789727 | https://cdn.shopify.com/s/files/1/0715/1704/5040/files/1_9.png?v=1772789728 | https://cdn.shopify.com/s/files/1/0715/1704/5040/files/2_8.png?v=1772789729 | https://cdn.shopify.com/s/files/1/0715/1704/5040/files/Coffee_Brown_Fold_4_c16427e3-0ff3-4a6b-b396-f05ae2ac1e75.jpg?v=1772789727 | https://cdn.shopify.com/s/files/1/0715/1704/5040/files/5_9.png?v=1772789727 | https://cdn.shopify.com/s/files/1/0715/1704/5040/files/Coffee_Brown_Fold_5_f91e99e7-5d99-4208-ae8f-6dd96439d9b9.jpg?v=1772789727 | https://cdn.shopify.com/s/files/1/0715/1704/5040/files/Cromair-Regmote-_Satin-Sand__1-angle_e4d58388-3af0-4d4a-a5e4-cbd254ad0571.png?v=1772789726 | https://cdn.shopify.com/s/files/1/0715/1704/5040/files/Artboard1_c10efea5-b967-4a3e-bcf6-7388e9203c9a.png?v=1772789728 | https://cdn.shopify.com/s/files/1/0715/1704/5040/files/Artboard5_99f6d5f3-4fe9-404e-b34f-719f08d33843.png?v=1772789727 | https://cdn.shopify.com/s/files/1/0715/1704/5040/files/Satin_Sand_Fold_4_9350f959-d8bb-43ef-98d7-101be013e03b.jpg?v=1772789726 | https://cdn.shopify.com/s/files/1/0715/1704/5040/files/Artboard4_b1324031-b493-478e-aa41-8736167f0c08.png?v=1772789727 | https://cdn.shopify.com/s/files/1/0715/1704/5040/files/Satin_Sand_Fold_5_e2b3e5b6-d640-43de-86e1-5e6eb6051e36.jpg?v=1772789726 | https://cdn.shopify.com/s/files/1/0715/1704/5040/files/Cromair-Regmote-_Onyx__1-angle_0c6f348e-d964-4d57-9229-55445189306d.png?v=1772789727 | https://cdn.shopify.com/s/files/1/0715/1704/5040/files/1_4_fb56bab5-7167-4601-a7eb-37f27cdbf809.png?v=1772789728 | https://cdn.shopify.com/s/files/1/0715/1704/5040/files/2_3_9ff57719-3b6c-432a-82eb-bc49f54d651d.png?v=1772789727 | https://cdn.shopify.com/s/files/1/0715/1704/5040/files/Onyx_Fold_4_9f9cdcee-a624-4f51-96ea-16ee85675bae.jpg?v=1772789726 | https://cdn.shopify.com/s/files/1/0715/1704/5040/files/5_4.png?v=1772789727 | https://cdn.shopify.com/s/files/1/0715/1704/5040/files/Onyx_Fold_5_79cfa9cb-5f53-42d8-a51d-b791fdc14536.jpg?v=1772789726 | https://cdn.shopify.com/s/files/1/0715/1704/5040/files/Cromair-Regmote-_Titanium-Effect__1-angle_9abba0e6-6633-4774-82bd-53b2f1726fd4.png?v=1772789727 | https://cdn.shopify.com/s/files/1/0715/1704/5040/files/1_2_05d9f691-5e18-49c7-8240-6082e8c47842.png?v=1772789728 | https://cdn.shopify.com/s/files/1/0715/1704/5040/files/2_1_1.png?v=1772789728 | https://cdn.shopify.com/s/files/1/0715/1704/5040/files/Titanium_Effect_Fold_4_78c150f3-27a5-4fac-be56-a650e89ae0be.jpg?v=1772789727 | https://cdn.shopify.com/s/files/1/0715/1704/5040/files/5_2_2.png?v=1772789727 | https://cdn.shopify.com/s/files/1/0715/1704/5040/files/Titanium_Effect_Fold_5_6090673b-692d-49b3-8005-ca5874498ecf.jpg?v=1772789726 | https://cdn.shopify.com/s/files/1/0715/1704/5040/files/Groove-Regmote-_Conch-Cream__1-angle_773d7032-e897-4780-bf93-cce5c209eebf.png?v=1772789726 | https://cdn.shopify.com/s/files/1/0715/1704/5040/files/1_8.png?v=1772789728 | https://cdn.shopify.com/s/files/1/0715/1704/5040/files/2_7.png?v=1772789728 | https://cdn.shopify.com/s/files/1/0715/1704/5040/files/Conch_Cream_Fold_4_1de5bcfd-abd6-4527-a009-bd1d1f09fe49.jpg?v=1772789726 | https://cdn.shopify.com/s/files/1/0715/1704/5040/files/Conch_Cream_Fold_5_451de310-5df9-4ea2-b90c-18af3c19f324.jpg?v=1772789726 | https://cdn.shopify.com/s/files/1/0715/1704/5040/files/5_8.png?v=1772789728 | https://cdn.shopify.com/s/files/1/0715/1704/5040/files/Cromair-Regmote-_Light-Pinewood__1-angle_d997728c-19fb-4362-996a-14861cd7a398.png?v=1772789727 | https://cdn.shopify.com/s/files/1/0715/1704/5040/files/1_5.png?v=1772789728 | https://cdn.shopify.com/s/files/1/0715/1704/5040/files/2_4_b1121f8b-f2ef-46d2-b8a2-37fbed120840.png?v=1772789729 | https://cdn.shopify.com/s/files/1/0715/1704/5040/files/Light_Pinewood_Fold_4_18172be7-1bae-4fcd-99b7-6ab264f29b14.jpg?v=1772789726 | https://cdn.shopify.com/s/files/1/0715/1704/5040/files/5_5.png?v=1772789727 | https://cdn.shopify.com/s/files/1/0715/1704/5040/files/Light_Pinewood_Fold_5_c0d723b0-7f97-4322-8ca3-2ab60c5b0a92.jpg?v=1772789727 | https://cdn.shopify.com/s/files/1/0715/1704/5040/files/Cromair-Regmote-_Dark-Cherrywood__1-angle_47d4d42a-6967-43eb-a6ee-e1ca545ce6f3.png?v=1772789727 | https://cdn.shopify.com/s/files/1/0715/1704/5040/files/1_7.png?v=1772789728 | https://cdn.shopify.com/s/files/1/0715/1704/5040/files/2_6.png?v=1772789728 | https://cdn.shopify.com/s/files/1/0715/1704/5040/files/Dark_Cherrywood_Fold_4_3ddf7738-b468-4e53-8970-acc1d975bd65.jpg?v=1772789726 | https://cdn.shopify.com/s/files/1/0715/1704/5040/files/Dark_Cherrywood_Fold_5_d1d7bb30-49ff-4e61-8017-1001207d5a90.jpg?v=1772789727 | https://cdn.shopify.com/s/files/1/0715/1704/5040/files/5_7.png?v=1772789727,2024-05-10T19:28:33+05:30,2026-09-08T08:56:48+05:30
Crompton,Crompton Energion Cookie BLDC Ceiling Fan,Ceiling Fans,"Energy Efficient, Energy Efficient Bidc Fans, new price",crompton-energion-cookie-bldc-ceiling-fan,https://www.crompton.co.in/products/crompton-energion-cookie-bldc-ceiling-fan,5499.0,5499.0,Color,Brown :: SKU=CFENCKERM48BRN5Z :: ₹5499.00 | Ivory :: SKU=CFENCKERM48IVY5Z :: ₹5499.00 | Metallic Magic Brown :: SKU=CFENCKERM48MYB5Z :: ₹5499.00 | Opal White :: SKU=CFENCKERM48OPW5Z :: ₹5499.00 | Ivory Black :: SKU=CFENCKERM48IBK5Z :: ₹5499.00 | White Black :: SKU=CFENCKERM48WBK5Z :: ₹5499.00 | Light Pine Wood :: SKU=CFENCKERM48LPW5Z :: ₹5499.00 | Dark Cherry Wood :: SKU=CFENCKERM48DCW5Z :: ₹5499.00,56,https://cdn.shopify.com/s/files/1/0715/1704/5040/files/Energioncookie_Brown__1angle_31c17669-2cf8-4125-82e1-3d2b6279019d.png?v=1772789713 | https://cdn.shopify.com/s/files/1/0715/1704/5040/files/ENERGIONCookiePL02_1_db2af742-5fb4-41fb-bc7c-96a53286b988.jpg?v=1772789712 | https://cdn.shopify.com/s/files/1/0715/1704/5040/files/ENERGIONCookiePL01_a44b509f-5066-40eb-838e-32d40b430f9a.jpg?v=1772789713 | https://cdn.shopify.com/s/files/1/0715/1704/5040/files/Copyofbrwn_05e9e89d-e67a-449c-863a-2f741360cfa8.png?v=1772789713 | https://cdn.shopify.com/s/files/1/0715/1704/5040/files/plcookie.png?v=1772789713 | https://cdn.shopify.com/s/files/1/0715/1704/5040/files/ENERGIONCookiePL04_1_bb3f52f7-685d-4de6-850b-94acd7fc9733.jpg?v=1772789712 | https://cdn.shopify.com/s/files/1/0715/1704/5040/files/Brown_Fold_7_71c737e1-8580-4a63-a53d-a8599f993a4f.jpg?v=1772789712 | https://cdn.shopify.com/s/files/1/0715/1704/5040/files/Energioncookie_Ivory__1angle_c9ee8dff-c12b-454f-a35e-536a03a536fa.png?v=1772789714 | https://cdn.shopify.com/s/files/1/0715/1704/5040/files/Energioncookie_Ivory_-PL2_1_4da40017-213a-437a-a6ac-cd450158af05.jpg?v=1772789712 | https://cdn.shopify.com/s/files/1/0715/1704/5040/files/Energioncookie_Ivory_-PL1_50dfbe38-23f1-4fb9-ad3a-3a7773d8c2b6.jpg?v=1772789712 | https://cdn.shopify.com/s/files/1/0715/1704/5040/files/Copyofivory_b5b44bb2-4f26-4a08-904a-52d0000fc769.png?v=1772789713 | https://cdn.shopify.com/s/files/1/0715/1704/5040/files/Energioncookie_Ivory_-PL3_1_1_37b8b4af-13db-4c3e-89dd-ac58fe5d8ccc.jpg?v=1772789712 | https://cdn.shopify.com/s/files/1/0715/1704/5040/files/Energioncookie_Ivory_-PL4_1.jpg?v=1772789712 | https://cdn.shopify.com/s/files/1/0715/1704/5040/files/Ivory_Fold_7_9c996481-2a87-4197-9bcb-b0aa9fb20668.jpg?v=1772789712 | https://cdn.shopify.com/s/files/1/0715/1704/5040/files/Energioncookie_Black__1angle.png?v=1772789713 | https://cdn.shopify.com/s/files/1/0715/1704/5040/files/Energioncookie_BLACK_2_1_197e6832-c48a-49ba-811e-48a88c1097f5.jpg?v=1772789712 | https://cdn.shopify.com/s/files/1/0715/1704/5040/files/Energioncookie_BLACK_1_1_a38b3dce-fbc2-42f8-8981-b83597ad6233.jpg?v=1772789712 | https://cdn.shopify.com/s/files/1/0715/1704/5040/files/Copyofblck_377c820f-d3d4-405b-96e4-10c67298957e.png?v=1772789712 | https://cdn.shopify.com/s/files/1/0715/1704/5040/files/Energioncookie_BLACK_3_1_060c4b5b-56fb-44cc-aba6-2221c85b33fd.jpg?v=1772789712 | https://cdn.shopify.com/s/files/1/0715/1704/5040/files/Energioncookie_BLACK_4_1_175e2480-9638-4741-be08-2024b12d5580.jpg?v=1772789712 | https://cdn.shopify.com/s/files/1/0715/1704/5040/files/Metallic_Magic_Brown_Fold_7_a1a1d8b1-1b3d-45c5-a326-71d230fa918c.jpg?v=1772789712 | https://cdn.shopify.com/s/files/1/0715/1704/5040/files/Energioncookie_White__1angle_c665a1f8-a20d-4aa0-bc34-283a6f94e853.png?v=1772789712 | https://cdn.shopify.com/s/files/1/0715/1704/5040/files/Energioncookie_White_-PL2_1_befc3ff3-8055-434b-801e-eb05819d0ab2.jpg?v=1772789713 | https://cdn.shopify.com/s/files/1/0715/1704/5040/files/Energioncookie_White_-PL1_1_96baf144-072c-466d-9c97-f3a0af34677b.jpg?v=1772789712 | https://cdn.shopify.com/s/files/1/0715/1704/5040/files/Copyofwrnty-opl-wht_f7c669f6-7301-4e4c-b59f-8a469bee432b.png?v=1772789714 | https://cdn.shopify.com/s/files/1/0715/1704/5040/files/Energioncookie_White_-PL3_1_1_ff3f8753-4224-47ea-b3a3-294527c9a4b3.jpg?v=1772789712 | https://cdn.shopify.com/s/files/1/0715/1704/5040/files/Energioncookie_White_-PL4_1_c62d6975-3f6d-40b1-b153-f6a3c9fd11e5.jpg?v=1772789713 | https://cdn.shopify.com/s/files/1/0715/1704/5040/files/Opal_White_Fold_7_e74ee743-8dff-4170-aa32-cd3059354341.jpg?v=1772789712 | https://cdn.shopify.com/s/files/1/0715/1704/5040/files/Black_Ivory_b78845db-4895-4e3d-a105-faa28e34f717.png?v=1772789713 | https://cdn.shopify.com/s/files/1/0715/1704/5040/files/Artboard2_3d66c8ea-8e05-4614-88e7-927c9b5caa85.png?v=1772789713 | https://cdn.shopify.com/s/files/1/0715/1704/5040/files/Artboard1_2895fae5-4b53-4b44-8b05-7dbfb22eca89.png?v=1772789713 | https://cdn.shopify.com/s/files/1/0715/1704/5040/files/Copyofwrnty-blck-ivory_0ccf1722-acd8-4939-8490-fbb440d4981a.png?v=1772789713 | https://cdn.shopify.com/s/files/1/0715/1704/5040/files/Artboard3_abcda806-f26e-496c-8785-9f94349e9d0e.png?v=1772789713 | https://cdn.shopify.com/s/files/1/0715/1704/5040/files/Artboard4copy2.png?v=1772789713 | https://cdn.shopify.com/s/files/1/0715/1704/5040/files/Ivory_Black_Fold_7_21f56d0b-459a-4e92-84bd-796c907f098b.jpg?v=1772789712 | https://cdn.shopify.com/s/files/1/0715/1704/5040/files/Black_White_22147479-4c3c-4b82-afce-2083665ef409.png?v=1772789713 | https://cdn.shopify.com/s/files/1/0715/1704/5040/files/Artboard2_d7b92590-36b6-459c-a35a-38a241ef7a8a.png?v=1772789713 | https://cdn.shopify.com/s/files/1/0715/1704/5040/files/Artboard1_03c83ec4-3e4e-4749-8f0e-52116543ea29.png?v=1772789713 | https://cdn.shopify.com/s/files/1/0715/1704/5040/files/Copyofwrnty_2.png?v=1772789712 | https://cdn.shopify.com/s/files/1/0715/1704/5040/files/Artboard3_96116d60-4fb4-4a92-8d70-52a18e3da82a.png?v=1772789713 | https://cdn.shopify.com/s/files/1/0715/1704/5040/files/Artboard4copy2_b27909dc-9da8-4aeb-b722-100fc5a872e4.png?v=1772789713 | https://cdn.shopify.com/s/files/1/0715/1704/5040/files/White_Black_Fold_7_ce1a56cb-e434-4ef2-bbdb-641070d08c76.jpg?v=1772789713 | https://cdn.shopify.com/s/files/1/0715/1704/5040/files/LightPinewood_6720823a-0776-47fb-93e2-59435df343b6.png?v=1772789713 | https://cdn.shopify.com/s/files/1/0715/1704/5040/files/Artboard2_81789907-6550-4b4e-bf9f-3715fd1fd88f.png?v=1772789714 | https://cdn.shopify.com/s/files/1/0715/1704/5040/files/Artboard1_3fabcf49-25bd-4467-ad48-bc130b13928f.png?v=1772789713 | https://cdn.shopify.com/s/files/1/0715/1704/5040/files/Copyofwrnty_1_07b657b8-8dc0-4a42-a3b7-6b07f7606ac2.png?v=1772789713 | https://cdn.shopify.com/s/files/1/0715/1704/5040/files/Artboard3_a77a1368-76ea-4fa3-b5d6-cbc0035b8168.png?v=1772789713 | https://cdn.shopify.com/s/files/1/0715/1704/5040/files/Artboard4copy2_5675160a-c85a-4a36-8b90-3fe07c56b11b.png?v=1772789714 | https://cdn.shopify.com/s/files/1/0715/1704/5040/files/Light_Pinewood_Fold_7_8835013f-6e0c-4598-95d3-23902e21a40c.jpg?v=1772789712 | https://cdn.shopify.com/s/files/1/0715/1704/5040/files/DarkCherrywood_a53fd17e-9435-448a-996c-ab4dddf3d0f2.png?v=1772789713 | https://cdn.shopify.com/s/files/1/0715/1704/5040/files/Artboard2_c051f5ae-8f38-4e4a-900b-d8138a98fd47.png?v=1772789713 | https://cdn.shopify.com/s/files/1/0715/1704/5040/files/Artboard1_8d779479-d4f8-4ce9-be9a-3acf6af1c8eb.png?v=1772789713 | https://cdn.shopify.com/s/files/1/0715/1704/5040/files/Copyofwrnty_bb41b0a7-858d-4b2f-9562-9f110d047544.png?v=1772789713 | https://cdn.shopify.com/s/files/1/0715/1704/5040/files/Artboard3_aff247bf-36e6-4b8d-ade2-50312c9d3a33.png?v=1772789713 | https://cdn.shopify.com/s/files/1/0715/1704/5040/files/Artboard4copy2_065d2ff5-e889-42a2-9f40-2e732ab74ee5.png?v=1772789713 | https://cdn.shopify.com/s/files/1/0715/1704/5040/files/Dark_Cherrywood_Fold_7_f9a168b9-885f-4cd9-b231-28be912e422f.jpg?v=1772789712,2023-12-13T16:01:51+05:30,2026-09-08T08:56:48+05:30
Crompton,Crompton Transair Exhaust Fan,Exhaust Fans,Domex Fan,crompton-transair-exhaust-fan-4,https://www.crompton.co.in/products/crompton-transair-exhaust-fan-4,2899.0,2899.0,Color,Grey :: SKU=TA9AG-GRD :: ₹2899.00,4,https://cdn.shopify.com/s/files/1/0715/1704/5040/files/Transair_c319a669-920b-4ed5-a318-2eca33b72d09.png?v=1703670254 | https://cdn.shopify.com/s/files/1/0715/1704/5040/files/transairPL01.2_2_f827ff34-153e-4553-941a-6e597a9cb992.jpg?v=1703670254 | https://cdn.shopify.com/s/files/1/0715/1704/5040/files/transairPL03_3_23dce97b-810a-415a-ac5e-a0e6746313f8.jpg?v=1703670254 | https://cdn.shopify.com/s/files/1/0715/1704/5040/files/transairPL05225_1_3ed67b35-1005-4c05-9c7f-5902343c7169.png?v=1703670254,2023-12-27T15:14:00+05:30,2026-09-08T08:56:48+05:30
Crompton,Crompton Transair Exhaust Fan,Exhaust Fans,Domex Fan,crompton-transair-exhaust-fan-3,https://www.crompton.co.in/products/crompton-transair-exhaust-fan-3,2299.0,2299.0,Color,Grey :: SKU=TA6AG :: ₹2299.00,4,https://cdn.shopify.com/s/files/1/0715/1704/5040/files/Transair_ec2d69af-a720-40fe-9ccf-4317dc727831.png?v=1703669311 | https://cdn.shopify.com/s/files/1/0715/1704/5040/files/transairPL01.2_1.jpg?v=1703669311 | https://cdn.shopify.com/s/files/1/0715/1704/5040/files/transairPL03_2.jpg?v=1703669311 | https://cdn.shopify.com/s/files/1/0715/1704/5040/files/transairPL05150_1.png?v=1703669312,2023-12-27T14:58:13+05:30,2026-09-08T08:56:48+05:30
Crompton,Crompton Transair Exhaust Fan,Exhaust Fans,Domex Fan,crompton-transair-exhaust-fan-2,https://www.crompton.co.in/products/crompton-transair-exhaust-fan-2,3399.0,3399.0,Color,Grey :: SKU=TA12AG-REV :: ₹3399.00,4,https://cdn.shopify.com/s/files/1/0715/1704/5040/files/Transair_aff11425-5a1d-42ef-8dc6-ec84e337fe88.png?v=1703668545 | https://cdn.shopify.com/s/files/1/0715/1704/5040/files/transairPL01.2_3_641eb065-006a-4ce3-b0b2-de846ba1c13b.jpg?v=1703668545 | https://cdn.shopify.com/s/files/1/0715/1704/5040/files/transairPL03_4_875944ac-f318-46de-bd6f-68fbc9ba59c1.jpg?v=1703668545 | https://cdn.shopify.com/s/files/1/0715/1704/5040/files/transairPL05300_1_8380fcae-0521-43b8-973d-267fa03c03bc.png?v=1711027265,2023-12-27T14:45:33+05:30,2026-09-08T08:56:48+05:30
Crompton,Crompton Transair Exhaust Fan,Exhaust Fans,Domex Fan,crompton-transair-exhaust-fan-1,https://www.crompton.co.in/products/crompton-transair-exhaust-fan-1,2999.0,2999.0,Color,Grey :: SKU=TA9AG-REV :: ₹2999.00,4,https://cdn.shopify.com/s/files/1/0715/1704/5040/files/Transair_52fe6ac7-1d4f-4dc6-9c6a-cd1559f59e6c.png?v=1703663454 | https://cdn.shopify.com/s/files/1/0715/1704/5040/files/transairPL01.2_2_5383a57e-3fd0-49fa-9d4e-96b0be650079.jpg?v=1703663454 | https://cdn.shopify.com/s/files/1/0715/1704/5040/files/transairPL03_3_03ae8fa8-5d22-4af3-9b95-7d4cc1431a37.jpg?v=1703663455 | https://cdn.shopify.com/s/files/1/0715/1704/5040/files/transairPL05225_1_05128621-c298-495a-8c99-3f5c7e4d71e3.png?v=1703663455,2023-12-27T13:18:11+05:30,2026-09-08T08:56:48+05:30
Crompton,Crompton Transair Exhaust Fan,Exhaust Fans,Domex Fan,crompton-transair-exhaust-fan,https://www.crompton.co.in/products/crompton-transair-exhaust-fan,3249.0,3249.0,Color,Grey :: SKU=TA12AG-GRD :: ₹3249.00,4,https://cdn.shopify.com/s/files/1/0715/1704/5040/files/Transair.png?v=1703660039 | https://cdn.shopify.com/s/files/1/0715/1704/5040/files/transairPL01.2_3.jpg?v=1703660038 | https://cdn.shopify.com/s/files/1/0715/1704/5040/files/transairPL03_4.jpg?v=1703660038 | https://cdn.shopify.com/s/files/1/0715/1704/5040/files/transairPL05300_1.png?v=1711027102,2023-12-27T12:23:38+05:30,2026-09-08T08:56:48+05:30
Crompton,Crompton HDEF Exhaust Fan,Exhaust Fans,Domex Fan,crompton-hdef-exhaust-fan,https://www.crompton.co.in/products/crompton-hdef-exhaust-fan,8499.0,8499.0,Color,Grey :: SKU=EXHD450-4-1-NEO :: ₹8499.00,6,https://cdn.shopify.com/s/files/1/0715/1704/5040/files/EXHDneo450m_Grey.png?v=1703657519 | https://cdn.shopify.com/s/files/1/0715/1704/5040/files/EXHDneo450mGreydomexPL1_2_1.jpg?v=1703657522 | https://cdn.shopify.com/s/files/1/0715/1704/5040/files/EXHDneo450mGreydomexPL2_2_1.jpg?v=1703657522 | https://cdn.shopify.com/s/files/1/0715/1704/5040/files/EXHDneo450mGreydomexPL3_2_1.jpg?v=1703657518 | https://cdn.shopify.com/s/files/1/0715/1704/5040/files/EXHDneo450mGreydomexPL5_1_1.jpg?v=1703657518 | https://cdn.shopify.com/s/files/1/0715/1704/5040/files/EXHDneo450mGreydomexPL450MM_1.jpg?v=1703657519,2023-12-27T11:41:44+05:30,2026-09-08T08:56:48+05:30
Crompton,Crompton Fluxair Exhaust Fan,Exhaust Fans,Domex Fan,crompton-fluxair-exhaust-fan,https://www.crompton.co.in/products/crompton-fluxair-exhaust-fan,1899.0,1899.0,Color,Grey :: SKU=FLUXAIR9OPW :: ₹1899.00,5,https://cdn.shopify.com/s/files/1/0715/1704/5040/files/Untitled-1_624b45f3-236a-452b-9504-43dd74b25275.png?v=1703656328 | https://cdn.shopify.com/s/files/1/0715/1704/5040/files/FluxAIR225MMGreydomexPLlifestyle.png?v=1703656328 | https://cdn.shopify.com/s/files/1/0715/1704/5040/files/Fluxair225mm_Grey_02_1.jpg?v=1703656328 | https://cdn.shopify.com/s/files/1/0715/1704/5040/files/Fluxair225mm_Grey_PL03_1.jpg?v=1703656328 | https://cdn.shopify.com/s/files/1/0715/1704/5040/files/Fluxair225mm_Grey_PL05_1.jpg?v=1703656328,2023-12-27T11:21:05+05:30,2026-09-08T08:56:48+05:30
Crompton,Crompton Driftair Antidust Exhaust Fan,Exhaust Fans,Domex Fan,crompton-driftair-antidust-exhaust-fan-2,https://www.crompton.co.in/products/crompton-driftair-antidust-exhaust-fan-2,2599.0,2599.0,Color,Grey :: SKU=DRIFTAIRPLSAD12GRY :: ₹2599.00,5,https://cdn.shopify.com/s/files/1/0715/1704/5040/files/02_5c649056-effc-47a6-b827-d1e37a9a3edb.png?v=1703498609 | https://cdn.shopify.com/s/files/1/0715/1704/5040/files/driftairdomexPL01_f655fee4-a502-46e2-9db4-6876feaed7f5.jpg?v=1703498609 | https://cdn.shopify.com/s/files/1/0715/1704/5040/files/driftairdomexPL04_53be6571-3dda-4a51-893d-bb33335d9636.jpg?v=1703498609 | https://cdn.shopify.com/s/files/1/0715/1704/5040/files/driftairPL02_80fc603a-a8ef-417e-9c55-fa09ff70f7d8.jpg?v=1703498610 | https://cdn.shopify.com/s/files/1/0715/1704/5040/files/driftairPL03_059abd53-24ea-47e4-a359-53d3bfdf0834.jpg?v=1703498610,2023-12-25T15:33:18+05:30,2026-09-08T08:56:48+05:30
Crompton,Crompton Driftair Antidust Exhaust Fan,Exhaust Fans,Domex Fan,crompton-driftair-antidust-exhaust-fan-1,https://www.crompton.co.in/products/crompton-driftair-antidust-exhaust-fan-1,2289.0,2289.0,Color,Grey :: SKU=DRIFTAIRPLSAD9GRY :: ₹2289.00,5,https://cdn.shopify.com/s/files/1/0715/1704/5040/files/02_90024ae1-75c4-4836-827c-310c17c0535b.png?v=1703498328 | https://cdn.shopify.com/s/files/1/0715/1704/5040/files/driftairdomexPL01_52e8e4e3-4e45-4397-80bc-a1fb04df6ebb.jpg?v=1703498328 | https://cdn.shopify.com/s/files/1/0715/1704/5040/files/driftairdomexPL04_e5fa58f0-6e34-45e9-b065-4b286c1da5a8.jpg?v=1703498328 | https://cdn.shopify.com/s/files/1/0715/1704/5040/files/driftairPL03_d6d70e61-e3c2-4b16-a21a-b86bf19856aa.jpg?v=1703498328 | https://cdn.shopify.com/s/files/1/0715/1704/5040/files/driftairPL02_640e3b54-9339-4dac-a29b-d8016811c7c6.png?v=1711029168,2023-12-25T15:28:05+05:30,2026-09-08T08:56:48+05:30
Crompton,Crompton Driftair Antidust Exhaust Fan,Exhaust Fans,Domex Fan,crompton-driftair-antidust-exhaust-fan,https://www.crompton.co.in/products/crompton-driftair-antidust-exhaust-fan,2049.0,2049.0,Color,Grey :: SKU=DRIFTAIRPLSAD6GRY :: ₹2049.00,5,https://cdn.shopify.com/s/files/1/0715/1704/5040/files/02_79094853-089f-4f97-bc98-5e6da956ab66.png?v=1703497765 | https://cdn.shopify.com/s/files/1/0715/1704/5040/files/driftairdomexPL01_c46bda82-2e42-4cfb-95ee-1136deb818d4.jpg?v=1703497765 | https://cdn.shopify.com/s/files/1/0715/1704/5040/files/driftairPL03_929cfd89-ab14-4ee7-83d2-6403e87294f1.jpg?v=1711029905 | https://cdn.shopify.com/s/files/1/0715/1704/5040/files/driftairPL02_8b5440c2-4992-486b-8424-f16f150a2400.png?v=1711029905 | https://cdn.shopify.com/s/files/1/0715/1704/5040/files/driftairdomexPL04_5a104364-59b2-4a7d-82f3-431059e47bd9.jpg?v=1711029905,2023-12-25T15:19:15+05:30,2026-09-08T08:56:48+05:30
Crompton,Crompton Driftair Exhaust Fan,Exhaust Fans,Domex Fan,crompton-driftair-exhaust-fan-2,https://www.crompton.co.in/products/crompton-driftair-exhaust-fan-2,2489.0,2599.0,Color,White :: SKU=DRIFTAIRPLUS12OPW :: ₹2489.00 | Grey :: SKU=DRIFTAIRPLUS12GREY :: ₹2599.00,5,https://cdn.shopify.com/s/files/1/0715/1704/5040/files/02_0277bc74-0301-42f9-b90a-939aef156160.png?v=1703495870 | https://cdn.shopify.com/s/files/1/0715/1704/5040/files/driftairdomexPL01_9172f5e2-98f4-4cf4-848a-914fe9930608.jpg?v=1703495870 | https://cdn.shopify.com/s/files/1/0715/1704/5040/files/driftairdomexPL04_c457ad50-d682-44c8-8814-7614f2a17303.jpg?v=1703495870 | https://cdn.shopify.com/s/files/1/0715/1704/5040/files/driftairPL03_a2f26e51-43d8-414c-8610-984179976af4.jpg?v=1703495870 | https://cdn.shopify.com/s/files/1/0715/1704/5040/files/driftairPL02_mobile-349089a8-badd-4256-91de-127d18b1eb27.png?v=1711028720,2023-12-25T14:46:26+05:30,2026-09-08T08:56:48+05:30
Crompton,Crompton Driftair Exhaust Fan,Exhaust Fans,Domex Fan,crompton-driftair-exhaust-fan-1,https://www.crompton.co.in/products/crompton-driftair-exhaust-fan-1,2174.0,2174.0,Color,Grey :: SKU=DRIFTAIRPLUS9OPW :: ₹2174.00,5,https://cdn.shopify.com/s/files/1/0715/1704/5040/files/02_5e332159-c055-4356-8cc4-4405a95754b6.png?v=1703494970 | https://cdn.shopify.com/s/files/1/0715/1704/5040/files/driftairdomexPL01_168e7a1e-1b16-4f41-a703-cdf5e2448762.jpg?v=1703494970 | https://cdn.shopify.com/s/files/1/0715/1704/5040/files/driftairdomexPL04_f0963fdd-0600-47ee-919a-f28da3790b7e.jpg?v=1703494970 | https://cdn.shopify.com/s/files/1/0715/1704/5040/files/driftairPL02_7f74ae04-6ce0-4d51-bc75-3aa0be49e7e9.jpg?v=1703494970 | https://cdn.shopify.com/s/files/1/0715/1704/5040/files/driftairPL03_64812d87-a359-488f-899f-05707672f8ef.jpg?v=1703494970,2023-12-25T14:32:39+05:30,2026-09-08T08:56:48+05:30
Crompton,Crompton Driftair Exhaust Fan,Exhaust Fans,Domex Fan,crompton-driftair-exhaust-fan,https://www.crompton.co.in/products/crompton-driftair-exhaust-fan,1999.0,1999.0,Color,Grey :: SKU=DRIFTAIRPLUS6OPW :: ₹1999.00,5,https://cdn.shopify.com/s/files/1/0715/1704/5040/files/02.png?v=1703488988 | https://cdn.shopify.com/s/files/1/0715/1704/5040/files/driftairdomexPL01.jpg?v=1703488987 | https://cdn.shopify.com/s/files/1/0715/1704/5040/files/driftairdomexPL04.jpg?v=1703488988 | https://cdn.shopify.com/s/files/1/0715/1704/5040/files/driftairPL02_c294b22c-3242-410c-85d8-1b559ea67986.png?v=1712558727 | https://cdn.shopify.com/s/files/1/0715/1704/5040/files/driftairPL03.jpg?v=1712558727,2023-12-25T12:52:41+05:30,2026-09-08T08:56:48+05:30
Crompton,Crompton Axial Air Exhaust Fan,Exhaust Fans,Domex Fan,crompton-axial-air-exhaust-fan,https://www.crompton.co.in/products/crompton-axial-air-exhaust-fan,1499.0,1599.0,Color,Ivory :: SKU=AXIALAIR4IVY :: ₹1499.00 | White :: SKU=AXIALAIR4WHT :: ₹1499.00 | Black :: SKU=AXIALAIR6BLK :: ₹1599.00,18,https://cdn.shopify.com/s/files/1/0715/1704/5040/files/ivory100.png?v=1703483061 | https://cdn.shopify.com/s/files/1/0715/1704/5040/files/axialairPL02.jpg?v=1703483061 | https://cdn.shopify.com/s/files/1/0715/1704/5040/files/axialairdomexivoryPL1_1.jpg?v=1703483061 | https://cdn.shopify.com/s/files/1/0715/1704/5040/files/axialairivorydomex100PL3.jpg?v=1703483061 | https://cdn.shopify.com/s/files/1/0715/1704/5040/files/axialairPL01.jpg?v=1703483061 | https://cdn.shopify.com/s/files/1/0715/1704/5040/files/axialairPL05.jpg?v=1703483061 | https://cdn.shopify.com/s/files/1/0715/1704/5040/files/white100.png?v=1703483061 | https://cdn.shopify.com/s/files/1/0715/1704/5040/files/axialair_whitePL02_1.jpg?v=1703483061 | https://cdn.shopify.com/s/files/1/0715/1704/5040/files/axialairdomexwhitePL1_2.jpg?v=1703483057 | https://cdn.shopify.com/s/files/1/0715/1704/5040/files/axialairwhitedomex100PL04.jpg?v=1703483057 | https://cdn.shopify.com/s/files/1/0715/1704/5040/files/axialair_whitePL05_1.jpg?v=1703483055 | https://cdn.shopify.com/s/files/1/0715/1704/5040/files/axialair_WhitePL01_1.jpg?v=1703483055 | https://cdn.shopify.com/s/files/1/0715/1704/5040/files/black150.png?v=1703483311 | https://cdn.shopify.com/s/files/1/0715/1704/5040/files/axialairdomexPL2_1.jpg?v=1703483336 | https://cdn.shopify.com/s/files/1/0715/1704/5040/files/axialairdomex150MMPL4.jpg?v=1703483336 | https://cdn.shopify.com/s/files/1/0715/1704/5040/files/AxialAirdomex05.jpg?v=1703483336 | https://cdn.shopify.com/s/files/1/0715/1704/5040/files/axialairdomexPL1_1.jpg?v=1703483336 | https://cdn.shopify.com/s/files/1/0715/1704/5040/files/axialairdomexPL3_1.jpg?v=1703483318,2023-12-25T11:12:05+05:30,2026-09-08T08:56:48+05:30
Crompton,Crompton Premion Aura 2 Designer 1 Star,Ceiling Fans,"Aura2 Designer, Featured Fans, Lifestyle fans, new price, Premion",crompton-premion-aura-2-designer-1-star,https://www.crompton.co.in/products/crompton-premion-aura-2-designer-1-star,6529.0,6529.0,Color,Titanium Effect :: SKU=CFPRAUR2D48TRG1Z :: ₹6529.00,6,https://cdn.shopify.com/s/files/1/0715/1704/5040/files/1_a717e48f-7fec-4e2a-a113-ff52b8d7f678.png?v=1772789720 | https://cdn.shopify.com/s/files/1/0715/1704/5040/files/aura2titaniumPL05_4.jpg?v=1772789720 | https://cdn.shopify.com/s/files/1/0715/1704/5040/files/aura2titaniumPL01_3.jpg?v=1772789720 | https://cdn.shopify.com/s/files/1/0715/1704/5040/files/aura2titaniumPL03_1.jpg?v=1772789721 | https://cdn.shopify.com/s/files/1/0715/1704/5040/files/aura2titaniumPL04_4.jpg?v=1772789720 | https://cdn.shopify.com/s/files/1/0715/1704/5040/files/AuraTitaniumPL04_1.jpg?v=1772789720,2023-12-25T10:38:26+05:30,2026-09-08T08:56:48+05:30
Crompton,Crompton High Speed Toro | Star Rated Ceiling Fan,Ceiling Fans,"Designer Fans, High Speed Fans, new price, type-anti-dust-fans, type-best-sellers, type-designer-fans, type-new-arrival",crompton-high-speed-toro-star-rated-ceiling-fan,https://www.crompton.co.in/products/crompton-high-speed-toro-star-rated-ceiling-fan,4549.0,4549.0,Color,Magic Brown :: SKU=CFHSTORAD48MBR1Z :: ₹4549.00 | Birken Effect :: SKU=CFHSTORAD48BKN1Z :: ₹4549.00 | Silver Magic White :: SKU=CFHSTORAD48SMW1Z :: ₹4549.00 | Warm Grey :: SKU=CFHSTORAD48WGR1Z :: ₹4549.00,20,https://cdn.shopify.com/s/files/1/0715/1704/5040/files/magicbrown.1204.png?v=1772789720 | https://cdn.shopify.com/s/files/1/0715/1704/5040/files/brown_7393fcbf-3717-44cf-be1b-b5ac483b8b6f.png?v=1772789719 | https://cdn.shopify.com/s/files/1/0715/1704/5040/files/1_c26efb42-4bab-4022-8336-6bafacb1e70f.png?v=1772789718 | https://cdn.shopify.com/s/files/1/0715/1704/5040/files/2_5c43c2c8-a013-41b9-808f-706c64f50711.png?v=1772789720 | https://cdn.shopify.com/s/files/1/0715/1704/5040/files/5_dae0967d-dbf7-4062-883a-d6c128a7302d.png?v=1772789720 | https://cdn.shopify.com/s/files/1/0715/1704/5040/files/birkengold.1204.png?v=1772789718 | https://cdn.shopify.com/s/files/1/0715/1704/5040/files/gold.png?v=1772789719 | https://cdn.shopify.com/s/files/1/0715/1704/5040/files/1_572ad0d0-59d4-42c3-92eb-7f02eebf2325.png?v=1772789719 | https://cdn.shopify.com/s/files/1/0715/1704/5040/files/2_eb2e1c80-bb1b-4a10-ab6f-92a0cfd502a9.png?v=1772789719 | https://cdn.shopify.com/s/files/1/0715/1704/5040/files/5_cc9f6a7c-afcf-4529-a513-89a08b7b2905.png?v=1772789719 | https://cdn.shopify.com/s/files/1/0715/1704/5040/files/silvermagicwhite.png?v=1772789718 | https://cdn.shopify.com/s/files/1/0715/1704/5040/files/white_078b8ecd-4e1a-4954-a9b9-b34495f34e2c.png?v=1772789719 | https://cdn.shopify.com/s/files/1/0715/1704/5040/files/1_2ed1e91a-2d17-48d9-b611-2038b8121fd9.png?v=1772789720 | https://cdn.shopify.com/s/files/1/0715/1704/5040/files/2_78ceefd1-190f-4bca-9df7-c28d8e7662ce.png?v=1772789720 | https://cdn.shopify.com/s/files/1/0715/1704/5040/files/5_2a62f44f-be57-4055-965a-583b29f3a8ed.png?v=1772789718 | https://cdn.shopify.com/s/files/1/0715/1704/5040/files/warmgrey.png?v=1772789718 | https://cdn.shopify.com/s/files/1/0715/1704/5040/files/grey.png?v=1772789719 | https://cdn.shopify.com/s/files/1/0715/1704/5040/files/1_4853dbf7-3ab2-4d84-97c0-bab27f5eb6b0.png?v=1772789719 | https://cdn.shopify.com/s/files/1/0715/1704/5040/files/2_546cce35-86e1-4f94-b338-a9647dbbc536.png?v=1772789719 | https://cdn.shopify.com/s/files/1/0715/1704/5040/files/5_7bed4ac0-a854-494a-bdbf-0744f39297db.png?v=1772789718,2023-12-14T12:36:19+05:30,2026-09-08T08:56:48+05:30
Crompton,Crompton High Speed Java | Star Rated Ceiling Fan,Ceiling Fans,"Designer Fans, High Speed Fans, type-anti-dust-fans, type-designer-fans, type-new-arrival",crompton-high-speed-java-star-rated-ceiling-fan,https://www.crompton.co.in/products/crompton-high-speed-java-star-rated-ceiling-fan,4499.0,4499.0,Color,Flame Copper :: SKU=CFHSJAV48FLCAD1S :: ₹4499.00 | Honey Gold :: SKU=CFHSJAV48HGDAD1S :: ₹4499.00 | Pearl Ivory :: SKU=CFHSJAV48PIVAD1S :: ₹4499.00 | Pearl White :: SKU=CFHSJAV48PWTAD1S :: ₹4499.00,20,https://cdn.shopify.com/s/files/1/0715/1704/5040/files/flamecopperisometric.png?v=1768830769 | https://cdn.shopify.com/s/files/1/0715/1704/5040/files/brown.png?v=1768830770 | https://cdn.shopify.com/s/files/1/0715/1704/5040/files/1_ef3aa03d-ed6d-4b5a-88ed-2a517db4faa0.png?v=1768830769 | https://cdn.shopify.com/s/files/1/0715/1704/5040/files/2_033ed720-8efd-4b78-8864-3d66ca8db0e6.png?v=1768830770 | https://cdn.shopify.com/s/files/1/0715/1704/5040/files/5_502991d1-1c21-42a9-841e-883ed70678fa.png?v=1768830769 | https://cdn.shopify.com/s/files/1/0715/1704/5040/files/honeygoldshimmerbrownisometric.png?v=1768830769 | https://cdn.shopify.com/s/files/1/0715/1704/5040/files/honeygold.png?v=1768830770 | https://cdn.shopify.com/s/files/1/0715/1704/5040/files/1_7f3f07a2-c426-40d9-bbc0-abb5d367f5b7.png?v=1768830770 | https://cdn.shopify.com/s/files/1/0715/1704/5040/files/2_02b515ec-dbdd-438f-acd6-8f80d4ece2c2.png?v=1768830770 | https://cdn.shopify.com/s/files/1/0715/1704/5040/files/5_242be4c9-e3ab-435d-acea-e611223bee28.png?v=1768830770 | https://cdn.shopify.com/s/files/1/0715/1704/5040/files/pearlivoryisometric.png?v=1768830769 | https://cdn.shopify.com/s/files/1/0715/1704/5040/files/ivory.png?v=1768830770 | https://cdn.shopify.com/s/files/1/0715/1704/5040/files/1_440b20c6-25a9-453b-bcd8-6b04872f1589.png?v=1768830769 | https://cdn.shopify.com/s/files/1/0715/1704/5040/files/2_6ab946d2-bb46-4a16-ab98-91111d71dd74.png?v=1768830770 | https://cdn.shopify.com/s/files/1/0715/1704/5040/files/5_6ef370aa-621c-48e5-bd6f-7988cd17e77d.png?v=1768830770 | https://cdn.shopify.com/s/files/1/0715/1704/5040/files/magicwhiteisometric.png?v=1768830769 | https://cdn.shopify.com/s/files/1/0715/1704/5040/files/white.png?v=1768830769 | https://cdn.shopify.com/s/files/1/0715/1704/5040/files/1_7165cf1e-0cf4-4e18-8634-4a3ff0755735.png?v=1768830769 | https://cdn.shopify.com/s/files/1/0715/1704/5040/files/2_bcafd622-f58b-4af4-ab0d-5125fc9fdf49.png?v=1768830770 | https://cdn.shopify.com/s/files/1/0715/1704/5040/files/5_c667e1ff-df90-4f13-8d10-e1c00e1300bd.png?v=1768830770,2023-12-13T17:48:09+05:30,2026-09-08T08:56:48+05:30
Crompton,Crompton High Speed Dasher |  Star Rated Ceiling Fan,Ceiling Fans,"High Speed Fans, new price",crompton-high-speed-dasher-star-rated-ceiling-fan,https://www.crompton.co.in/products/crompton-high-speed-dasher-star-rated-ceiling-fan,3219.0,3219.0,Color,Brown :: SKU=CFHSDSR48BRN1Z :: ₹3219.00,6,https://cdn.shopify.com/s/files/1/0715/1704/5040/files/Copyofhsdashertransparent.png?v=1772789714 | https://cdn.shopify.com/s/files/1/0715/1704/5040/files/Copyof1.png?v=1772789716 | https://cdn.shopify.com/s/files/1/0715/1704/5040/files/Copyof2.png?v=1772789716 | https://cdn.shopify.com/s/files/1/0715/1704/5040/files/Copyof3.png?v=1772789714 | https://cdn.shopify.com/s/files/1/0715/1704/5040/files/Copyof4.png?v=1772789715 | https://cdn.shopify.com/s/files/1/0715/1704/5040/files/Copyof5.png?v=1772789715,2023-12-13T17:37:44+05:30,2026-09-08T08:56:48+05:30
Crompton,Crompton Energion Cromair Regulator BLDC Ceiling Fan,Ceiling Fans,"Bldc Fans, Energy Efficient, type-energy-efficient-fans",crompton-energion-cromair-regulator-bldc-ceiling-fan,https://www.crompton.co.in/products/crompton-energion-cromair-regulator-bldc-ceiling-fan,6600.0,6600.0,Color,Coffee Brown :: SKU=CFENCR28W48CBRADRG :: ₹6600.00,5,https://cdn.shopify.com/s/files/1/0715/1704/5040/files/Copyof1stimage.png?v=1703054841 | https://cdn.shopify.com/s/files/1/0715/1704/5040/files/CopyofENERGIONcromairPL02_2.jpg?v=1703054849 | https://cdn.shopify.com/s/files/1/0715/1704/5040/files/CopyofENERGIONcromairPL01_2.jpg?v=1703054849 | https://cdn.shopify.com/s/files/1/0715/1704/5040/files/CopyofENERGIONcromairPL04_4.jpg?v=1703054841 | https://cdn.shopify.com/s/files/1/0715/1704/5040/files/CopyofENERGIONcromairPL05.jpg?v=1703054841,2023-12-13T17:15:13+05:30,2026-09-08T08:56:48+05:30
Crompton,Crompton Surebreeze Sea Wind | Star Rated Ceiling Fan,Ceiling Fans,"new price, Sure Breeze Fans, type-simple-fans",crompton-surebreeze-sea-wind-star-rated-ceiling-fan,https://www.crompton.co.in/products/crompton-surebreeze-sea-wind-star-rated-ceiling-fan,2599.0,2599.0,Color,Ivory :: SKU=CFSBSWD48IVY1Z :: ₹2599.00,6,https://cdn.shopify.com/s/files/1/0715/1704/5040/files/Untitled-1_52ce5623-3b2c-436c-8a4a-ba7ed9c38339.png?v=1772789706 | https://cdn.shopify.com/s/files/1/0715/1704/5040/files/surebreezeSeaWindivoryPl_1_9a6209ad-2f01-4886-bcb0-eb9db38e653d.jpg?v=1772789707 | https://cdn.shopify.com/s/files/1/0715/1704/5040/files/surebreezeSeaWindivoryPL01_1.jpg?v=1772789706 | https://cdn.shopify.com/s/files/1/0715/1704/5040/files/surebreezeSeaWindivoryPL02_1.jpg?v=1772789707 | https://cdn.shopify.com/s/files/1/0715/1704/5040/files/LvoryPL.jpg?v=1772789706 | https://cdn.shopify.com/s/files/1/0715/1704/5040/files/surebreezeSeaWindivoryPL04_1.jpg?v=1772789706,2023-12-13T15:43:01+05:30,2026-09-08T08:56:48+05:30
Crompton,Crompton Hiflo Neo PF Pedestal Fan,Pedestal Fans,Featured Fans,crompton-hiflo-neo-pf-pedestal-fan,https://www.crompton.co.in/products/crompton-hiflo-neo-pf-pedestal-fan,4449.0,4449.0,Color,White :: SKU=PFHIFLONEO16KDWT :: ₹4449.00,5,https://cdn.shopify.com/s/files/1/0715/1704/5040/files/1_cf933584-4fef-4392-93ce-5fabf458d6c6.png?v=1702529305 | https://cdn.shopify.com/s/files/1/0715/1704/5040/files/highfloneoPL1_1_ab5ef69e-3647-46e1-ae03-75b116dddd92.jpg?v=1702529305 | https://cdn.shopify.com/s/files/1/0715/1704/5040/files/highfloneoPL2_1.jpg?v=1702529305 | https://cdn.shopify.com/s/files/1/0715/1704/5040/files/highfloneoPL3_1_194668b1-e984-4447-b39b-ee0a37b38a8c.jpg?v=1702529305 | https://cdn.shopify.com/s/files/1/0715/1704/5040/files/highfloneoPL4_1_f6c514b5-cf41-4af1-a8f5-240f58046c1d.jpg?v=1702529305,2023-12-13T15:29:41+05:30,2026-09-08T08:56:48+05:30
Crompton,Crompton High Speed Aura | Ceiling Fan,Ceiling Fans,"Designer Fans, High Speed Fans, new price, type-designer-fans",crompton-high-speed-aura-ceiling-fan,https://www.crompton.co.in/products/crompton-high-speed-aura-ceiling-fan,4859.0,4859.0,Color,Brown :: SKU=CFHSAUR48BRN1Z :: ₹4859.00 | Ivory :: SKU=CFHSAUR48IVY1Z :: ₹4859.00 | New White :: SKU=CFHSAUR48WHT1Z :: ₹4859.00,15,https://cdn.shopify.com/s/files/1/0715/1704/5040/files/hsaura.png?v=1772789678 | https://cdn.shopify.com/s/files/1/0715/1704/5040/files/HSAURAbrownPL3.jpg?v=1772789677 | https://cdn.shopify.com/s/files/1/0715/1704/5040/files/HSAURAbrownPL1_f8199c1f-36b0-4d9c-b303-f6c55c33fb52.jpg?v=1772789677 | https://cdn.shopify.com/s/files/1/0715/1704/5040/files/HSAURAbrownPL4_1b276145-d1a5-4487-9097-6b31b8fca81d.jpg?v=1772789677 | https://cdn.shopify.com/s/files/1/0715/1704/5040/files/HSAURAbrownPL5.jpg?v=1772789677 | https://cdn.shopify.com/s/files/1/0715/1704/5040/files/HSAURAbrownPL2_b503b687-9205-4cab-8acc-ce160b2e4285.jpg?v=1772789677 | https://cdn.shopify.com/s/files/1/0715/1704/5040/files/HSAura_Ivory_1400mm_1angle.png?v=1772789678 | https://cdn.shopify.com/s/files/1/0715/1704/5040/files/HSAURAivory1400mmPl1_3_1_991591e8-92c5-4507-b980-071c1eb614e7.jpg?v=1772789678 | https://cdn.shopify.com/s/files/1/0715/1704/5040/files/HSAURAivory1400mmPl4_2_1.jpg?v=1772789678 | https://cdn.shopify.com/s/files/1/0715/1704/5040/files/HSAURAivory1400mmPl6_2_1_154f082d-fa57-48c6-9189-c30c7359ac6b.jpg?v=1772789678 | https://cdn.shopify.com/s/files/1/0715/1704/5040/files/aura-png.png?v=1772789677 | https://cdn.shopify.com/s/files/1/0715/1704/5040/files/Aura_1_Opel_White.jpg?v=1772789678 | https://cdn.shopify.com/s/files/1/0715/1704/5040/files/Aura_3_Opel_White_0c907cb2-9880-4868-ab5a-bcf9580116ed.jpg?v=1772789678 | https://cdn.shopify.com/s/files/1/0715/1704/5040/files/Aura_5_Opel_White.jpg?v=1772789678 | https://cdn.shopify.com/s/files/1/0715/1704/5040/files/Aura_2_Opel_White_a492ac7a-2326-4abe-9b7f-99994f15ba2f.jpg?v=1772789678,2023-12-07T13:10:03+05:30,2026-09-08T08:56:50+05:30
Crompton,Crompton HS Plus | Star Rated Ceiling Fan,Ceiling Fans,"High Speed Fans, new price",crompton-hs-plus-star-rated-ceiling-fan,https://www.crompton.co.in/products/crompton-hs-plus-star-rated-ceiling-fan,3409.0,3409.0,Color,Opal White :: SKU=CFHSHSPL48OPW1Z :: ₹3409.00,6,https://cdn.shopify.com/s/files/1/0715/1704/5040/files/HSHighspeed_Opalwhite__1angle_1.png?v=1772789676 | https://cdn.shopify.com/s/files/1/0715/1704/5040/files/HS1.2MOPALWHITE4_73400da9-1be1-4610-9bab-a7ff53c45562.jpg?v=1772789675 | https://cdn.shopify.com/s/files/1/0715/1704/5040/files/HS1.2MOPALWHITE1.jpg?v=1772789674 | https://cdn.shopify.com/s/files/1/0715/1704/5040/files/HS1.2MOPALWHITE2_3f022ac0-a6f3-4f71-8888-70294c7a390d.jpg?v=1772789675 | https://cdn.shopify.com/s/files/1/0715/1704/5040/files/OpalWhitePL_30b5c100-14be-4724-aadc-248e409a321d.jpg?v=1772789675 | https://cdn.shopify.com/s/files/1/0715/1704/5040/files/HS1.2MOPALWHITE5.jpg?v=1772789674,2023-12-07T12:38:19+05:30,2026-09-08T08:56:50+05:30
Crompton,Crompton Torpedo HS PF Pedestal Fan,Pedestal Fans,Featured Fans,crompton-torpedo-hs-pf-pedestal-fan,https://www.crompton.co.in/products/crompton-torpedo-hs-pf-pedestal-fan,4699.0,4699.0,Color,Black :: SKU=PFHSTOR16BLK :: ₹4699.00 | Black Red :: SKU=PFHSTOR16BLR :: ₹4699.00 | Black Yellow :: SKU=PFHSTOR16BLY :: ₹4699.00 | White :: SKU=PFHSTOR16KDW :: ₹4699.00,20,https://cdn.shopify.com/s/files/1/0715/1704/5040/files/1_e0142000-fa49-46d0-b08c-8554f476e7a9.png?v=1701690480 | https://cdn.shopify.com/s/files/1/0715/1704/5040/files/HSTORPEDO16BLACKPL2.jpg?v=1701690486 | https://cdn.shopify.com/s/files/1/0715/1704/5040/files/HSTORPEDO16_BLACKPL1.jpg?v=1701690486 | https://cdn.shopify.com/s/files/1/0715/1704/5040/files/HSTORPEDO16_BLACKPL3.jpg?v=1701690486 | https://cdn.shopify.com/s/files/1/0715/1704/5040/files/HSTORPEDO16_BLACKPL4.jpg?v=1701690486 | https://cdn.shopify.com/s/files/1/0715/1704/5040/files/blackred.png?v=1701690495 | https://cdn.shopify.com/s/files/1/0715/1704/5040/files/HISPEEDTORPEDO400MMBLKREDPL2.jpg?v=1701690494 | https://cdn.shopify.com/s/files/1/0715/1704/5040/files/HISPEEDTORPEDO400MMBLKREDPL3.jpg?v=1701690495 | https://cdn.shopify.com/s/files/1/0715/1704/5040/files/HISPEEDTORPEDO400MMBLKREDPL4.jpg?v=1701690495 | https://cdn.shopify.com/s/files/1/0715/1704/5040/files/HsTorpedoredblkPL1.jpg?v=1701690495 | https://cdn.shopify.com/s/files/1/0715/1704/5040/files/blackyellow.png?v=1701690513 | https://cdn.shopify.com/s/files/1/0715/1704/5040/files/HISPEEDTORPEDOBLKYLWPL1.jpg?v=1701690513 | https://cdn.shopify.com/s/files/1/0715/1704/5040/files/HISPEEDTORPEDOBLKYLWPL2.jpg?v=1701690514 | https://cdn.shopify.com/s/files/1/0715/1704/5040/files/HISPEEDTORPEDOBLKYLWPL3.jpg?v=1701690513 | https://cdn.shopify.com/s/files/1/0715/1704/5040/files/HISPEEDTORPEDOBLKYLWPL4.jpg?v=1701690514 | https://cdn.shopify.com/s/files/1/0715/1704/5040/files/2_ddebf2e0-1475-4bc6-b75e-a0e09b8c1460.png?v=1701690528 | https://cdn.shopify.com/s/files/1/0715/1704/5040/files/HSTORPEDO16_whitePL1_1.jpg?v=1701690528 | https://cdn.shopify.com/s/files/1/0715/1704/5040/files/HSTORPEDO16_whitePL2_1.jpg?v=1701690528 | https://cdn.shopify.com/s/files/1/0715/1704/5040/files/HSTORPEDO16_whitePL3_1.jpg?v=1701690529 | https://cdn.shopify.com/s/files/1/0715/1704/5040/files/HSTORPEDO16_whitePL4_1.jpg?v=1701690529,2023-12-04T17:12:10+05:30,2026-09-08T08:56:50+05:30
Crompton,Crompton High Speed HS | Star Rated Ceiling Fan,Ceiling Fans,"High Speed Fans, new price",crompton-high-speed-hs-star-rated-ceiling-fan-1,https://www.crompton.co.in/products/crompton-high-speed-hs-star-rated-ceiling-fan-1,3719.0,3719.0,Color,Brown :: SKU=CFHSHS56BRN1Z :: ₹3719.00,6,https://cdn.shopify.com/s/files/1/0715/1704/5040/files/HSHighspeed_Brown__1angle_1.png?v=1772789673 | https://cdn.shopify.com/s/files/1/0715/1704/5040/files/HISPEEDHS1.4MBROWNPl1.jpg?v=1772789673 | https://cdn.shopify.com/s/files/1/0715/1704/5040/files/HISPEEDHS1.4MBROWNPl2_092848d9-fcb6-4e63-9327-0bed669b1f09.jpg?v=1772789672 | https://cdn.shopify.com/s/files/1/0715/1704/5040/files/HISPEEDHS1.4MBROWNPl3.jpg?v=1772789672 | https://cdn.shopify.com/s/files/1/0715/1704/5040/files/HISPEEDHS1.4MBROWNPl4.jpg?v=1772789672 | https://cdn.shopify.com/s/files/1/0715/1704/5040/files/HISPEEDHS1.4MBROWNPl5.jpg?v=1772789672,2023-12-04T16:30:45+05:30,2026-09-08T08:56:50+05:30
Crompton,Crompton SilentPro Enso BLDC Ceiling Fans,Ceiling Fans,"Bldc Fans, Enso, Featured Fans, Lifestyle fans, SilentPro, type-energy-efficient-fans, type-remote-fans, type-silent-fans",crompton-silentpro-enso-bldc-ceiling-fans,https://www.crompton.co.in/products/crompton-silentpro-enso-bldc-ceiling-fans,11399.0,17849.0,Color,Silk White :: SKU=CFSPENS48SWT-I :: ₹11399.00 | Chestnut Wood :: SKU=CFSPENS48CWD-I :: ₹17849.00 | All White :: SKU=CFSPENS48AWT-I :: ₹11399.00 | Mist White :: SKU=CFSPENS48MWTAD-I :: ₹12999.00,22,https://cdn.shopify.com/s/files/1/0715/1704/5040/files/SilentProEnso_Silkwhite__1stAngle.png?v=1770373815 | https://cdn.shopify.com/s/files/1/0715/1704/5040/files/PL01.jpg?v=1770373815 | https://cdn.shopify.com/s/files/1/0715/1704/5040/files/silentproensoPL3.png?v=1770373815 | https://cdn.shopify.com/s/files/1/0715/1704/5040/files/PL03.jpg?v=1770373815 | https://cdn.shopify.com/s/files/1/0715/1704/5040/files/PL04.jpg?v=1770373815 | https://cdn.shopify.com/s/files/1/0715/1704/5040/files/SilentproEnso_Chestnutwood__4angle.png?v=1770373815 | https://cdn.shopify.com/s/files/1/0715/1704/5040/files/silentproensobrownPL11_4.jpg?v=1770373815 | https://cdn.shopify.com/s/files/1/0715/1704/5040/files/silentproensobrownPL6_2_19a271b2-71b1-42be-b1cf-cd7c03058a50.jpg?v=1770373815 | https://cdn.shopify.com/s/files/1/0715/1704/5040/files/silentproensobrownPL2_1.jpg?v=1770373815 | https://cdn.shopify.com/s/files/1/0715/1704/5040/files/silentproensobrownPL4_2.jpg?v=1770373815 | https://cdn.shopify.com/s/files/1/0715/1704/5040/files/silentproensobrownPL7_1.jpg?v=1770373815 | https://cdn.shopify.com/s/files/1/0715/1704/5040/files/Silentproensosmart_Allwhite__4angle.png?v=1770373815 | https://cdn.shopify.com/s/files/1/0715/1704/5040/files/silentproensoWhitePL1.jpg?v=1770373815 | https://cdn.shopify.com/s/files/1/0715/1704/5040/files/silentproensoWhitePL2.jpg?v=1770373815 | https://cdn.shopify.com/s/files/1/0715/1704/5040/files/silentproensoWhitePL3.jpg?v=1770373815 | https://cdn.shopify.com/s/files/1/0715/1704/5040/files/silentproensoWhitePL5.jpg?v=1770373815 | https://cdn.shopify.com/s/files/1/0715/1704/5040/files/SilentProenso_Mistwhite__1angle.png?v=1770373815 | https://cdn.shopify.com/s/files/1/0715/1704/5040/files/PL01_7d504a48-6c58-40b0-b111-061370bf2dee.jpg?v=1770373815 | https://cdn.shopify.com/s/files/1/0715/1704/5040/files/PL02_8c27a84c-627c-4020-8a59-a0ca59030935.jpg?v=1770373815 | https://cdn.shopify.com/s/files/1/0715/1704/5040/files/PL03_435b62f2-bb49-492d-8e48-6067de8f8542.jpg?v=1770373815 | https://cdn.shopify.com/s/files/1/0715/1704/5040/files/PL04_f7fe640d-5c9f-41e7-ab4b-640b3eaf84b7.jpg?v=1770373815 | https://cdn.shopify.com/s/files/1/0715/1704/5040/files/PL05.jpg?v=1770373815,2023-11-14T12:35:30+05:30,2026-09-08T08:56:50+05:30
Crompton,Crompton High Speed Riviera | Ceiling Fan,Ceiling Fans,"Featured Fans, new price",crompton-high-speed-riviera-ceiling-fan,https://www.crompton.co.in/products/crompton-high-speed-riviera-ceiling-fan,3349.0,3349.0,Color,Opal White :: SKU=CFHSRIV48OPW1S :: ₹3349.00 | Brown :: SKU=CFHSRIV48BRN1Z :: ₹3349.00,10,https://cdn.shopify.com/s/files/1/0715/1704/5040/files/HSRiviera_Opalwhite__1angle.png?v=1772789671 | https://cdn.shopify.com/s/files/1/0715/1704/5040/files/HsRIVIERAPLwhite3.jpg?v=1772789671 | https://cdn.shopify.com/s/files/1/0715/1704/5040/files/HsRIVIERAPLwhite1.jpg?v=1772789671 | https://cdn.shopify.com/s/files/1/0715/1704/5040/files/OpalwhitePL.jpg?v=1772789671 | https://cdn.shopify.com/s/files/1/0715/1704/5040/files/HsRIVIERAPLwhite5_1b5bc759-e9ca-4dd9-8919-c469b08d7780.jpg?v=1772789671 | https://cdn.shopify.com/s/files/1/0715/1704/5040/files/CEELINGFAN1200MMENERGIONRIVIERACFENRIV48BRN5SRG_BROWN__1angle_8b946f30-231e-469b-9e51-ab4e9187b88f.png?v=1772789671 | https://cdn.shopify.com/s/files/1/0715/1704/5040/files/HSRIVIERAPL4_1_873a3e10-9aee-4322-acfc-fd335d02cbfc.jpg?v=1772789671 | https://cdn.shopify.com/s/files/1/0715/1704/5040/files/HSRIVIERAPL5_1_02755be1-db5d-402f-b884-078e9e1a8850.jpg?v=1772789671 | https://cdn.shopify.com/s/files/1/0715/1704/5040/files/BrownPL.jpg?v=1772789671 | https://cdn.shopify.com/s/files/1/0715/1704/5040/files/HSRIVIERAPL3_1_c73f7cd2-c19d-46a5-9bad-649f3b1476f3.jpg?v=1772789672,2023-11-06T15:29:25+05:30,2026-09-08T08:56:50+05:30
Crompton,Crompton High Speed Gianna | Star Rated Ceiling Fan,Ceiling Fans,"Featured Fans, new price, type-designer-fans",crompton-high-speed-gianna-star-rated-ceiling-fan,https://www.crompton.co.in/products/crompton-high-speed-gianna-star-rated-ceiling-fan,4949.0,5099.0,Color,Pearl White :: SKU=CFHSGIN48PWT1Z :: ₹4949.00 | Rose Ash :: SKU=CFHSGIN48RBR1Z :: ₹4949.00 | Roast Brown :: SKU=CFHSGIN48WBR1Z :: ₹4949.00 | Walnut Brown :: SKU=CFHSRIV48OPW1Z :: ₹4949.00 | Tapioca :: SKU=CFHSGIN48TAP1Z :: ₹5099.00,26,https://cdn.shopify.com/s/files/1/0715/1704/5040/files/HIGHSPEEDGIANNACFHSGIN48PWT_PEARLWHITE_1ANGLE.png?v=1778756867 | https://cdn.shopify.com/s/files/1/0715/1704/5040/files/highspeed_gianna_PL_White_jpg.jpg?v=1778756867 | https://cdn.shopify.com/s/files/1/0715/1704/5040/files/highspeedgiannaPL1.jpg?v=1778756867 | https://cdn.shopify.com/s/files/1/0715/1704/5040/files/PearlWhitePL_28600605-7609-4075-b2c3-0c8834ef5f48.jpg?v=1778756867 | https://cdn.shopify.com/s/files/1/0715/1704/5040/files/highspeedgiannaPL5.jpg?v=1778756867 | https://cdn.shopify.com/s/files/1/0715/1704/5040/files/HIGHSPEEDGIANNACFHSGIN48RAS_ROSEASH__1angle.png?v=1778756867 | https://cdn.shopify.com/s/files/1/0715/1704/5040/files/highspeed_gianna_ROSE_ASH_PL_jpg.jpg?v=1778756867 | https://cdn.shopify.com/s/files/1/0715/1704/5040/files/giannaROSEASHPL1_2_7f61eab7-f029-46ae-8c6c-1d883561639f.jpg?v=1778756867 | https://cdn.shopify.com/s/files/1/0715/1704/5040/files/RoseAshPL.jpg?v=1778756867 | https://cdn.shopify.com/s/files/1/0715/1704/5040/files/giannaROSEASHPL5_2_1cf71cee-2b75-4523-a983-ddf935364451.jpg?v=1778756867 | https://cdn.shopify.com/s/files/1/0715/1704/5040/files/HighSpeedGianna_roastbrown__1ANGLE_e8281d5a-8037-4ef4-8fa4-e80d71ec240d.png?v=1778756867 | https://cdn.shopify.com/s/files/1/0715/1704/5040/files/Roast_Brown_3x.jpg_1.jpg?v=1778756868 | https://cdn.shopify.com/s/files/1/0715/1704/5040/files/giannaROASTBROWNPL_8aeaa984-1f19-4126-b8d6-cb77659087c9.jpg?v=1778756867 | https://cdn.shopify.com/s/files/1/0715/1704/5040/files/RoastBrown_6e698b23-44ad-4ade-86e0-d20ebaad939b.jpg?v=1778756867 | https://cdn.shopify.com/s/files/1/0715/1704/5040/files/giannaROASTBROWNPL5_1_1.jpg?v=1778756867 | https://cdn.shopify.com/s/files/1/0715/1704/5040/files/Untitled-1_22cdfd87-dab2-485a-8cc0-125a912140e4.png?v=1778756867 | https://cdn.shopify.com/s/files/1/0715/1704/5040/files/Walnut_Brown_3x_jpg.jpg?v=1778756867 | https://cdn.shopify.com/s/files/1/0715/1704/5040/files/5_67dd6588-2977-4892-8cf9-7b5013c93b95.png?v=1778756867 | https://cdn.shopify.com/s/files/1/0715/1704/5040/files/WalnutBrown_ec3f97c2-6db9-436b-aa3b-8ff6816d443a.jpg?v=1778756867 | https://cdn.shopify.com/s/files/1/0715/1704/5040/files/2_9c3713d4-f813-48a1-8896-453faafdddea.png?v=1778756867 | https://cdn.shopify.com/s/files/1/0715/1704/5040/files/GiannaTopiacaPL.png?v=1778756867 | https://cdn.shopify.com/s/files/1/0715/1704/5040/files/lifestyle_4651c70b-4701-41e1-ab17-05701322dc71.jpg?v=1778756867 | https://cdn.shopify.com/s/files/1/0715/1704/5040/files/highspeedgiannaPL3.jpg?v=1778756867 | https://cdn.shopify.com/s/files/1/0715/1704/5040/files/highspeedgiannaPL2_e14fb9e6-c79d-426f-8a8f-e4877d99c50a.jpg?v=1778756867 | https://cdn.shopify.com/s/files/1/0715/1704/5040/files/RPMCMM_baf84b67-9325-4b64-a820-82fef777a4a7.jpg?v=1778756867 | https://cdn.shopify.com/s/files/1/0715/1704/5040/files/highspeedgiannaPL4_628214a9-055f-4f35-8db9-d2f2a5900afd.jpg?v=1778756867,2023-11-03T11:33:07+05:30,2026-09-08T08:56:50+05:30
Crompton,Crompton High Speed HS | Ceiling Fan,Ceiling Fans,"High Speed Fans, new price",crompton-high-speed-hs-ceiling-fan,https://www.crompton.co.in/products/crompton-high-speed-hs-ceiling-fan,3519.0,3519.0,Color,Brown :: SKU=CFHSHS48BRN1Z :: ₹3519.00 | Opal White :: SKU=CFHSHS48OPW1Z :: ₹3519.00 | Ivory :: SKU=CFHSHS48IVY1Z :: ₹3519.00,18,https://cdn.shopify.com/s/files/1/0715/1704/5040/files/HSHighspeed_Brown__1angle.png?v=1772789664 | https://cdn.shopify.com/s/files/1/0715/1704/5040/files/HISPEEDHS1.2MBROWNPL1.jpg?v=1772789665 | https://cdn.shopify.com/s/files/1/0715/1704/5040/files/HISPEEDHS1.2MBROWNPL2.jpg?v=1772789665 | https://cdn.shopify.com/s/files/1/0715/1704/5040/files/HISPEEDHS1.2MBROWNPL3_0530df97-7637-483e-86df-89c31b7e3c63.jpg?v=1772789665 | https://cdn.shopify.com/s/files/1/0715/1704/5040/files/HISPEEDHS1.2MBROWNPL5.jpg?v=1772789664 | https://cdn.shopify.com/s/files/1/0715/1704/5040/files/HISPEEDHS1.2MBROWNPL4_db899b9c-dd58-4e15-af32-cb0239320d07.jpg?v=1772789664 | https://cdn.shopify.com/s/files/1/0715/1704/5040/files/HSHighspeed_Opalwhite__1angle.png?v=1772789664 | https://cdn.shopify.com/s/files/1/0715/1704/5040/files/HISPEEDHS1.2MOPALWHITEPL1_1c291fb4-3b61-422a-a1e9-dc5355bb0402.jpg?v=1772789664 | https://cdn.shopify.com/s/files/1/0715/1704/5040/files/HISPEEDHS1.2MOPALWHITEPL2_ea77596f-a598-48d6-97fd-3e467e307e08.jpg?v=1772789664 | https://cdn.shopify.com/s/files/1/0715/1704/5040/files/HISPEEDHS1.2MOPALWHITEPL3_ff7cff89-b858-4ffc-be3d-6d3f261b72f7.jpg?v=1772789665 | https://cdn.shopify.com/s/files/1/0715/1704/5040/files/HISPEEDHS1.2MOPALWHITEPL4.jpg?v=1772789664 | https://cdn.shopify.com/s/files/1/0715/1704/5040/files/HISPEEDHS1.2MOPALWHITEPL5_074b44bc-5d31-4836-939a-e3187317f425.jpg?v=1772789664 | https://cdn.shopify.com/s/files/1/0715/1704/5040/files/HSHighspeed_Ivory__1angle.png?v=1772789665 | https://cdn.shopify.com/s/files/1/0715/1704/5040/files/HISPEEDHS1.2MIVORYPL1.jpg?v=1772789665 | https://cdn.shopify.com/s/files/1/0715/1704/5040/files/HISPEEDHS1.2MIVORYPL2.jpg?v=1772789664 | https://cdn.shopify.com/s/files/1/0715/1704/5040/files/HISPEEDHS1.2MIVORYPL3_415853a0-98fe-49f8-86a0-fd5ae62eadfc.jpg?v=1772789665 | https://cdn.shopify.com/s/files/1/0715/1704/5040/files/HISPEEDHS1.2MIVORYPL4_e6d9599a-9ceb-4f5b-99ee-19e7a2298b19.jpg?v=1772789664 | https://cdn.shopify.com/s/files/1/0715/1704/5040/files/HISPEEDHS1.2MIVORYPL5_9fb8443b-614d-4cda-8999-6a2f59b9d0b1.jpg?v=1772789665,2023-11-01T18:19:48+05:30,2026-09-08T08:56:50+05:30
Crompton,Crompton Storm WM INH Wall Mounted Fan,Wall Mounted Fans,,crompton-storm-wm-inh-wall-mounted-fan,https://www.crompton.co.in/products/crompton-storm-wm-inh-wall-mounted-fan,6199.0,6199.0,Color,Black :: SKU=WMSTRM218BLK :: ₹6199.00,6,https://cdn.shopify.com/s/files/1/0715/1704/5040/files/WALLFANSUREBREEXZESSTORM2_BLACK-MATT__1angle_dbcca36f-185e-44ec-ad87-68db486796ce.png?v=1744020582 | https://cdn.shopify.com/s/files/1/0715/1704/5040/files/1_91c87f0d-49e9-4596-a80d-6798ea612a37.jpg?v=1744020582 | https://cdn.shopify.com/s/files/1/0715/1704/5040/files/Sstorm-WM-PL1_2.jpg?v=1744020582 | https://cdn.shopify.com/s/files/1/0715/1704/5040/files/Sstorm-WM-PL2_1.jpg?v=1744020582 | https://cdn.shopify.com/s/files/1/0715/1704/5040/files/Sstorm-WM-PL4.jpg?v=1744020582 | https://cdn.shopify.com/s/files/1/0715/1704/5040/files/5_e0bea3b8-a9dd-43b6-bf8f-181247d4738b.jpg?v=1744020582,2023-11-01T17:46:03+05:30,2026-09-08T08:56:50+05:30
Crompton,Crompton Storm PF INH Pedestal Fan,Pedestal Fans,Featured Fans,crompton-storm-pf-inh-pedestal-fan,https://www.crompton.co.in/products/crompton-storm-pf-inh-pedestal-fan,6799.0,6799.0,Color,Black :: SKU=PFSTRM218BLK :: ₹6799.00 | Matt Black :: SKU=PFSTRM218MTBLK :: ₹6799.00,10,https://cdn.shopify.com/s/files/1/0715/1704/5040/files/SStorm2_PedestalFan_450mm_Black__1stangle.png?v=1702025698 | https://cdn.shopify.com/s/files/1/0715/1704/5040/files/SStormblackPL1_1.jpg?v=1702025698 | https://cdn.shopify.com/s/files/1/0715/1704/5040/files/SStormblackPL2_1_9aedc087-80e6-4e49-b4e7-2f968f1ea080.png?v=1711026158 | https://cdn.shopify.com/s/files/1/0715/1704/5040/files/SStormblackPL3.jpg?v=1711026158 | https://cdn.shopify.com/s/files/1/0715/1704/5040/files/SStormblackPL4_1.jpg?v=1711026158 | https://cdn.shopify.com/s/files/1/0715/1704/5040/files/PEDISTALFANSUREBREEZESSTORM2_BLACKMATT__1angle.png?v=1711026158 | https://cdn.shopify.com/s/files/1/0715/1704/5040/files/SStormBkackMattPL1_1.jpg?v=1711026158 | https://cdn.shopify.com/s/files/1/0715/1704/5040/files/SStormblackPL2_1.png?v=1711026158 | https://cdn.shopify.com/s/files/1/0715/1704/5040/files/SStormBkackMattPL3_1.jpg?v=1711026158 | https://cdn.shopify.com/s/files/1/0715/1704/5040/files/SStormBkackMattPL4_1.jpg?v=1711026158,2023-11-01T16:54:53+05:30,2026-09-08T08:56:50+05:30
Crompton,Crompton Ventilus HS Exhaust Fan,Exhaust Fans,Domex Fan,crompton-ventilus-hs-exhaust-fan-1,https://www.crompton.co.in/products/crompton-ventilus-hs-exhaust-fan-1,2349.0,2349.0,Color,Ivory :: SKU=VENTILUS8HSIVY :: ₹2349.00 | White :: SKU=VENTILUS8HSWHT :: ₹2349.00,12,https://cdn.shopify.com/s/files/1/0715/1704/5040/files/HSVentilus150mm_Ivory__1angle.png?v=1701932079 | https://cdn.shopify.com/s/files/1/0715/1704/5040/files/PL5_42_1_725417df-6b35-4d88-8a50-d4f02b566386.jpg?v=1701932079 | https://cdn.shopify.com/s/files/1/0715/1704/5040/files/PL1_43_1_11285b79-1892-4c22-bc6c-19f0d072d88d.jpg?v=1701932079 | https://cdn.shopify.com/s/files/1/0715/1704/5040/files/PL3_48_1_b1e65b82-0d96-4ecb-91bc-ea41afb35f35.jpg?v=1701932079 | https://cdn.shopify.com/s/files/1/0715/1704/5040/files/ventlushsPLIVORY200.png?v=1701932079 | https://cdn.shopify.com/s/files/1/0715/1704/5040/files/PL4_48_1_d0688378-68f8-4d9c-b2b9-80bcf2799845.jpg?v=1701932079 | https://cdn.shopify.com/s/files/1/0715/1704/5040/files/HSVentilus150mm_White__1angle_d6c77711-0db8-476a-a3b9-a42b7963a253.png?v=1702269449 | https://cdn.shopify.com/s/files/1/0715/1704/5040/files/ventlus-hs-PL4_3_1_abc89540-bcec-4194-a3e4-522406311b4d.jpg?v=1702269449 | https://cdn.shopify.com/s/files/1/0715/1704/5040/files/PL3_47_1_4a0741e9-a0ff-4e12-94d8-30cbfb9f0574.jpg?v=1702269449 | https://cdn.shopify.com/s/files/1/0715/1704/5040/files/PL1_41_1_d248a58f-d6e8-47d0-945d-6f6b5376a568.jpg?v=1702269449 | https://cdn.shopify.com/s/files/1/0715/1704/5040/files/PL2_54_1_8808cb62-8b10-4710-88bc-6c066c85525d.jpg?v=1702269449 | https://cdn.shopify.com/s/files/1/0715/1704/5040/files/PL5_39_1_2edad821-dffe-44a0-a7b8-f15a4f151567.jpg?v=1702269449,2023-11-01T12:12:53+05:30,2026-09-08T08:56:50+05:30
Crompton,Crompton Ventilus HS Exhaust Fan,Exhaust Fans,Domex Fan,crompton-ventilus-hs-exhaust-fan,https://www.crompton.co.in/products/crompton-ventilus-hs-exhaust-fan,2099.0,2099.0,Color,Ivory :: SKU=VENTILUS6HSIVY :: ₹2099.00 | White :: SKU=VENTILUS6HSWHT :: ₹2099.00,12,https://cdn.shopify.com/s/files/1/0715/1704/5040/files/HSVentilus150mm_Ivory__1angle_1.png?v=1702269138 | https://cdn.shopify.com/s/files/1/0715/1704/5040/files/PL5_42_1.jpg?v=1702269138 | https://cdn.shopify.com/s/files/1/0715/1704/5040/files/PL1_43_1.jpg?v=1702269138 | https://cdn.shopify.com/s/files/1/0715/1704/5040/files/PL3_48_1.jpg?v=1702269138 | https://cdn.shopify.com/s/files/1/0715/1704/5040/files/PL2_53_1.png?v=1711714786 | https://cdn.shopify.com/s/files/1/0715/1704/5040/files/PL4_48_1.jpg?v=1711714786 | https://cdn.shopify.com/s/files/1/0715/1704/5040/files/HSVentilus150mm_White__1angle.png?v=1711714786 | https://cdn.shopify.com/s/files/1/0715/1704/5040/files/ventlushsPLwhitePL1_2.jpg?v=1711714786 | https://cdn.shopify.com/s/files/1/0715/1704/5040/files/ventlushsPLwhitePL2_2.jpg?v=1711714786 | https://cdn.shopify.com/s/files/1/0715/1704/5040/files/ventlushsPLwhite150_1.png?v=1711714786 | https://cdn.shopify.com/s/files/1/0715/1704/5040/files/ventlushsPLwhitePL3_2.jpg?v=1711714786 | https://cdn.shopify.com/s/files/1/0715/1704/5040/files/ventlushsPLwhitePL5_2.jpg?v=1711714786,2023-11-01T09:52:13+05:30,2026-09-08T08:56:50+05:30
Crompton,Crompton High Speed HS | Star Rated Ceiling Fan,Ceiling Fans,"Featured Fans, High Speed Fans",crompton-high-speed-hs-star-rated-ceiling-fan,https://www.crompton.co.in/products/crompton-high-speed-hs-star-rated-ceiling-fan,3519.0,3519.0,Color,Opal White :: SKU=CFHSHS42OPW1S :: ₹3519.00,5,https://cdn.shopify.com/s/files/1/0715/1704/5040/files/Untitled-1_c9c46c7f-6990-4799-9e1c-13ff68141261.png?v=1769083278 | https://cdn.shopify.com/s/files/1/0715/1704/5040/files/LifestylePL1_329adaf3-f759-4e07-a863-a8b05b8c005e.jpg?v=1769083278 | https://cdn.shopify.com/s/files/1/0715/1704/5040/files/PL3_31_1_1.jpg?v=1769083278 | https://cdn.shopify.com/s/files/1/0715/1704/5040/files/PL5_5_1_1.jpg?v=1769083277 | https://cdn.shopify.com/s/files/1/0715/1704/5040/files/PL1_9_1_1.jpg?v=1769083277,2023-09-07T18:37:43+05:30,2026-09-08T08:56:50+05:30
Crompton,Crompton High Speed HS | Star Rated Ceiling Fan,Ceiling Fans,"Featured Fans, High Speed Fans",crompton-high-speed-hs-star-rated-ceiling-fan-2,https://www.crompton.co.in/products/crompton-high-speed-hs-star-rated-ceiling-fan-2,3519.0,3519.0,Color,Lustre Brown :: SKU=CFHSHS48LBR1S :: ₹3519.00,5,https://cdn.shopify.com/s/files/1/0715/1704/5040/files/Untitled-1_5e990325-ce91-417e-8f59-9757c9597fff.png?v=1769083276 | https://cdn.shopify.com/s/files/1/0715/1704/5040/files/LifestylePL1_ca8e4d5f-1593-45e5-b0ee-0595793c5eb5.jpg?v=1769083276 | https://cdn.shopify.com/s/files/1/0715/1704/5040/files/PL1_10_1_1.jpg?v=1769083276 | https://cdn.shopify.com/s/files/1/0715/1704/5040/files/PL4_28_1_1.png?v=1769083276 | https://cdn.shopify.com/s/files/1/0715/1704/5040/files/PL5_6_1_1.jpg?v=1769083276,2023-09-07T18:24:31+05:30,2026-09-08T08:56:50+05:30
Crompton,Crompton Premion Aura 2 Designer 1 Star,Ceiling Fans,"Aura2 Designer, Designer Fans, duratech, Featured Fans, Lifestyle fans, new price, Premion",pre-aura2-dgn-lotus-1-2m-pwt-gld-ad-1s,https://www.crompton.co.in/products/pre-aura2-dgn-lotus-1-2m-pwt-gld-ad-1s,6529.0,6529.0,Color,Pearl White Gold :: SKU=CFPRAUR3D48PWT1Z :: ₹6529.00,5,https://cdn.shopify.com/s/files/1/0715/1704/5040/files/Untitled-1_b1be038f-e8e0-4ff9-8479-e1b2c0397e51.png?v=1772789662 | https://cdn.shopify.com/s/files/1/0715/1704/5040/files/LifestylePL1_3f33dddb-58ca-43c2-9fd1-b0731f2c760e.jpg?v=1772789661 | https://cdn.shopify.com/s/files/1/0715/1704/5040/files/Aura3dWhitePL2_2_1_385f01d8-3cc8-4b3e-b38c-71e502c19534.jpg?v=1772789661 | https://cdn.shopify.com/s/files/1/0715/1704/5040/files/Aura3dWhitePL3_1_1_058254f3-b697-4257-913c-9c73f6724570.jpg?v=1772789661 | https://cdn.shopify.com/s/files/1/0715/1704/5040/files/Aura3dWhitePL5_2_1_6d09e638-0cc4-4705-9d55-e79cff465fad.jpg?v=1772789661,2023-09-07T18:04:31+05:30,2026-09-08T08:56:50+05:30
Crompton,Crompton Ventilus Exhaust Fan,Exhaust Fans,Domex Fan,crompton-ventilus-exhaust-fan-1,https://www.crompton.co.in/products/crompton-ventilus-exhaust-fan-1,2099.0,2099.0,Color,White :: SKU=VENTILUS8WHT :: ₹2099.00,6,https://cdn.shopify.com/s/files/1/0715/1704/5040/files/ventilus.png?v=1713253481 | https://cdn.shopify.com/s/files/1/0715/1704/5040/files/LifesttlePL1_868d5c67-4f46-4bee-bf23-a2d01f9c2ee4.jpg?v=1713253481 | https://cdn.shopify.com/s/files/1/0715/1704/5040/files/domexventlusPL2_1_c0f9de88-6a93-438d-8bbf-6e44e9ed52bf.jpg?v=1713253481 | https://cdn.shopify.com/s/files/1/0715/1704/5040/files/domexventlusPL3_1_b0956f33-99db-4fd7-947d-c45fbfcc7e0e.jpg?v=1713253481 | https://cdn.shopify.com/s/files/1/0715/1704/5040/files/domexventlusPL4_1_5a47b595-47f0-449e-a361-043ae3134855_1.png?v=1713253481 | https://cdn.shopify.com/s/files/1/0715/1704/5040/files/ventilusPL5_9c3ffc1d-e761-44f2-8be4-9740026b3a68.jpg?v=1713253481,2023-09-07T17:01:14+05:30,2026-09-08T08:56:50+05:30
Crompton,Crompton Ventilus Exhaust Fan,Exhaust Fans,Domex Fan,crompton-ventilus-exhaust-fan,https://www.crompton.co.in/products/crompton-ventilus-exhaust-fan,1999.0,1999.0,Color,White :: SKU=VENTILUS6WHT :: ₹1999.00,6,https://cdn.shopify.com/s/files/1/0715/1704/5040/files/Ventilus200mm_White__1angle_aa526c9c-f06d-426d-97f7-8bb74f7f4648.png?v=1701931642 | https://cdn.shopify.com/s/files/1/0715/1704/5040/files/LifesttlePL1_e37d6e73-dd11-4ea8-9878-6a63156d53f6.jpg?v=1701931642 | https://cdn.shopify.com/s/files/1/0715/1704/5040/files/domexventlusPL2_1_3fc1e950-f923-4ad8-82d5-e50972940b8c.jpg?v=1701931642 | https://cdn.shopify.com/s/files/1/0715/1704/5040/files/domexventlusPL3_1_70c178c3-2df2-4195-b40b-e2ea8e75e402.jpg?v=1701931642 | https://cdn.shopify.com/s/files/1/0715/1704/5040/files/ventlushsPLwhite150.png?v=1701931642 | https://cdn.shopify.com/s/files/1/0715/1704/5040/files/ventilusPL5_370af8e0-890a-43f8-bbfc-0e05f3c91327.jpg?v=1701931642,2023-09-07T16:56:14+05:30,2026-09-08T08:56:50+05:30
Crompton,Crompton Ventilus Exhaust Fan,Exhaust Fans,Domex Fan,crompton-ventilus-exhaust-fan-2,https://www.crompton.co.in/products/crompton-ventilus-exhaust-fan-2,2349.0,2349.0,Color,White :: SKU=VENTILUS10WHT :: ₹2349.00,6,https://cdn.shopify.com/s/files/1/0715/1704/5040/files/Ventilus200mm_White__1angle.png?v=1694084811 | https://cdn.shopify.com/s/files/1/0715/1704/5040/files/LifesttlePL1.jpg?v=1695040518 | https://cdn.shopify.com/s/files/1/0715/1704/5040/files/domexventlusPL2_1.jpg?v=1695040518 | https://cdn.shopify.com/s/files/1/0715/1704/5040/files/domexventlusPL3_1.jpg?v=1695040518 | https://cdn.shopify.com/s/files/1/0715/1704/5040/files/domexventlusPL4_1.jpg?v=1695040518 | https://cdn.shopify.com/s/files/1/0715/1704/5040/files/ventilusPL5.jpg?v=1694084811,2023-09-07T16:36:28+05:30,2026-09-08T08:56:50+05:30
Crompton,Crompton Brisk Air Plus Exhaust Fan,Exhaust Fans,Domex Fan,crompton-brisk-air-plus-exhaust-fan-1,https://www.crompton.co.in/products/crompton-brisk-air-plus-exhaust-fan-1,2099.0,2099.0,Color,White :: SKU=BRISKAIRPLUS8WHT :: ₹2099.00 | Black :: SKU=BRISKAIRPLUS8BLK :: ₹2099.00,11,https://cdn.shopify.com/s/files/1/0715/1704/5040/files/Briskairplus200mm_White__1angle_021133ac-1830-453a-9eb3-072d122c194a.png?v=1694084379 | https://cdn.shopify.com/s/files/1/0715/1704/5040/files/LifestylePL1_96a8aab0-00a8-42ca-86a7-68bed4f358bb.jpg?v=1694084379 | https://cdn.shopify.com/s/files/1/0715/1704/5040/files/PL1_24_1_f52117cd-448c-4555-9fd5-c5385e4aea1e.jpg?v=1694084379 | https://cdn.shopify.com/s/files/1/0715/1704/5040/files/PL2_33_1_1a99c6fa-0c85-4b46-82b1-e0f7073be73b.jpg?v=1694084379 | https://cdn.shopify.com/s/files/1/0715/1704/5040/files/brisk-air-neo-PL05_2_fb1aefd2-5f74-4e86-b3d1-5c6f4fa269d3.jpg?v=1694084380 | https://cdn.shopify.com/s/files/1/0715/1704/5040/files/Untitled-1_23101b8e-47cb-4f02-bf50-afea0e91314b.png?v=1703487810 | https://cdn.shopify.com/s/files/1/0715/1704/5040/files/briskAirplusairdomexPL4.jpg?v=1703487810 | https://cdn.shopify.com/s/files/1/0715/1704/5040/files/briskAirplusairdomexPL1.jpg?v=1703487810 | https://cdn.shopify.com/s/files/1/0715/1704/5040/files/briskAirplusairdomexPL2.jpg?v=1703487810 | https://cdn.shopify.com/s/files/1/0715/1704/5040/files/briskAirplusairdomexPL200MM.jpg?v=1703487810 | https://cdn.shopify.com/s/files/1/0715/1704/5040/files/briskairplusPL5_1.jpg?v=1703487810,2023-09-07T16:29:31+05:30,2026-09-08T08:56:50+05:30
Crompton,Crompton Brisk Air Plus Exhaust Fan,Exhaust Fans,Domex Fan,crompton-brisk-air-plus-exhaust-fan,https://www.crompton.co.in/products/crompton-brisk-air-plus-exhaust-fan,1999.0,1999.0,Color,White :: SKU=BRISKAIRPLUS6WHT :: ₹1999.00 | Black :: SKU=BRISKAIRPLUS6BLK :: ₹1999.00,11,https://cdn.shopify.com/s/files/1/0715/1704/5040/files/Briskairplus200mm_White__1angle.png?v=1694083891 | https://cdn.shopify.com/s/files/1/0715/1704/5040/files/LifestylePL1_da3d59e9-0b39-4d5c-9448-c2ec51b43b21.jpg?v=1694083891 | https://cdn.shopify.com/s/files/1/0715/1704/5040/files/PL1_24_1.jpg?v=1694083891 | https://cdn.shopify.com/s/files/1/0715/1704/5040/files/PL2_33_1.jpg?v=1694083891 | https://cdn.shopify.com/s/files/1/0715/1704/5040/files/brisk-air-neo-PL05_2.jpg?v=1694083891 | https://cdn.shopify.com/s/files/1/0715/1704/5040/files/Untitled-1_7b90a5c1-e761-40f9-b8e1-50ded743e198.png?v=1703738881 | https://cdn.shopify.com/s/files/1/0715/1704/5040/files/briskAirplusairdomexPL4_cf4cbd0b-4b00-4b88-97c3-d6877ccab0e5.jpg?v=1703738881 | https://cdn.shopify.com/s/files/1/0715/1704/5040/files/briskAirplusairdomexPL1_1e786e7c-2b5c-44bd-979e-b42ea0611a00.jpg?v=1703738881 | https://cdn.shopify.com/s/files/1/0715/1704/5040/files/briskAirplusairdomexPL2_d14e2833-7306-4afa-8223-70cb28cfa1db.jpg?v=1703738881 | https://cdn.shopify.com/s/files/1/0715/1704/5040/files/briskAirplusairdomexPL200MM_26d8713d-9e8b-4196-9775-24aca86756cd.png?v=1711030628 | https://cdn.shopify.com/s/files/1/0715/1704/5040/files/briskairplusPL5_1_3c526d44-12e0-4bcd-bbb3-9b6f1a083b2c.jpg?v=1711030628,2023-09-07T16:20:13+05:30,2026-09-08T08:56:50+05:30
Crompton,Crompton Briskair Neo Exhaust Fan,Exhaust Fans,Domex Fan,crompton-briskair-neo-exhaust-fan-2,https://www.crompton.co.in/products/crompton-briskair-neo-exhaust-fan-2,2149.0,2149.0,Color,White :: SKU=BRISKAIRNEO8WHT :: ₹2149.00,5,https://cdn.shopify.com/s/files/1/0715/1704/5040/files/Briskairneo150mm_White__1angle_1_3330c4bd-337e-4b00-8b87-1275e749aafe.png?v=1694083446 | https://cdn.shopify.com/s/files/1/0715/1704/5040/files/LifestylePL1_5c34fa3c-1cae-445a-a365-b760ef605ede.jpg?v=1695040485 | https://cdn.shopify.com/s/files/1/0715/1704/5040/files/briskairneoPL02_2_1_7ac78d5b-9a02-4254-a456-b49ac2800147.jpg?v=1695040485 | https://cdn.shopify.com/s/files/1/0715/1704/5040/files/briskairneoPL03_2_1_190b6961-77df-4b92-9dc8-95081864f751.jpg?v=1695040485 | https://cdn.shopify.com/s/files/1/0715/1704/5040/files/briskairneoPL04.3_2_1_eec2449a-888f-4974-afe4-3137013e980a.jpg?v=1695040485,2023-09-07T16:13:40+05:30,2026-09-08T08:56:50+05:30
Crompton,Crompton Briskair Neo Exhaust Fan,Exhaust Fans,Domex Fan,crompton-briskair-neo-exhaust-fan-1,https://www.crompton.co.in/products/crompton-briskair-neo-exhaust-fan-1,1999.0,1999.0,Color,White :: SKU=BRISKAIRNEO6WHT :: ₹1999.00,5,https://cdn.shopify.com/s/files/1/0715/1704/5040/files/Briskairneo150mm_White__1angle_1_47f58fe1-23c6-4039-97ef-1d46c2950398.png?v=1694082704 | https://cdn.shopify.com/s/files/1/0715/1704/5040/files/LifestylePL1_e55c4cca-1c53-439c-b594-b8667a8b13ea.jpg?v=1695040474 | https://cdn.shopify.com/s/files/1/0715/1704/5040/files/briskairneoPL02_2_1_21ed7b8f-5367-409b-b828-8e766e98f6c6.jpg?v=1695040474 | https://cdn.shopify.com/s/files/1/0715/1704/5040/files/briskairneoPL03_2_1_1cfd78d5-b52a-4412-a382-ca517b321bfc.jpg?v=1695040474 | https://cdn.shopify.com/s/files/1/0715/1704/5040/files/briskairneoPL04.3_2_1_88d8e3a6-f838-4086-9c77-0580e5d1c438.jpg?v=1695040474,2023-09-07T16:01:36+05:30,2026-09-08T08:56:50+05:30
Crompton,Crompton Briskair Neo Exhaust Fan,Exhaust Fans,"Domex Fan, type-bathroom",crompton-briskair-neo-exhaust-fan,https://www.crompton.co.in/products/crompton-briskair-neo-exhaust-fan,2349.0,2349.0,Color,White :: SKU=BRISKAIRNEO10WHT :: ₹2349.00,5,https://cdn.shopify.com/s/files/1/0715/1704/5040/files/Briskairneo150mm_White__1angle_1.png?v=1694077779 | https://cdn.shopify.com/s/files/1/0715/1704/5040/files/LifestylePL1_0bacdcb2-d487-41f9-9fef-eed1bb5bfa4f.jpg?v=1695040460 | https://cdn.shopify.com/s/files/1/0715/1704/5040/files/briskairneoPL02_2_1.jpg?v=1695040460 | https://cdn.shopify.com/s/files/1/0715/1704/5040/files/briskairneoPL03_2_1.jpg?v=1695040460 | https://cdn.shopify.com/s/files/1/0715/1704/5040/files/briskairneoPL04.3_2_1.jpg?v=1695040460,2023-09-07T14:32:53+05:30,2026-09-08T08:56:50+05:30
Crompton,Crompton Premion Aura 2 Designer 1 Star,Ceiling Fans,"Aura2 Designer, Designer Fans, duratech, Featured Fans, Lifestyle fans, new price, Premion",pre-aura2-dgn-brocade-1-2m-bke-gld-ad-1s,https://www.crompton.co.in/products/pre-aura2-dgn-brocade-1-2m-bke-gld-ad-1s,6529.0,6529.0,Color,Birken Gold :: SKU=CFPRAUR2D48BKN1Z :: ₹6529.00,5,https://cdn.shopify.com/s/files/1/0715/1704/5040/files/Pmaura2designer482d_Birkengold__1angle.png?v=1772789659 | https://cdn.shopify.com/s/files/1/0715/1704/5040/files/Aura3dPL3_3_1.jpg?v=1772789659 | https://cdn.shopify.com/s/files/1/0715/1704/5040/files/Aura3dPL1_1_1.jpg?v=1772789659 | https://cdn.shopify.com/s/files/1/0715/1704/5040/files/Aura3dPL4_4_1.jpg?v=1772789659 | https://cdn.shopify.com/s/files/1/0715/1704/5040/files/Aura3dPL5_2_1.jpg?v=1772789659,2023-09-05T12:55:06+05:30,2026-09-08T08:56:50+05:30
Crompton,Crompton Surebreeze Sea Breeze | Star Rated Ceiling Fan,Ceiling Fans,"Basic Fans, Featured Fans, new price, Sure Breeze Fans, type-simple-fans",crompton-surebreeze-sea-breeze-star-rated-ceiling-fan,https://www.crompton.co.in/products/crompton-surebreeze-sea-breeze-star-rated-ceiling-fan,2599.0,2599.0,Color,Ivory :: SKU=CFSBSBZ48IVY1Z :: ₹2599.00 | Lustre Brown :: SKU=CFSBSBZ48BRN1Z :: ₹2599.00 | Opal White :: SKU=CFSBSBZ48OPW1Z :: ₹2599.00,18,https://cdn.shopify.com/s/files/1/0715/1704/5040/files/Surebreezeseabreeze_Ivory__1angle_1.png?v=1772789657 | https://cdn.shopify.com/s/files/1/0715/1704/5040/files/PL3_38_1_6884b6c4-ae4f-4a94-aec7-7c60d50d58dd.jpg?v=1772789657 | https://cdn.shopify.com/s/files/1/0715/1704/5040/files/PL1_31_1.jpg?v=1772789657 | https://cdn.shopify.com/s/files/1/0715/1704/5040/files/PL2_42_1_c9bafc06-6f28-4552-b12d-f3d0f270eb9b.jpg?v=1772789657 | https://cdn.shopify.com/s/files/1/0715/1704/5040/files/PLLvoryRPM.jpg?v=1772789658 | https://cdn.shopify.com/s/files/1/0715/1704/5040/files/PL5_36_1_91ab17c0-86c1-4cfb-995f-724de7ab23a0.jpg?v=1772789657 | https://cdn.shopify.com/s/files/1/0715/1704/5040/files/Surebreezeseabreeze_Lustrebrown__1angle.png?v=1772789657 | https://cdn.shopify.com/s/files/1/0715/1704/5040/files/PL3_39_1_bd334463-4947-4eb4-a20e-bbca32906251.jpg?v=1772789657 | https://cdn.shopify.com/s/files/1/0715/1704/5040/files/PL1_32_1_451178b0-2b3b-453e-9ca9-aa9658f02f73.jpg?v=1772789657 | https://cdn.shopify.com/s/files/1/0715/1704/5040/files/PL2_43_1_75bfec98-2be4-45ae-a61a-9125a336806b.jpg?v=1772789657 | https://cdn.shopify.com/s/files/1/0715/1704/5040/files/PLlustreBrownRPM.jpg?v=1772789657 | https://cdn.shopify.com/s/files/1/0715/1704/5040/files/PL5_1_1_1_b6e7ca2a-5e3a-4914-b95d-92ad19037faf.jpg?v=1772789657 | https://cdn.shopify.com/s/files/1/0715/1704/5040/files/Surebreezeseabreeze_Opalwhite__1angle.png?v=1772789657 | https://cdn.shopify.com/s/files/1/0715/1704/5040/files/PL3_37_1_1adaa50a-08c3-4010-a3a2-3b4cc4f4d3c9.jpg?v=1772789657 | https://cdn.shopify.com/s/files/1/0715/1704/5040/files/PL1_30_1_5de5dc13-d944-4b55-9211-1482dc0bc81b.jpg?v=1772789657 | https://cdn.shopify.com/s/files/1/0715/1704/5040/files/PL2_41_1.jpg?v=1772789657 | https://cdn.shopify.com/s/files/1/0715/1704/5040/files/Artboard1_ad1fb166-9760-4c79-94e7-fe230b996003.jpg?v=1772789657 | https://cdn.shopify.com/s/files/1/0715/1704/5040/files/PL5_28_1_431044f1-1590-4569-ad28-27ee492dc440.jpg?v=1772789657,2023-09-05T12:00:05+05:30,2026-09-08T08:56:50+05:30
Crompton,Crompton High Speed Senoprime | Star Rated Ceiling Fan,Ceiling Fans,"Designer Fans, Featured Fans, High Speed Fans, new price, type-bedroom, type-designer-fans",crompton-high-speed-senoprime-star-rated-ceiling-fan,https://www.crompton.co.in/products/crompton-high-speed-senoprime-star-rated-ceiling-fan,5089.0,5089.0,Color,Cool Grey :: SKU=CFHSSENPM48CGR1Z :: ₹5089.00 | Maroon Matte :: SKU=CFHSSENPM48MMT1S :: ₹5089.00,10,https://cdn.shopify.com/s/files/1/0715/1704/5040/files/Untitled-1_a69424eb-e2db-45f3-8d1e-84ae784f8f41.png?v=1772789653 | https://cdn.shopify.com/s/files/1/0715/1704/5040/files/PL3_4_1.jpg?v=1772789653 | https://cdn.shopify.com/s/files/1/0715/1704/5040/files/PL1_1_1_6966924a-4231-4bcd-9a55-0d9f468e5c8e.jpg?v=1772789654 | https://cdn.shopify.com/s/files/1/0715/1704/5040/files/PLRPMCoolGray.jpg?v=1772789653 | https://cdn.shopify.com/s/files/1/0715/1704/5040/files/PL5_41.jpg?v=1772789653 | https://cdn.shopify.com/s/files/1/0715/1704/5040/files/HSsenoprime_Maroonmatte__1angle.png?v=1772789654 | https://cdn.shopify.com/s/files/1/0715/1704/5040/files/Seno-primePL-brown_1.jpg?v=1772789653 | https://cdn.shopify.com/s/files/1/0715/1704/5040/files/PL1jpg_2_1_0efe3d75-f42e-4272-abf1-b4127d6a3864.jpg?v=1772789654 | https://cdn.shopify.com/s/files/1/0715/1704/5040/files/PLRPM_CPMMasroonMatte.jpg?v=1772789653 | https://cdn.shopify.com/s/files/1/0715/1704/5040/files/PL5_31_1_859f611e-8dab-4767-8866-988162d9f13a.jpg?v=1772789653,2023-09-05T10:16:29+05:30,2026-09-08T08:56:50+05:30
Crompton,Crompton High Speed Jura Prime | Star Rated Ceiling Fan,Ceiling Fans,"Anti Dust Fans, Featured Fans, High Speed Fans, new price, type-anti-dust-fans",crompton-high-speed-jura-prime-star-rated-ceiling-fan,https://www.crompton.co.in/products/crompton-high-speed-jura-prime-star-rated-ceiling-fan,4649.0,4649.0,Color,Bakers Brown :: SKU=CFHSJURAD48BBR1Z :: ₹4649.00 | Conch Cream :: SKU=CFHSJURAD48CCR1Z :: ₹4649.00,12,https://cdn.shopify.com/s/files/1/0715/1704/5040/files/Untitled-1_7cf127d4-6b75-43bd-86fb-8594e7b036b8.png?v=1772789651 | https://cdn.shopify.com/s/files/1/0715/1704/5040/files/PL3_23_59bd36ea-c8bc-4804-8df7-3ed6ee3c3721.jpg?v=1772789651 | https://cdn.shopify.com/s/files/1/0715/1704/5040/files/PL1_21.jpg?v=1772789651 | https://cdn.shopify.com/s/files/1/0715/1704/5040/files/PL2_28_d3563bb6-df40-467b-94b5-dc64e8fb6aa2.jpg?v=1772789651 | https://cdn.shopify.com/s/files/1/0715/1704/5040/files/PL4_30_7d774f3a-f2f2-4951-8052-9c79adaaee22.jpg?v=1772789651 | https://cdn.shopify.com/s/files/1/0715/1704/5040/files/jura-prime-white-pl--brown-wrrnty_e2642608-7f4c-4990-81ff-e2e70e108625.jpg?v=1772789651 | https://cdn.shopify.com/s/files/1/0715/1704/5040/files/JURAANTIDUST_CONCHCREAM__1stAngle.png?v=1772789654 | https://cdn.shopify.com/s/files/1/0715/1704/5040/files/PL3_45_3dc97c39-a865-45a4-bbd5-455cc5e1d640.jpg?v=1772789651 | https://cdn.shopify.com/s/files/1/0715/1704/5040/files/PL1_37.jpg?v=1772789651 | https://cdn.shopify.com/s/files/1/0715/1704/5040/files/PL2_50_b9baa004-384e-470d-847e-7a7d696c92a7.jpg?v=1772789651 | https://cdn.shopify.com/s/files/1/0715/1704/5040/files/PL4_45.jpg?v=1772789651 | https://cdn.shopify.com/s/files/1/0715/1704/5040/files/jura-prime-white-pl-wrrnty_c52d09ed-344a-4079-80b8-0952eb5654f5.jpg?v=1772789651,2023-09-04T17:59:58+05:30,2026-09-08T08:56:50+05:30
Crompton,Crompton Energion High Speed BLDC Ceiling Fan,Ceiling Fans,"Bldc Fans, Energy Efficient, Energy Efficient Bidc Fans, type-energy-efficient-fans",crompton-energion-high-speed-bldc-ceiling-fan,https://www.crompton.co.in/products/crompton-energion-high-speed-bldc-ceiling-fan,5849.0,5849.0,Color,Opal White :: SKU=CFENHS48OPW5S-I :: ₹5849.00 | Ivory :: SKU=CFENHS48IVY5S-I :: ₹5849.00 | Brown :: SKU=CFENHS48BRN5S-I :: ₹5849.00,21,https://cdn.shopify.com/s/files/1/0715/1704/5040/files/Untitled-1_3341b6cc-e4f7-453c-97df-70240cdb7faf.png?v=1695043726 | https://cdn.shopify.com/s/files/1/0715/1704/5040/files/FinalArtboard2_1_1.jpg?v=1695043726 | https://cdn.shopify.com/s/files/1/0715/1704/5040/files/Opal_White_Fold_3.jpg?v=1744000500 | https://cdn.shopify.com/s/files/1/0715/1704/5040/files/Artboard4copy2_3_1.jpg?v=1744000500 | https://cdn.shopify.com/s/files/1/0715/1704/5040/files/FinalArtboard3_1_1.jpg?v=1744000500 | https://cdn.shopify.com/s/files/1/0715/1704/5040/files/FinalArtboard1_1_1.jpg?v=1744000500 | https://cdn.shopify.com/s/files/1/0715/1704/5040/files/Opal_White_Fold_7.jpg?v=1744000500 | https://cdn.shopify.com/s/files/1/0715/1704/5040/files/CROMPTONENERGIONHS1200MMBROWN_1angle.png?v=1744000500 | https://cdn.shopify.com/s/files/1/0715/1704/5040/files/FinalArtboard1_1_2.jpg?v=1744000500 | https://cdn.shopify.com/s/files/1/0715/1704/5040/files/FinalArtboard2_1_2.jpg?v=1744000500 | https://cdn.shopify.com/s/files/1/0715/1704/5040/files/Brown_Fold_5.jpg?v=1744000500 | https://cdn.shopify.com/s/files/1/0715/1704/5040/files/Artboard4copy2_1_1.jpg?v=1744000500 | https://cdn.shopify.com/s/files/1/0715/1704/5040/files/FinalArtboard3_1_2.jpg?v=1744000500 | https://cdn.shopify.com/s/files/1/0715/1704/5040/files/Brown_Fold_7.jpg?v=1744000500 | https://cdn.shopify.com/s/files/1/0715/1704/5040/products/ENERGIONHS1200MMIVORY_1angle.png?v=1744000500 | https://cdn.shopify.com/s/files/1/0715/1704/5040/files/Artboard2-2023-08-26T123131.635_2.jpg?v=1744000500 | https://cdn.shopify.com/s/files/1/0715/1704/5040/files/Artboard1-2023-08-26T123129.672_2.jpg?v=1744000500 | https://cdn.shopify.com/s/files/1/0715/1704/5040/files/Artboard3-2023-08-26T123133.544_2.jpg?v=1744000500 | https://cdn.shopify.com/s/files/1/0715/1704/5040/files/Ivory_Fold_6_151debfb-7880-4bcd-a8ea-029216989f9d.jpg?v=1744000500 | https://cdn.shopify.com/s/files/1/0715/1704/5040/files/Artboard4copy2_2_2.jpg?v=1744000500 | https://cdn.shopify.com/s/files/1/0715/1704/5040/files/Ivory_Fold_5.jpg?v=1744000500,2023-09-04T14:20:46+05:30,2026-09-08T08:56:50+05:30
Crompton,Crompton Energion Riviera Regulator BLDC Ceiling Fan,Ceiling Fans,"Bldc Fans, Energy Efficient, Energy Efficient Bidc Fans, Featured Fans, new price, type-energy-efficient-fans",crompton-energion-riviera-regulator-bldc-ceiling-fan,https://www.crompton.co.in/products/crompton-energion-riviera-regulator-bldc-ceiling-fan,4999.0,4999.0,Color,Brown :: SKU=CFENRIVRG48BRN5Z :: ₹4999.00,5,https://cdn.shopify.com/s/files/1/0715/1704/5040/files/Untitled-1_bf78f86b-b1bf-4246-ba3e-5273d43ddcc8.png?v=1772789649 | https://cdn.shopify.com/s/files/1/0715/1704/5040/files/EnergionRivieraPl1.jpg?v=1772789649 | https://cdn.shopify.com/s/files/1/0715/1704/5040/files/Riviera_Fold_3.jpg?v=1772789649 | https://cdn.shopify.com/s/files/1/0715/1704/5040/files/EnergionRivieraPL2.png?v=1772789649 | https://cdn.shopify.com/s/files/1/0715/1704/5040/files/Riviera_Fold_5.jpg?v=1772789649,2023-09-01T17:32:27+05:30,2026-09-08T08:56:50+05:30
Crompton,Crompton Energion Groove Regulator BLDC Ceiling Fan,Ceiling Fans,"Bldc Fans, Energy Efficient, Energy Efficient Bidc Fans, Featured Fans, type-best-sellers, type-energy-efficient-fans",crompton-energion-groove-regulator-bldc-ceiling-fan,https://www.crompton.co.in/products/crompton-energion-groove-regulator-bldc-ceiling-fan,6000.0,6600.0,Color,Brown :: SKU=CFENGR28W48BRN5SRG :: ₹6000.00 | Opal White :: SKU=CFENGR28W48OPW5SRG :: ₹6000.00 | Onyx :: SKU=CFENGR28W48ONXADRG :: ₹6600.00 | Satin Sand :: SKU=CFENGR28W48SSDADRG :: ₹6600.00,22,https://cdn.shopify.com/s/files/1/0715/1704/5040/files/Untitled-1_efab1a29-338f-4422-932c-e0592ffe9703.png?v=1769506592 | https://cdn.shopify.com/s/files/1/0715/1704/5040/files/Artboard2-2023-08-25T142522.548_1_a198e2e3-0c90-40d1-bf7b-2748832084ba.jpg?v=1769506592 | https://cdn.shopify.com/s/files/1/0715/1704/5040/files/Artboard1-2023-08-25T142521.415_1_c316aa6f-31ef-4fdc-b2c8-e0009534e1da.jpg?v=1769506592 | https://cdn.shopify.com/s/files/1/0715/1704/5040/files/Artboard4copy2_4_a5da9d07-3b87-4c1d-9871-446950885e57.jpg?v=1769506591 | https://cdn.shopify.com/s/files/1/0715/1704/5040/files/Artboard4copy_8_1_a15d48b8-c39a-4e56-985d-cc22f4d114f3.jpg?v=1769506591 | https://cdn.shopify.com/s/files/1/0715/1704/5040/files/Artboard4_94_1_bf699b45-6b43-475c-b638-346dafd57cbf.jpg?v=1769506592 | https://cdn.shopify.com/s/files/1/0715/1704/5040/files/ENERGIONGROVE28W1200MMOPALWHITE_1ANGLE_ae82400e-0c18-4bf5-90a5-1153f74e985d.png?v=1769506592 | https://cdn.shopify.com/s/files/1/0715/1704/5040/files/EGOpalwhite1_3_1_d32d71f2-424d-4e80-bb5d-d9f30fea80dd.jpg?v=1769506592 | https://cdn.shopify.com/s/files/1/0715/1704/5040/files/EGOpalwhite1_2_1_7eb72bf3-bcae-4a0e-af05-4265668afb35.jpg?v=1769506592 | https://cdn.shopify.com/s/files/1/0715/1704/5040/files/EGOpalwhite1_1_1_90ae151b-51e0-445d-8d3e-152f1eb96b76.jpg?v=1769506591 | https://cdn.shopify.com/s/files/1/0715/1704/5040/files/EGOpalwhite1_5_1_bb0e5118-a035-4482-b969-767003aa45a5.jpg?v=1769506592 | https://cdn.shopify.com/s/files/1/0715/1704/5040/files/Energiongroove28w_onyx_DRM__1angle_62f22e6d-4842-45b8-ae36-199657e8142f.png?v=1769506592 | https://cdn.shopify.com/s/files/1/0715/1704/5040/files/Artboard2-2023-08-19T204649.706_1_554bffb5-6c58-40d3-b966-c79d8a7d00b0.jpg?v=1769506591 | https://cdn.shopify.com/s/files/1/0715/1704/5040/files/Artboard1-2023-08-19T204648.220_1_34c57c57-9690-4927-b503-a6502bd6018a.jpg?v=1769506592 | https://cdn.shopify.com/s/files/1/0715/1704/5040/files/Artboard5_6_1_e1e1db8f-c670-45f6-8328-7266f6920e0a.jpg?v=1769506592 | https://cdn.shopify.com/s/files/1/0715/1704/5040/files/Artboard4_87_1_4461f8c3-6c58-44e3-81de-1efb4a64eef3.jpg?v=1769506591 | https://cdn.shopify.com/s/files/1/0715/1704/5040/files/Energiongroove28w_SATINSAND__1stAngle_0edd27d1-29e5-4201-ab59-347b3d0de22b.png?v=1769506592 | https://cdn.shopify.com/s/files/1/0715/1704/5040/files/Artboard2-2023-08-25T142115.292_1_d09bcf59-adfa-44b6-a435-dbb1d4433813.jpg?v=1769506592 | https://cdn.shopify.com/s/files/1/0715/1704/5040/files/Artboard1-2023-08-25T142113.083_1_997ef63e-fbf2-4cc9-aa84-56c5cdbc57a1.jpg?v=1769506592 | https://cdn.shopify.com/s/files/1/0715/1704/5040/files/Artboard4copy_7_1_964fc10b-2a9a-4338-b3cf-13ea6ceadc19.jpg?v=1769506592 | https://cdn.shopify.com/s/files/1/0715/1704/5040/files/Artboard5_11_1_af39596e-9b99-4874-b4f3-652a0490f56f.jpg?v=1769506592 | https://cdn.shopify.com/s/files/1/0715/1704/5040/files/Artboard4_93_1_79e92eb6-4fbc-422b-bedf-cdba3361333a.jpg?v=1769506591,2023-09-01T16:39:10+05:30,2026-09-08T08:56:50+05:30
Crompton,Crompton Energion Groove Remote BLDC Ceiling Fan,Ceiling Fans,"Bldc Fans, Energy Efficient, Energy Efficient Bidc Fans, Featured Fans, type-best-sellers, type-energy-efficient-fans",crompton-energion-groove-remote-bldc-ceiling-fan,https://www.crompton.co.in/products/crompton-energion-groove-remote-bldc-ceiling-fan,6500.0,7250.0,Color,Brown :: SKU=CFENGR28W48BRN5SRM :: ₹6500.00 | Opal White :: SKU=CFENGR28W48OPW5SRM :: ₹6500.00 | Onyx :: SKU=CFENGR28W48ONXADRM :: ₹6750.00 | Satin Sand :: SKU=CFENGR28W48SSDADRM :: ₹6750.00 | Light Pine Wood :: SKU=CFENGR28W48LPW5SRM :: ₹7250.00 | Dark Cherry Wood :: SKU=CFENGR28W48DCW5SRM :: ₹7250.00 | Majolica Blue :: SKU=CFENGR28W48MJB5SRM :: ₹6750.00,48,https://cdn.shopify.com/s/files/1/0715/1704/5040/files/Energiongroove28w_SATINSAND__1stAngle.png?v=1769506597 | https://cdn.shopify.com/s/files/1/0715/1704/5040/files/Artboard2-2023-08-25T142115.292_1.jpg?v=1769506597 | https://cdn.shopify.com/s/files/1/0715/1704/5040/files/Artboard1-2023-08-25T142113.083_1.jpg?v=1769506597 | https://cdn.shopify.com/s/files/1/0715/1704/5040/files/Artboard4_93_1_c147a3c7-74a8-447e-94b4-79daf017dcf8.jpg?v=1769506597 | https://cdn.shopify.com/s/files/1/0715/1704/5040/files/Artboard4copy_7_1.jpg?v=1769506597 | https://cdn.shopify.com/s/files/1/0715/1704/5040/files/Artboard5_11_1.jpg?v=1769506597 | https://cdn.shopify.com/s/files/1/0715/1704/5040/files/satinsand.png?v=1769506598 | https://cdn.shopify.com/s/files/1/0715/1704/5040/files/products_Energiongroove28w_LIGHTPINEWOOD_1stAngle.png?v=1769506600 | https://cdn.shopify.com/s/files/1/0715/1704/5040/files/Artboard2-2023-08-25T142956.693_1.jpg?v=1769506597 | https://cdn.shopify.com/s/files/1/0715/1704/5040/files/Artboard1copy_1_1_c9538a71-6abf-42e9-b472-1d023637e7c9.jpg?v=1769506597 | https://cdn.shopify.com/s/files/1/0715/1704/5040/files/Artboard4_96_1.jpg?v=1769506597 | https://cdn.shopify.com/s/files/1/0715/1704/5040/files/Artboard4copy_10_1.jpg?v=1769506597 | https://cdn.shopify.com/s/files/1/0715/1704/5040/files/Artboard5_12_1.jpg?v=1769506597 | https://cdn.shopify.com/s/files/1/0715/1704/5040/files/Artboard3-2023-08-26T123628.956_1.jpg?v=1769506597 | https://cdn.shopify.com/s/files/1/0715/1704/5040/files/Energiongroove28w_DARKCHERRYWOOD__1stAngle.png?v=1769506597 | https://cdn.shopify.com/s/files/1/0715/1704/5040/files/LifestylePL1_53e773bb-7a4a-4b52-97df-404dbc0739ee.jpg?v=1769506598 | https://cdn.shopify.com/s/files/1/0715/1704/5040/files/Artboard1-2023-08-25T142751.305_1.jpg?v=1769506597 | https://cdn.shopify.com/s/files/1/0715/1704/5040/files/Artboard4_95_1.jpg?v=1769506597 | https://cdn.shopify.com/s/files/1/0715/1704/5040/files/Artboard4copy_9_1_1d815bcb-03cd-4ea9-9031-424deeb778ea.jpg?v=1769506598 | https://cdn.shopify.com/s/files/1/0715/1704/5040/files/Artboard6_1_1.jpg?v=1769506597 | https://cdn.shopify.com/s/files/1/0715/1704/5040/files/Artboard3-2023-08-30T100202.862_1_0ea7b401-07c0-4904-949a-eb00d576188f.jpg?v=1769506597 | https://cdn.shopify.com/s/files/1/0715/1704/5040/files/Energiongroove28w_Majolicablue__1angle.png?v=1769506601 | https://cdn.shopify.com/s/files/1/0715/1704/5040/files/energiongroovePL02_1.jpg?v=1769506598 | https://cdn.shopify.com/s/files/1/0715/1704/5040/files/energiongroovePL01_1.jpg?v=1769506597 | https://cdn.shopify.com/s/files/1/0715/1704/5040/files/energiongroovePL04_1.jpg?v=1769506597 | https://cdn.shopify.com/s/files/1/0715/1704/5040/files/energiongroovePL05_1.jpg?v=1769506598 | https://cdn.shopify.com/s/files/1/0715/1704/5040/files/MajolicaBlue.png?v=1769506598 | https://cdn.shopify.com/s/files/1/0715/1704/5040/files/ENERGIONGROVE28W1200MMBROWN_1ANGLE_1.png?v=1769506597 | https://cdn.shopify.com/s/files/1/0715/1704/5040/files/LifestylePL1_3253ecd5-0861-4ea0-bbc4-fdc391399fcc.jpg?v=1769506597 | https://cdn.shopify.com/s/files/1/0715/1704/5040/files/Artboard1-2023-08-25T142521.415_1.jpg?v=1769506598 | https://cdn.shopify.com/s/files/1/0715/1704/5040/files/Artboard4_94_1.jpg?v=1769506597 | https://cdn.shopify.com/s/files/1/0715/1704/5040/files/Artboard4copy_8_1.jpg?v=1769506597 | https://cdn.shopify.com/s/files/1/0715/1704/5040/files/Artboard4copy2_4.jpg?v=1769506597 | https://cdn.shopify.com/s/files/1/0715/1704/5040/files/brown_5dc4d20d-887f-476b-9854-4a6b208b681c.png?v=1769506598 | https://cdn.shopify.com/s/files/1/0715/1704/5040/files/onyx_dbc2bb35-e3e2-4868-ad2c-9f99d013b7ae.png?v=1769506597 | https://cdn.shopify.com/s/files/1/0715/1704/5040/files/LifestylePL1_12e86c90-3679-42aa-a049-99aee44f67cd.jpg?v=1769506597 | https://cdn.shopify.com/s/files/1/0715/1704/5040/files/Artboard1-2023-08-19T204648.220_1_e27b344b-999b-4dbf-9ca0-a171817c6494.jpg?v=1769506597 | https://cdn.shopify.com/s/files/1/0715/1704/5040/files/Artboard4_87_1_51cee6b0-6739-4f62-b535-7dd5e51de935.jpg?v=1769506597 | https://cdn.shopify.com/s/files/1/0715/1704/5040/files/Artboard5_6_1_be6d887f-b160-478b-947d-40b8bbf1379f.jpg?v=1769506597 | https://cdn.shopify.com/s/files/1/0715/1704/5040/files/Artboard6_2_2e78433f-7f64-48bb-b30d-bc3dc3e553ab.jpg?v=1769506597 | https://cdn.shopify.com/s/files/1/0715/1704/5040/files/onyx.png?v=1769506598 | https://cdn.shopify.com/s/files/1/0715/1704/5040/files/ENERGIONGROVE28W1200MMOPALWHITE_1ANGLE.png?v=1769506597 | https://cdn.shopify.com/s/files/1/0715/1704/5040/files/LifestylePL1_097e340c-3a5f-443a-990e-89d464adce96.jpg?v=1769506597 | https://cdn.shopify.com/s/files/1/0715/1704/5040/files/EGOpalwhite1_1_1.jpg?v=1769506597 | https://cdn.shopify.com/s/files/1/0715/1704/5040/files/EGOpalwhite1_2_1.jpg?v=1769506598 | https://cdn.shopify.com/s/files/1/0715/1704/5040/files/EGOpalwhite1_5_1.jpg?v=1769506597 | https://cdn.shopify.com/s/files/1/0715/1704/5040/files/EGOpalwhite1_6.jpg?v=1769506597 | https://cdn.shopify.com/s/files/1/0715/1704/5040/files/opalwhite.png?v=1769506598,2023-09-01T15:44:44+05:30,2026-09-08T08:56:50+05:30
Crompton,Crompton Surebreeze Ariyabriz Prime | Star Rated Ceiling Fan,Ceiling Fans,"Designer Fans, Featured Fans, new price, Sure Breeze Fans",crompton-surebreeze-ariyabriz-prime-star-rated-ceiling-fan,https://www.crompton.co.in/products/crompton-surebreeze-ariyabriz-prime-star-rated-ceiling-fan,3309.0,3309.0,Color,Mink Brown :: SKU=CFSBABZPM48MKB1Z :: ₹3309.00 | Coral Gold :: SKU=CFSBABZPM48CRG1Z :: ₹3309.00,12,https://cdn.shopify.com/s/files/1/0715/1704/5040/files/Untitled-1_7b1bf49e-0bfc-4496-a7ed-077d15239826.png?v=1772789637 | https://cdn.shopify.com/s/files/1/0715/1704/5040/files/PL3_35_1_1.jpg?v=1772789637 | https://cdn.shopify.com/s/files/1/0715/1704/5040/files/PL1_28_1_1.jpg?v=1772789637 | https://cdn.shopify.com/s/files/1/0715/1704/5040/files/PL2_39_1_1.jpg?v=1772789637 | https://cdn.shopify.com/s/files/1/0715/1704/5040/files/MinkBrown.png?v=1772789637 | https://cdn.shopify.com/s/files/1/0715/1704/5040/files/PL5_26_1_1.jpg?v=1772789637 | https://cdn.shopify.com/s/files/1/0715/1704/5040/files/SurebreeezeAriyabrizPrime_Coralgold__1angle.png?v=1772789637 | https://cdn.shopify.com/s/files/1/0715/1704/5040/files/PL3_46_1_b43ccde6-2de6-416b-9727-88b74814d824.jpg?v=1772789637 | https://cdn.shopify.com/s/files/1/0715/1704/5040/files/PL1_39_1_eb70db1c-7644-4b69-9710-17b69f471e49.jpg?v=1772789637 | https://cdn.shopify.com/s/files/1/0715/1704/5040/files/PL2_51_1_a19c729f-a516-4b31-99f3-f1b474384c6e.jpg?v=1772789637 | https://cdn.shopify.com/s/files/1/0715/1704/5040/files/CoralGold.png?v=1772789637 | https://cdn.shopify.com/s/files/1/0715/1704/5040/files/PL5_38_1_fcb5746e-f325-45f3-840a-615544916596.jpg?v=1772789637,2023-08-31T16:10:51+05:30,2026-09-08T08:56:50+05:30
Crompton,Crompton High Speed Riviera | Star Rated Ceiling Fan,Ceiling Fans,"Featured Fans, High Speed Fans, new price",crompton-high-speed-riviera-star-rated-ceiling-fan,https://www.crompton.co.in/products/crompton-high-speed-riviera-star-rated-ceiling-fan,3349.0,3349.0,Color,Opal White :: SKU=CFHSRIV36OPW1Z :: ₹3349.00 | Brown :: SKU=CFHSRIV36BRN1Z :: ₹3349.00,10,https://cdn.shopify.com/s/files/1/0715/1704/5040/files/Untitled-1_1dee9a25-4d1d-4798-adeb-2001e02df42a.png?v=1772789627 | https://cdn.shopify.com/s/files/1/0715/1704/5040/files/PL5_17_1.jpg?v=1772789626 | https://cdn.shopify.com/s/files/1/0715/1704/5040/files/PL1_11_1.jpg?v=1772789626 | https://cdn.shopify.com/s/files/1/0715/1704/5040/files/OpalWhitePL_60d3dd64-efdc-47e7-a1df-d88201871920.png?v=1772789627 | https://cdn.shopify.com/s/files/1/0715/1704/5040/files/PL4_13_1.jpg?v=1772789626 | https://cdn.shopify.com/s/files/1/0715/1704/5040/files/HSHighspeed900mm_Brown__1angle.webp?v=1772789626 | https://cdn.shopify.com/s/files/1/0715/1704/5040/files/LifestylePL1_52c473c3-5961-4300-bcc9-3a0ef8e16830.jpg?v=1772789628 | https://cdn.shopify.com/s/files/1/0715/1704/5040/files/PL1_12_1_1.jpg?v=1772789626 | https://cdn.shopify.com/s/files/1/0715/1704/5040/files/BrownPL.png?v=1772789631 | https://cdn.shopify.com/s/files/1/0715/1704/5040/files/PL5_8_1_1_4af28b02-c7cb-4c5d-bd90-6d8b252827cd.jpg?v=1772789626,2023-08-31T16:00:55+05:30,2026-09-08T08:56:50+05:30
Crompton,Crompton Surebreeze Sea Bliss | Star Rated Ceiling Fan,Ceiling Fans,"Basic Fans, Featured Fans, new price, Sure Breeze Fans, type-kitchen, type-simple-fans",crompton-surebreeze-sea-bliss-star-rated-ceiling-fan,https://www.crompton.co.in/products/crompton-surebreeze-sea-bliss-star-rated-ceiling-fan,2599.0,2599.0,Color,Opal White :: SKU=CFSBSBL48OPW1Z :: ₹2599.00 | Ivory :: SKU=CFSBSBL48IVY1Z :: ₹2599.00 | Lustre Brown :: SKU=CFSBSBL48BRN1Z :: ₹2599.00,18,https://cdn.shopify.com/s/files/1/0715/1704/5040/files/Untitled-1_fe7a3ae4-a05d-4f01-bed0-403be154e7b3.png?v=1772789631 | https://cdn.shopify.com/s/files/1/0715/1704/5040/files/PL3_50.jpg?v=1772789632 | https://cdn.shopify.com/s/files/1/0715/1704/5040/files/PL1_22_1_6bacd59c-a4ef-47b3-85c2-01fb20d27b14.jpg?v=1772789631 | https://cdn.shopify.com/s/files/1/0715/1704/5040/files/PL2_31_1.jpg?v=1772789631 | https://cdn.shopify.com/s/files/1/0715/1704/5040/files/OpalWhitePL.png?v=1772789632 | https://cdn.shopify.com/s/files/1/0715/1704/5040/files/PL5_18_1_2c68952b-69a9-4e06-8265-9a1281bb3bcc.jpg?v=1772789632 | https://cdn.shopify.com/s/files/1/0715/1704/5040/files/Surebreezeseabliss_Ivory__1angle_38fede41-e778-44fe-83b4-59e697217fcf.png?v=1772789631 | https://cdn.shopify.com/s/files/1/0715/1704/5040/files/PL2_32_1_2_062d7b6f-fc4a-42ec-bf10-4b5b981f2c46.jpg?v=1772789631 | https://cdn.shopify.com/s/files/1/0715/1704/5040/files/PL1_23_1_2_9af17d4d-2926-45ca-a149-8378eb1f3edd.jpg?v=1772789631 | https://cdn.shopify.com/s/files/1/0715/1704/5040/files/PL3_25_1_2_3935280a-5f39-43dd-b73c-b4f211755fec.jpg?v=1772789632 | https://cdn.shopify.com/s/files/1/0715/1704/5040/files/ivoryPL.png?v=1772789632 | https://cdn.shopify.com/s/files/1/0715/1704/5040/files/PL5_19_1_2_28f9ba24-77fd-43b8-b009-a6099782cba5.jpg?v=1772789631 | https://cdn.shopify.com/s/files/1/0715/1704/5040/files/Surebreezeseabliss_LustreBrown__1angle.png?v=1772789632 | https://cdn.shopify.com/s/files/1/0715/1704/5040/files/PL3_1_1_1_1_42202e97-479e-479f-9de3-3c47caf85b63.jpg?v=1772789633 | https://cdn.shopify.com/s/files/1/0715/1704/5040/files/PL1_14_1_1.jpg?v=1772789631 | https://cdn.shopify.com/s/files/1/0715/1704/5040/files/PL2_21_1_1_8c031814-6a94-44de-8927-08d0f6ed483e.jpg?v=1772789631 | https://cdn.shopify.com/s/files/1/0715/1704/5040/files/LustrebrownPL.png?v=1772789632 | https://cdn.shopify.com/s/files/1/0715/1704/5040/files/PL5_11_1_1_b5046dd5-6b9d-4aa6-bc4f-b854d3b944db.jpg?v=1772789631,2023-08-31T15:10:21+05:30,2026-09-08T08:56:50+05:30
Crompton,Crompton Surebreeze Super Briz Deco | Star Rated Ceiling Fan,Ceiling Fans,"Designer Fans, Featured Fans, new price, Sure Breeze Fans",crompton-surebreeze-super-briz-deco-star-rated-ceiling-fan,https://www.crompton.co.in/products/crompton-surebreeze-super-briz-deco-star-rated-ceiling-fan,3139.0,3139.0,Color,Smoked Brown :: SKU=CFSBSBD48SBR1Z :: ₹3139.00 | Silver White :: SKU=CFSBSBD48SLW1Z :: ₹3139.00 | Birken White :: SKU=CFSBSBD48BWT1Z :: ₹3139.00 | Birken  Ivory :: SKU=CFSBSBD48BIV1Z :: ₹3139.00,24,https://cdn.shopify.com/s/files/1/0715/1704/5040/files/Untitled-1_30ed646c-c8ba-4a1a-8981-eb339b977a59.png?v=1772789619 | https://cdn.shopify.com/s/files/1/0715/1704/5040/files/PL3_21_1_63da3efa-029c-48df-8a48-f78ccb80d45e.jpg?v=1772789620 | https://cdn.shopify.com/s/files/1/0715/1704/5040/files/PL1_16_1_37f90d53-e37a-4d05-9390-9119d6bf0d63.jpg?v=1772789619 | https://cdn.shopify.com/s/files/1/0715/1704/5040/files/PL2_23_1.jpg?v=1772789619 | https://cdn.shopify.com/s/files/1/0715/1704/5040/files/PL_bc5f1a8d-3f8f-4bdf-af84-046b5671f39b.png?v=1772789619 | https://cdn.shopify.com/s/files/1/0715/1704/5040/files/PL5_13_1_38f9094b-dfed-4fb6-8666-dcca862afe29.jpg?v=1772789620 | https://cdn.shopify.com/s/files/1/0715/1704/5040/files/SuperBrizdeco1200mm_Silverwhite__1angle_e621d1d9-d4ee-48d8-b9d5-71582d70b87e.png?v=1772789620 | https://cdn.shopify.com/s/files/1/0715/1704/5040/files/PL3_20_1_e4a1804f-90c0-4a55-9b1a-1fa539fd923c.jpg?v=1772789619 | https://cdn.shopify.com/s/files/1/0715/1704/5040/files/PL4_17_1.jpg?v=1772789619 | https://cdn.shopify.com/s/files/1/0715/1704/5040/files/PL5_12_1_3a1c8367-4986-4bd9-abe8-577edb59a536.jpg?v=1772789619 | https://cdn.shopify.com/s/files/1/0715/1704/5040/files/whitePL.png?v=1772789620 | https://cdn.shopify.com/s/files/1/0715/1704/5040/files/PL1_15_1_da93e855-1599-4ed2-b518-dfce56e59518.jpg?v=1772789619 | https://cdn.shopify.com/s/files/1/0715/1704/5040/files/Surebreezesuperbrizdeco1200mm_BirkenWhite__1angle.png?v=1772789619 | https://cdn.shopify.com/s/files/1/0715/1704/5040/files/PL3_41_1.jpg?v=1772789619 | https://cdn.shopify.com/s/files/1/0715/1704/5040/files/PL4_40_1_32f103e1-9803-4f7f-92e4-376198fabc5f.jpg?v=1772789619 | https://cdn.shopify.com/s/files/1/0715/1704/5040/files/PL5_32_1_9ea1a71c-1b46-46fa-a519-8db7ac968e7c.jpg?v=1772789619 | https://cdn.shopify.com/s/files/1/0715/1704/5040/files/BirkenWhite.png?v=1772789619 | https://cdn.shopify.com/s/files/1/0715/1704/5040/files/PL1_36_1.jpg?v=1772789619 | https://cdn.shopify.com/s/files/1/0715/1704/5040/files/Surebreezesuperbrizdeco1200mm_Ivory__1angle_2b5e5e44-4ca3-4e40-af82-3d14dc847c05.png?v=1772789619 | https://cdn.shopify.com/s/files/1/0715/1704/5040/files/PL2_47_1_d5537456-1c9c-470b-a7be-7b7768ed492d.jpg?v=1772789619 | https://cdn.shopify.com/s/files/1/0715/1704/5040/files/PL1_34_1.jpg?v=1772789619 | https://cdn.shopify.com/s/files/1/0715/1704/5040/files/PL3_43_1.jpg?v=1772789619 | https://cdn.shopify.com/s/files/1/0715/1704/5040/files/Birkenivory.png?v=1772789620 | https://cdn.shopify.com/s/files/1/0715/1704/5040/files/PL5_34_1_c2eaa093-8dc6-4ca4-80d4-64aa81adfde5.jpg?v=1772789619,2023-08-31T11:25:02+05:30,2026-09-08T08:56:50+05:30
Crompton,Crompton Hiflo Wave Plus Pedestal Fan,Pedestal Fans,Featured Fans,crompton-hiflo-wave-plus-pedestal-fan,https://www.crompton.co.in/products/crompton-hiflo-wave-plus-pedestal-fan,4449.0,4449.0,Color,Powder Blue :: SKU=PFHFWAVPL16PBL :: ₹4449.00 | Brown :: SKU=PFHFWAVPL16CBG :: ₹4449.00 | White :: SKU=PFHFWAVPL16KDW :: ₹4449.00,15,https://cdn.shopify.com/s/files/1/0715/1704/5040/files/pedstalfan.png?v=1713252602 | https://cdn.shopify.com/s/files/1/0715/1704/5040/files/WavePlusPL1_4_1.jpg?v=1713252602 | https://cdn.shopify.com/s/files/1/0715/1704/5040/files/WavePlusPL5_1_1.jpg?v=1713252602 | https://cdn.shopify.com/s/files/1/0715/1704/5040/files/WavePlusPL6_1.jpg?v=1713252602 | https://cdn.shopify.com/s/files/1/0715/1704/5040/files/WavePlusPL3_5_1.png?v=1713252602 | https://cdn.shopify.com/s/files/1/0715/1704/5040/files/Highflow_wavePlus_pf_400mm__CHOCOBROWN__1stangle_1.png?v=1713252602 | https://cdn.shopify.com/s/files/1/0715/1704/5040/files/WavePlusbrownPL1_1.jpg?v=1713252602 | https://cdn.shopify.com/s/files/1/0715/1704/5040/files/WavePlusbrownPL3_1.jpg?v=1713252602 | https://cdn.shopify.com/s/files/1/0715/1704/5040/files/WavePlusbrownPL4_1_1.jpg?v=1713252602 | https://cdn.shopify.com/s/files/1/0715/1704/5040/files/WavePlusbrownPLn_1mobile.png?v=1713252602 | https://cdn.shopify.com/s/files/1/0715/1704/5040/files/Highflo_WavePlus_PF400mm_KDWhite__1angle.png?v=1713252602 | https://cdn.shopify.com/s/files/1/0715/1704/5040/files/PFHIFLOWAVEPLUSWHITEPL4.jpg?v=1713252602 | https://cdn.shopify.com/s/files/1/0715/1704/5040/files/PFHIFLOWAVEPLUSWHITEPL1.jpg?v=1713252602 | https://cdn.shopify.com/s/files/1/0715/1704/5040/files/PFHIFLOWAVEPLUSWHITEPL2.jpg?v=1713252602 | https://cdn.shopify.com/s/files/1/0715/1704/5040/files/PFHIFLOWAVEPLUSWHITEPL3_1.png?v=1713252602,2023-08-23T14:12:48+05:30,2026-09-08T08:56:50+05:30
Crompton,Crompton Hispeed Gale Plus Pedestal Fan,Pedestal Fans,Featured Fans,crompton-hispeed-gale-plus-pedestal-fan,https://www.crompton.co.in/products/crompton-hispeed-gale-plus-pedestal-fan,5799.0,5799.0,Color,Black :: SKU=PFHSGALPL16BLK :: ₹5799.00 | White :: SKU=PFHSGALPL16KDW :: ₹5799.00,10,https://cdn.shopify.com/s/files/1/0715/1704/5040/files/Untitled-1_fbde7658-b638-4ab9-b024-35bd2ac0271e.png?v=1695101089 | https://cdn.shopify.com/s/files/1/0715/1704/5040/files/galeplusblackpl1_4_1.jpg?v=1695101089 | https://cdn.shopify.com/s/files/1/0715/1704/5040/files/galeplusblackpl2_2.jpg?v=1695101089 | https://cdn.shopify.com/s/files/1/0715/1704/5040/files/galeplusblackpl3_2.jpg?v=1695101089 | https://cdn.shopify.com/s/files/1/0715/1704/5040/files/galeplusblackpl4_1_1.jpg?v=1695101089 | https://cdn.shopify.com/s/files/1/0715/1704/5040/files/GALEPLUSPEDESTALFAN400MM_White__1stangle_1.png?v=1695101089 | https://cdn.shopify.com/s/files/1/0715/1704/5040/files/ProductListingpl1_1_1.jpg?v=1695101089 | https://cdn.shopify.com/s/files/1/0715/1704/5040/files/ProductListingpl5_1.jpg?v=1695101089 | https://cdn.shopify.com/s/files/1/0715/1704/5040/files/ProductListingpl4_1.jpg?v=1695101089 | https://cdn.shopify.com/s/files/1/0715/1704/5040/files/ProductListing6_1.jpg?v=1695101089,2023-08-23T13:11:14+05:30,2026-09-08T08:56:50+05:30
Crompton,Crompton Supremus Farrata Pedestal Fan,Pedestal Fans,Featured Fans,crompton-supremus-farrata-pedestal-fan,https://www.crompton.co.in/products/crompton-supremus-farrata-pedestal-fan,4949.0,4949.0,Color,Black :: SKU=PFSUPFARRATA16BLK :: ₹4949.00,5,https://cdn.shopify.com/s/files/1/0715/1704/5040/files/Untitled-1_a78c8695-3902-47d9-aaff-bb9bc1136345.png?v=1695101007 | https://cdn.shopify.com/s/files/1/0715/1704/5040/files/Supremus-PL1_1_1.jpg?v=1695101007 | https://cdn.shopify.com/s/files/1/0715/1704/5040/files/Supremus-PL2_1_1.jpg?v=1695101007 | https://cdn.shopify.com/s/files/1/0715/1704/5040/files/Supremus-PL2_2_1.jpg?v=1695101007 | https://cdn.shopify.com/s/files/1/0715/1704/5040/files/Supremus-PL6_1_1_f590e405-e103-4022-ad1c-2c05f8563495.png?v=1711006704,2023-08-23T12:38:32+05:30,2026-09-08T08:56:50+05:30
Crompton,Crompton Brizstar Farrata,Pedestal Fans,Featured Fans,brzistar-farrata,https://www.crompton.co.in/products/brzistar-farrata,6099.0,6099.0,Title,Default Title :: SKU=BRIZSTARFARRATA20 :: ₹6099.00,5,https://cdn.shopify.com/s/files/1/0715/1704/5040/files/Untitled-1_a7caaefd-9ba0-49fe-88d8-1c09a1d084cf.png?v=1695100660 | https://cdn.shopify.com/s/files/1/0715/1704/5040/files/Brizstar-farrata-PL1_1.jpg?v=1695100660 | https://cdn.shopify.com/s/files/1/0715/1704/5040/files/Brizstar-farrata-PL2_2.jpg?v=1695100660 | https://cdn.shopify.com/s/files/1/0715/1704/5040/files/Brizstar-farrata-PL3_2.jpg?v=1695100660 | https://cdn.shopify.com/s/files/1/0715/1704/5040/files/Brizstar-farrata-PrL4_1.jpg?v=1695100660,2023-08-23T12:07:38+05:30,2026-09-08T08:56:50+05:30
Crompton,Crompton Hiflo Wave Plus Wall Mounted Fan,Wall Mounted Fans,,crompton-hiflo-wave-plus-wall-mounted-fan,https://www.crompton.co.in/products/crompton-hiflo-wave-plus-wall-mounted-fan,3699.0,3699.0,Color,Brown Gold :: SKU=WMHFWAVPL16CBG :: ₹3699.00 | White :: SKU=WMHFWAVPL16KDW :: ₹3699.00 | Powder Blue :: SKU=WMHFWAVPL16PBL :: ₹3699.00,15,https://cdn.shopify.com/s/files/1/0715/1704/5040/files/wallfan.png?v=1713252848 | https://cdn.shopify.com/s/files/1/0715/1704/5040/files/Wave-Plus-choco-brownPL2-_1_1.jpg?v=1713252848 | https://cdn.shopify.com/s/files/1/0715/1704/5040/files/Wave-Plus-choco-broenPL-3_1_1.jpg?v=1713252848 | https://cdn.shopify.com/s/files/1/0715/1704/5040/files/Wave-Plus-choco-brown-PL4-_1_1.jpg?v=1713252848 | https://cdn.shopify.com/s/files/1/0715/1704/5040/files/Wave-Plus-choco-brown--PL1-_1_1.jpg?v=1713252848 | https://cdn.shopify.com/s/files/1/0715/1704/5040/files/HighFloWavePLusWallFan400mm_KDWhite__1stangle_2.png?v=1713252848 | https://cdn.shopify.com/s/files/1/0715/1704/5040/files/Wave-Plus-White-PL1-_1_1.jpg?v=1713252848 | https://cdn.shopify.com/s/files/1/0715/1704/5040/files/Wave-Plus-White-PL2-_1_1.jpg?v=1713252848 | https://cdn.shopify.com/s/files/1/0715/1704/5040/files/Wave-Plus-White-PL3-_1_1.jpg?v=1713252848 | https://cdn.shopify.com/s/files/1/0715/1704/5040/files/Wave-Plus-White-PL4-_2_1.jpg?v=1713252848 | https://cdn.shopify.com/s/files/1/0715/1704/5040/files/WALLFANHIGHFLOWAVEPLUS__POWDERBLUE__1angle_1.png?v=1713252848 | https://cdn.shopify.com/s/files/1/0715/1704/5040/files/WavePlusPL1_2_3.jpg?v=1713252848 | https://cdn.shopify.com/s/files/1/0715/1704/5040/files/WavePlusPL2_2.jpg?v=1713252848 | https://cdn.shopify.com/s/files/1/0715/1704/5040/files/WavePlusPL3_2_2.jpg?v=1713252848 | https://cdn.shopify.com/s/files/1/0715/1704/5040/files/WavePlusPL4_1_3.jpg?v=1713252848,2023-08-23T11:42:42+05:30,2026-09-08T08:56:50+05:30
Crompton,Crompton Hiflo Neo Wall Mounted Fan,Wall Mounted Fans,,crompton-hiflo-neo-wall-mounted-fan-1,https://www.crompton.co.in/products/crompton-hiflo-neo-wall-mounted-fan-1,3699.0,3699.0,Color,Crimson Red :: SKU=WMHIFLONEO16CMRD :: ₹3699.00 | Coffee Brown :: SKU=WMHIFLONEO16COBR :: ₹3699.00 | White :: SKU=WMHIFLONEO16KDWT :: ₹3699.00,15,https://cdn.shopify.com/s/files/1/0715/1704/5040/files/Untitled-1_eb95cfad-b86c-4651-b101-1da10a31c816.png?v=1695100487 | https://cdn.shopify.com/s/files/1/0715/1704/5040/files/PL4-_1.jpg?v=1695100487 | https://cdn.shopify.com/s/files/1/0715/1704/5040/files/PL1-_1.jpg?v=1695100487 | https://cdn.shopify.com/s/files/1/0715/1704/5040/files/PL2-_1.jpg?v=1695100487 | https://cdn.shopify.com/s/files/1/0715/1704/5040/files/PL3-_1.jpg?v=1695100487 | https://cdn.shopify.com/s/files/1/0715/1704/5040/files/HighFloNeoWallFanfinal300mm_CoffeeBrown__1stangle_1_8eaff64c-3e1a-4542-8110-3548b58a9f7d.png?v=1695100487 | https://cdn.shopify.com/s/files/1/0715/1704/5040/files/product-listing3_8_1_42b7b530-3d93-4ca7-b8de-6c1cf15f8630.jpg?v=1695100487 | https://cdn.shopify.com/s/files/1/0715/1704/5040/files/product-listing4_2_1_835c6337-fdde-4872-9de6-304659460b29.jpg?v=1695100487 | https://cdn.shopify.com/s/files/1/0715/1704/5040/files/product-listing1_3_1_0021990f-e0e6-449c-9860-f38cfadcb956.jpg?v=1695100487 | https://cdn.shopify.com/s/files/1/0715/1704/5040/files/product-listing2_3_1_c6298537-0ea5-49c2-babd-a1c94e21a53a.jpg?v=1695100487 | https://cdn.shopify.com/s/files/1/0715/1704/5040/files/hfneo.png?v=1728894590 | https://cdn.shopify.com/s/files/1/0715/1704/5040/files/high-flow-neo-1.png?v=1728894763 | https://cdn.shopify.com/s/files/1/0715/1704/5040/files/high-flow-neo-2.png?v=1728894762 | https://cdn.shopify.com/s/files/1/0715/1704/5040/files/high-flow-neo-3.png?v=1728894762 | https://cdn.shopify.com/s/files/1/0715/1704/5040/files/high-flow-neo-4.png?v=1728894763,2023-08-23T11:24:04+05:30,2026-09-08T08:56:50+05:30
Crompton,Crompton Hiflo Neo Wall Mounted Fan,Wall Mounted Fans,,crompton-hiflo-neo-wall-mounted-fan,https://www.crompton.co.in/products/crompton-hiflo-neo-wall-mounted-fan,3399.0,3399.0,Color,Coffee Brown :: SKU=WMHIFLONEO12COBR :: ₹3399.00,5,https://cdn.shopify.com/s/files/1/0715/1704/5040/files/Untitled-1_ea10b36e-52e6-4a9f-bb9c-3ade232f5b46.png?v=1695100399 | https://cdn.shopify.com/s/files/1/0715/1704/5040/files/product-listing3_8_1.jpg?v=1695100399 | https://cdn.shopify.com/s/files/1/0715/1704/5040/files/product-listing1_3_1.jpg?v=1695100399 | https://cdn.shopify.com/s/files/1/0715/1704/5040/files/product-listing2_3_1.jpg?v=1695100399 | https://cdn.shopify.com/s/files/1/0715/1704/5040/files/product-listing4_2_1.jpg?v=1695100399,2023-08-23T10:41:27+05:30,2026-09-08T08:56:50+05:30
Crompton,Crompton Highspeed Torpedo Wall Mounted Fan,Wall Mounted Fans,type-kitchen,crompton-highspeed-torpedo-wall-mounted-fan,https://www.crompton.co.in/products/crompton-highspeed-torpedo-wall-mounted-fan,3824.0,3999.0,"Color, Size",Black Yellow/12 Inch :: SKU=WMHSTOR16BLY :: ₹3999.00 | White/12 Inch :: SKU=WMHSTOR12KDW :: ₹3824.00 | White/16 Inch :: SKU=WMHSTOR16KDW :: ₹3999.00 | Black/16 Inch :: SKU=WMHSTOR16BLK :: ₹3999.00 | Black/12 Inch :: SKU=WMHSTOR12BLK :: ₹3824.00,15,https://cdn.shopify.com/s/files/1/0715/1704/5040/files/HStorpedoWALLFAN400mm_BlackYellow__1stangle.png?v=1692709897 | https://cdn.shopify.com/s/files/1/0715/1704/5040/files/hstorpedopl1_1_e89cdfdc-e03a-4b6b-a076-8ecc3b5a7518.jpg?v=1694865615 | https://cdn.shopify.com/s/files/1/0715/1704/5040/files/hstorpedopl4_1_1.jpg?v=1694865615 | https://cdn.shopify.com/s/files/1/0715/1704/5040/files/hstorpedoprodlisting3_2_1.jpg?v=1692709897 | https://cdn.shopify.com/s/files/1/0715/1704/5040/files/hstorpedoprodlisting2_1_1.jpg?v=1692709897 | https://cdn.shopify.com/s/files/1/0715/1704/5040/files/torpdo-wht.png?v=1728896821 | https://cdn.shopify.com/s/files/1/0715/1704/5040/files/torpedo-wht-1.png?v=1728898316 | https://cdn.shopify.com/s/files/1/0715/1704/5040/files/torpedo-wht-2.png?v=1728898316 | https://cdn.shopify.com/s/files/1/0715/1704/5040/files/torpedo-wht-3.png?v=1728898316 | https://cdn.shopify.com/s/files/1/0715/1704/5040/files/torpedo-wht-4.png?v=1728898316 | https://cdn.shopify.com/s/files/1/0715/1704/5040/files/torpdo-blck.png?v=1728898334 | https://cdn.shopify.com/s/files/1/0715/1704/5040/files/torpedo-blck-1.png?v=1728898333 | https://cdn.shopify.com/s/files/1/0715/1704/5040/files/torpedo-blck-2.png?v=1728898333 | https://cdn.shopify.com/s/files/1/0715/1704/5040/files/torpedo-blck-3.png?v=1728898333 | https://cdn.shopify.com/s/files/1/0715/1704/5040/files/torpedo-blck-4.png?v=1728898333,2023-08-22T18:40:57+05:30,2026-09-08T08:56:50+05:30
Crompton,Crompton Hispeed Gale Plus Wall Mounted Fan,Wall Mounted Fans,,crompton-hispeed-gale-plus-wall-mounted-fan,https://www.crompton.co.in/products/crompton-hispeed-gale-plus-wall-mounted-fan,4949.0,4949.0,Color,Black :: SKU=WMHSGALPL16BLK :: ₹4949.00 | Black Red :: SKU=WMHSGALPL16BLR :: ₹4949.00 | Kd White :: SKU=WMHSGALPL16KDW :: ₹4949.00,15,https://cdn.shopify.com/s/files/1/0715/1704/5040/files/Untitled-1_e39c25d0-53c3-43ac-a53d-9f36d377d936.png?v=1695100285 | https://cdn.shopify.com/s/files/1/0715/1704/5040/files/Gale-Plus-black-PL1-psd_1_1.jpg?v=1695100285 | https://cdn.shopify.com/s/files/1/0715/1704/5040/files/Gale-Plus-black-PL3_1.jpg?v=1695100285 | https://cdn.shopify.com/s/files/1/0715/1704/5040/files/Gale-Plus-black-PL4_1.jpg?v=1695100285 | https://cdn.shopify.com/s/files/1/0715/1704/5040/files/Gale-Plus-black-PL-2_1.jpg?v=1695100285 | https://cdn.shopify.com/s/files/1/0715/1704/5040/files/GalePluswallFan400MM_BlackRed__1stangle_1.png?v=1695100285 | https://cdn.shopify.com/s/files/1/0715/1704/5040/files/Gale-Plus-black_red-PL1-_1_1.jpg?v=1695100285 | https://cdn.shopify.com/s/files/1/0715/1704/5040/files/Gale-Plus-black_red-PL3-_1.jpg?v=1695100285 | https://cdn.shopify.com/s/files/1/0715/1704/5040/files/Gale-Plus-black_red-PL4-_1.jpg?v=1695100285 | https://cdn.shopify.com/s/files/1/0715/1704/5040/files/Gale-Plus-black_red-PL2-_1.jpg?v=1695100285 | https://cdn.shopify.com/s/files/1/0715/1704/5040/files/GalePluswallFan400MM_KdWhite__1stangle.png?v=1695100285 | https://cdn.shopify.com/s/files/1/0715/1704/5040/files/Gale-Plus-PL1_2_1.jpg?v=1695100285 | https://cdn.shopify.com/s/files/1/0715/1704/5040/files/Gale-Plus-PL3_1_1.jpg?v=1695100285 | https://cdn.shopify.com/s/files/1/0715/1704/5040/files/Gale-Plus-PL4_1_1.jpg?v=1695100285 | https://cdn.shopify.com/s/files/1/0715/1704/5040/files/Gale-Plus-PL2_1.jpg?v=1695100285,2023-08-22T18:09:21+05:30,2026-09-08T08:56:50+05:30
Crompton,Crompton Hiflo Wave Plus Table Fan,Table Fans,Featured Fans,crompton-hiflo-wave-plus-table-fan,https://www.crompton.co.in/products/crompton-hiflo-wave-plus-table-fan,3149.0,3149.0,Color,Powder Blue :: SKU=TFHFWAVPL16PBL :: ₹3149.00 | Brown Gold :: SKU=TFHFWAVPL16CBG :: ₹3149.00,10,https://cdn.shopify.com/s/files/1/0715/1704/5040/files/Untitled-1_bd5789e8-76cd-406f-8875-d074f5d8103b.png?v=1695047098 | https://cdn.shopify.com/s/files/1/0715/1704/5040/files/Artboard1_94_1.jpg?v=1695047098 | https://cdn.shopify.com/s/files/1/0715/1704/5040/files/Artboard2-2023-07-31T144916.376_1.jpg?v=1695047098 | https://cdn.shopify.com/s/files/1/0715/1704/5040/files/Artboard4_66_1.png?v=1712730089 | https://cdn.shopify.com/s/files/1/0715/1704/5040/files/Artboard3_84_1.jpg?v=1712730089 | https://cdn.shopify.com/s/files/1/0715/1704/5040/files/HighFloWavePLusTableFan400mm_chocobrown__5thangle.png?v=1712730089 | https://cdn.shopify.com/s/files/1/0715/1704/5040/files/wavepluspl1_3_1.jpg?v=1712730089 | https://cdn.shopify.com/s/files/1/0715/1704/5040/files/wavepluspl2_1_1.jpg?v=1712730089 | https://cdn.shopify.com/s/files/1/0715/1704/5040/files/wavepluspl4_1.png?v=1712730089 | https://cdn.shopify.com/s/files/1/0715/1704/5040/files/wavepluspl3_1.jpg?v=1712730088,2023-08-22T17:35:32+05:30,2026-09-08T08:56:50+05:30
Crompton,Crompton Hiflo Neo Table Fan,Table Fans,,crompton-hiflo-neo-table-fan,https://www.crompton.co.in/products/crompton-hiflo-neo-table-fan,3149.0,3149.0,Color,Crimson Red :: SKU=TFHIFLONEO16CMRD :: ₹3149.00 | Coffee Brown :: SKU=TFHIFLONEO16COBR :: ₹3149.00 | Ink Blue :: SKU=TFHIFLONEO16INBL :: ₹3149.00 | Kd White :: SKU=TFHIFLONEO16KDWT :: ₹3149.00,20,https://cdn.shopify.com/s/files/1/0715/1704/5040/files/tablefan_d7b420ed-2fdd-4920-90c4-7a6a375741ba.png?v=1713252206 | https://cdn.shopify.com/s/files/1/0715/1704/5040/files/Artboard1_89_1.jpg?v=1713252206 | https://cdn.shopify.com/s/files/1/0715/1704/5040/files/Artboard2_86_1.jpg?v=1713252206 | https://cdn.shopify.com/s/files/1/0715/1704/5040/files/Artboard3_79_1.jpg?v=1713252206 | https://cdn.shopify.com/s/files/1/0715/1704/5040/files/Artboard4_61_1.jpg?v=1713252206 | https://cdn.shopify.com/s/files/1/0715/1704/5040/files/TABLEFAN400HIGHFLONEO_COFFEEBROWN__5angle.png?v=1713252206 | https://cdn.shopify.com/s/files/1/0715/1704/5040/files/coffeebrownpl1_1.jpg?v=1713252206 | https://cdn.shopify.com/s/files/1/0715/1704/5040/files/Artboard2_100_1.jpg?v=1713252206 | https://cdn.shopify.com/s/files/1/0715/1704/5040/files/coffeebrownpl3_1.jpg?v=1713252206 | https://cdn.shopify.com/s/files/1/0715/1704/5040/files/coffeebrownpl4_1.jpg?v=1713252206 | https://cdn.shopify.com/s/files/1/0715/1704/5040/files/HighFlowNeoTableFan400mm_InkBlue__5angle.png?v=1713252206 | https://cdn.shopify.com/s/files/1/0715/1704/5040/files/highfloneoPL1_1.jpg?v=1713252206 | https://cdn.shopify.com/s/files/1/0715/1704/5040/files/highfloneoPL3_1.jpg?v=1713252206 | https://cdn.shopify.com/s/files/1/0715/1704/5040/files/highfloneoPL4_1.jpg?v=1713252206 | https://cdn.shopify.com/s/files/1/0715/1704/5040/files/HighFloneopL2_1_1.jpg?v=1713252206 | https://cdn.shopify.com/s/files/1/0715/1704/5040/files/HighFlowNeoTableFan400mm_KD_WHITE_5THangle.png?v=1713252206 | https://cdn.shopify.com/s/files/1/0715/1704/5040/files/Artboard1-2023-07-31T142446.696_1.jpg?v=1713252206 | https://cdn.shopify.com/s/files/1/0715/1704/5040/files/Artboard2_98_1.jpg?v=1713252206 | https://cdn.shopify.com/s/files/1/0715/1704/5040/files/Artboard3_90_1.jpg?v=1713252206 | https://cdn.shopify.com/s/files/1/0715/1704/5040/files/Artboard4_72_1.jpg?v=1713252206,2023-08-22T17:16:44+05:30,2026-09-08T08:56:50+05:30
Crompton,Crompton Hispeed Gale Plus Table Fan,Table Fans,,crompton-hispeed-gale-plus-table-fan,https://www.crompton.co.in/products/crompton-hispeed-gale-plus-table-fan,4299.0,4299.0,Color,Black :: SKU=TFHSGALPL16BLK :: ₹4299.00 | Black Red :: SKU=TFHSGALPL16BLR :: ₹4299.00 | White :: SKU=TFHSGALPL16KDW :: ₹4299.00,15,https://cdn.shopify.com/s/files/1/0715/1704/5040/files/Untitled-1_3edc096e-e104-4a3a-a64b-47c73040dc41.png?v=1695046943 | https://cdn.shopify.com/s/files/1/0715/1704/5040/files/GalPlusPL1_1.jpg?v=1695046943 | https://cdn.shopify.com/s/files/1/0715/1704/5040/files/Galepluspl3_2.jpg?v=1695046943 | https://cdn.shopify.com/s/files/1/0715/1704/5040/files/Galepluspl4_2.jpg?v=1695046943 | https://cdn.shopify.com/s/files/1/0715/1704/5040/files/GalePlusPL2.jpg?v=1695046943 | https://cdn.shopify.com/s/files/1/0715/1704/5040/files/TABLEFAN400GALEPLUS__BLACKRED__5angle_1.png?v=1695046943 | https://cdn.shopify.com/s/files/1/0715/1704/5040/files/GalePlusPL1.jpg?v=1695046943 | https://cdn.shopify.com/s/files/1/0715/1704/5040/files/GalePlusPl4.jpg?v=1695046943 | https://cdn.shopify.com/s/files/1/0715/1704/5040/files/GalePlusPL2_1d08def2-d8cf-4643-89e4-fc67b2571ef9.jpg?v=1695046943 | https://cdn.shopify.com/s/files/1/0715/1704/5040/files/GalePlusPL3.jpg?v=1695046943 | https://cdn.shopify.com/s/files/1/0715/1704/5040/files/highspeedgaleplus400mmtablefan_white__angle_05_1.png?v=1695046943 | https://cdn.shopify.com/s/files/1/0715/1704/5040/files/Artboard2_97_1.jpg?v=1695046943 | https://cdn.shopify.com/s/files/1/0715/1704/5040/files/Artboard4_71_1.jpg?v=1695046943 | https://cdn.shopify.com/s/files/1/0715/1704/5040/files/Artboard3_89_1.jpg?v=1695046943 | https://cdn.shopify.com/s/files/1/0715/1704/5040/files/Artboard1-2023-07-31T142140.670_1.jpg?v=1695046943,2023-08-22T16:25:33+05:30,2026-09-08T08:56:50+05:30
Crompton,Crompton Highspeed Torpedo Table Fan,Table Fans,,crompton-highspeed-torpedo-table-fan,https://www.crompton.co.in/products/crompton-highspeed-torpedo-table-fan,3899.0,3899.0,Color,Black :: SKU=TFHSTOR16BLK :: ₹3899.00 | Black Red :: SKU=TFHSTOR16BLR :: ₹3899.00 | Blue White :: SKU=TFHSTOR16BWT :: ₹3899.00 | White :: SKU=TFHSTOR16KDW :: ₹3899.00,20,https://cdn.shopify.com/s/files/1/0715/1704/5040/files/Untitled-1_a66cc41d-de70-437e-8ecc-c81e2c02a698.png?v=1695046873 | https://cdn.shopify.com/s/files/1/0715/1704/5040/files/Artboard1_93_1.jpg?v=1695046873 | https://cdn.shopify.com/s/files/1/0715/1704/5040/files/Artboard2_90_1.jpg?v=1695046873 | https://cdn.shopify.com/s/files/1/0715/1704/5040/files/Artboard3_83_1.jpg?v=1695046873 | https://cdn.shopify.com/s/files/1/0715/1704/5040/files/Artboard4_65_1.jpg?v=1695046873 | https://cdn.shopify.com/s/files/1/0715/1704/5040/files/highspeedtorpedotablefan400mm_black-red__5angle_1.png?v=1695046873 | https://cdn.shopify.com/s/files/1/0715/1704/5040/files/HsTorpedopl1_1.jpg?v=1695046873 | https://cdn.shopify.com/s/files/1/0715/1704/5040/files/HsTorpedopl4_2_1.jpg?v=1695046873 | https://cdn.shopify.com/s/files/1/0715/1704/5040/files/HsTorpedopl3_1.jpg?v=1695046873 | https://cdn.shopify.com/s/files/1/0715/1704/5040/files/HsTorpedopl2_1.jpg?v=1695046873 | https://cdn.shopify.com/s/files/1/0715/1704/5040/files/highspeedtorpedotablefan400mm_BLUEWHITE__5angle_1.png?v=1695046873 | https://cdn.shopify.com/s/files/1/0715/1704/5040/files/Artboard1_92_1.jpg?v=1695046873 | https://cdn.shopify.com/s/files/1/0715/1704/5040/files/Artboard4_64_1.jpg?v=1695046873 | https://cdn.shopify.com/s/files/1/0715/1704/5040/files/Artboard3_82_1.jpg?v=1695046873 | https://cdn.shopify.com/s/files/1/0715/1704/5040/files/Artboard2_89_1.jpg?v=1695046873 | https://cdn.shopify.com/s/files/1/0715/1704/5040/files/highspeedtorpedotablefan400mm_KD-WHITE__05angle_1.png?v=1695046873 | https://cdn.shopify.com/s/files/1/0715/1704/5040/files/Artboard1-2023-07-31T144713.191_1.jpg?v=1695046873 | https://cdn.shopify.com/s/files/1/0715/1704/5040/files/Artboard4_73_1.jpg?v=1695046873 | https://cdn.shopify.com/s/files/1/0715/1704/5040/files/Artboard3_91_1.jpg?v=1695046873 | https://cdn.shopify.com/s/files/1/0715/1704/5040/files/Artboard2-2023-07-31T144708.341_1.jpg?v=1695046873,2023-08-18T15:46:04+05:30,2026-09-08T08:56:50+05:30
