brand,title,product_type,tags,handle,product_url,price_min_inr,price_max_inr,option_names,variants,num_images,image_urls,created_at,updated_at
Philips,Philips Astra Line 9W LED Batten,Tube light,"brand_Philips, Categories_Tube Light, clearance_sale, Origin_India, Price_Less than INR 1000, product_Tube light, room_Bed Room, room_Dining Room, room_Kitchen, room_Living Room, room_Study Room",philips-astra-line-led-tube-light-copy,https://in.shop.lighting.philips.com/products/philips-astra-line-led-tube-light-copy,240.0,240.0,"Watt, Color",9W/Natural white :: SKU=919215850570 :: ₹240.00,4,https://cdn.shopify.com/s/files/1/0563/0532/0126/files/919215850570.png?v=1786517839 | https://cdn.shopify.com/s/files/1/0563/0532/0126/files/51eU224VSxL._SL1500.jpg?v=1785406706 | https://cdn.shopify.com/s/files/1/0563/0532/0126/files/61MLvWnkr_L._SL1026_ee9f411a-d760-4611-b637-2239a8a36e5b.jpg?v=1785406711 | https://cdn.shopify.com/s/files/1/0563/0532/0126/files/ExtendedwarrantywithSignifyDigiShield_651f3397-83e5-4b1c-8941-888771444890.png?v=1769861131,2026-07-30T15:47:14+05:30,2026-09-08T08:56:55+05:30
Philips,Philips Round Dimmable UltraGlow LED Downlighter,Ceiling Light,"bestselling_ceiling_lights, Brand_Philips, Categories_All, categories_ceiling, Categories_Ceiling Lights, Categories_Downlights, clearance_sale, downlights, main_ceiling Lights, Origin_India, product_Ceiling light, room_Living Room",philips-round-dimmable-ultraglow-led-downlighter,https://in.shop.lighting.philips.com/products/philips-round-dimmable-ultraglow-led-downlighter,249.0,249.0,Light color,Warm white :: SKU=929003814201 :: ₹249.00 | Cool day light :: SKU=929003814401 :: ₹249.00,6,https://cdn.shopify.com/s/files/1/0563/0532/0126/files/929003814201.jpg?v=1786517608 | https://cdn.shopify.com/s/files/1/0563/0532/0126/files/61EISjq11fL._SL1200.jpg?v=1785323421 | https://cdn.shopify.com/s/files/1/0563/0532/0126/files/61NXzpv7oYL._SL1200.jpg?v=1785323424 | https://cdn.shopify.com/s/files/1/0563/0532/0126/files/611rDu1dm8L._SL1200.jpg?v=1785323428 | https://cdn.shopify.com/s/files/1/0563/0532/0126/files/61jgpCHN8dL._SL1200.jpg?v=1785323433 | https://cdn.shopify.com/s/files/1/0563/0532/0126/files/61xR91ofozL._SL1200.jpg?v=1785323437,2026-07-29T16:41:30+05:30,2026-09-08T08:56:55+05:30
Philips,Philips Panache Pendant Light,Pendant Light,"Brand_Philips, Categories_Decorative light, Categories_Pendant Light, clearance_sale, decorative_lights_suggested, main_pendant Lights, Origin_India, pendant_lights_livingroom_suggested, product_Pendant light",philips-panache-pendant-light,https://in.shop.lighting.philips.com/products/philips-panache-pendant-light,1700.0,1700.0,Title,Default Title :: SKU=919215850388 :: ₹1700.00,1,https://cdn.shopify.com/s/files/1/0563/0532/0126/files/21p-tYGRjWL.jpg?v=1785400527,2026-07-30T14:05:59+05:30,2026-09-08T08:56:55+05:30
Philips,Philips Star Surface Round LED Downlight,Ceiling Light,"bestselling_ceiling_lights, categories_ceiling, Categories_Ceiling Lights, Categories_Downlights, clearance_sale, Collection_Smart Downlight, downlights, main_ceiling Lights",philips-star-surface-round-led-downlight,https://in.shop.lighting.philips.com/products/philips-star-surface-round-led-downlight,758.0,758.0,Title,Default Title :: SKU=929001951616 :: ₹758.00,4,https://cdn.shopify.com/s/files/1/0563/0532/0126/files/61onN_G5skL._SL1500.jpg?v=1785403897 | https://cdn.shopify.com/s/files/1/0563/0532/0126/files/516UuBrJxSL._SL1500.jpg?v=1785403879 | https://cdn.shopify.com/s/files/1/0563/0532/0126/files/511_zAMkgML._SL1500.jpg?v=1785403885 | https://cdn.shopify.com/s/files/1/0563/0532/0126/files/5196Zao39YL._SL1500.jpg?v=1785403890,2026-07-30T15:06:59+05:30,2026-09-08T08:56:55+05:30
Philips,Philips DecoBright LED Spot Light,Ceiling Light,"categories_Spot light, Categories_Spot Lights, clearance_sale",philips-decobright-led-spot-light,https://in.shop.lighting.philips.com/products/philips-decobright-led-spot-light,413.0,413.0,"wattage, Body color, Light color",18W/White/Warm white :: SKU=929003844001 :: ₹413.00 | 18W/White/Cool day light :: SKU=929003844201 :: ₹413.00 | 18W/Chrome/Cool day light :: SKU=929004581101 :: ₹413.00,2,https://cdn.shopify.com/s/files/1/0563/0532/0126/files/61mVG222PoL._SL1080.jpg?v=1785400789 | https://cdn.shopify.com/s/files/1/0563/0532/0126/files/decobright_7w_jb_rosegold_spotlight_1_7716d36b-2a38-4d84-a798-7510bda9585f.png?v=1769761607,2026-07-30T14:20:14+05:30,2026-09-08T08:56:55+05:30
Philips,Philips Rimless Surface LED Light,Ceiling Light,"bestselling_ceiling_lights, Brand_Philips, Categories_All, categories_ceiling, Categories_Surface Lights, clearance_sale, main_ceiling Lights, Origin_India, product_Ceiling light, room_Dining Room, room_Living Room, surface-lights",philips-rimless-surface-led-light,https://in.shop.lighting.philips.com/products/philips-rimless-surface-led-light,463.0,463.0,Light color,Warm White :: SKU=929003768501 :: ₹463.00 | Cool day light :: SKU=929003768701 :: ₹463.00,5,https://cdn.shopify.com/s/files/1/0563/0532/0126/files/929003768701.jpg?v=1786517801 | https://cdn.shopify.com/s/files/1/0563/0532/0126/files/51UDDMh7FvL._SL1080.jpg?v=1785391912 | https://cdn.shopify.com/s/files/1/0563/0532/0126/files/61yPJCde1OL._SL1080.jpg?v=1785391917 | https://cdn.shopify.com/s/files/1/0563/0532/0126/files/515fyDcqlPL._SL1080.jpg?v=1785391922 | https://cdn.shopify.com/s/files/1/0563/0532/0126/files/61qqNTGixeL._SL1080.jpg?v=1785391927,2026-07-30T11:44:34+05:30,2026-09-08T08:56:55+05:30
Philips,Philips HexaStyle LED Downlight,Ceiling Light,"Brand_Philips, Categories_All, categories_ceiling, Categories_Ceiling Lights, Categories_Downlights, clearance_sale, Collection_Smart Downlight, downlights, Origin_India, room_Living Room",philips-hexastyle-led-downlight,https://in.shop.lighting.philips.com/products/philips-hexastyle-led-downlight,125.0,288.0,"Wattage, Light color",5W/Warm white :: SKU=929003529601 :: ₹125.00 | 5W/Cool day light :: SKU=929003529801 :: ₹125.00 | 5W/Natural white :: SKU=929003529701 :: ₹125.00 | 8W/Warm white :: SKU=929003146301 :: ₹188.00 | 8W/Natural white :: SKU=929003146401 :: ₹188.00 | 12W/Warm white :: SKU=929003155001 :: ₹256.00 | 12W/Natural white :: SKU=929003155101 :: ₹256.00 | 15W/Warm white :: SKU=929003146601 :: ₹288.00 | 15W/Natural white :: SKU=929003146701 :: ₹288.00,10,https://cdn.shopify.com/s/files/1/0563/0532/0126/files/PhilipsHexaStyleLEDDownlight1.png?v=1747311595 | https://cdn.shopify.com/s/files/1/0563/0532/0126/files/929003529601.jpg?v=1786515928 | https://cdn.shopify.com/s/files/1/0563/0532/0126/files/61tHrvBuDxL._SL1500.jpg?v=1785222461 | https://cdn.shopify.com/s/files/1/0563/0532/0126/files/51YkDqLLINL._SL1080.jpg?v=1785222466 | https://cdn.shopify.com/s/files/1/0563/0532/0126/files/71IKK75Rp1L._SL1500.jpg?v=1785222473 | https://cdn.shopify.com/s/files/1/0563/0532/0126/files/61HcxwXiP9L._SL1500.jpg?v=1788419751 | https://cdn.shopify.com/s/files/1/0563/0532/0126/files/472507202-hexastyle-15-w_8529b18f-4feb-40fa-9928-56ca70011889.jpg?v=1747311595 | https://cdn.shopify.com/s/files/1/0563/0532/0126/files/472507202-hexastyle-15-w_225037c2-097a-4513-93d9-d0fc0ba8aac7.jpg?v=1747311596 | https://cdn.shopify.com/s/files/1/0563/0532/0126/files/472507202-hexastyle-15-w_9381c400-d067-4a6c-93b9-4e0e860b44d4.jpg?v=1747311596 | https://cdn.shopify.com/s/files/1/0563/0532/0126/files/51m8GRuR_NL._SL1500.jpg?v=1788419710,2026-07-28T13:06:57+05:30,2026-09-08T08:56:55+05:30
Philips,Philips Garden Spike light,outdoor lights,"Brand_Philips, Categories_Garden Spike, clearance_sale, new_arrivals, Origin_India, outdoor_lights_suggested, Price_INR 2001- 3000, Product_outdoor lights, Republic_Day_Sale_2025, room_Outdoor",philips-7w-garden-spike,https://in.shop.lighting.philips.com/products/philips-7w-garden-spike,425.0,500.0,"Wattage, Light color",7W/Red :: SKU=919215851088 :: ₹500.00 | 7W/Blue :: SKU=919215851090 :: ₹500.00 | 7W/amber :: SKU=919215851091 :: ₹500.00 | 5W/Natural white :: SKU=919215850979 :: ₹425.00,3,https://cdn.shopify.com/s/files/1/0563/0532/0126/files/GardenSpike-1_bb3a468b-2bd2-463b-948b-dcea476fc29e.png?v=1769836972 | https://cdn.shopify.com/s/files/1/0563/0532/0126/files/919215850753_1bf935e5-985b-4f9f-bf3c-c924be4fa224.png?v=1769836972 | https://cdn.shopify.com/s/files/1/0563/0532/0126/files/ExtendedwarrantywithSignifyDigiShield_920c5f41-4624-4cbd-85bc-38a9e6474d2e.png?v=1769837000,2026-07-30T12:58:10+05:30,2026-09-08T08:56:55+05:30
Philips,Philips LineaSharp COB Recessed LED Downlight,Ceiling Light,"bestselling_ceiling_lights, categories_ceiling, Categories_COB Light, Categories_Downlights, cob-lights, downlights, main_ceiling Lights, New-Arrival, new_arrivals, New_launch, Newly added, product_Ceiling light",philips-lineasharp-cob-recessed-led-downlight,https://in.shop.lighting.philips.com/products/philips-lineasharp-cob-recessed-led-downlight,1379.0,10099.0,"Wattage, Light color",3W/Natural white :: SKU=929002682801 :: ₹1379.00 | 3W/Warm white :: SKU=929002682701 :: ₹1379.00 | 6W/Natural white :: SKU=929002683101 :: ₹2049.00 | 6W/Warm white :: SKU=929002683001 :: ₹2049.00 | 10W/Natural white :: SKU=929002683401 :: ₹3169.00 | 10W/Warm white :: SKU=929002683301 :: ₹3169.00 | 20W/Natural white :: SKU=929002683701 :: ₹7929.00 | 20W/Warm white :: SKU=929002683601 :: ₹7929.00 | 30W/Natural white :: SKU=929002684001 :: ₹10099.00 | 30W/Warm white :: SKU=929002683901 :: ₹10099.00,6,https://cdn.shopify.com/s/files/1/0563/0532/0126/files/6WLineaSharp.jpg?v=1783577250 | https://cdn.shopify.com/s/files/1/0563/0532/0126/files/6_LineaSharp_A.jpg?v=1783577250 | https://cdn.shopify.com/s/files/1/0563/0532/0126/files/3WLineaSharp.jpg?v=1783577250 | https://cdn.shopify.com/s/files/1/0563/0532/0126/files/10WLineaSharp.jpg?v=1783577250 | https://cdn.shopify.com/s/files/1/0563/0532/0126/files/20WLineaSharp.jpg?v=1783577250 | https://cdn.shopify.com/s/files/1/0563/0532/0126/files/30WLineaSharp.jpg?v=1783577250,2026-07-09T10:38:22+05:30,2026-09-08T08:56:55+05:30
Philips,Philips Smart EarthView LED Surface Downlight,Ceiling Light,"categories_smart, Categories_Surface Lights, Collection_Smart, Collection_Smart Downlight, New-Arrival, new_arrivals, New_launch, Newly added, product_Smart lights, surface-lights",philips-smart-earthview-led-surface-downlight,https://in.shop.lighting.philips.com/products/philips-smart-earthview-led-surface-downlight,5200.0,5200.0,Title,Default Title :: SKU=915006612201 :: ₹5200.00,9,https://cdn.shopify.com/s/files/1/0563/0532/0126/files/915006612201.png?v=1784805065 | https://cdn.shopify.com/s/files/1/0563/0532/0126/files/Artboard2_c11d2c1b-5c1f-4207-bc43-50365011a915.png?v=1784805019 | https://cdn.shopify.com/s/files/1/0563/0532/0126/files/Artboard6_5ea50f88-3412-41c5-9d52-e352e25e7c8b.png?v=1784805018 | https://cdn.shopify.com/s/files/1/0563/0532/0126/files/Artboard7_46c384ea-a797-49f6-a7c5-e70862409836.png?v=1784805019 | https://cdn.shopify.com/s/files/1/0563/0532/0126/files/Artboard4_ad5c4854-10bf-4f4b-9106-83a0132b8d8b.png?v=1784805018 | https://cdn.shopify.com/s/files/1/0563/0532/0126/files/Artboard3_92080fda-f7ef-43cc-a84a-593664f0d0eb.png?v=1784805018 | https://cdn.shopify.com/s/files/1/0563/0532/0126/files/Artboard5copy_67f16906-889b-45fd-8e39-f271d445a3a2.png?v=1784805018 | https://cdn.shopify.com/s/files/1/0563/0532/0126/files/Artboard9_34b72ef8-5166-4335-b595-ba91bd3d4c1c.png?v=1784805018 | https://cdn.shopify.com/s/files/1/0563/0532/0126/files/Artboard8_205a711f-fba1-4946-82ba-0c3a82f4c6ac.png?v=1784805018,2026-06-29T16:13:19+05:30,2026-09-08T08:56:55+05:30
Philips,Philips WiZ Embrace Smart Wi-Fi LED Ceiling Light,Ceiling Light,"Categories_Decorative light, categories_smart, Categories_Surface Lights, Collection_Smart, Collection_Smart Downlight, New-Arrival, new_arrivals, New_launch, Newly added, Origin_India, product_Smart lights, surface-lights",philips-wiz-embrace-smart-wi-fi-led-ceiling-light,https://in.shop.lighting.philips.com/products/philips-wiz-embrace-smart-wi-fi-led-ceiling-light,21990.0,21990.0,Title,Default Title :: SKU=915006600301 :: ₹21990.00,8,https://cdn.shopify.com/s/files/1/0563/0532/0126/files/Artboard1_019277c6-7ed6-412d-87e8-aab7513bf7cd.png?v=1785134545 | https://cdn.shopify.com/s/files/1/0563/0532/0126/files/Artboard2_b9ff1656-991e-4533-b10d-ea517317b51a.png?v=1785134545 | https://cdn.shopify.com/s/files/1/0563/0532/0126/files/Artboard6_d41860db-4fdb-4630-8e6b-8fdeb86c8d9e.png?v=1785134545 | https://cdn.shopify.com/s/files/1/0563/0532/0126/files/Artboard7_aa9d2859-5b3a-4337-84e2-eb87148a4f71.png?v=1785134545 | https://cdn.shopify.com/s/files/1/0563/0532/0126/files/Artboard8_d684e410-0893-4d4b-86f8-ffa5b7095163.png?v=1785134545 | https://cdn.shopify.com/s/files/1/0563/0532/0126/files/Artboard9copy.png?v=1785134545 | https://cdn.shopify.com/s/files/1/0563/0532/0126/files/Artboard9_586254bb-0f39-4026-9790-2c882d95087d.png?v=1785134545 | https://cdn.shopify.com/s/files/1/0563/0532/0126/files/Artboard10_052658ed-6395-492b-a42b-c52999be8fe4.png?v=1785134545,2026-06-30T12:35:28+05:30,2026-09-08T08:56:55+05:30
Philips,Philips Curvy LED T-Bulb,Light bulb,"2 star, Brand_Philips, Categories_Bulb, Origin_India, Price_Less than INR 1000, Product_Bulbs",philips-curvy-led-t-bulb,https://in.shop.lighting.philips.com/products/philips-curvy-led-t-bulb,375.0,375.0,Title,Default Title :: SKU=929003512213 :: ₹375.00,6,https://cdn.shopify.com/s/files/1/0563/0532/0126/files/929003512213.png?v=1784702580 | https://cdn.shopify.com/s/files/1/0563/0532/0126/files/Artboard2_ecf48443-cc60-4f3f-acca-af9960c59881.png?v=1784282329 | https://cdn.shopify.com/s/files/1/0563/0532/0126/files/Artboard3_e774ec07-4dc2-4d36-aa5b-1dd55fecc46f.png?v=1784282329 | https://cdn.shopify.com/s/files/1/0563/0532/0126/files/Artboard6_093927cc-6710-47dd-8bd8-56c6687ad335.png?v=1784282329 | https://cdn.shopify.com/s/files/1/0563/0532/0126/files/Artboard4_1bd18f5a-c721-4cdb-8087-b65011601587.png?v=1784282329 | https://cdn.shopify.com/s/files/1/0563/0532/0126/files/Artboard5_bbdbb9ed-9078-4e1a-943f-c9c960fef81b.png?v=1784282329,2026-06-30T16:40:02+05:30,2026-09-08T08:56:55+05:30
Philips,Philips WiZ Pearl Smart Wi-Fi LED Ceiling Light,Ceiling Light,"Categories_Decorative light, categories_smart, Categories_Surface Lights, Collection_Smart, Collection_Smart Downlight, New-Arrival, new_arrivals, New_launch, Newly added, Origin_India, product_Smart lights, surface-lights",philips-wiz-pearl-smart-wi-fi-led-ceiling-light,https://in.shop.lighting.philips.com/products/philips-wiz-pearl-smart-wi-fi-led-ceiling-light,9800.0,9800.0,Title,Default Title :: SKU=915006600201 :: ₹9800.00,9,https://cdn.shopify.com/s/files/1/0563/0532/0126/files/Artboard8_bc4acd81-42cf-4440-949d-3a563677cb13.png?v=1785134603 | https://cdn.shopify.com/s/files/1/0563/0532/0126/files/Artboard1_286577b5-0172-462e-ba62-88376d619e81.png?v=1785134603 | https://cdn.shopify.com/s/files/1/0563/0532/0126/files/Artboard9_30ff7a1f-8d11-402a-937b-cb0b3507a92b.png?v=1785134603 | https://cdn.shopify.com/s/files/1/0563/0532/0126/files/Artboard2_ed594a11-47c9-49c8-9f88-a8158fc2db06.png?v=1785134604 | https://cdn.shopify.com/s/files/1/0563/0532/0126/files/Artboard3_a7e08e01-58d0-4d2a-9915-a8dc76628230.png?v=1785134603 | https://cdn.shopify.com/s/files/1/0563/0532/0126/files/Artboard4_eb03da1e-3f45-458f-89bb-d4bbb1fa1eba.png?v=1785134603 | https://cdn.shopify.com/s/files/1/0563/0532/0126/files/Artboard5_4d57ce93-cb51-4b07-9dd4-af02e4e969e9.png?v=1785134603 | https://cdn.shopify.com/s/files/1/0563/0532/0126/files/Artboard6_f49bb4f4-dd20-4a39-b96d-361bff608356.png?v=1785134603 | https://cdn.shopify.com/s/files/1/0563/0532/0126/files/Artboard7_83f3059c-af54-4f27-a07d-fe16136f1973.png?v=1785134604,2026-06-30T12:17:07+05:30,2026-09-08T08:56:55+05:30
Philips,Philips neos wall light,Wall Light,"bestselling_wall_lights, Brand_Philips, Categories_All, Categories_Decorative wall lights, Categories_Wall Lights, main_wall Lights, Origin_India, product_Wall light",philips-neos-wall-light,https://in.shop.lighting.philips.com/products/philips-neos-wall-light,694.0,694.0,Title,Default Title :: SKU=919215851454 :: ₹694.00,7,https://cdn.shopify.com/s/files/1/0563/0532/0126/files/Artboard1_605a64b0-39ac-4153-952b-b632fb53f521.png?v=1769873283 | https://cdn.shopify.com/s/files/1/0563/0532/0126/files/Artboard2_09202700-895a-4eb1-b6ef-e982e7313662.png?v=1769873283 | https://cdn.shopify.com/s/files/1/0563/0532/0126/files/Artboard5_a8e372af-90bc-4d98-ba7f-29f00966cf5d.png?v=1769873283 | https://cdn.shopify.com/s/files/1/0563/0532/0126/files/Artboard4_bc639f35-e9cd-44bb-b2e7-97f050947278.png?v=1769873283 | https://cdn.shopify.com/s/files/1/0563/0532/0126/files/Artboard3_2f49e858-0ce9-492f-b268-1e8f3d0aed71.png?v=1769873283 | https://cdn.shopify.com/s/files/1/0563/0532/0126/files/Artboard6_7fb7698f-8453-4706-8ea3-288f4d347b03.png?v=1769873283 | https://cdn.shopify.com/s/files/1/0563/0532/0126/files/ExtendedwarrantywithSignifyDigiShield_db7cba15-35d4-49df-ba62-bd39646806c8.png?v=1769873274,2025-02-17T10:31:41+05:30,2026-09-08T08:56:55+05:30
Philips,Philips Magnifiq 9 head Chandelier,Chandelier,"Brand_Philips, Categories_All, Categories_Decorative light, categories_hanging, Categories_Pendant Light, decorative_lights_suggested, hanging_lights_for_balcony, hanging_lights_for_dining_table, hanging_lights_for_staircase, Newly added, Origin_China, pendant_lights_livingroom_suggested, price_OVER INR 5000, product_Pendant light, room_Bed Room, room_Dining Room, room_Living Room",philips-magnifiq-9-head-chandelier,https://in.shop.lighting.philips.com/products/philips-magnifiq-9-head-chandelier,55625.0,55625.0,"Head, Color",9 head/Matte Black & Cognac :: SKU=919215851402 :: ₹55625.00,3,https://cdn.shopify.com/s/files/1/0563/0532/0126/files/Artboard3_ead90272-dcf7-4c27-a611-521d9b3f08ad.jpg?v=1747311353 | https://cdn.shopify.com/s/files/1/0563/0532/0126/files/Artboard2_9da37af9-153f-43ff-ab9f-9dcb705ed198.jpg?v=1747311353 | https://cdn.shopify.com/s/files/1/0563/0532/0126/files/Artboard1_3c64af20-c585-43e5-bba7-585cf4e11ed0.jpg?v=1747311353,2026-07-21T13:28:27+05:30,2026-09-08T08:56:55+05:30
Philips,Philips Deco Surface Plus LED COB Spotlight,Ceiling Light,"bestselling_ceiling_lights, categories_ceiling, Categories_COB Light, categories_Spot light, Categories_Spot Lights, cob-lights, main_ceiling Lights, product_Ceiling light",philips-surface-plus-cob-spotlight-copy,https://in.shop.lighting.philips.com/products/philips-surface-plus-cob-spotlight-copy,1729.0,3169.0,"Wattage, Body color, Light Color",7W/Black/Warm white :: SKU=915006360001 :: ₹1729.00 | 7W/Black/Natural white :: SKU=915006359601 :: ₹1729.00 | 7W/Rose Gold/Warm white :: SKU=915006360201 :: ₹1729.00 | 7W/Rose Gold/Natural white :: SKU=915006359801 :: ₹1729.00 | 12W/Black/Warm white :: SKU=915006361201 :: ₹2279.00 | 12W/Black/Natural white :: SKU=915006360801 :: ₹2279.00 | 12W/Rose Gold/Warm white :: SKU=915006361401 :: ₹2279.00 | 12W/Rose Gold/Natural white :: SKU=915006361001 :: ₹2279.00 | 18W/Black/Warm white :: SKU=915006362401 :: ₹3169.00 | 18W/Black/Natural white :: SKU=915006362001 :: ₹3169.00 | 18W/Rose Gold/Warm white :: SKU=915006362601 :: ₹3169.00 | 18W/Rose Gold/Natural white :: SKU=915006362201 :: ₹3169.00,6,https://cdn.shopify.com/s/files/1/0563/0532/0126/files/PhilipsSurfaceDecoLEDCOBlight.png?v=1769410346 | https://cdn.shopify.com/s/files/1/0563/0532/0126/files/PhilipsSurfaceDecoLEDCOBlight4_559a7146-8474-4017-89f3-37e546d15d59.png?v=1760425432 | https://cdn.shopify.com/s/files/1/0563/0532/0126/files/PhilipsSurfaceDecoLEDCOBlight1.png?v=1769410345 | https://cdn.shopify.com/s/files/1/0563/0532/0126/files/PhilipsSurfaceDecoLEDCOBlight2.png?v=1769410345 | https://cdn.shopify.com/s/files/1/0563/0532/0126/files/PhilipsSurfaceDecoLEDCOBlight3.png?v=1769410345 | https://cdn.shopify.com/s/files/1/0563/0532/0126/files/PhilipsSurfaceDecoLEDCOBlight4.png?v=1769410345,2026-06-29T14:51:11+05:30,2026-09-08T08:56:55+05:30
Philips,Philips Corona Dining Chandelier,Chandelier,"categories_chandeliers, chandelier_bulb_type_E27, chandelier_room_type_bedroom, chandelier_room_type_dining room, chandelier_room_type_living Room, crystal-chandeliers, main_chandeliers, Product_chandelier",philips-corona-dining-chandelier,https://in.shop.lighting.philips.com/products/philips-corona-dining-chandelier,40095.0,40095.0,Title,Default Title :: SKU=919215851328 :: ₹40095.00,4,https://cdn.shopify.com/s/files/1/0563/0532/0126/files/2_da911e41-11a0-4e90-a30b-e2cbf2c949e6.png?v=1784624320 | https://cdn.shopify.com/s/files/1/0563/0532/0126/files/3_c07ce114-7902-4b68-a3e9-0af3f1f2e23c.png?v=1784624320 | https://cdn.shopify.com/s/files/1/0563/0532/0126/files/4_a5e3e479-2339-4cbf-9d8a-b2a0eaf52b6c.png?v=1784624320 | https://cdn.shopify.com/s/files/1/0563/0532/0126/files/1_cbe48279-dfd9-4481-9467-a69f4cc34fac.jpg?v=1784624320,2026-07-21T13:23:39+05:30,2026-09-08T08:56:55+05:30
Philips,Philips Brass Flex Surface LED COB,Ceiling Light,"bestselling_ceiling_lights, Brand_Philips, categories_ceiling, Categories_Ceiling Lights, Categories_COB Light, Categories_Downlights, cob-lights, downlights, main_ceiling Lights, Price_INR 3001- INR 4000, product_Ceiling light",philips-brass-flex-surface-led-cob,https://in.shop.lighting.philips.com/products/philips-brass-flex-surface-led-cob,3209.0,3879.0,"Wattage, Light color",7W/Natural white :: SKU=915006383501 :: ₹3209.00 | 7W/Warm white :: SKU=929003826701 :: ₹3209.00 | 12W/Natural white :: SKU=915006383601 :: ₹3879.00 | 12W/Warm white :: SKU=929003826801 :: ₹3879.00,7,https://cdn.shopify.com/s/files/1/0563/0532/0126/files/Artboard1_7336c236-b3bb-4261-adf9-27c1be7278eb.png?v=1784099129 | https://cdn.shopify.com/s/files/1/0563/0532/0126/files/Artboard2_28d07b6d-5287-4a00-8c21-3284b93508c8.png?v=1784099129 | https://cdn.shopify.com/s/files/1/0563/0532/0126/files/Artboard3_e7302cc3-08a4-4868-88a7-b988bb8246ac.png?v=1784099129 | https://cdn.shopify.com/s/files/1/0563/0532/0126/files/Artboard4_18fbfc21-b9dc-461c-b9f3-d70bb34f54f5.png?v=1784099130 | https://cdn.shopify.com/s/files/1/0563/0532/0126/files/Artboard5_50aa5e9d-bd93-4ecb-bdfe-46bb54d0aef8.png?v=1784099130 | https://cdn.shopify.com/s/files/1/0563/0532/0126/files/Artboard6_4f512b38-5ac3-4a91-a098-83425f3ce67e.png?v=1784099129 | https://cdn.shopify.com/s/files/1/0563/0532/0126/files/Artboard7_a245a8eb-e058-4bc7-b62d-97a6a5a03e26.png?v=1784099129,2026-06-29T13:08:19+05:30,2026-09-08T08:56:55+05:30
Philips,Philips ProfileShine LED Strip Light (with driver),strip light,"Brand_Philips, Categories_Light Strip, Categories_Strip Light, main_light Strips, Product_Light Strip, Product_Light strips",philips-profileshine-led-strip-light-with-driver,https://in.shop.lighting.philips.com/products/philips-profileshine-led-strip-light-with-driver,1768.0,1768.0,Light color,Warm white :: SKU=915006401201 :: ₹1768.00 | Natural white :: SKU=915006401301 :: ₹1768.00,6,https://cdn.shopify.com/s/files/1/0563/0532/0126/files/Artboard1_f1b2fba5-85a5-4188-804d-e1859a7485b4.png?v=1782378146 | https://cdn.shopify.com/s/files/1/0563/0532/0126/files/Artboard2_4bc49dad-d7c1-4bbc-b1bb-830985a830f1.png?v=1782378146 | https://cdn.shopify.com/s/files/1/0563/0532/0126/files/Artboard3_7be2ef8c-3ed7-42fb-889a-aa6daf0970cb.png?v=1782378147 | https://cdn.shopify.com/s/files/1/0563/0532/0126/files/Artboard4_ebc6c42e-f9e0-4f29-a3a1-cb89f8b41f4e.png?v=1782378146 | https://cdn.shopify.com/s/files/1/0563/0532/0126/files/Artboard5_2c7adf0d-c1d8-4400-a99a-8369e63296d2.png?v=1782378146 | https://cdn.shopify.com/s/files/1/0563/0532/0126/files/Artboard6_e8f295fb-2d15-457e-b9c9-435e0027030f.png?v=1782378147,2026-06-18T13:39:29+05:30,2026-09-08T08:56:55+05:30
Philips,Philips ProfileShine LED Strip Light,strip light,"Categories_Light Strip, Categories_Strip Light, main_light Strips, Product_Light Strip, product_Light strips",philips-profileshine-led-strip-light,https://in.shop.lighting.philips.com/products/philips-profileshine-led-strip-light,1294.0,1294.0,Light color,Warm white :: SKU=915006398101 :: ₹1294.00 | Natural white :: SKU=915006398201 :: ₹1294.00,6,https://cdn.shopify.com/s/files/1/0563/0532/0126/files/Artboard1_5a51b94b-d6cc-4de3-94d1-8a56dffee0b6.png?v=1782379009 | https://cdn.shopify.com/s/files/1/0563/0532/0126/files/Artboard2_b94e9aeb-d91a-41f2-942f-f830db83f5e2.png?v=1782379009 | https://cdn.shopify.com/s/files/1/0563/0532/0126/files/Artboard3_20166bf1-e729-46cb-8cf1-abd9fef8e5cf.png?v=1782379009 | https://cdn.shopify.com/s/files/1/0563/0532/0126/files/Artboard4_eff5a9e1-8a7d-424d-b7ff-53761b86e90e.png?v=1782379009 | https://cdn.shopify.com/s/files/1/0563/0532/0126/files/Artboard5_0a4d6d51-9fa7-4952-a839-17f5076117ee.png?v=1782379009 | https://cdn.shopify.com/s/files/1/0563/0532/0126/files/Artboard6_a0cf2826-2cae-4c48-a49b-6e7d8c3a228c.png?v=1782379009,2026-06-18T13:39:27+05:30,2026-09-08T08:56:55+05:30
Philips,Philips Flairis Crystal Chandelier,Chandelier,"categories_chandeliers, chan, chandelier_bulb_type_E14, crystal-chandeliers, main_chandeliers, modern-chandeliers, Product_chandelier",philips-flairis-crystal-chandelier,https://in.shop.lighting.philips.com/products/philips-flairis-crystal-chandelier,91631.0,91631.0,Title,Default Title :: SKU=915006349566 :: ₹91631.00,6,https://cdn.shopify.com/s/files/1/0563/0532/0126/files/915006349566.png?v=1784530833 | https://cdn.shopify.com/s/files/1/0563/0532/0126/files/Artboard2_57220516-5cae-462e-a2e2-ed7c4748226e.png?v=1784273518 | https://cdn.shopify.com/s/files/1/0563/0532/0126/files/Artboard3_d4197b1b-5bcb-4305-94a1-10bc940c947b.png?v=1784273518 | https://cdn.shopify.com/s/files/1/0563/0532/0126/files/Artboard4_9bcc502f-2e24-4759-9398-8b9cacba4b70.png?v=1784273518 | https://cdn.shopify.com/s/files/1/0563/0532/0126/files/Artboard5_90b685d2-9b2a-49e5-b4a9-5b2af780d431.png?v=1784273518 | https://cdn.shopify.com/s/files/1/0563/0532/0126/files/Artboard6_b20634ff-a287-4c1c-9a44-d3e5fb99fb32.png?v=1784273518,2026-06-29T11:30:55+05:30,2026-09-08T08:56:55+05:30
Philips,Philips Majesté 5 Head Crystal Chandelier,Chandelier,"categories_chandeliers, chandelier_bulb_type_E14, chandelier_living_room, chandelier_room_type_bedroom, chandelier_room_type_dining room, chandelier_room_type_living Room, crystal-chandeliers, main_chandeliers, modern-chandeliers, Product_chandelier",philips-majeste-5-head-crystal-chandelier,https://in.shop.lighting.philips.com/products/philips-majeste-5-head-crystal-chandelier,32686.0,32686.0,Heads,5 head :: SKU=915006349565 :: ₹32686.00,6,https://cdn.shopify.com/s/files/1/0563/0532/0126/files/915006349565.png?v=1784530731 | https://cdn.shopify.com/s/files/1/0563/0532/0126/files/Artboard2_4a3bd865-7533-4db2-abf3-6c6ea2878c75.png?v=1784278721 | https://cdn.shopify.com/s/files/1/0563/0532/0126/files/Artboard3_cb1a5dfd-50ef-41c4-9f89-79730b59cd2a.png?v=1784278721 | https://cdn.shopify.com/s/files/1/0563/0532/0126/files/Artboard4_d934adec-ea37-4117-b33c-984cb34291ae.png?v=1784278721 | https://cdn.shopify.com/s/files/1/0563/0532/0126/files/Artboard5_83996ce3-b2b4-4563-b011-9059afde2533.png?v=1784278721 | https://cdn.shopify.com/s/files/1/0563/0532/0126/files/Artboard6_29c0dfb2-8025-43b1-9330-8e68a9616744.png?v=1784278720,2026-07-17T14:28:05+05:30,2026-09-08T08:56:55+05:30
Philips,Philips Majesté 6 Head Crystal Chandelier,Chandelier,"categories_chandeliers, chandelier_bulb_type_E14, chandelier_living_room, chandelier_room_type_bedroom, chandelier_room_type_dining room, chandelier_room_type_living Room, crystal-chandeliers, main_chandeliers, modern-chandeliers, Product_chandelier",philips-majeste-6-head-crystal-chandelier,https://in.shop.lighting.philips.com/products/philips-majeste-6-head-crystal-chandelier,29909.0,29909.0,Heads,6 head :: SKU=915006349564 :: ₹29909.00,6,https://cdn.shopify.com/s/files/1/0563/0532/0126/files/915006349564.png?v=1784530657 | https://cdn.shopify.com/s/files/1/0563/0532/0126/files/Artboard2_b5e934b7-dea3-41b3-af9b-4be1b0dc1e40.png?v=1784278840 | https://cdn.shopify.com/s/files/1/0563/0532/0126/files/Artboard3_08a3d2fa-58ef-46c6-84a3-14372523c041.png?v=1784278841 | https://cdn.shopify.com/s/files/1/0563/0532/0126/files/Artboard4_b4d251a3-0af5-48ca-8b9e-ee6f582f9a8a.png?v=1784278841 | https://cdn.shopify.com/s/files/1/0563/0532/0126/files/Artboard5_e96eba71-3edc-46b6-8efb-0c953793c4c3.png?v=1784278841 | https://cdn.shopify.com/s/files/1/0563/0532/0126/files/Artboard6_a1eb2e5f-fe66-44e2-80a0-8cbfb06fe98a.png?v=1784278841,2026-07-17T14:29:34+05:30,2026-09-08T08:56:55+05:30
Philips,Philips Majesté 12 Head Crystal Chandelier,Chandelier,"categories_chandeliers, chandelier_bulb_type_E14, chandelier_living_room, chandelier_room_type_bedroom, chandelier_room_type_dining room, chandelier_room_type_living Room, crystal-chandeliers, main_chandeliers, modern-chandeliers, Product_chandelier",philips-majeste-12-head-crystal-chandelier,https://in.shop.lighting.philips.com/products/philips-majeste-12-head-crystal-chandelier,46689.0,46689.0,Heads,12 head :: SKU=915006349562 :: ₹46689.00,6,https://cdn.shopify.com/s/files/1/0563/0532/0126/files/915006349562.png?v=1784530457 | https://cdn.shopify.com/s/files/1/0563/0532/0126/files/Artboard2_c20f96de-6a93-401e-8b4a-c6d9c3f1f818.png?v=1784279097 | https://cdn.shopify.com/s/files/1/0563/0532/0126/files/Artboard3_5b0c80b2-788a-4d0f-84a8-b7e5ba75ac88.png?v=1784279097 | https://cdn.shopify.com/s/files/1/0563/0532/0126/files/Artboard4_dcd9af3f-78c4-4212-8adc-5eb83b445816.png?v=1784279097 | https://cdn.shopify.com/s/files/1/0563/0532/0126/files/Artboard5_de7b295e-b5af-4677-9edc-bda2709a4e6c.png?v=1784279097 | https://cdn.shopify.com/s/files/1/0563/0532/0126/files/Artboard6_3d419821-d839-4213-b924-d93785ebe281.png?v=1784279097,2026-07-17T14:34:23+05:30,2026-09-08T08:56:55+05:30
Philips,Philips Yarixa Solar Wall Light,wall light,"bestselling_wall_lights, Brand_Philips, Categories_Decorative wall lights, Categories_Functional wall lights, Categories_Wall Lights, categories_walllights, main_wall Lights, Origin_India, outdoor_wall_lights_suggested, product_Wall light",philips-sunstead-cosmic-modular-wall-light-copy,https://in.shop.lighting.philips.com/products/philips-sunstead-cosmic-modular-wall-light-copy,3069.0,3069.0,Title,Default Title :: SKU=929003364201 :: ₹3069.00,8,https://cdn.shopify.com/s/files/1/0563/0532/0126/files/929003364201.png?v=1784714566 | https://cdn.shopify.com/s/files/1/0563/0532/0126/files/Artboard2_6c3d182d-3aff-44d8-a818-320dea982033.png?v=1784107091 | https://cdn.shopify.com/s/files/1/0563/0532/0126/files/Artboard3_da3d4071-1cb7-4e57-8999-426ca67fc7c7.png?v=1784107091 | https://cdn.shopify.com/s/files/1/0563/0532/0126/files/Artboard4_f9d0ad56-0391-4e62-8388-1c5bee1e782b.png?v=1784107091 | https://cdn.shopify.com/s/files/1/0563/0532/0126/files/Artboard5_3c840ad5-f1e1-4803-bc34-2421d2078403.png?v=1784107091 | https://cdn.shopify.com/s/files/1/0563/0532/0126/files/Artboard6_22de303d-b642-4572-8cde-4f8b5c9ff65e.png?v=1784107091 | https://cdn.shopify.com/s/files/1/0563/0532/0126/files/Artboard7_42e5f08c-fffe-4eb3-9986-ff992c61d9af.png?v=1784107091 | https://cdn.shopify.com/s/files/1/0563/0532/0126/files/Artboard8_ebae70d9-cf7f-4245-a970-a4e5494d5184.png?v=1784107091,2026-06-29T12:56:49+05:30,2026-09-08T08:56:55+05:30
Philips,Philips SunStead Bask Gate Light,outdoor lights,"Brand_Philips, Categories_Gate Lights",philips-sunstead-bask-wall-light-copy,https://in.shop.lighting.philips.com/products/philips-sunstead-bask-wall-light-copy,4219.0,4219.0,Title,Default Title :: SKU=915006349544 :: ₹4219.00,9,https://cdn.shopify.com/s/files/1/0563/0532/0126/files/915006349544.png?v=1784703727 | https://cdn.shopify.com/s/files/1/0563/0532/0126/files/Artboard2_fbc24f64-1ca3-455b-a708-2060c7057ead.png?v=1784102218 | https://cdn.shopify.com/s/files/1/0563/0532/0126/files/Artboard3_0483770f-9fbf-41a3-92e6-99382381a6c8.png?v=1784102218 | https://cdn.shopify.com/s/files/1/0563/0532/0126/files/Artboard4_a133d097-3d09-40a1-ae90-03be6f90f684.png?v=1784102218 | https://cdn.shopify.com/s/files/1/0563/0532/0126/files/Artboard5_d7de6ece-438d-4352-9c52-c65b66c4ca9c.png?v=1784102218 | https://cdn.shopify.com/s/files/1/0563/0532/0126/files/Artboard6_9938ee07-6745-4ab6-95a2-dba6fcc5861f.png?v=1784102218 | https://cdn.shopify.com/s/files/1/0563/0532/0126/files/Artboard7_d3a4f055-101d-4e5c-b301-07d15d34daa6.png?v=1784102218 | https://cdn.shopify.com/s/files/1/0563/0532/0126/files/Artboard8_b220e9da-0c1a-493d-86fa-b5adecd1c3f6.png?v=1784102218 | https://cdn.shopify.com/s/files/1/0563/0532/0126/files/Artboard9_df7b0c3c-e593-45af-8c6d-1762312679d2.png?v=1784102219,2026-06-29T12:39:51+05:30,2026-09-08T08:56:55+05:30
Philips,Philips SunStead Bask Wall Light,Wall Light,"bestselling_wall_lights, Categories_Decorative wall lights, Categories_Functional wall lights, Categories_Wall Lights, Categories_Wall Washer, main_wall Lights, outdoor_wall_lights_suggested, product_Wall light",philips-sunstead-cosmic-wall-light-copy,https://in.shop.lighting.philips.com/products/philips-sunstead-cosmic-wall-light-copy,4219.0,4219.0,Title,Default Title :: SKU=915006349543 :: ₹4219.00,9,https://cdn.shopify.com/s/files/1/0563/0532/0126/files/915006349543.png?v=1784713108 | https://cdn.shopify.com/s/files/1/0563/0532/0126/files/Artboard2_ada2b9d2-8cf8-4796-affc-b64ae6d411f8.png?v=1784712964 | https://cdn.shopify.com/s/files/1/0563/0532/0126/files/Artboard3_1be8dc64-73a1-40db-bb11-8d8d81509435.png?v=1784712964 | https://cdn.shopify.com/s/files/1/0563/0532/0126/files/Artboard4_12c129a2-a46e-4efa-a593-c0e7145062df.png?v=1784712964 | https://cdn.shopify.com/s/files/1/0563/0532/0126/files/Artboard5_b05f6de9-3ebd-4af9-8195-510d2992a564.png?v=1784712964 | https://cdn.shopify.com/s/files/1/0563/0532/0126/files/Artboard6_76bf30d6-059d-44cc-b288-532952709083.png?v=1784712964 | https://cdn.shopify.com/s/files/1/0563/0532/0126/files/Artboard7_f262792a-611a-40ca-8ef7-ca0b4e4ab4f2.png?v=1784712964 | https://cdn.shopify.com/s/files/1/0563/0532/0126/files/Artboard8_69b6d26b-be45-4643-bf52-5d36f545c524.png?v=1784712964 | https://cdn.shopify.com/s/files/1/0563/0532/0126/files/Artboard9_cd77f797-1a01-4647-8e38-82111eae5093.png?v=1784712964,2026-06-29T12:36:01+05:30,2026-09-08T08:56:55+05:30
Philips,Philips SunStead Cosmic Wall Light,Wall Light,"bestselling_wall_lights, Categories_Decorative wall lights, Categories_Functional wall lights, Categories_Wall Lights, Categories_Wall Washer, main_wall Lights, outdoor_wall_lights_suggested, product_Wall light",philips-sunstead-cosmic-wall-light,https://in.shop.lighting.philips.com/products/philips-sunstead-cosmic-wall-light,1759.0,1759.0,Title,Default Title :: SKU=915006349542 :: ₹1759.00,8,https://cdn.shopify.com/s/files/1/0563/0532/0126/files/915006349542.png?v=1784712749 | https://cdn.shopify.com/s/files/1/0563/0532/0126/files/Artboard2_fd008e87-9526-4c4b-a6bc-4ec16b7760d6.png?v=1784712733 | https://cdn.shopify.com/s/files/1/0563/0532/0126/files/Artboard3_08aeb25a-12ed-41b1-a1ce-7ed0764f5873.png?v=1784712732 | https://cdn.shopify.com/s/files/1/0563/0532/0126/files/Artboard4_ce4c4635-adf3-4aac-989f-8e896e6e3943.png?v=1784712733 | https://cdn.shopify.com/s/files/1/0563/0532/0126/files/Artboard5_715ec288-4ed0-4dfb-aa32-2197b1c4f2bc.png?v=1784712733 | https://cdn.shopify.com/s/files/1/0563/0532/0126/files/Artboard6_289150bf-7bb2-4776-a816-6a5282449fc1.png?v=1784712733 | https://cdn.shopify.com/s/files/1/0563/0532/0126/files/Artboard7_519ca6d6-01aa-46ae-858a-717820e83e21.png?v=1784712733 | https://cdn.shopify.com/s/files/1/0563/0532/0126/files/Artboard8_f5aa3aed-5b51-4685-99c6-76860faea315.png?v=1784712732,2026-06-29T12:31:53+05:30,2026-09-08T08:56:55+05:30
Philips,Philips SunStead Flare Wall Light,Wall Light,"bestselling_wall_lights, Categories_Decorative wall lights, Categories_Functional wall lights, Categories_Solar lights, Categories_Wall Lights, main_wall Lights, outdoor_solar_lights_suggested, Product_Solar lights, product_Wall light",philips-sunstead-flare-wall-light,https://in.shop.lighting.philips.com/products/philips-sunstead-flare-wall-light,1529.0,3409.0,Wattage,1.5W :: SKU=915006349540 :: ₹1529.00 | 4W :: SKU=915006349541 :: ₹3409.00,8,https://cdn.shopify.com/s/files/1/0563/0532/0126/files/915006349540.png?v=1784712567 | https://cdn.shopify.com/s/files/1/0563/0532/0126/files/Artboard3_95a203ec-257a-486e-95b7-e623ba0f5992.png?v=1784712512 | https://cdn.shopify.com/s/files/1/0563/0532/0126/files/Artboard4_a2083bbc-fe2d-4c43-8469-c04938c67363.png?v=1784712512 | https://cdn.shopify.com/s/files/1/0563/0532/0126/files/Artboard5_e68a26de-f8f0-47e9-bfaa-e10d8c9d8c73.png?v=1784712511 | https://cdn.shopify.com/s/files/1/0563/0532/0126/files/Artboard6_fdfe2642-3e45-4f11-8756-8c14e4c4aa22.png?v=1784712512 | https://cdn.shopify.com/s/files/1/0563/0532/0126/files/Artboard7_9812da4c-5374-4f9a-a33c-57573ec002e2.png?v=1784712512 | https://cdn.shopify.com/s/files/1/0563/0532/0126/files/Artboard8_09ae9825-e858-448b-97c0-b49564ef0ff5.png?v=1784712512 | https://cdn.shopify.com/s/files/1/0563/0532/0126/files/Artboard2_355863b4-aa67-476c-8790-7a05e69c26d1.png?v=1784712512,2026-06-29T12:25:58+05:30,2026-09-08T08:56:55+05:30
Philips,Philips Rover Rechargeable Lantern,LED Lamps,"Categories_Emergency, Categories_Portable Emergency light, Categories_Solar lights, emergency_lights_suggested, outdoor_solar_lights_suggested, product_Emergency lights, Product_Solar lights, rechargable",philips-rover-mini-rechargeable-lantern-copy,https://in.shop.lighting.philips.com/products/philips-rover-mini-rechargeable-lantern-copy,1111.0,1111.0,Title,Default Title :: SKU=915006349585 :: ₹1111.00,8,https://cdn.shopify.com/s/files/1/0563/0532/0126/files/Artboard1_7960f700-fb2a-4f28-9fab-69ede70a618e.png?v=1782901832 | https://cdn.shopify.com/s/files/1/0563/0532/0126/files/Artboard2_ae029a6b-c878-4c37-b531-2ffbf9abef11.png?v=1782901832 | https://cdn.shopify.com/s/files/1/0563/0532/0126/files/Artboard3_ceaf4816-87bd-4f12-8107-7130011c3e62.png?v=1782901832 | https://cdn.shopify.com/s/files/1/0563/0532/0126/files/Artboard4_d5233032-1372-46bd-8924-aa2952964d7f.png?v=1782901833 | https://cdn.shopify.com/s/files/1/0563/0532/0126/files/Artboard5_fc8fcc21-6a7d-41c6-b66f-e4ad041a7c80.png?v=1782901832 | https://cdn.shopify.com/s/files/1/0563/0532/0126/files/Artboard6_53810b3c-a295-4c94-aaf3-9c31cf68c076.png?v=1782901832 | https://cdn.shopify.com/s/files/1/0563/0532/0126/files/Artboard8_9aa1261d-d556-4d72-86ef-602ffbf4c5e4.png?v=1782901832 | https://cdn.shopify.com/s/files/1/0563/0532/0126/files/Artboard10_d8e88e25-934c-4baa-aa61-a9fc56351670.png?v=1782901832,2026-06-29T12:18:27+05:30,2026-09-08T08:56:55+05:30
Philips,Philips Rover Mini Rechargeable Lantern,LED Lamps,"Categories_Emergency, Categories_Portable Emergency light, Categories_Solar lights, emergency_lights_suggested, outdoor_solar_lights_suggested, product_Emergency lights, Product_Solar lights, rechargable",philips-voyager-rechargeable-lantern-copy,https://in.shop.lighting.philips.com/products/philips-voyager-rechargeable-lantern-copy,833.0,833.0,Title,Default Title :: SKU=915006349584 :: ₹833.00,9,https://cdn.shopify.com/s/files/1/0563/0532/0126/files/Artboard1_54006c0f-67d1-4554-bbae-a977d739600d.png?v=1782901860 | https://cdn.shopify.com/s/files/1/0563/0532/0126/files/Artboard5_cdf95b79-5186-4d51-972d-f40c2487fe87.png?v=1782901860 | https://cdn.shopify.com/s/files/1/0563/0532/0126/files/Artboard6_12a10ab3-79bc-4bbc-ac01-11eb4eefad12.png?v=1782901860 | https://cdn.shopify.com/s/files/1/0563/0532/0126/files/Artboard8_014ebd96-b004-421e-903f-e7b1f68a8b52.png?v=1782901860 | https://cdn.shopify.com/s/files/1/0563/0532/0126/files/Artboard9_8761239c-a1b2-435b-825e-b20c53c106d9.png?v=1782901860 | https://cdn.shopify.com/s/files/1/0563/0532/0126/files/Artboard2_2fbcbc4a-aa78-4afd-bcc0-585199de6d1b.png?v=1782901860 | https://cdn.shopify.com/s/files/1/0563/0532/0126/files/Artboard3_a0233619-5ee8-4abc-9f72-871102deb4ca.png?v=1782901860 | https://cdn.shopify.com/s/files/1/0563/0532/0126/files/Artboard4_ceff1169-2334-436d-9b5b-61a9cb7b3723.png?v=1782901860 | https://cdn.shopify.com/s/files/1/0563/0532/0126/files/Artboard10_04564609-4188-46af-9d68-5c67e4685eab.png?v=1782901860,2026-06-29T12:16:45+05:30,2026-09-08T08:56:55+05:30
Philips,Philips Voyager Rechargeable Lantern,LED Lamps,"Categories_Emergency, Categories_Portable Emergency light, Categories_Solar lights, emergency_lights_suggested, outdoor_solar_lights_suggested, product_Emergency lights, Product_Solar lights, rechargable",philips-phoebus-solar-rechargeable-lantern-copy,https://in.shop.lighting.philips.com/products/philips-phoebus-solar-rechargeable-lantern-copy,833.0,833.0,Title,Default Title :: SKU=915006349583 :: ₹833.00,9,https://cdn.shopify.com/s/files/1/0563/0532/0126/files/Artboard1_d342626f-1a04-4626-9389-af278d04c639.png?v=1782901902 | https://cdn.shopify.com/s/files/1/0563/0532/0126/files/Artboard2_c6f20587-b509-44c3-b0ea-a4522ff7e28e.png?v=1782901902 | https://cdn.shopify.com/s/files/1/0563/0532/0126/files/Artboard3_49b6dd65-b659-4c58-ab0b-325d59daf1f0.png?v=1782901902 | https://cdn.shopify.com/s/files/1/0563/0532/0126/files/Artboard4_25627a91-c096-4e20-9b2a-485be28bf913.png?v=1782901902 | https://cdn.shopify.com/s/files/1/0563/0532/0126/files/Artboard5_46348069-6b16-4bc6-b8f2-ba379bda7905.png?v=1782901903 | https://cdn.shopify.com/s/files/1/0563/0532/0126/files/Artboard6_1a01a6e5-424b-4b95-87aa-8fa2900f0d10.png?v=1782901902 | https://cdn.shopify.com/s/files/1/0563/0532/0126/files/Artboard7_ae068bf4-e095-4e7a-9978-7428091f0834.png?v=1782901902 | https://cdn.shopify.com/s/files/1/0563/0532/0126/files/Artboard8_1a311758-0bd3-4120-adc6-007a0795d932.png?v=1782901903 | https://cdn.shopify.com/s/files/1/0563/0532/0126/files/Artboard10_da762016-8485-45ae-b7e9-d330e042de0c.png?v=1782901902,2026-06-29T12:14:01+05:30,2026-09-08T08:56:55+05:30
Philips,Philips Phoebus Solar Rechargeable Lantern,LED Lamps,"Categories_Emergency, Categories_Portable Emergency light, Categories_Solar lights, emergency_lights_suggested, outdoor_solar_lights_suggested, product_Emergency lights, Product_Solar lights, rechargable",philips-phoebus-solar-rechargeable-lantern,https://in.shop.lighting.philips.com/products/philips-phoebus-solar-rechargeable-lantern,1770.0,1770.0,Title,Default Title :: SKU=915006349579 :: ₹1770.00,9,https://cdn.shopify.com/s/files/1/0563/0532/0126/files/Artboard1_b47fc1e8-c388-431b-8f38-f94c8432e54b.png?v=1782901657 | https://cdn.shopify.com/s/files/1/0563/0532/0126/files/Artboard2_e1693038-b1fc-4b33-bfa8-1a6cda55c6a9.png?v=1782901657 | https://cdn.shopify.com/s/files/1/0563/0532/0126/files/Artboard3copy_a0dd71a6-8469-45d1-b993-c68a7ba1269c.png?v=1782901657 | https://cdn.shopify.com/s/files/1/0563/0532/0126/files/Artboard3_cc327be8-045f-439f-b371-d02900bd8c37.png?v=1782901657 | https://cdn.shopify.com/s/files/1/0563/0532/0126/files/Artboard4copy.png?v=1782901657 | https://cdn.shopify.com/s/files/1/0563/0532/0126/files/Artboard5_6b90faee-c3eb-418f-9eb1-959474c9ede7.png?v=1782901657 | https://cdn.shopify.com/s/files/1/0563/0532/0126/files/Artboard6_fa097bcc-60af-41aa-94c0-410e98392143.png?v=1782901657 | https://cdn.shopify.com/s/files/1/0563/0532/0126/files/Artboard7_b84f0c94-196f-4b3e-82c5-fd59c629662e.png?v=1782901657 | https://cdn.shopify.com/s/files/1/0563/0532/0126/files/ReverseCharging.png?v=1782901657,2026-06-29T12:09:55+05:30,2026-09-08T08:56:55+05:30
Philips,Philips Mini Marathon LED Rope light (Blue),Rope Light,"Categories_Rope Light, clearance_sale, Origin_India, Product_Rope light",philips-mini-marathon-led-rope-light-72-leds-20-meter,https://in.shop.lighting.philips.com/products/philips-mini-marathon-led-rope-light-72-leds-20-meter,1095.0,1095.0,Light color,Blue :: SKU=929003159801 :: ₹1095.00,5,https://cdn.shopify.com/s/files/1/0563/0532/0126/files/61gRSIE9klL._SL1500.jpg?v=1788425449 | https://cdn.shopify.com/s/files/1/0563/0532/0126/files/MiniMarathon-1-PhotoRoom.png?v=1741171581 | https://cdn.shopify.com/s/files/1/0563/0532/0126/files/71FtvZ0cMoL._SL1500.jpg?v=1788425477 | https://cdn.shopify.com/s/files/1/0563/0532/0126/files/8127yygFUDL._SL1500.jpg?v=1788425494 | https://cdn.shopify.com/s/files/1/0563/0532/0126/files/61yd2XSjWgL._SL1017.jpg?v=1785407496,2026-02-02T15:34:59+05:30,2026-09-08T08:56:55+05:30
Philips,Philips StarBright Wide Nxt LED Tube Light,Tube Light,"Brand_Philips, Categories_Tube Light, Origin_India, product_Tube light",philips-starbright-wide-nxt-led-tube-light,https://in.shop.lighting.philips.com/products/philips-starbright-wide-nxt-led-tube-light,680.0,680.0,Title,Default Title :: SKU=915006558001 :: ₹680.00,7,https://cdn.shopify.com/s/files/1/0563/0532/0126/files/1_ee35ded0-b389-4a89-a10c-5ee95eb2b3a0.png?v=1779362306 | https://cdn.shopify.com/s/files/1/0563/0532/0126/files/2_1d1832a7-1399-4029-b370-8caa9def2f45.png?v=1779362306 | https://cdn.shopify.com/s/files/1/0563/0532/0126/files/3_a244931d-7ef7-4fe0-a7b8-fa822d2a3020.png?v=1779362306 | https://cdn.shopify.com/s/files/1/0563/0532/0126/files/4_afae1029-7d0f-405b-af7d-2456b0af5fd0.png?v=1779362306 | https://cdn.shopify.com/s/files/1/0563/0532/0126/files/5_3aedd498-8e9d-44c6-99bf-d1a6e19eed04.png?v=1779362306 | https://cdn.shopify.com/s/files/1/0563/0532/0126/files/6_c81f5357-f10e-4642-a5fc-e31b25f25fc8.png?v=1779362306 | https://cdn.shopify.com/s/files/1/0563/0532/0126/files/7_4d92a276-4c59-4261-831a-86d401531e92.png?v=1779362305,2026-05-15T13:19:59+05:30,2026-09-08T08:56:55+05:30
Philips,Philips Smart Wi-Fi Pro LED Bulb,Smart Light,"Brand_Philips, bulb, bulb_E27, Categories_Bulb, categories_smart, Collection_Smart, Collection_Smart Bulb, main_bulbs, product_Bulbs, product_Smart lights",philips-smart-wi-fi-pro-led-bulb,https://in.shop.lighting.philips.com/products/philips-smart-wi-fi-pro-led-bulb,549.0,649.0,"Wattage, Bulb type",9W/E27 :: SKU=915006602401 :: ₹549.00 | 9W/B22 :: SKU=915006602301 :: ₹549.00 | 10W/E27 :: SKU=915006602601 :: ₹579.00 | 10W/B22 :: SKU=915006602501 :: ₹579.00 | 12W/E27 :: SKU=915006602801 :: ₹649.00 | 12W/B22 :: SKU=915006602701 :: ₹649.00,14,https://cdn.shopify.com/s/files/1/0563/0532/0126/files/Artboard_1_4134af43-8227-409d-bd12-b42bf1af098b.png?v=1782895252 | https://cdn.shopify.com/s/files/1/0563/0532/0126/files/Artboard_1_d0bed6d9-36fa-478a-9c11-f3734a94f7a9.png?v=1782895243 | https://cdn.shopify.com/s/files/1/0563/0532/0126/files/Artboard_1_9c2e73a3-0501-405d-be9b-53b556aa786a.png?v=1782895274 | https://cdn.shopify.com/s/files/1/0563/0532/0126/files/Artboard_1_ee5f6133-d886-4246-ad47-8be6d7f1bb40.png?v=1782895269 | https://cdn.shopify.com/s/files/1/0563/0532/0126/files/Artboard_1_5e2f3797-1b64-40da-b521-5c26e449c5b0.png?v=1782895286 | https://cdn.shopify.com/s/files/1/0563/0532/0126/files/Artboard_1_7f757f0d-3d45-4599-9a72-5d5ceaf89c8d.png?v=1782895281 | https://cdn.shopify.com/s/files/1/0563/0532/0126/files/Artboard1_3f004b84-5243-47f0-9263-582f3d53c02c.png?v=1782895225 | https://cdn.shopify.com/s/files/1/0563/0532/0126/files/Artboard2_76a22d31-c8b9-4bbe-b06d-85500e4c17f1.png?v=1782895224 | https://cdn.shopify.com/s/files/1/0563/0532/0126/files/Artboard3_55ee9edb-a2cb-46d1-b128-80350e98bd48.png?v=1782895224 | https://cdn.shopify.com/s/files/1/0563/0532/0126/files/Artboard4_2c1865d3-58f5-4226-ad9e-8bc6e7d9c0e4.png?v=1782895224 | https://cdn.shopify.com/s/files/1/0563/0532/0126/files/Artboard5_169367f4-8d39-406a-b0af-4f726d7ad558.png?v=1782895224 | https://cdn.shopify.com/s/files/1/0563/0532/0126/files/Artboard6_7c8410b1-5629-4deb-b88d-8b6c19c3b592.png?v=1782895224 | https://cdn.shopify.com/s/files/1/0563/0532/0126/files/Artboard7_4cf0a702-3881-4e54-a06a-6fa7e6d110da.png?v=1782895224 | https://cdn.shopify.com/s/files/1/0563/0532/0126/files/Artboard8_2379a337-d1d9-406a-b353-bba87d57599b.png?v=1782895224,2026-06-29T15:47:03+05:30,2026-09-08T08:56:55+05:30
Philips,Philips Smart Wi-Fi T-Beamer LED Bulb,Light bulb,"categories_smart, Categories_Surface Lights, Collection_Smart, Collection_Smart Downlight, New-Arrival, new_arrivals, New_launch, Newly added, Origin_India, product_Smart lights, surface-lights",philips-smart-wi-fi-aquila-rgb-ceiling-light-copy,https://in.shop.lighting.philips.com/products/philips-smart-wi-fi-aquila-rgb-ceiling-light-copy,699.0,699.0,Title,Default Title :: SKU=915006305701 :: ₹699.00,5,https://cdn.shopify.com/s/files/1/0563/0532/0126/files/ChatGPTImageJul27_2026_12_47_46PM.png?v=1785136697 | https://cdn.shopify.com/s/files/1/0563/0532/0126/files/61esHLmbjcL._SL1500.jpg?v=1782895703 | https://cdn.shopify.com/s/files/1/0563/0532/0126/files/71qDwQ13CJL._SL1500.jpg?v=1782895708 | https://cdn.shopify.com/s/files/1/0563/0532/0126/files/517vUM7xJkL._SL1500.jpg?v=1782895713 | https://cdn.shopify.com/s/files/1/0563/0532/0126/files/ExtendedwarrantywithSignifyDigiShield_d5dc958d-a3c2-4fb5-a46c-04b0d4b3ce35.png?v=1770012220,2026-06-29T16:29:48+05:30,2026-09-08T08:56:55+05:30
Philips,Philips Smart WideGlow LED Surface Downlight,Ceiling Light,"categories_smart, Categories_Surface Lights, Collection_Smart, Collection_Smart Downlight, New-Arrival, new_arrivals, New_launch, Newly added, product_Smart lights, surface-lights",philips-smart-wideglow-led-surface-downlight,https://in.shop.lighting.philips.com/products/philips-smart-wideglow-led-surface-downlight,4590.0,4590.0,Title,Default Title :: SKU=915006612301 :: ₹4590.00,8,https://cdn.shopify.com/s/files/1/0563/0532/0126/files/Artboard1_0a6f0e37-fce4-49cd-8381-72ca135dce72.png?v=1782895978 | https://cdn.shopify.com/s/files/1/0563/0532/0126/files/Artboard2_58dd9d45-cb49-4ad9-ad25-fe3cf406650b.png?v=1782895978 | https://cdn.shopify.com/s/files/1/0563/0532/0126/files/Artboard3_073ce33c-93fe-4bbc-9b82-b94ab7001e64.png?v=1782895978 | https://cdn.shopify.com/s/files/1/0563/0532/0126/files/Artboard4_276010ac-bd39-43cf-8fcc-1ce3e474ed60.png?v=1782895978 | https://cdn.shopify.com/s/files/1/0563/0532/0126/files/Artboard5_d1fc98f7-a17b-4f75-a026-cde1a70be812.png?v=1782895978 | https://cdn.shopify.com/s/files/1/0563/0532/0126/files/Artboard6_81c0b367-99fe-43c1-8025-a2783d1d4bae.png?v=1782895978 | https://cdn.shopify.com/s/files/1/0563/0532/0126/files/Artboard7_974de074-c5ee-422a-912e-af46da81e29d.png?v=1782895979 | https://cdn.shopify.com/s/files/1/0563/0532/0126/files/Artboard8_250d4160-2a01-4e4d-84c3-55e71f1806e2.png?v=1782895978,2026-06-29T16:15:26+05:30,2026-09-08T08:56:55+05:30
Philips,Philips Smart MoonView LED Surface Downlight,Ceiling Light,"availibility_in_stock, bestseller, bestsellerQ2, bestselling_ceiling_lights, Brand_Philips, Categories_All, Categories_Ceiling Lights, Categories_Decorative light, Categories_Downlights, categories_smart, Categories_Surface Lights, Collection_Smart, Collection_Smart Downlight, New-Arrival, new_arrivals, New_launch, Newly added, Origin_India, product_Smart lights, surface-lights",philips-smart-moonview-led-surface-downlight,https://in.shop.lighting.philips.com/products/philips-smart-moonview-led-surface-downlight,4175.0,4175.0,Title,Default Title :: SKU=915006612101 :: ₹4175.00,9,https://cdn.shopify.com/s/files/1/0563/0532/0126/files/Artboard1_3c7265f8-14c1-4313-b6ef-6006614eab43.png?v=1782895899 | https://cdn.shopify.com/s/files/1/0563/0532/0126/files/Artboard2_05940dfd-4f3b-4d20-94b9-6e21b959fe09.png?v=1782895899 | https://cdn.shopify.com/s/files/1/0563/0532/0126/files/Artboard3_a4236b83-3648-46fb-b675-5d3510abf4d3.png?v=1782895899 | https://cdn.shopify.com/s/files/1/0563/0532/0126/files/Artboard4_0a83e284-c621-4cdb-9023-796af7a210e8.png?v=1782895899 | https://cdn.shopify.com/s/files/1/0563/0532/0126/files/Artboard5_2560de88-efe7-4a25-9fa4-e8bfd9ca7071.png?v=1782895899 | https://cdn.shopify.com/s/files/1/0563/0532/0126/files/Artboard6_92444f46-35ed-4651-bbfe-fa04c71a8fda.png?v=1782895899 | https://cdn.shopify.com/s/files/1/0563/0532/0126/files/Artboard7_219a06e9-b211-43cc-9b06-e2962a360d75.png?v=1782895899 | https://cdn.shopify.com/s/files/1/0563/0532/0126/files/Artboard8_8ab06440-dd00-43b8-b362-00f8c2d99a03.png?v=1782895899 | https://cdn.shopify.com/s/files/1/0563/0532/0126/files/Artboard9_ae04d229-2e63-407b-ab63-6486c9464447.png?v=1782895899,2026-06-29T16:09:53+05:30,2026-09-08T08:56:55+05:30
Philips,Philips UltraGlow NextGen 3-in-1 LED Downlight,Ceiling Light,"bestselling_ceiling_lights, Brand_Philips, categories_ceiling, Categories_Ceiling Lights, Categories_Downlights, downlights, main_ceiling Lights, Origin_India, product_Ceiling light",philips-ultraglow-nextgen-3-in-1-led-downlight,https://in.shop.lighting.philips.com/products/philips-ultraglow-nextgen-3-in-1-led-downlight,1009.0,1009.0,Title,Default Title :: SKU=915006368101 :: ₹1009.00,6,https://cdn.shopify.com/s/files/1/0563/0532/0126/files/51sQxdtUYOL._SL1200.jpg?v=1782899825 | https://cdn.shopify.com/s/files/1/0563/0532/0126/files/61ynUOaJuoL._SL1200.jpg?v=1782899807 | https://cdn.shopify.com/s/files/1/0563/0532/0126/files/61fFh3T-N1L._SL1200.jpg?v=1782899811 | https://cdn.shopify.com/s/files/1/0563/0532/0126/files/61guOJHjgGL._SL1200.jpg?v=1782899814 | https://cdn.shopify.com/s/files/1/0563/0532/0126/files/61QQxuhw6aL._SL1200.jpg?v=1782899817 | https://cdn.shopify.com/s/files/1/0563/0532/0126/files/61LVf0amIuL._SL1200.jpg?v=1782899822,2026-06-25T17:00:29+05:30,2026-09-08T08:56:55+05:30
Philips,Philips EyeComfort Sky LED Desk Lamp,desk light,"Categories_desk Lamp, Categories_Table Lamps, categories_tablelamps, Origin_India, product_Table lamp",philips-eyecomfort-led-desk-lamp,https://in.shop.lighting.philips.com/products/philips-eyecomfort-led-desk-lamp,1509.0,1509.0,Title,Default Title :: SKU=915006349590 :: ₹1509.00,7,https://cdn.shopify.com/s/files/1/0563/0532/0126/files/61TmfBjq0NL._SL1200.jpg?v=1786607019 | https://cdn.shopify.com/s/files/1/0563/0532/0126/files/Artboard2_ec37f6b6-0e12-44d1-b43d-6c6b6df0627c.png?v=1782901012 | https://cdn.shopify.com/s/files/1/0563/0532/0126/files/Artboard3_123188d7-5d16-4dd3-8235-51a04b9dcda4.png?v=1782901012 | https://cdn.shopify.com/s/files/1/0563/0532/0126/files/Artboard4_9747fbd4-7803-444b-acc1-93e29cede912.png?v=1782901012 | https://cdn.shopify.com/s/files/1/0563/0532/0126/files/Artboard5_68b46721-714e-41cb-b22e-b91e01d1cc07.png?v=1782901012 | https://cdn.shopify.com/s/files/1/0563/0532/0126/files/Artboard6_dcf3ed2d-f68c-48ee-8e61-94e0155af563.png?v=1782901012 | https://cdn.shopify.com/s/files/1/0563/0532/0126/files/7_12464fac-6be6-4868-b037-57e99440c692.png?v=1782901012,2026-06-29T11:50:17+05:30,2026-09-08T08:56:55+05:30
Philips,Philips Smart Wi-Fi Tunable White LED Strip,Smart Light,"Brand_Philips, Categories_Light Strip, categories_smart, Categories_Strip Light, Collection_Smart, Collection_Smart light strip, main_light Strips, Price_INR 4001- 5000, Product_Light Strip, product_Light strips, product_Smart lights",philips-smart-wi-fi-tunable-white-led-strip,https://in.shop.lighting.philips.com/products/philips-smart-wi-fi-tunable-white-led-strip,4889.0,4889.0,Title,Default Title :: SKU=929003551501 :: ₹4889.00,2,https://cdn.shopify.com/s/files/1/0563/0532/0126/files/929003551501.jpg?v=1784718273 | https://cdn.shopify.com/s/files/1/0563/0532/0126/files/61P1X2egjbL._SL1416.jpg?v=1782895099,2026-06-29T15:56:14+05:30,2026-09-08T08:56:55+05:30
Philips,Philips Smart Wi-Fi LED Batten,Tube Light,"Categories_Tube Light, product_Tube light",philips-smart-wi-fi-led-batten,https://in.shop.lighting.philips.com/products/philips-smart-wi-fi-led-batten,749.0,1299.0,Light color,Tunable white :: SKU=915006603001 :: ₹749.00 | 16 Million Colors :: SKU=929003861701 :: ₹1299.00,14,https://cdn.shopify.com/s/files/1/0563/0532/0126/files/Artboard1_9db6eaa8-ff02-44c9-834e-21b6cc6a7685.png?v=1782896245 | https://cdn.shopify.com/s/files/1/0563/0532/0126/files/Artboard1_109657ab-6af1-47f2-9efa-168e4df9388f.png?v=1782896276 | https://cdn.shopify.com/s/files/1/0563/0532/0126/files/Artboard2_a0e47e44-36e3-453d-bdf3-97bd7f93d57c.png?v=1782896245 | https://cdn.shopify.com/s/files/1/0563/0532/0126/files/Artboard3_8853e821-652a-4df0-acc6-c7f1d9f34555.png?v=1782896245 | https://cdn.shopify.com/s/files/1/0563/0532/0126/files/Artboard4_54919a31-1a87-4c65-bb9a-6d630c2461e4.png?v=1782896245 | https://cdn.shopify.com/s/files/1/0563/0532/0126/files/Artboard4-1_7a63d2e0-f073-41bf-8109-bd9d839fabdf.png?v=1782896245 | https://cdn.shopify.com/s/files/1/0563/0532/0126/files/Artboard6_5f12adc3-4d53-4655-8c82-6c296445a44d.png?v=1782896245 | https://cdn.shopify.com/s/files/1/0563/0532/0126/files/Artboard8copy_c59d3aaf-e9a1-4689-9c27-148da2480ff4.png?v=1782896245 | https://cdn.shopify.com/s/files/1/0563/0532/0126/files/Artboard2_e691375b-e751-4d11-b4f2-ce69134bdc2a.png?v=1782896276 | https://cdn.shopify.com/s/files/1/0563/0532/0126/files/Artboard3_7800cb45-c0b6-4911-b846-9c4d4b6d7129.png?v=1782896276 | https://cdn.shopify.com/s/files/1/0563/0532/0126/files/Artboard4_bdcb0fc3-3e76-4bda-938b-913a0405a9c6.png?v=1782896276 | https://cdn.shopify.com/s/files/1/0563/0532/0126/files/Artboard5_c157f193-d126-410b-a1c8-1374d7e2ac58.png?v=1782896276 | https://cdn.shopify.com/s/files/1/0563/0532/0126/files/Artboard6_3af89b6b-a0ec-4ec8-be7e-4b2d262faa45.png?v=1782896276 | https://cdn.shopify.com/s/files/1/0563/0532/0126/files/Artboard7._0d6f574b-d2aa-4619-93a5-4fa48d43157f.png?v=1782896276,2026-06-29T17:13:29+05:30,2026-09-08T08:56:55+05:30
Philips,Philips Deco Bright LED Tube light,Tube light,"Brand_Philips, Categories_Tube Light, clearance_sale, Kitchen_lights_suggested, Origin_India, Price_Less than INR 1000, product_Tube light, room_Bed Room, room_Dining Room, room_Living Room, room_Study Room, wall_lights_sitting_room_suggested",philips-deco-bright-led-tube-light,https://in.shop.lighting.philips.com/products/philips-deco-bright-led-tube-light,275.0,275.0,"Wattage, Color",25W/Warm White :: SKU=929004650201 :: ₹275.00 | 25W/Cool Day light :: SKU=929004650301 :: ₹275.00,9,https://cdn.shopify.com/s/files/1/0563/0532/0126/files/PhilipsDecoBright-TubeLight.png?v=1747311476 | https://cdn.shopify.com/s/files/1/0563/0532/0126/files/Artboard1_1b6c471e-3db5-4794-b66f-2c3e971c0ec0.png?v=1747311476 | https://cdn.shopify.com/s/files/1/0563/0532/0126/files/Artboard4_1578287e-af87-467c-8dde-4bbe03d868f2.png?v=1747311477 | https://cdn.shopify.com/s/files/1/0563/0532/0126/files/Artboard3_18396443-d1ba-4aa4-b16a-f601724df68d.png?v=1747311477 | https://cdn.shopify.com/s/files/1/0563/0532/0126/files/Artboard5_5ee0c6ae-2ca0-422d-8399-e444249c1799.png?v=1747311477 | https://cdn.shopify.com/s/files/1/0563/0532/0126/files/Artboard6_31a40d56-c9a9-40bc-960c-036b325f089b.png?v=1747311477 | https://cdn.shopify.com/s/files/1/0563/0532/0126/files/Artboard2_8f0d58cc-9b78-4578-8a4a-4443a77b4b3a.png?v=1747311477 | https://cdn.shopify.com/s/files/1/0563/0532/0126/files/Artboard5_0c3745f5-cca4-41d2-a576-04b15de2ffd0.png?v=1747311477 | https://cdn.shopify.com/s/files/1/0563/0532/0126/files/Artboard_3.png?v=1747311477,2024-12-03T12:36:02+05:30,2026-09-08T08:56:55+05:30
Philips,Philips GoldPerform LED Tube light,Tube light,"bedroom_lights_suggested, Brand_Philips, Categories_Tube Light, Origin_India, Price_Less than INR 1000, product_Tube light, room_Bed Room, room_Dining Room, room_Living Room, room_Study Room",philips-gold-series-led-tube-light,https://in.shop.lighting.philips.com/products/philips-gold-series-led-tube-light,295.0,295.0,"Wattage, Color",25W/Warm White :: SKU=929004650001 :: ₹295.00 | 25W/Cool Day Light :: SKU=929004650101 :: ₹295.00,6,https://cdn.shopify.com/s/files/1/0563/0532/0126/files/PhilipsGoldPerformLEDTubelight.png?v=1747311499 | https://cdn.shopify.com/s/files/1/0563/0532/0126/files/02_ed1d1adb-0cde-4c3c-b641-408580e24e98.jpg?v=1747311499 | https://cdn.shopify.com/s/files/1/0563/0532/0126/files/03_6bc42540-0492-41d0-a546-e4e4d1416c5e.jpg?v=1747311499 | https://cdn.shopify.com/s/files/1/0563/0532/0126/files/04_eebdb5c9-5ea0-4c0b-90a2-e167c968741a.jpg?v=1747311500 | https://cdn.shopify.com/s/files/1/0563/0532/0126/files/05_b87b51b9-a5e0-4545-b099-d0c66e6513a0.jpg?v=1747311500 | https://cdn.shopify.com/s/files/1/0563/0532/0126/files/06_9804d680-c826-48dc-bd41-ad6475912830.jpg?v=1747311500,2024-11-11T16:53:37+05:30,2026-09-08T08:56:55+05:30
Philips,Philips Slimline Super Bright LED Tube light,tube light,"brand_Philips, Categories_Tube Light, junesale, Origin_India, Price_Less than INR 1000, product_Tube light, room_Bed Room, room_Dining Room, room_Kitchen, room_Living Room, room_Study Room",philips-slimline-super-bright-led-tube-light,https://in.shop.lighting.philips.com/products/philips-slimline-super-bright-led-tube-light,299.0,750.0,"Wattage, Color",25W/Cool Day light :: SKU=919415920162 :: ₹299.00 | 30W/Cool Day light :: SKU=919515816145 :: ₹420.00 | 36W/Cool Day light :: SKU=919515816462 :: ₹750.00,6,https://cdn.shopify.com/s/files/1/0563/0532/0126/files/PhilipsSlimlineSuperBrightLEDTubelight.png?v=1747311653 | https://cdn.shopify.com/s/files/1/0563/0532/0126/files/slimlinesuperbright-1.png?v=1747311653 | https://cdn.shopify.com/s/files/1/0563/0532/0126/files/slimlinesuperbright-2.png?v=1747311653 | https://cdn.shopify.com/s/files/1/0563/0532/0126/files/slimlinesuperbright-3.png?v=1747311653 | https://cdn.shopify.com/s/files/1/0563/0532/0126/files/slimlinesuperbright-4.png?v=1747311653 | https://cdn.shopify.com/s/files/1/0563/0532/0126/files/ExtendedwarrantywithSignifyDigiShield_7b328676-7738-49b6-8f5f-5938237cc390.png?v=1769860492,2023-10-15T14:47:51+05:30,2026-09-08T08:56:55+05:30
Philips,Philips EyeComfort Orbit LED Desk Lamp,table lamp,"Categories_desk Lamp, Categories_Table Lamps, categories_tablelamps, Origin_India, product_Table lamp",philips-eyecomfort-orbit-led-desk-lamp-copy,https://in.shop.lighting.philips.com/products/philips-eyecomfort-orbit-led-desk-lamp-copy,1880.0,1880.0,Title,Default Title :: SKU=915006349591 :: ₹1880.00,7,https://cdn.shopify.com/s/files/1/0563/0532/0126/files/Artboard1_6dd867e5-2832-4f83-87fc-8e1e1cf7c019.png?v=1782900948 | https://cdn.shopify.com/s/files/1/0563/0532/0126/files/Artboard2_7793f97f-8a1f-403d-b6a8-bdc3b732bc4a.png?v=1782900948 | https://cdn.shopify.com/s/files/1/0563/0532/0126/files/Artboard3_52d675e1-2fea-487f-a489-a1bd2f5d1a4b.png?v=1782900948 | https://cdn.shopify.com/s/files/1/0563/0532/0126/files/Artboard4_d62ad44f-3630-42da-9a3b-140de17ba810.png?v=1782900948 | https://cdn.shopify.com/s/files/1/0563/0532/0126/files/Artboard5_a0b2c113-eccf-4921-ad78-87741e869b72.png?v=1782900948 | https://cdn.shopify.com/s/files/1/0563/0532/0126/files/Artboard6_b072e3f4-bf11-47b1-be11-3ab3ceb354a1.png?v=1782900948 | https://cdn.shopify.com/s/files/1/0563/0532/0126/files/7_64dada0d-4390-46d1-89d9-5db2d8d0df27.png?v=1782900948,2026-07-01T15:44:59+05:30,2026-09-08T08:56:55+05:30
Philips,Philips Astra Line LED Tube Light,Tube Light,"Brand_Philips, Categories_Emergency Tube light, Categories_Tube Light, Origin_India, product_Tube light",philips-astra-line-20w-led-batten-light,https://in.shop.lighting.philips.com/products/philips-astra-line-20w-led-batten-light,260.0,355.0,Length,2ft. :: SKU=919215850487 :: ₹260.00 | 4ft. :: SKU=919215850488 :: ₹355.00,4,https://cdn.shopify.com/s/files/1/0563/0532/0126/files/41mCLqzsSvL._SL1446.jpg?v=1778575764 | https://cdn.shopify.com/s/files/1/0563/0532/0126/files/61MLvWnkr_L._SL1026.jpg?v=1778575764 | https://cdn.shopify.com/s/files/1/0563/0532/0126/files/61rMi86wMEL._SL1500.jpg?v=1778575764 | https://cdn.shopify.com/s/files/1/0563/0532/0126/files/img_02.jpg?v=1778149207,2026-05-12T14:38:07+05:30,2026-09-08T08:56:55+05:30
Philips,Philips Motion Sensing LED Tube Light,Tube Light,"Brand_Philips, Categories_Motion Sensing, Categories_Tube Light, Collection_Motion Sensor, New-Arrival, new_arrivals, New_launch, Newly added, Origin_India, product_Tube light",philips-motion-sensing-led-tube-light,https://in.shop.lighting.philips.com/products/philips-motion-sensing-led-tube-light,575.0,775.0,Wattage,10W :: SKU=929003847301 :: ₹575.00 | 20W :: SKU=929003847401 :: ₹775.00,6,https://cdn.shopify.com/s/files/1/0563/0532/0126/files/51zOvaxQSAL._SL1200.jpg?v=1779360436 | https://cdn.shopify.com/s/files/1/0563/0532/0126/files/61TIyUml5XL._SL1200.jpg?v=1779360390 | https://cdn.shopify.com/s/files/1/0563/0532/0126/files/51MshnJaA4L._SL1200.jpg?v=1779360399 | https://cdn.shopify.com/s/files/1/0563/0532/0126/files/61bNOzG3C7L._SL1200.jpg?v=1779360405 | https://cdn.shopify.com/s/files/1/0563/0532/0126/files/61vYC-lAm3L._SL1200.jpg?v=1779360410 | https://cdn.shopify.com/s/files/1/0563/0532/0126/files/61-M-H_g7kL._SL1200.jpg?v=1779360420,2026-05-14T16:09:16+05:30,2026-09-08T08:56:55+05:30
Philips,Philips ArchGlow Tube Light,Tube Light,"bathroom_lights_suggested, bestseller, bestsellerQ2, Brand_Philips, categories_bathroom, Categories_Tube Light, decorative_lights_suggested, Origin_India, product_Bathroom Lights, product_Tube light, sale, summersale26",philips-archglow-mirror-light,https://in.shop.lighting.philips.com/products/philips-archglow-mirror-light,555.0,555.0,Light color,Warm white :: SKU=929004658101 :: ₹555.00 | Cool day light :: SKU=929004658201 :: ₹555.00,6,https://cdn.shopify.com/s/files/1/0563/0532/0126/files/Artboard1_e293a25f-f065-4731-b6a5-4195243a0a91.png?v=1778670429 | https://cdn.shopify.com/s/files/1/0563/0532/0126/files/2_ce0835ca-047c-4b3a-babb-07da486c13cb.png?v=1778670429 | https://cdn.shopify.com/s/files/1/0563/0532/0126/files/3_aac98214-a688-45a7-98b5-fc40d929493e.png?v=1778670430 | https://cdn.shopify.com/s/files/1/0563/0532/0126/files/4_79443fb2-993f-4591-ab24-8dc0ff86fb78.png?v=1778670430 | https://cdn.shopify.com/s/files/1/0563/0532/0126/files/5_b16379fb-691d-4046-9348-f47c5a34eb34.png?v=1778670430 | https://cdn.shopify.com/s/files/1/0563/0532/0126/files/6.png?v=1778670430,2026-05-12T15:19:15+05:30,2026-09-08T08:56:55+05:30
Philips,Philips ForeGlow LED Wall Light,Wall Light,"bestselling_wall_lights, Brand_Philips, Categories_Functional wall lights, Categories_Wall Lights, categories_walllights, main_wall Lights, Origin_India, product_Wall light, wall_lights_livingroom_suggested, wall_lights_sitting_room, wall_lights_sitting_room_suggested, walllight_type_functional",philips-foreglow-led-wall-light,https://in.shop.lighting.philips.com/products/philips-foreglow-led-wall-light,430.0,430.0,Light Color,Cool day light :: SKU=929004650901 :: ₹430.00 | Warm white :: SKU=929004656201 :: ₹430.00,7,https://cdn.shopify.com/s/files/1/0563/0532/0126/files/Artboard1_c4176680-04e1-42a5-bf25-8e6efa3289d4.png?v=1778671338 | https://cdn.shopify.com/s/files/1/0563/0532/0126/files/2_4ec50b3f-9e86-4e36-a669-08d9123b0559.png?v=1778671338 | https://cdn.shopify.com/s/files/1/0563/0532/0126/files/3_9ad949bf-6b7f-439a-92bc-fd30806cc502.png?v=1778671338 | https://cdn.shopify.com/s/files/1/0563/0532/0126/files/4_641a7711-e6ac-488a-9561-aacac8512144.png?v=1778671339 | https://cdn.shopify.com/s/files/1/0563/0532/0126/files/5_35afd465-24ac-47d5-bd16-041fdd26efda.png?v=1778671338 | https://cdn.shopify.com/s/files/1/0563/0532/0126/files/6_e6df6571-0878-4cd4-935a-70b1601512e5.png?v=1778671339 | https://cdn.shopify.com/s/files/1/0563/0532/0126/files/7_4199c538-eef8-4d4a-bba9-119b21bb1819.png?v=1778671339,2026-05-13T16:53:34+05:30,2026-09-08T08:56:55+05:30
Philips,Philips CrownGlow LED Tube Light,Tube Light,"bestselling_wall_lights, Brand_Philips, Categories_Tube Light, Categories_Wall Lights, categories_walllights, main_wall Lights, Origin_India, product_Tube light, product_Wall light",philips-crownglow-led-tube-light,https://in.shop.lighting.philips.com/products/philips-crownglow-led-tube-light,525.0,525.0,Light Color,Cool day light :: SKU=929004650701 :: ₹525.00 | Warm white :: SKU=929004650801 :: ₹525.00,7,https://cdn.shopify.com/s/files/1/0563/0532/0126/files/Artboard1_145dc2e1-dc6a-4dea-bf40-fea0e4ce8701.png?v=1778749317 | https://cdn.shopify.com/s/files/1/0563/0532/0126/files/3_afb7d295-ee78-47de-8a6b-3e276243a2ee.png?v=1778749317 | https://cdn.shopify.com/s/files/1/0563/0532/0126/files/4_54f89c84-ae68-402d-b396-16a34af1c7d9.png?v=1778749318 | https://cdn.shopify.com/s/files/1/0563/0532/0126/files/5_d3bdd5d7-c561-42e4-8ccc-e7bf1f14e2ac.png?v=1778749320 | https://cdn.shopify.com/s/files/1/0563/0532/0126/files/6_1d472498-b4db-401c-a63b-54ddf4fecc7d.png?v=1778749318 | https://cdn.shopify.com/s/files/1/0563/0532/0126/files/7_6df5cced-a663-49b1-9206-087a563dcd92.png?v=1778749318 | https://cdn.shopify.com/s/files/1/0563/0532/0126/files/2_98cf5b0c-409b-44e5-ac7b-0e169c81f9ff.png?v=1778749318,2026-05-14T12:34:06+05:30,2026-09-08T08:56:55+05:30
Philips,Philips 3 in 1 LED Tube Light,Tube Light,"Brand_Philips, Categories_Tube Light, Origin_India, product_Tube light",philips-3-in-1-led-tube-light,https://in.shop.lighting.philips.com/products/philips-3-in-1-led-tube-light,580.0,800.0,Wattage,20W :: SKU=915006555101 :: ₹580.00 | 36W :: SKU=915006555201 :: ₹800.00,3,https://cdn.shopify.com/s/files/1/0563/0532/0126/files/30W.png?v=1778752444 | https://cdn.shopify.com/s/files/1/0563/0532/0126/files/36W.png?v=1778752444 | https://cdn.shopify.com/s/files/1/0563/0532/0126/files/20W.png?v=1778752444,2026-05-14T15:25:19+05:30,2026-09-08T08:56:55+05:30
Philips,Philips Slimline Advance Plus LED Tube Light,Tube Light,"Brand_Philips, Categories_Tube Light, Origin_India, product_Tube light",philips-slimline-advance-plus-led-tube-light,https://in.shop.lighting.philips.com/products/philips-slimline-advance-plus-led-tube-light,950.0,1150.0,Wattage,60W :: SKU=915006557101 :: ₹950.00 | 80W :: SKU=915006558401 :: ₹1150.00,9,https://cdn.shopify.com/s/files/1/0563/0532/0126/files/Artboard1_4a101958-c819-47bc-836d-2a6188a9e9fe.png?v=1778756183 | https://cdn.shopify.com/s/files/1/0563/0532/0126/files/2_c41fe3f8-599c-451a-bca2-486e2f091a56.png?v=1778756183 | https://cdn.shopify.com/s/files/1/0563/0532/0126/files/3_7f0b3dd8-a7f2-44a2-ab1c-bd55dd90d223.png?v=1778756183 | https://cdn.shopify.com/s/files/1/0563/0532/0126/files/4_6d6b6cd9-0ae4-4185-8af1-f069a9cdb0b6.png?v=1778756183 | https://cdn.shopify.com/s/files/1/0563/0532/0126/files/5_e6f0a6e5-27c5-45f9-944b-ad531f9a2020.png?v=1778756183 | https://cdn.shopify.com/s/files/1/0563/0532/0126/files/6_508e779a-c7dc-4045-96cb-49b7cc3f33f1.png?v=1778756183 | https://cdn.shopify.com/s/files/1/0563/0532/0126/files/2_71e5ec99-ed6f-43a4-abfd-640af0821217.png?v=1778756200 | https://cdn.shopify.com/s/files/1/0563/0532/0126/files/3_ff0d54e3-a20d-47ac-aab3-b6d2cd25d668.png?v=1778756201 | https://cdn.shopify.com/s/files/1/0563/0532/0126/files/7_76e35c26-13e5-483a-96a9-cd5c78da24d7.png?v=1778756206,2026-05-14T16:21:40+05:30,2026-09-08T08:56:55+05:30
Philips,Philips StarBright Wide Plus LED Tube Light,Tube Light,"Brand_Philips, Categories_Tube Light, Origin_India, product_Tube light",philips-starbright-wide-plus-led-tube-light,https://in.shop.lighting.philips.com/products/philips-starbright-wide-plus-led-tube-light,1060.0,1060.0,Title,Default Title :: SKU=915006556101 :: ₹1060.00,7,https://cdn.shopify.com/s/files/1/0563/0532/0126/files/1_ec43d15a-a728-4c38-b007-eaa2e6946bc7.png?v=1778831571 | https://cdn.shopify.com/s/files/1/0563/0532/0126/files/2_b36567b2-334c-47b7-8216-5c5ed18e4cae.png?v=1778831570 | https://cdn.shopify.com/s/files/1/0563/0532/0126/files/3_66bae727-22ad-47b3-ad7d-162bbcadcfa5.png?v=1778831570 | https://cdn.shopify.com/s/files/1/0563/0532/0126/files/4_57e194eb-454f-487c-a8c5-5fb85b5145bd.png?v=1778831571 | https://cdn.shopify.com/s/files/1/0563/0532/0126/files/5_fa8007ae-a56b-4686-8759-2a4c25377e4c.png?v=1778831570 | https://cdn.shopify.com/s/files/1/0563/0532/0126/files/6_0fe69d6a-ddb7-4bd0-90d8-f17fe57c297f.png?v=1778831570 | https://cdn.shopify.com/s/files/1/0563/0532/0126/files/7_02c8f4cd-37f6-407e-89e9-441d1c8f904b.png?v=1778831571,2026-05-15T13:23:15+05:30,2026-09-08T08:56:55+05:30
Philips,Philips StarBright Wide Nxt 3 in 1 LED Tube Light,Tube Light,"Brand_Philips, Categories_Tube Light, Origin_India, product_Tube light",philips-starbright-wide-nxt-3-in-1-led-tube-light,https://in.shop.lighting.philips.com/products/philips-starbright-wide-nxt-3-in-1-led-tube-light,620.0,1050.0,Wattage,20W :: SKU=915006558601 :: ₹620.00 | 50W :: SKU=915006558501 :: ₹1050.00,7,https://cdn.shopify.com/s/files/1/0563/0532/0126/files/1_01ad3cea-e907-467a-a0aa-200086297cd2.png?v=1778830638 | https://cdn.shopify.com/s/files/1/0563/0532/0126/files/2_69f80fd9-2b83-4364-b40d-474cb3d69e96.png?v=1778830638 | https://cdn.shopify.com/s/files/1/0563/0532/0126/files/3_f48c52ca-4995-4d11-af59-fa2308449815.png?v=1778830638 | https://cdn.shopify.com/s/files/1/0563/0532/0126/files/5_7ae9220d-3960-4b5c-84d7-061693b98305.png?v=1778830638 | https://cdn.shopify.com/s/files/1/0563/0532/0126/files/6_16f674d2-e8d2-4647-8cc8-156090c1fa4d.png?v=1778830638 | https://cdn.shopify.com/s/files/1/0563/0532/0126/files/6-1.png?v=1778830638 | https://cdn.shopify.com/s/files/1/0563/0532/0126/files/7_fef36bec-743d-4a95-be63-ed45b28bc894.png?v=1778830638,2026-05-15T13:10:24+05:30,2026-09-08T08:56:55+05:30
Philips,Philips SlimLine Elite LED Tube Light,Tube Light,"Brand_Philips, Categories_All, Categories_Tube Light, Origin_India, product_Tube light",philips-slimline-elite-led-tube-light,https://in.shop.lighting.philips.com/products/philips-slimline-elite-led-tube-light,280.0,690.0,"Wattage, Light color",25W/Cool day light :: SKU=929004657201 :: ₹280.00 | 25W/Natural white :: SKU=915006558701 :: ₹280.00 | 25W/Warm white :: SKU=929004657301 :: ₹280.00 | 30W/Cool day light :: SKU=929004657401 :: ₹410.00 | 30W/Warm white :: SKU=929004657501 :: ₹410.00 | 36W/Cool day light :: SKU=929004657601 :: ₹490.00 | 36W/Natural white :: SKU=915006558801 :: ₹490.00 | 36W/Warm white :: SKU=929004657701 :: ₹490.00 | 50W/Cool day light :: SKU=915006556201 :: ₹690.00,6,https://cdn.shopify.com/s/files/1/0563/0532/0126/files/Artboard1_93a80d0e-f6b4-4a03-a2ac-f7a022f937ff.png?v=1778830340 | https://cdn.shopify.com/s/files/1/0563/0532/0126/files/2_9b27ef49-2728-4375-b244-1772d0b96acf.png?v=1778830340 | https://cdn.shopify.com/s/files/1/0563/0532/0126/files/3_787a06b2-1473-4df6-af7a-08e10e0254b3.png?v=1778830340 | https://cdn.shopify.com/s/files/1/0563/0532/0126/files/4_a2152464-d7b8-4f82-b036-05374c28407c.png?v=1778830340 | https://cdn.shopify.com/s/files/1/0563/0532/0126/files/5_c48cead5-1194-4ba2-a6fa-549cf20cafcb.png?v=1778830340 | https://cdn.shopify.com/s/files/1/0563/0532/0126/files/7_a0e91738-3c15-4f3e-88c5-3b36e05b42a7.png?v=1778830406,2026-05-15T12:58:22+05:30,2026-09-08T08:56:55+05:30
Philips,Philips Smart Wi-Fi LED Vega Wall Light,Wall Light,"bestselling_wall_lights, Categories_Decorative wall lights, categories_smart, categories_wall-lights, categories_walllights, Collection_Smart, main_wall Lights, Origin_India, product_Smart lights",philips-smart-wi-fi-led-vega-wall-light,https://in.shop.lighting.philips.com/products/philips-smart-wi-fi-led-vega-wall-light,6500.0,6500.0,Title,Default Title :: SKU=915006602201 :: ₹6500.00,8,https://cdn.shopify.com/s/files/1/0563/0532/0126/files/Artboard1_5e59ce42-73b2-4e66-bcaf-1a0f25160066.png?v=1778139077 | https://cdn.shopify.com/s/files/1/0563/0532/0126/files/Artboard2_3b0cb041-85b9-4c82-86bf-d65b5ed99742.png?v=1778139077 | https://cdn.shopify.com/s/files/1/0563/0532/0126/files/Artboard3_d21474fe-7b5d-47ce-8a90-c0649e0afb47.png?v=1778139077 | https://cdn.shopify.com/s/files/1/0563/0532/0126/files/Artboard4_81afd2b9-f7d7-46e2-847b-7ddd90764270.png?v=1778139077 | https://cdn.shopify.com/s/files/1/0563/0532/0126/files/Artboard5_877760d9-54c6-454c-a1d8-cb59a53544ae.png?v=1778139077 | https://cdn.shopify.com/s/files/1/0563/0532/0126/files/Artboard6copy.png?v=1778139077 | https://cdn.shopify.com/s/files/1/0563/0532/0126/files/Artboard6_80902eb3-0760-4a1b-9b80-b58e75f8df1c.png?v=1778139077 | https://cdn.shopify.com/s/files/1/0563/0532/0126/files/Artboard7_f8e1b9c8-e774-4035-a23f-0babb65a53b0.png?v=1778139077,2026-05-07T13:03:29+05:30,2026-09-08T08:56:55+05:30
Philips,Philips Wi-Fi Ebony Pro RGBIC Gradient Wall Light,Wall Light,"bestselling_wall_lights, Categories_Decorative wall lights, categories_smart, Categories_Wall Lights, categories_walllights, Collection_Smart, main_wall Lights, Origin_India, product_Smart lights, wall_lights_livingroom_suggested, wall_lights_sitting_room, wall_lights_sitting_room_suggested",philips-wi-fi-ebony-pro-rgbic-gradient-wall-light,https://in.shop.lighting.philips.com/products/philips-wi-fi-ebony-pro-rgbic-gradient-wall-light,4500.0,4500.0,Title,Default Title :: SKU=915006612001 :: ₹4500.00,10,https://cdn.shopify.com/s/files/1/0563/0532/0126/files/Artboard1_bb3d1c96-bc18-4e10-85da-14bf01abca39.png?v=1778143304 | https://cdn.shopify.com/s/files/1/0563/0532/0126/files/Artboard2_c3752f7f-3d46-43e3-8b81-6b7e37ec3a85.png?v=1778143304 | https://cdn.shopify.com/s/files/1/0563/0532/0126/files/Artboard3_78f1c95b-1de7-4d7e-9b08-cb4f2f8d0f2b.png?v=1778143304 | https://cdn.shopify.com/s/files/1/0563/0532/0126/files/Artboard4_9340c3be-37fa-410a-85ed-5b7f1ea14a3c.png?v=1778143304 | https://cdn.shopify.com/s/files/1/0563/0532/0126/files/Artboard5_9a4be58e-4b6c-49fd-b3a7-537b73fa58d8.png?v=1778143304 | https://cdn.shopify.com/s/files/1/0563/0532/0126/files/Artboard6_bb3092dd-8c4f-47a3-9184-2d01910da067.png?v=1778143304 | https://cdn.shopify.com/s/files/1/0563/0532/0126/files/Artboard8copy_504a0bba-45bd-4414-a61e-6170689063a9.png?v=1778143304 | https://cdn.shopify.com/s/files/1/0563/0532/0126/files/Artboard8_f45b0121-f4b5-489a-9c29-f1ef0331f541.png?v=1778143304 | https://cdn.shopify.com/s/files/1/0563/0532/0126/files/Artboard9_d3730289-3966-46ad-a838-df44f6772af2.png?v=1778143304 | https://cdn.shopify.com/s/files/1/0563/0532/0126/files/Artboard7_bbb6fe7f-9c10-4842-b3fd-d17089f4677a.png?v=1778143304,2026-05-07T14:13:17+05:30,2026-09-08T08:56:55+05:30
Philips,"Philips Filament LED Bulb (E27 base, A60 bulb)",light bulb,"Brand_Philips, Categories_Filament, Origin_India, Price_Less than INR 1000, product_Bulbs, room_Bed Room, room_Dining Room, room_Living Room, room_Study Room",philips-filament-led-bulb-e27-base-a60-bulb,https://in.shop.lighting.philips.com/products/philips-filament-led-bulb-e27-base-a60-bulb,185.0,185.0,Title,Default Title :: SKU=929002479713 :: ₹185.00,8,https://cdn.shopify.com/s/files/1/0563/0532/0126/files/PhilipsFilamentLEDBulb_E27base_A60bulb.png?v=1747311524 | https://cdn.shopify.com/s/files/1/0563/0532/0126/files/02_f1913dba-779d-442f-9496-da8a9837a559.jpg?v=1747311524 | https://cdn.shopify.com/s/files/1/0563/0532/0126/files/03_bb8509cf-1ed6-4972-8ceb-ac9acd24d978.jpg?v=1747311524 | https://cdn.shopify.com/s/files/1/0563/0532/0126/files/04_b76cd6d1-1aef-4647-a8c1-ab30491dac9d.jpg?v=1747311524 | https://cdn.shopify.com/s/files/1/0563/0532/0126/files/05_eddc1c70-64b2-4c36-8ac2-9621a4e09b3b.jpg?v=1747311524 | https://cdn.shopify.com/s/files/1/0563/0532/0126/files/PhilipsFilamentLEDBulb_E27base_A60bulb_copy2.png?v=1747311524 | https://cdn.shopify.com/s/files/1/0563/0532/0126/files/PhilipsFilamentLEDBulb_E27base_A60bulb_copy.png?v=1747311524 | https://cdn.shopify.com/s/files/1/0563/0532/0126/files/ExtendedwarrantywithSignifyDigiShield_8818579f-185a-4303-bba4-90909bc1a78d.png?v=1769779519,2024-08-16T17:03:51+05:30,2026-09-08T08:56:55+05:30
Philips,Philips Smart Wi-Fi LED Tube light (Wiz Connected),Tube light,"bathroom_lights_suggested, bedroom_lights_suggested, Brand_Philips, Categories_All, categories_smart, Categories_Tube Light, Festive-Offer, ipl2025, junesale, Kitchen_lights_suggested, monsoon_mega_sale, Origin_India, Price_Less than INR 1000, product_Smart lights",philips-smart-wifi-led-tube-light,https://in.shop.lighting.philips.com/products/philips-smart-wifi-led-tube-light,999.0,999.0,"Watt, Color, Pack Size",24W/Tunable White/Pack of 1 :: SKU=929004238001 :: ₹999.00,7,https://cdn.shopify.com/s/files/1/0563/0532/0126/files/51mPUOef90L._SL1200.jpg?v=1778148579 | https://cdn.shopify.com/s/files/1/0563/0532/0126/files/61ybUPkt_nL._SL1200.jpg?v=1778148587 | https://cdn.shopify.com/s/files/1/0563/0532/0126/files/61A5JT2ccGL._SL1200.jpg?v=1778148593 | https://cdn.shopify.com/s/files/1/0563/0532/0126/files/61o7nrLngwL._SL1200.jpg?v=1778148599 | https://cdn.shopify.com/s/files/1/0563/0532/0126/files/61XuAnZDRXL._SL1200.jpg?v=1778148603 | https://cdn.shopify.com/s/files/1/0563/0532/0126/files/61k0gqDnbVL._SL1200.jpg?v=1778148614 | https://cdn.shopify.com/s/files/1/0563/0532/0126/files/ExtendedwarrantywithSignifyDigiShield_457d1004-e322-4a8e-84fc-850369e194a9.png?v=1769859902,2026-01-29T13:39:11+05:30,2026-09-08T08:56:55+05:30
Philips,Philips Dual Glow LED Batten,Tube Light,"Brand_Philips, Categories_Tube Light, Price_INR 1001- 2000, product_Tube light",philips-dual-glow-led-batten-ww-cdl,https://in.shop.lighting.philips.com/products/philips-dual-glow-led-batten-ww-cdl,1100.0,1100.0,Light color,Warm white + Cool day light :: SKU=915006553101 :: ₹1100.00 | Warm white + Warm white :: SKU=915006553001 :: ₹1100.00,7,https://cdn.shopify.com/s/files/1/0563/0532/0126/files/Dual_Glow_LED_Batten_-WW_WW.png?v=1776768174 | https://cdn.shopify.com/s/files/1/0563/0532/0126/files/2_b80aebdb-6544-4f42-b917-f3de2f331807.png?v=1776247191 | https://cdn.shopify.com/s/files/1/0563/0532/0126/files/3_0aa375ca-d02e-4bb9-a1a8-0c6eec12ea7d.png?v=1776247191 | https://cdn.shopify.com/s/files/1/0563/0532/0126/files/4_10176994-bd96-44fa-85f3-6c56b90e7574.png?v=1776247191 | https://cdn.shopify.com/s/files/1/0563/0532/0126/files/5_36aa72e6-d324-4ca5-8788-9780461140ff.png?v=1776247191 | https://cdn.shopify.com/s/files/1/0563/0532/0126/files/6_4ab3f8cd-fb08-4359-baac-d6e474446e40.png?v=1776247191 | https://cdn.shopify.com/s/files/1/0563/0532/0126/files/7_455a6b9a-3e0a-4b0c-8d31-43e36e4191d4.png?v=1776247191,2026-04-15T16:48:37+05:30,2026-09-08T08:56:55+05:30
Philips,Philips Gleam Glow LED Batten,Tube Light,"Brand_Philips, Categories_Tube Light, Price_INR 1001- 2000, product_Tube light",philips-gleam-glow-led-batten,https://in.shop.lighting.philips.com/products/philips-gleam-glow-led-batten,1100.0,1100.0,Light Color,Warm white + Cool day light :: SKU=915006552901 :: ₹1100.00 | Warm white + Warm white :: SKU=915006552801 :: ₹1100.00,7,https://cdn.shopify.com/s/files/1/0563/0532/0126/files/Gleam_Glow_LED_Batten.png?v=1776768089 | https://cdn.shopify.com/s/files/1/0563/0532/0126/files/4_2069beea-f5ec-44b7-9264-e40128a6a159.png?v=1776253067 | https://cdn.shopify.com/s/files/1/0563/0532/0126/files/2_42e84898-aada-4db7-8f3f-8d889b9b2724.png?v=1776253067 | https://cdn.shopify.com/s/files/1/0563/0532/0126/files/3_199a10cf-352c-4e16-ae99-a31e36330819.png?v=1776253067 | https://cdn.shopify.com/s/files/1/0563/0532/0126/files/5_a3a2172b-6eb8-4c7b-a05a-3bbf4efa6b1c.png?v=1776253067 | https://cdn.shopify.com/s/files/1/0563/0532/0126/files/6_3822c77b-0c2f-4bd6-ba49-d2a6e19923fe.png?v=1776253067 | https://cdn.shopify.com/s/files/1/0563/0532/0126/files/7_165678b7-7ed4-4e61-8482-cae95668f137.png?v=1776253067,2026-04-15T17:03:28+05:30,2026-09-08T08:56:55+05:30
Philips,Philips LED Transformer 60W 5A 12VDC – Driver for LED Strip & Profile Lights,LED driver,"Brand_Philips, Categories_All, Categories_LED Driver, Origin_India, Price_Less than INR 1000, track_type_drivers, transformer",philips-led-transformer-60w-5a-12vdc-driver-for-led-strip-profile-lights,https://in.shop.lighting.philips.com/products/philips-led-transformer-60w-5a-12vdc-driver-for-led-strip-profile-lights,599.0,599.0,Title,Default Title :: SKU=929003462306 :: ₹599.00,4,https://cdn.shopify.com/s/files/1/0563/0532/0126/files/61Vbpc_-lJL._SL1500.jpg?v=1773125914 | https://cdn.shopify.com/s/files/1/0563/0532/0126/files/61DKARhhjyL._SL1500.jpg?v=1773125919 | https://cdn.shopify.com/s/files/1/0563/0532/0126/files/61F_NRUF0LL._SL1500.jpg?v=1773125923 | https://cdn.shopify.com/s/files/1/0563/0532/0126/files/ExtendedwarrantywithSignifyDigiShield_d5dc958d-a3c2-4fb5-a46c-04b0d4b3ce35.png?v=1770012220,2026-03-10T12:29:22+05:30,2026-09-08T08:56:55+05:30
Philips,Philips Ultra Shine LED Downlight,Ceiling light,"bestselling_ceiling_lights, categories_ceiling, Categories_Ceiling Lights, Categories_Downlights, Collection_Smart Downlight, downlights, main_ceiling Lights, Origin_India, product_Ceiling light",philips-ultra-shine-led-downlight,https://in.shop.lighting.philips.com/products/philips-ultra-shine-led-downlight,360.0,1339.0,"Wattage, Color, Shape",5W/Warm white/Round :: SKU=915006388401 :: ₹454.00 | 10W/Warm white/Round :: SKU=915006389001 :: ₹519.00 | 15W/Warm white/Round :: SKU=915006389601 :: ₹649.00 | 22W/Warm white/Round :: SKU=915006390201 :: ₹1050.00 | 5W/Cool day light/Round :: SKU=915006388601 :: ₹454.00 | 5W/Natural White/Round :: SKU=915006388501 :: ₹454.00 | 10W/Cool day light/Round :: SKU=915006389201 :: ₹661.00 | 10W/Natural White/Round :: SKU=915006389101 :: ₹661.00 | 15W/Cool day light/Round :: SKU=915006389801 :: ₹649.00 | 15W/Natural White/Round :: SKU=915006389701 :: ₹832.00 | 22W/Cool day light/Round :: SKU=915006390401 :: ₹1339.00 | 22W/Natural White/Round :: SKU=915006390301 :: ₹1339.00 | 5W/Warm white/Square :: SKU=915006388701 :: ₹360.00 | 5W/Cool day light/Square :: SKU=915006388901 :: ₹454.00 | 5W/Natural White/Square :: SKU=915006388801 :: ₹360.00 | 10W/Warm white/Square :: SKU=915006389301 :: ₹519.00 | 10W/Cool day light/Square :: SKU=915006389501 :: ₹661.00 | 10W/Natural White/Square :: SKU=915006389401 :: ₹519.00 | 15W/Warm white/Square :: SKU=915006389901 :: ₹649.00 | 15W/Cool day light/Square :: SKU=915006390101 :: ₹832.00 | 15W/Natural White/Square :: SKU=915006390001 :: ₹649.00 | 22W/Warm white/Square :: SKU=915006390501 :: ₹1050.00 | 22W/Cool day light/Square :: SKU=915006390601 :: ₹1050.00 | 22W/Natural White/Square :: SKU=915006390701 :: ₹1339.00,22,https://cdn.shopify.com/s/files/1/0563/0532/0126/files/0.1_ae3a2ff1-970e-40a1-bd22-d75ae2102541.png?v=1773055587 | https://cdn.shopify.com/s/files/1/0563/0532/0126/files/0_97b91b57-7305-41b6-b501-36ccbf0786c4.png?v=1773128104 | https://cdn.shopify.com/s/files/1/0563/0532/0126/files/Artboard6.1copy_2e2dc53e-1aff-4035-ad0b-45d87f937103.png?v=1773128104 | https://cdn.shopify.com/s/files/1/0563/0532/0126/files/Artboard6_e94cb37a-5d20-4109-9019-41fc6f7919ca.png?v=1773128104 | https://cdn.shopify.com/s/files/1/0563/0532/0126/files/Artboard5_58b65f5a-af7c-43b8-8c72-89eb21a884cf.png?v=1773128104 | https://cdn.shopify.com/s/files/1/0563/0532/0126/files/Artboard1_21a5e032-24dc-4f9f-b05c-7830ddb3675f.png?v=1773128104 | https://cdn.shopify.com/s/files/1/0563/0532/0126/files/0.1_d89fa1e1-4793-4f34-86b9-c7a800e3d4f1.png?v=1773128104 | https://cdn.shopify.com/s/files/1/0563/0532/0126/files/0_be8314d1-2cd7-4ba8-bd7c-2e24d782f699.png?v=1773128104 | https://cdn.shopify.com/s/files/1/0563/0532/0126/files/Artboard1-Copy_5a7fd66c-41c1-4e78-b764-b927cb932454.png?v=1773128104 | https://cdn.shopify.com/s/files/1/0563/0532/0126/files/0.1_e2a3c2f6-6c0c-4b19-b669-d2a6de5f98d4.png?v=1773128104 | https://cdn.shopify.com/s/files/1/0563/0532/0126/files/0_5779f9fc-1370-4ab5-b4a0-1f3291e9680e.png?v=1773128104 | https://cdn.shopify.com/s/files/1/0563/0532/0126/files/Artboard1_a33aab6b-0790-49fc-ba6e-3237f9cfba2a.png?v=1773128104 | https://cdn.shopify.com/s/files/1/0563/0532/0126/files/0.1_f472093d-09a5-40ad-b096-ad98d66ee099.png?v=1773128104 | https://cdn.shopify.com/s/files/1/0563/0532/0126/files/0_740d4982-27a1-4065-928c-21b11f81ac98.png?v=1773128104 | https://cdn.shopify.com/s/files/1/0563/0532/0126/files/Artboard1_9c7f5630-1834-40e8-8503-4a8d8bc8a4f2.png?v=1773128104 | https://cdn.shopify.com/s/files/1/0563/0532/0126/files/Artboard1copy_817eeb74-294c-4513-bfbb-62f3a47d3ac4.png?v=1773128104 | https://cdn.shopify.com/s/files/1/0563/0532/0126/files/Artboard3_525fca4c-eca5-408b-b355-b122a7c91d8d.png?v=1773128104 | https://cdn.shopify.com/s/files/1/0563/0532/0126/files/Artboard4_76461abd-4441-450e-8de2-ab01e5a91adb.png?v=1773128104 | https://cdn.shopify.com/s/files/1/0563/0532/0126/files/Artboard2_4a4604b8-bc50-452c-bfdd-1eb6948e746d.png?v=1773128104 | https://cdn.shopify.com/s/files/1/0563/0532/0126/files/Artboard1_1a740efd-804a-42c2-802a-f9570373865d.png?v=1773128104 | https://cdn.shopify.com/s/files/1/0563/0532/0126/files/Artboard5copy_3a9e5dea-2b0d-44c1-96c1-1ba4e2ff09cc.png?v=1773128104 | https://cdn.shopify.com/s/files/1/0563/0532/0126/files/Artboard7_3ef67b52-2f25-4daf-bc7c-27404f090c28.png?v=1773128104,2026-03-06T00:05:48+05:30,2026-09-08T08:56:55+05:30
Philips,Philips LED COB Pro COB light,Ceiling light,"Brand_Philips, categories_ceiling, Categories_COB Light, cob-lights, independencesale, junesale, monsoon_mega_sale, Origin_India, Price_Less than INR 1000, product_Ceiling light, room_Dining Room, room_Living Room",philips-led-cob-pro-cob-light-copy-copy,https://in.shop.lighting.philips.com/products/philips-led-cob-pro-cob-light-copy-copy,219.0,3550.0,"Watt, Color",2W/Warm White :: SKU=929003692801 :: ₹219.00 | 2W/Natural White :: SKU=929003692901 :: ₹219.00 | 7W/Warm White :: SKU=929001951936 :: ₹1550.00 | 7W/Natural White :: SKU=929001951938 :: ₹1550.00 | 12W/Warm White :: SKU=929001951939 :: ₹2033.00 | 12W/Natural White :: SKU=929001951941 :: ₹2033.00 | 18W/Warm White :: SKU=929001951942 :: ₹3044.00 | 18W/Natural White :: SKU=929001951944 :: ₹3044.00 | 22W/Warm White :: SKU=929001951945 :: ₹3550.00 | 22W/Natural White :: SKU=929001951947 :: ₹3550.00,8,https://cdn.shopify.com/s/files/1/0563/0532/0126/files/929001951944.jpg?v=1784717848 | https://cdn.shopify.com/s/files/1/0563/0532/0126/files/PhilipsLEDCOBProCOBlight1.png?v=1771927454 | https://cdn.shopify.com/s/files/1/0563/0532/0126/files/LEDCOBPro.png?v=1771927454 | https://cdn.shopify.com/s/files/1/0563/0532/0126/files/PhilipsLEDCOBProCOBlight2.png?v=1771927454 | https://cdn.shopify.com/s/files/1/0563/0532/0126/files/COBPro-higherwattages-featurees.png?v=1771927454 | https://cdn.shopify.com/s/files/1/0563/0532/0126/files/COBPro-application.png?v=1771927454 | https://cdn.shopify.com/s/files/1/0563/0532/0126/files/LEDCobPro-dimensions.png?v=1771927454 | https://cdn.shopify.com/s/files/1/0563/0532/0126/files/ExtendedwarrantywithSignifyDigiShield_041bf4aa-22aa-413f-8d88-bc4a40b48e25.png?v=1771927454,2025-11-20T00:00:24+05:30,2026-09-08T08:56:55+05:30
Philips,Philips Wi-Fi Remote Control with Batteries,Smart Light,"Collection_Smart, Origin_China, Product_Smart lights",philips-wi-fi-remote-control-with-batteries,https://in.shop.lighting.philips.com/products/philips-wi-fi-remote-control-with-batteries,1761.0,1761.0,Title,Default Title :: SKU=929002426803 :: ₹1761.00,2,https://cdn.shopify.com/s/files/1/0563/0532/0126/files/0_44f9e620-438c-4b26-b7cd-1abf7912dd82-Photoroom.png?v=1770629237 | https://cdn.shopify.com/s/files/1/0563/0532/0126/files/0.png?v=1770629237,2026-01-29T14:19:26+05:30,2026-09-08T08:56:55+05:30
Philips,Philips StepShine 3W LED Step Light (IP65),Step light,"Brand_Philips, Categories_Step Light, Origin_India, outdoor_lights_suggested, Price_Less than INR 1000, Product_outdoor lights, room_Outdoor",philips-stepshine-3w-led-step-light-ip65,https://in.shop.lighting.philips.com/products/philips-stepshine-3w-led-step-light-ip65,645.0,645.0,"Color, Shape",Black/Rectangular :: SKU=915006349505 :: ₹645.00 | Black/Drop :: SKU=915006349506 :: ₹645.00 | White/Curvy :: SKU=915006349508 :: ₹645.00 | White/Vertical :: SKU=915006349507 :: ₹645.00,7,https://cdn.shopify.com/s/files/1/0563/0532/0126/files/Artboard1_df918f5b-5473-4dfe-aa63-88e0859179e1.png?v=1770629867 | https://cdn.shopify.com/s/files/1/0563/0532/0126/files/Artboard6_d0a9ac6b-1002-404d-ad40-5c4fb5de3b0c.png?v=1770629866 | https://cdn.shopify.com/s/files/1/0563/0532/0126/files/Artboard2_0b26de67-f1b5-4107-a4b2-0c4f3987833e.png?v=1770629866 | https://cdn.shopify.com/s/files/1/0563/0532/0126/files/Artboard3_ea09ad61-6f46-4690-80b1-8c3eb9b1d493.png?v=1770629868 | https://cdn.shopify.com/s/files/1/0563/0532/0126/files/Artboard4_b90c8555-bbf6-43c8-ab9e-6671e7c5876d.png?v=1770629867 | https://cdn.shopify.com/s/files/1/0563/0532/0126/files/Artboard5_8e4ed204-5678-40fe-ab6f-23a4be778001.png?v=1770629867 | https://cdn.shopify.com/s/files/1/0563/0532/0126/files/Artboard2-1_c4216e7f-0fe9-4b6b-aef3-81db0b257fbb.png?v=1770629866,2026-02-09T15:07:43+05:30,2026-09-08T08:56:55+05:30
Philips,Philips Full Glow LED Surface light with Motion sensor technology,Ceiling light,"2025holisale, Brand_Philips, categories_ceiling, Categories_Surface Lights, Origin_India, product_Ceiling light, room_Bed Room, room_Dining Room, room_Living Room, surface-lights",philips-fullglow-surface-light-with-sensor,https://in.shop.lighting.philips.com/products/philips-fullglow-surface-light-with-sensor,1552.0,1552.0,"Watt, Shape, Color",15W/Round/Cool Day light :: SKU=915006363901 :: ₹1552.00,6,https://cdn.shopify.com/s/files/1/0563/0532/0126/files/PhilipsFullGlowLEDSurfacelightwithMotionsensortechnology.png?v=1747311841 | https://cdn.shopify.com/s/files/1/0563/0532/0126/files/MotionSensorFullGlow-2.png?v=1747311842 | https://cdn.shopify.com/s/files/1/0563/0532/0126/files/Glow-Surface-Sensor-LED-NW-ATF---Lifestyle.png?v=1747311842 | https://cdn.shopify.com/s/files/1/0563/0532/0126/files/Glow-Surface-Sensor-LED-NW-ATF---Application.png?v=1747311842 | https://cdn.shopify.com/s/files/1/0563/0532/0126/files/Glow-Surface-Sensor-LED-NW-ATF---Application-2.png?v=1747311842 | https://cdn.shopify.com/s/files/1/0563/0532/0126/files/FullGlowMotionSensor.png?v=1747311842,2023-09-20T19:23:51+05:30,2026-09-08T08:56:55+05:30
Philips,Philips Dewdrop Pendant light,Pendant Light,"bedroom_lights_suggested, Brand_Philips, categories_Pendant light, FESTIVE2025, Origin_India, pendant_lights_livingroom_suggested, Price_INR 3001- 4000, product_Bedside Lights, Product_Pendant light, room_ bedroom, room_Bed Room",philips-dewdrop-pendant-light,https://in.shop.lighting.philips.com/products/philips-dewdrop-pendant-light,3933.0,3933.0,"Color, Bulb type",Brass body & amber glass/E27 :: SKU=919215851394 :: ₹3933.00 | Black body & smoky glass/E27 :: SKU=919215851395 :: ₹3933.00,8,https://cdn.shopify.com/s/files/1/0563/0532/0126/files/Artboard4_df5f0f9c-f55a-4bed-a13a-fc9e3675499f.png?v=1775471954 | https://cdn.shopify.com/s/files/1/0563/0532/0126/files/Artboard5_aecb004c-c954-4ac2-a3ba-0818a8f75a6b.png?v=1775471954 | https://cdn.shopify.com/s/files/1/0563/0532/0126/files/Artboard1_e1754b0f-f978-4e91-ba63-030318215b9d.png?v=1775471954 | https://cdn.shopify.com/s/files/1/0563/0532/0126/files/Artboard2_17d14669-73ad-4a74-8124-b5ca0b3d0e64.png?v=1775471954 | https://cdn.shopify.com/s/files/1/0563/0532/0126/files/Artboard2copy.png?v=1775471954 | https://cdn.shopify.com/s/files/1/0563/0532/0126/files/Artboard3_7e85419c-a661-4a0f-9970-742b3c1ddace.png?v=1775471954 | https://cdn.shopify.com/s/files/1/0563/0532/0126/files/PhilipsDewDropPendantlight02.png?v=1775471954 | https://cdn.shopify.com/s/files/1/0563/0532/0126/files/ExtendedwarrantywithSignifyDigiShield_f880d3de-9144-4e81-9a24-fd436ff1760a.png?v=1775471954,2024-09-29T19:21:11+05:30,2026-09-08T08:56:55+05:30
Philips,Philips Mirolta Pro LED Tube light,Tube light,"brand_Philips, Categories_Tube Light, junesale, monsoon_mega_sale, Origin_India, Price_INR 1001- 2000, product_Tube light, Republic_Day_Sale_2025, room_Bed Room, room_Dining Room, room_Kitchen, room_Living Room, room_Study Room",philips-mirolta-pro-tube-light,https://in.shop.lighting.philips.com/products/philips-mirolta-pro-tube-light,1400.0,2600.0,"Watt, Color, Pack Size",30W/Pack of 1/Tunable white with remote :: SKU=919515813542 :: ₹2600.00 | 36W/Cool Day light/Pack of 1 :: SKU=919515813703 :: ₹1400.00,2,https://cdn.shopify.com/s/files/1/0563/0532/0126/files/919515813703_73f3a69d-c4c8-4335-9519-ea791755d167.png?v=1770012209 | https://cdn.shopify.com/s/files/1/0563/0532/0126/files/ExtendedwarrantywithSignifyDigiShield_d5dc958d-a3c2-4fb5-a46c-04b0d4b3ce35.png?v=1770012220,2026-01-29T13:40:31+05:30,2026-09-08T08:56:55+05:30
Philips,Philips Wi-Fi Magnetic Ad Spot Blade,Track light,"Brand_Philips, categories_Spot light, Categories_Track, LED Track Light, Magnetic Track Lighting, main_ceiling Lights, Origin_China, price_OVER INR 5000, product_Ceiling light, product_Smart lights, product_Track light, product_Track Lights, track_type_track_spot_light",philips-wi-fi-magnetic-ad-spot-blade,https://in.shop.lighting.philips.com/products/philips-wi-fi-magnetic-ad-spot-blade,9975.0,9975.0,Title,Default Title :: SKU=929003861901 :: ₹9975.00,2,https://cdn.shopify.com/s/files/1/0563/0532/0126/files/51KM7micxOL._SL1080_2488ff51-d9d3-4af5-bdc8-b5a6ce28b63f.jpg?v=1763574480 | https://cdn.shopify.com/s/files/1/0563/0532/0126/files/ExtendedwarrantywithSignifyDigiShield_557b523d-945e-4cc3-b068-3017ec9cd5e3.png?v=1769759012,2025-07-07T15:32:19+05:30,2026-09-08T08:56:55+05:30
Philips,Philips Flagship Wall light,Wall light,"Brand_Philips, Categories_Decorative wall lights, main_wall Lights, monsoon_sale, Origin_China, Price_INR 2001- 3000, product_Wall light, room_ bedroom, room_Living Room",philips-flagship-wall-light,https://in.shop.lighting.philips.com/products/philips-flagship-wall-light,2599.0,2599.0,"Size, Body Color",Small/White & Gold :: SKU=919215851016 :: ₹2599.00,5,https://cdn.shopify.com/s/files/1/0563/0532/0126/files/PhilipsFlagshipWalllightcopy.png?v=1747311797 | https://cdn.shopify.com/s/files/1/0563/0532/0126/files/Artboard4_6af8f900-9182-4777-b82e-75a5d40a0af8.png?v=1779701902 | https://cdn.shopify.com/s/files/1/0563/0532/0126/files/Artboard5_b3b445e4-455e-417e-870a-36da413134b8.png?v=1779701906 | https://cdn.shopify.com/s/files/1/0563/0532/0126/files/Artboard3_946330ee-600b-4f79-88cd-43b39cb25d3f.png?v=1779701901 | https://cdn.shopify.com/s/files/1/0563/0532/0126/files/ExtendedwarrantywithSignifyDigiShield_12529cb2-7c6d-49f1-ae38-ff5bf4bde193.png?v=1769884393,2023-10-01T18:26:07+05:30,2026-09-08T08:56:55+05:30
Philips,Philips Naica Wall light,Wall light,"Brand_Philips, Categories_Decorative wall lights, main_wall Lights, Origin_China, price_OVER INR 5000, product_Wall light, room_ bedroom, room_Living Room",philips-naica-wall-light,https://in.shop.lighting.philips.com/products/philips-naica-wall-light,7269.0,7269.0,Title,Default Title :: SKU=919215851008 :: ₹7269.00,6,https://cdn.shopify.com/s/files/1/0563/0532/0126/files/Naica_581966_App1.jpg?v=1747311797 | https://cdn.shopify.com/s/files/1/0563/0532/0126/files/Artboard5_4076bfc2-444c-4cf2-b407-28b4eaf1afb2.png?v=1779707609 | https://cdn.shopify.com/s/files/1/0563/0532/0126/files/Artboard4_9e47e4cf-f300-47b1-a232-9308f560939a.png?v=1779707639 | https://cdn.shopify.com/s/files/1/0563/0532/0126/files/Artboard2_1abae210-7bac-415a-a256-79ea668f8f68.png?v=1779707609 | https://cdn.shopify.com/s/files/1/0563/0532/0126/files/Artboard3_b3542c73-e621-4777-9995-d2edab6c97d4.png?v=1779707609 | https://cdn.shopify.com/s/files/1/0563/0532/0126/files/ExtendedwarrantywithSignifyDigiShield_550694c0-c212-43f1-aebb-21650c29ea6f.png?v=1769884295,2023-10-01T18:26:10+05:30,2026-09-08T08:56:55+05:30
Philips,Philips Gladius Wall light,Wall light,"Brand_Philips, Categories_Decorative wall lights, junesale, main_wall Lights, monsoon_mega_sale, Origin_China, price_OVER INR 5000, product_Wall light, room_ bedroom, room_Living Room",philips-gladius-wall-light,https://in.shop.lighting.philips.com/products/philips-gladius-wall-light,8213.0,8213.0,Title,Default Title :: SKU=919215851020 :: ₹8213.00,8,https://cdn.shopify.com/s/files/1/0563/0532/0126/files/Gladius_581978_App2.jpg?v=1747311794 | https://cdn.shopify.com/s/files/1/0563/0532/0126/files/4_9fa33a1f-9348-41ba-a7d4-6816c753b610.png?v=1779702059 | https://cdn.shopify.com/s/files/1/0563/0532/0126/files/1_dcad71c4-a532-41b8-a69e-96d7a2729195.png?v=1779702058 | https://cdn.shopify.com/s/files/1/0563/0532/0126/files/2_ef37a42f-3d91-4a64-8a54-70ce7c3a0510.png?v=1779702058 | https://cdn.shopify.com/s/files/1/0563/0532/0126/files/3_fd997454-98f2-4b0c-bb8f-a1569aaa96be.png?v=1779702058 | https://cdn.shopify.com/s/files/1/0563/0532/0126/files/5_b23bd35a-8b90-4631-9a5d-68358f20ed21.png?v=1779702058 | https://cdn.shopify.com/s/files/1/0563/0532/0126/files/6_535c4c57-dd77-4d93-9f95-3d7029fe64fa.png?v=1779702058 | https://cdn.shopify.com/s/files/1/0563/0532/0126/files/ExtendedwarrantywithSignifyDigiShield_344b2755-d6a8-468a-8fed-4820fe0f9d01.png?v=1769884055,2023-10-01T18:26:16+05:30,2026-09-08T08:56:55+05:30
Philips,Philips Grace Wall light,Wall light,"Brand_Philips, Categories_All, Categories_Decorative wall lights, categories_wall-lights, main_wall Lights, Origin_India, Price_INR 1001- 2000, product_Wall light, room_ bedroom, room_Living Room, wall_lights_livingroom_suggested",philips-grace-wall-light,https://in.shop.lighting.philips.com/products/philips-grace-wall-light,1429.0,1429.0,Title,Default Title :: SKU=919215850005 :: ₹1429.00,7,https://cdn.shopify.com/s/files/1/0563/0532/0126/files/34303-_Grace.png?v=1769883843 | https://cdn.shopify.com/s/files/1/0563/0532/0126/files/Artboard5_27bec7d9-c326-4c3f-8c61-e448346a5f77.png?v=1779706946 | https://cdn.shopify.com/s/files/1/0563/0532/0126/files/Artboard6_8bab6ff3-cb61-4b87-a997-7d085803d539.png?v=1779706946 | https://cdn.shopify.com/s/files/1/0563/0532/0126/files/Artboard4_af1cd90d-fcda-4b90-866d-dc6cc46c7820.png?v=1779706946 | https://cdn.shopify.com/s/files/1/0563/0532/0126/files/Artboard1_f9986560-2e06-415b-a870-29724f4bcc82.png?v=1779706945 | https://cdn.shopify.com/s/files/1/0563/0532/0126/files/Artboard2_0514fbab-a6ee-40a9-ab1a-c25fcae9f139.png?v=1779706946 | https://cdn.shopify.com/s/files/1/0563/0532/0126/files/ExtendedwarrantywithSignifyDigiShield_3e3bbb1e-f2b9-49a5-b37a-425c07d67471.png?v=1769883817,2023-10-01T18:26:56+05:30,2026-09-08T08:56:55+05:30
Philips,Philips Stylo Wall light,Wall light,"2025holisale, Brand_Philips, Categories_Decorative wall lights, festive_2024, junesale, main_wall Lights, monsoon_mega_sale, Origin_India, Price_INR 1001- 2000, product_Wall light, room_ bedroom, room_Living Room",philips-stylo-wall-light,https://in.shop.lighting.philips.com/products/philips-stylo-wall-light,1298.0,1298.0,Title,Default Title :: SKU=919215850004 :: ₹1298.00,7,https://cdn.shopify.com/s/files/1/0563/0532/0126/files/Stylo_34302_Closeup.jpg?v=1747311782 | https://cdn.shopify.com/s/files/1/0563/0532/0126/files/34302.png?v=1769883927 | https://cdn.shopify.com/s/files/1/0563/0532/0126/files/Artboard5_3949db50-debc-4a74-8305-5dcab31916c0.png?v=1779708399 | https://cdn.shopify.com/s/files/1/0563/0532/0126/files/Artboard6_4255a4b8-f223-4352-9c77-91ed5edea0ab.png?v=1779708399 | https://cdn.shopify.com/s/files/1/0563/0532/0126/files/Artboard2_2a017f75-9f3a-4816-bc02-313e0a62e2f1.png?v=1779708400 | https://cdn.shopify.com/s/files/1/0563/0532/0126/files/Artboard3_547ccb73-8cef-45c9-964f-69689e76b67a.png?v=1779708401 | https://cdn.shopify.com/s/files/1/0563/0532/0126/files/ExtendedwarrantywithSignifyDigiShield_6eae4aad-e91e-4043-9db0-f49bdb751f1d.png?v=1769883939,2023-10-01T18:26:53+05:30,2026-09-08T08:56:55+05:30
Philips,Philips Nero Wall light,Wall light,"Brand_Philips, Categories_All, Categories_Decorative wall lights, categories_wall-lights, festive_2024, junesale, main_wall Lights, Origin_India, Price_INR 2001- 3000, product_Wall light, room_ bedroom, room_Living Room, wall_lights_livingroom_suggested",philips-nero-wall-light,https://in.shop.lighting.philips.com/products/philips-nero-wall-light,2509.0,3037.0,"Shape, Body Color",Down/Smoky Black :: SKU=919215851221 :: ₹3037.00 | Up/Black & Brass :: SKU=919215851220 :: ₹2509.00,6,https://cdn.shopify.com/s/files/1/0563/0532/0126/files/Nero_582085_Closeup_1.jpg?v=1769883690 | https://cdn.shopify.com/s/files/1/0563/0532/0126/files/Artboard5_2d6e1cd6-3ce2-4926-bfd9-23aab2465611.png?v=1779707721 | https://cdn.shopify.com/s/files/1/0563/0532/0126/files/Artboard4_fc53cd90-76c7-4454-a266-2429c291e08d.png?v=1779707721 | https://cdn.shopify.com/s/files/1/0563/0532/0126/files/Artboard1_1f1e558a-6e2b-4726-8888-9c5668bdd592.png?v=1779707721 | https://cdn.shopify.com/s/files/1/0563/0532/0126/files/Artboard2_ba6593b1-15e9-49f3-b335-a086696bbb1d.png?v=1779707721 | https://cdn.shopify.com/s/files/1/0563/0532/0126/files/ExtendedwarrantywithSignifyDigiShield_b7f84312-f785-4a98-b5fc-986d4c5196b3.png?v=1769883698,2026-01-29T13:41:52+05:30,2026-09-08T08:56:55+05:30
Philips,Philips Sense of Style Wall light,Wall light,"Brand_Philips, Categories_All, Categories_Decorative wall lights, categories_wall-lights, junesale, main_wall Lights, monsoon_mega_sale, Origin_India, Price_INR 2001- 3000, product_Wall light, room_ bedroom, room_Living Room, wall_lights_livingroom_suggested",philips-sense-of-style-wall-light,https://in.shop.lighting.philips.com/products/philips-sense-of-style-wall-light,2415.0,2415.0,Title,Default Title :: SKU=919215850131 :: ₹2415.00,6,https://cdn.shopify.com/s/files/1/0563/0532/0126/files/919215850131_2-Photoroom.png?v=1769883574 | https://cdn.shopify.com/s/files/1/0563/0532/0126/files/Artboard5_6ffd6cf9-bb8d-4a4f-9b13-bdf49d2f129f.png?v=1779708313 | https://cdn.shopify.com/s/files/1/0563/0532/0126/files/Artboard4_e349bca8-090d-482d-893c-3cedb31590f8.png?v=1779708313 | https://cdn.shopify.com/s/files/1/0563/0532/0126/files/Artboard1_c120627e-3560-4701-99d9-a752144b643c.png?v=1779708313 | https://cdn.shopify.com/s/files/1/0563/0532/0126/files/Artboard2_94acb713-0049-473a-a591-f364a73447b8.png?v=1779708312 | https://cdn.shopify.com/s/files/1/0563/0532/0126/files/ExtendedwarrantywithSignifyDigiShield_a89ca356-3ea3-4382-a2e8-139c8d8f863a.png?v=1769883583,2026-01-29T13:41:50+05:30,2026-09-08T08:56:55+05:30
Philips,Philips Trendo Wall light,Wall light,"Brand_Philips, Categories_All, Categories_Decorative wall lights, categories_wall-lights, main_wall Lights, Origin_India, Price_INR 2001- 3000, product_Wall light, room_ bedroom, room_Living Room, wall_lights_livingroom_suggested",philips-trendo-wall-light,https://in.shop.lighting.philips.com/products/philips-trendo-wall-light,2423.0,2423.0,Title,Default Title :: SKU=919215850012 :: ₹2423.00,8,https://cdn.shopify.com/s/files/1/0563/0532/0126/files/919215850131_2-Photoroom_1.png?v=1747311779 | https://cdn.shopify.com/s/files/1/0563/0532/0126/files/Artboard5_1789f97e-3dd7-4c55-963a-a7775b0fdb88.png?v=1779708548 | https://cdn.shopify.com/s/files/1/0563/0532/0126/files/Artboard6_f663e39d-a721-484a-ae7a-18f70a7e29d7.png?v=1779708541 | https://cdn.shopify.com/s/files/1/0563/0532/0126/files/Artboard4_e325f32c-f403-4ea4-a4b7-159a07a82d34.png?v=1779708540 | https://cdn.shopify.com/s/files/1/0563/0532/0126/files/Artboard1_186ac076-15c1-49f9-a584-b99b11178800.png?v=1779708541 | https://cdn.shopify.com/s/files/1/0563/0532/0126/files/Artboard2_9d164e27-056e-4491-b4ae-17c39473a192.png?v=1779708546 | https://cdn.shopify.com/s/files/1/0563/0532/0126/files/Artboard3_181cdbd5-2bc9-4868-b64b-d08503832bea.png?v=1779708548 | https://cdn.shopify.com/s/files/1/0563/0532/0126/files/ExtendedwarrantywithSignifyDigiShield_e58491a6-fe5a-40c0-9033-0fce629e66a9.png?v=1769883518,2023-10-01T18:27:03+05:30,2026-09-08T08:56:55+05:30
Philips,Philips Marvel Wall light,Wall light,"Brand_Philips, Categories_All, Categories_Decorative wall lights, categories_wall-lights, main_wall Lights, Origin_India, Price_INR 3001- 4000, product_Wall light, room_ bedroom, room_Living Room, walllight_bulb_type_E27",philips-marvel-wall-light,https://in.shop.lighting.philips.com/products/philips-marvel-wall-light,3839.0,3839.0,"Shape, Body Color",Single Head/Chrome :: SKU=919215851022 :: ₹3839.00,2,https://cdn.shopify.com/s/files/1/0563/0532/0126/files/Marvel_582012_Closeup.jpg?v=1769883416 | https://cdn.shopify.com/s/files/1/0563/0532/0126/files/ExtendedwarrantywithSignifyDigiShield_d0f5c7a4-a207-4a5e-990a-7bd3a6970004.png?v=1769883434,2026-01-29T13:41:47+05:30,2026-09-08T08:56:55+05:30
Philips,Philips Motif Wall light,Wall light,"Brand_Philips, Categories_All, Categories_Decorative wall lights, categories_wall-lights, main_wall Lights, Origin_India, Price_INR 3001- 4000, product_Wall light, room_ bedroom, room_Living Room, wall_lights_livingroom_suggested, walllight_bulb_type_E27",philips-motif-wall-light,https://in.shop.lighting.philips.com/products/philips-motif-wall-light,4028.0,4028.0,"Shape, Body Color",Single Head/Chrome & Copper :: SKU=919215851026 :: ₹4028.00,10,https://cdn.shopify.com/s/files/1/0563/0532/0126/files/DSC00969.jpg?v=1769883317 | https://cdn.shopify.com/s/files/1/0563/0532/0126/files/Artboard3_27727676-e1ff-43f2-991a-bc6a41367b8a.png?v=1778061272 | https://cdn.shopify.com/s/files/1/0563/0532/0126/files/Artboard4_a95137d8-81f4-4a70-8a17-30f857a1c989.png?v=1778061272 | https://cdn.shopify.com/s/files/1/0563/0532/0126/files/Artboard6_160d3a67-22d2-411b-9457-ca0aacb4b7c0.png?v=1778061272 | https://cdn.shopify.com/s/files/1/0563/0532/0126/files/Artboard7_66ae08fd-e316-4851-b2ee-afd0581f0ee8.png?v=1778061272 | https://cdn.shopify.com/s/files/1/0563/0532/0126/files/Artboard8_f77d37c5-2605-4715-a4f4-1237a6c7e561.png?v=1778061272 | https://cdn.shopify.com/s/files/1/0563/0532/0126/files/Artboard1_16521de7-190e-4566-9527-f010f9421472.png?v=1778061272 | https://cdn.shopify.com/s/files/1/0563/0532/0126/files/Artboard2_3c7cc5a8-38ba-44ff-90cc-9bccf92c92fd.png?v=1778061272 | https://cdn.shopify.com/s/files/1/0563/0532/0126/files/Artboard5_37221d41-187c-43cf-bca7-b266d866e9fa.png?v=1778061272 | https://cdn.shopify.com/s/files/1/0563/0532/0126/files/ExtendedwarrantywithSignifyDigiShield_69b48d3e-fceb-4907-8775-3daf33223aca.png?v=1769883328,2026-01-29T13:41:45+05:30,2026-09-08T08:56:55+05:30
Philips,Philips Ebony Wall light,Wall light,"2025holisale, Brand_Philips, Categories_All, Categories_Decorative wall lights, categories_wall-lights, main_wall Lights, Origin_India, Price_INR 3001- 4000, product_Wall light, room_ bedroom, room_Living Room, wall_lights_livingroom_suggested",philips-ebony-wall-light,https://in.shop.lighting.philips.com/products/philips-ebony-wall-light,3650.0,3650.0,"Wattage, Color",15W/Warm White :: SKU=919215851207 :: ₹3650.00,16,https://cdn.shopify.com/s/files/1/0563/0532/0126/files/Ebony-2_75368a21-2710-4bab-b028-e780f128045f.png?v=1769883237 | https://cdn.shopify.com/s/files/1/0563/0532/0126/files/Artboard2_a0f9332a-4013-4e4d-a892-83b6a2776024.png?v=1779705528 | https://cdn.shopify.com/s/files/1/0563/0532/0126/files/Artboard3_c9e8672b-f33f-4c81-8dee-f962b97a0156.png?v=1779705528 | https://cdn.shopify.com/s/files/1/0563/0532/0126/files/Artboard8copy_8842cf69-3275-4d7e-ac3e-81b1c278bbdd.png?v=1779705528 | https://cdn.shopify.com/s/files/1/0563/0532/0126/files/Artboard8_2ef1414e-f9bb-4fbb-8be3-8f71dbf06b2d.png?v=1779705528 | https://cdn.shopify.com/s/files/1/0563/0532/0126/files/Artboard4_65c16172-3922-4604-8423-2b03962b4ac2.png?v=1779705528 | https://cdn.shopify.com/s/files/1/0563/0532/0126/files/Artboard6_29fbb4f7-1391-48ea-b500-c1ad60010e02.png?v=1779701271 | https://cdn.shopify.com/s/files/1/0563/0532/0126/files/Artboard9_a397c349-d1b5-4acd-88d3-573caf751e6c.png?v=1779705528 | https://cdn.shopify.com/s/files/1/0563/0532/0126/files/Artboard4_e5ce3cc1-9027-4206-a192-19d9094dfcc2.png?v=1779701271 | https://cdn.shopify.com/s/files/1/0563/0532/0126/files/Artboard7_96643456-0d12-4390-adff-4ba3db3cf378.png?v=1779701271 | https://cdn.shopify.com/s/files/1/0563/0532/0126/files/Artboard5_792fe753-adcd-441d-ae74-ebcc1b5cbe79.png?v=1779705529 | https://cdn.shopify.com/s/files/1/0563/0532/0126/files/Artboard6_1f3b869b-bafe-4273-b987-748d8139855b.png?v=1779705528 | https://cdn.shopify.com/s/files/1/0563/0532/0126/files/Artboard7_fc817c17-6aff-4e47-9bac-8e7d69c4d1b3.png?v=1779705528 | https://cdn.shopify.com/s/files/1/0563/0532/0126/files/ExtendedwarrantywithSignifyDigiShield_e31b03b4-1643-4fd9-b082-d54ae9376c8e.png?v=1769883237 | https://cdn.shopify.com/s/files/1/0563/0532/0126/files/Artboard1_51d7565e-e13a-49d7-9e17-22ae1790d7c1.png?v=1779705517 | https://cdn.shopify.com/s/files/1/0563/0532/0126/files/Artboard1_886709da-58a1-4fc6-90c9-575a958a5ec7.png?v=1779701270,2026-01-29T13:41:43+05:30,2026-09-08T08:56:55+05:30
Philips,Philips Duo Wall light,Wall light,"Brand_Philips, bulb_type_In-build, Categories_All, Categories_Decorative wall lights, categories_wall-lights, junesale, main_wall Lights, monsoon_mega_sale, Origin_India, Price_INR 3001- 4000, product_Wall light, room_ bedroom, room_Living Room, wall_lights_livingroom_suggested, walllight_type_decorative",philips-duo-wall-light,https://in.shop.lighting.philips.com/products/philips-duo-wall-light,4028.0,4028.0,Title,Default Title :: SKU=919215850805 :: ₹4028.00,9,https://cdn.shopify.com/s/files/1/0563/0532/0126/files/Duo-2.png?v=1747311759 | https://cdn.shopify.com/s/files/1/0563/0532/0126/files/Artboard7_7e0966d7-ae3d-4902-8491-5c60a3266ce4.png?v=1779705119 | https://cdn.shopify.com/s/files/1/0563/0532/0126/files/Artboard5_46439963-714a-4e88-9031-49b2ae54bff8.png?v=1779705119 | https://cdn.shopify.com/s/files/1/0563/0532/0126/files/Artboard6_b6534be7-010a-4569-9609-650d3091a40b.png?v=1779705119 | https://cdn.shopify.com/s/files/1/0563/0532/0126/files/Artboard1_596a1857-d857-4cae-b349-0dbc10d9ee89.png?v=1779705121 | https://cdn.shopify.com/s/files/1/0563/0532/0126/files/Artboard2_cc96e97f-8c36-4ec3-b582-8157c4a3452d.png?v=1779705121 | https://cdn.shopify.com/s/files/1/0563/0532/0126/files/Artboard3_96e7a495-8646-446a-8d82-80ea020bf892.png?v=1779705121 | https://cdn.shopify.com/s/files/1/0563/0532/0126/files/Artboard4_d939da15-89b0-4814-bc91-ba0fbeba959a.png?v=1779705119 | https://cdn.shopify.com/s/files/1/0563/0532/0126/files/ExtendedwarrantywithSignifyDigiShield_d5dc958d-a3c2-4fb5-a46c-04b0d4b3ce35.png?v=1770012220,2023-10-01T18:28:02+05:30,2026-09-08T08:56:55+05:30
Philips,Philips Caesar Wall light,Wall light,"bestselling_wall_lights, Brand_Philips, Categories_Decorative wall lights, junesale, main_wall Lights, monsoon_mega_sale, Origin_China, price_OVER INR 5000, product_Wall light, room_ bedroom, room_Living Room",philips-caesar-wall-light,https://in.shop.lighting.philips.com/products/philips-caesar-wall-light,7945.0,7945.0,Title,Default Title :: SKU=919215850832 :: ₹7945.00,8,https://cdn.shopify.com/s/files/1/0563/0532/0126/files/Caesar_581865_App1.jpg?v=1747311795 | https://cdn.shopify.com/s/files/1/0563/0532/0126/files/Artboard3_a1c47f19-79a3-4497-965c-4cf38e0991f5.png?v=1779704917 | https://cdn.shopify.com/s/files/1/0563/0532/0126/files/Artboard4_00c94c23-cfea-4f08-b28b-4ecd2cc46392.png?v=1779704917 | https://cdn.shopify.com/s/files/1/0563/0532/0126/files/Artboard5_97d988c1-7251-44df-97d0-856c1bdcf7f0.png?v=1779704917 | https://cdn.shopify.com/s/files/1/0563/0532/0126/files/Artboard1copy_5712f1bd-7779-4869-9444-a4f4d590a40a.png?v=1779704917 | https://cdn.shopify.com/s/files/1/0563/0532/0126/files/Artboard1_2199a488-ab56-472b-b23c-c8ba496447a5.png?v=1779704917 | https://cdn.shopify.com/s/files/1/0563/0532/0126/files/Artboard2_9b65f607-4f9b-43a2-93ef-a89489022915.png?v=1779704917 | https://cdn.shopify.com/s/files/1/0563/0532/0126/files/ExtendedwarrantywithSignifyDigiShield_23d34b24-81a3-4774-80a5-ad5b03af42a7.png?v=1769884202,2023-10-01T18:26:14+05:30,2026-09-08T08:56:55+05:30
Philips,Philips Comet Wall light,Wall light,"bestselling_wall_lights, Brand_Philips, Categories_All, Categories_Functional wall lights, categories_wall-lights, IndependenceDay_Sale, junesale, main_wall Lights, Origin_India, Price_Less than INR 1000, product_Wall light, room_ bedroom, room_Living Room, walllight_type_functional",philips-comet-wall-light,https://in.shop.lighting.philips.com/products/philips-comet-wall-light,374.0,374.0,"Wattage, Body Color",23W/White :: SKU=919215850070 :: ₹374.00,10,https://cdn.shopify.com/s/files/1/0563/0532/0126/files/Comet-Photoroom_eda8077f-7462-4f2f-bed7-e606aa98608c.png?v=1769883037 | https://cdn.shopify.com/s/files/1/0563/0532/0126/files/1_ed2763dc-cd69-41be-a102-a524ddcf276c.png?v=1779700546 | https://cdn.shopify.com/s/files/1/0563/0532/0126/files/4_88f44307-fc56-4279-95a2-45ce82c21e3f.png?v=1779700547 | https://cdn.shopify.com/s/files/1/0563/0532/0126/files/Artboard2_c90f5a6f-9127-428c-8cae-496e8cbda687.png?v=1779700546 | https://cdn.shopify.com/s/files/1/0563/0532/0126/files/Artboard3_f252bf8b-deda-46cf-bc48-e3229aa4fd64.png?v=1779700546 | https://cdn.shopify.com/s/files/1/0563/0532/0126/files/Artboard1copy_239ccaa2-640f-4001-afcc-fda3dc72526d.png?v=1779700546 | https://cdn.shopify.com/s/files/1/0563/0532/0126/files/Artboard1_0967be0f-8c25-42a0-ba79-d5802be19c41.png?v=1779700546 | https://cdn.shopify.com/s/files/1/0563/0532/0126/files/bulb.png?v=1779700546 | https://cdn.shopify.com/s/files/1/0563/0532/0126/files/packaging.png?v=1779700546 | https://cdn.shopify.com/s/files/1/0563/0532/0126/files/ExtendedwarrantywithSignifyDigiShield_28b0f212-d799-4333-8c61-c5cd524cc784.png?v=1769883045,2026-01-29T13:41:41+05:30,2026-09-08T08:56:55+05:30
Philips,Philips Sigma Wall light,Wall light,"Brand_Philips, Categories_All, Categories_Functional wall lights, categories_wall-lights, IndependenceDay_Sale, main_wall Lights, Origin_India, Price_Less than INR 1000, product_Wall light, room_ bedroom, room_Living Room",philips-sigma-wall-light,https://in.shop.lighting.philips.com/products/philips-sigma-wall-light,374.0,374.0,"Wattage, Body Color",23W/White :: SKU=919215850328 :: ₹374.00,5,https://cdn.shopify.com/s/files/1/0563/0532/0126/files/Sigma_48028_Closeup.jpg?v=1769882954 | https://cdn.shopify.com/s/files/1/0563/0532/0126/files/Artboard4_fd24bb01-ed2b-45a0-b0ee-f689a23d70d5.png?v=1781173115 | https://cdn.shopify.com/s/files/1/0563/0532/0126/files/Artboard2_d7a314af-0f27-465f-90de-01ebe88be9ca.png?v=1781173115 | https://cdn.shopify.com/s/files/1/0563/0532/0126/files/Artboard3_d63e9a0b-8576-421e-9419-ef3500963785.png?v=1781173115 | https://cdn.shopify.com/s/files/1/0563/0532/0126/files/ExtendedwarrantywithSignifyDigiShield_bd86c5a6-5413-473f-8842-51dba33eed10.png?v=1769882958,2026-01-29T13:41:39+05:30,2026-09-08T08:56:55+05:30
Philips,Philips Ultron Wall light,Wall light,"bestselling_wall_lights, Brand_Philips, Categories_All, Categories_Functional wall lights, categories_wall-lights, in_stock, IndependenceDay_Sale, junesale, main_wall Lights, monsoon_mega_sale, Origin_India, Price_INR 1001- 2000, product_Wall light, room_ bedroom, room_Living Room, walllight_type_functional",philips-ultron-wall-light,https://in.shop.lighting.philips.com/products/philips-ultron-wall-light,1395.0,1395.0,"Wattage, Body Color, Color",17W/Grey/Cool White :: SKU=919215850332 :: ₹1395.00 | 17W/Grey/Warm White :: SKU=919215850331 :: ₹1395.00,7,https://cdn.shopify.com/s/files/1/0563/0532/0126/files/Artboard5_25e70162-43ad-47e9-880d-276e9eb93472.png?v=1781174222 | https://cdn.shopify.com/s/files/1/0563/0532/0126/files/Artboard2_08716145-6798-4572-8811-7256be2f6a5a.png?v=1781174221 | https://cdn.shopify.com/s/files/1/0563/0532/0126/files/Artboard3_d31a3cfe-7f11-4f8c-901c-81356c192b7b.png?v=1781174221 | https://cdn.shopify.com/s/files/1/0563/0532/0126/files/Artboard4_b78f466a-e3c6-4cf4-ba0c-6f49556a5d59.png?v=1781174222 | https://cdn.shopify.com/s/files/1/0563/0532/0126/files/Artboard1_7bb6219d-da0f-48a2-8a14-581339c3cdde.png?v=1781174221 | https://cdn.shopify.com/s/files/1/0563/0532/0126/files/Ultron_48027_App2.jpg?v=1769881690 | https://cdn.shopify.com/s/files/1/0563/0532/0126/files/ExtendedwarrantywithSignifyDigiShield_d5dc958d-a3c2-4fb5-a46c-04b0d4b3ce35.png?v=1770012220,2026-01-29T13:41:34+05:30,2026-09-08T08:56:55+05:30
Philips,Philips Lucidus Wall light,Wall light,"2025holisale, bestselling_wall_lights, Brand_Philips, Categories_All, Categories_Decorative wall lights, categories_wall-lights, festive_2024, in_stock, junesale, main_wall Lights, monsoon_mega_sale, Origin_India, Price_INR 2001- 3000, product_Wall light, Republic_Day_Sale_2025, room_ bedroom, room_Living Room, wall_lights_livingroom_suggested, walllight_bulb_type_E27, walllight_type_decorative",philips-lucidus-wall-light,https://in.shop.lighting.philips.com/products/philips-lucidus-wall-light,2989.0,2989.0,"Body Color, Shape",Antique Brass/Up :: SKU=919215851232 :: ₹2989.00,8,https://cdn.shopify.com/s/files/1/0563/0532/0126/files/418SoJIoyFL._SL1200.jpg?v=1769879596 | https://cdn.shopify.com/s/files/1/0563/0532/0126/files/Artboard5_1b2059c4-1e83-441f-b5e9-b4fae516b84e.png?v=1779703528 | https://cdn.shopify.com/s/files/1/0563/0532/0126/files/Artboard6_cdd48b49-846d-4f94-bf4c-5845bb4a870d.png?v=1779703528 | https://cdn.shopify.com/s/files/1/0563/0532/0126/files/Artboard7_41fa22be-c935-4758-9403-0d391e74da1c.png?v=1779703528 | https://cdn.shopify.com/s/files/1/0563/0532/0126/files/Artboard2_834d9c6e-cae8-4f72-b1f5-dc6555e1bb17.png?v=1779703528 | https://cdn.shopify.com/s/files/1/0563/0532/0126/files/Artboard3_814a3057-8132-413b-b570-be5f452156dc.png?v=1779703528 | https://cdn.shopify.com/s/files/1/0563/0532/0126/files/Artboard4_432d4f1e-399a-40c8-960a-2428586ecb8c.png?v=1779703528 | https://cdn.shopify.com/s/files/1/0563/0532/0126/files/ExtendedwarrantywithSignifyDigiShield_9ce4cdcc-41eb-4a0c-a42e-040f6d9da341.png?v=1769879600,2026-01-29T13:41:26+05:30,2026-09-08T08:56:55+05:30
Philips,Philips Muziris Wall light,Wall light,"bestselling_wall_lights, Brand_Philips, Categories_All, Categories_Decorative wall lights, categories_wall-lights, in_stock, Origin_India, Price_INR 2001- 3000, product_Wall light, Republic_Day_Sale_2025, room_ bedroom, room_Living Room, wall_lights_livingroom_suggested, walllight_bulb_type_E27, walllight_type_decorative",philips-muziris-wall-light,https://in.shop.lighting.philips.com/products/philips-muziris-wall-light,2502.0,2690.0,Shape,Laminar 1 head :: SKU=919215850188 :: ₹2502.00 | 1 head :: SKU=919215850073 :: ₹2690.00,3,https://cdn.shopify.com/s/files/1/0563/0532/0126/files/31434-_Muziris.png?v=1769879723 | https://cdn.shopify.com/s/files/1/0563/0532/0126/files/transparent-Photoroom_1.jpg?v=1769880048 | https://cdn.shopify.com/s/files/1/0563/0532/0126/files/ExtendedwarrantywithSignifyDigiShield_3b8cf123-0856-4d8f-8512-e0a4700e4c89.png?v=1769880048,2023-10-01T18:28:22+05:30,2026-09-08T08:56:55+05:30
Philips,Philips Idyllic Wall light,Wall light,"bedroom_lights_suggested, bestselling_wall_lights, Brand_Philips, Categories_All, Categories_Decorative wall lights, categories_wall-lights, Origin_China, product_Wall light, room_Bed Room, room_Dining Room, room_Living Room, room_Study Room, wall_lights_livingroom_suggested",philips-idyllic-wall-light,https://in.shop.lighting.philips.com/products/philips-idyllic-wall-light,4382.0,4382.0,"Bulb type, Color",E27/Painted imitation gold with frosted glass :: SKU=919215851296 :: ₹4382.00,7,https://cdn.shopify.com/s/files/1/0563/0532/0126/files/PhilipsIdyllicWalllight.png?v=1747311576 | https://cdn.shopify.com/s/files/1/0563/0532/0126/files/1_b027db87-ae59-4f22-b8d7-5641d012112e.png?v=1779707035 | https://cdn.shopify.com/s/files/1/0563/0532/0126/files/2_fdb7c42e-d82d-4fd1-86a1-0261cc2c248e.png?v=1779707035 | https://cdn.shopify.com/s/files/1/0563/0532/0126/files/3_3adba580-7078-41f4-b422-b0246a62e795.png?v=1779707035 | https://cdn.shopify.com/s/files/1/0563/0532/0126/files/4_53507660-ecf2-442d-8a5d-ec9a960baab3.png?v=1779707035 | https://cdn.shopify.com/s/files/1/0563/0532/0126/files/5_a3976d56-6215-4a87-af2d-58c7d56ebd8b.png?v=1779707035 | https://cdn.shopify.com/s/files/1/0563/0532/0126/files/ExtendedwarrantywithSignifyDigiShield_819c11f3-deee-4837-96d2-40134e429082.png?v=1769879503,2024-06-01T21:02:30+05:30,2026-09-08T08:56:55+05:30
Philips,Philips Celestial 3 head Wall light,Wall light,"Brand_Philips, Categories_Decorative wall lights, categories_wall-lights, festive_2024, Origin_China, price_OVER INR 5000, product_Wall light, room_Bed Room, room_Dining Room, room_Living Room",philips-celestial-3head-wall-light,https://in.shop.lighting.philips.com/products/philips-celestial-3head-wall-light,9566.0,9566.0,"Bulb type, Color",G9/French Gold :: SKU=919215851337 :: ₹9566.00,7,https://cdn.shopify.com/s/files/1/0563/0532/0126/files/Artboard6_9cff4bb5-6b65-49b8-ab43-a5b8b273890b.png?v=1779700489 | https://cdn.shopify.com/s/files/1/0563/0532/0126/files/Artboard5_68971727-32d3-41c9-9284-667e078e85ed.png?v=1779700489 | https://cdn.shopify.com/s/files/1/0563/0532/0126/files/Artboard1_91e6e9cc-e78d-4cb2-863b-93dc54a0f916.png?v=1779700489 | https://cdn.shopify.com/s/files/1/0563/0532/0126/files/Artboard2_c2c96d32-d6e5-4a5a-b046-afeed42120a6.png?v=1779700489 | https://cdn.shopify.com/s/files/1/0563/0532/0126/files/Artboard3_58f59135-6ce6-4df0-a158-69c826cdc6da.png?v=1779700489 | https://cdn.shopify.com/s/files/1/0563/0532/0126/files/Artboard4_cc806f25-45c2-4a84-aee1-6eff0dbdd3b9.png?v=1779700489 | https://cdn.shopify.com/s/files/1/0563/0532/0126/files/ExtendedwarrantywithSignifyDigiShield_cb28d9e1-fdca-4241-9a68-3fb3ad1b5142.png?v=1769879449,2026-01-29T13:38:50+05:30,2026-09-08T08:56:55+05:30
Philips,Philips Divine 1-head Wall light,Wall light,"Brand_Philips, Categories_All, Categories_Decorative wall lights, categories_wall-lights, chandelier_bulb_type_G9, festive_2024, in_stock, Origin_China, Price_INR 4001- 5000, product_Wall light, room_Bed Room, room_Dining Room, room_Living Room, wall_lights_livingroom_suggested, walllight_type_decorative",philips-divine-wall-light-french-gold,https://in.shop.lighting.philips.com/products/philips-divine-wall-light-french-gold,4925.0,5452.0,"Bulb type, Color",G9/Black & French Gold :: SKU=919215851332 :: ₹4925.00 | G9/French Gold :: SKU=919215851347 :: ₹5452.00,9,https://cdn.shopify.com/s/files/1/0563/0532/0126/files/Divine-1head-Wall_light.png?v=1769879207 | https://cdn.shopify.com/s/files/1/0563/0532/0126/files/Divine-1head-Walllight-2.png?v=1769879207 | https://cdn.shopify.com/s/files/1/0563/0532/0126/files/Artboard5_3167a438-513f-4014-87cb-be84da75f8ae.png?v=1779700970 | https://cdn.shopify.com/s/files/1/0563/0532/0126/files/Artboard4_505a9424-0208-46ee-a87c-7a5d1689b615.png?v=1779700970 | https://cdn.shopify.com/s/files/1/0563/0532/0126/files/Artboard1_2134efa3-bf4b-457d-a1c6-d1c9540cc622.png?v=1779700970 | https://cdn.shopify.com/s/files/1/0563/0532/0126/files/Artboard2_8db8c5a7-b1e3-4f29-8fc3-6dc8496f4cb2.png?v=1779700970 | https://cdn.shopify.com/s/files/1/0563/0532/0126/files/Artboard3_31b2dbd5-051e-4ef8-ab69-5bfa3ce14564.png?v=1779700970 | https://cdn.shopify.com/s/files/1/0563/0532/0126/files/Artboard6_edf6c486-6ec5-48ef-8027-7c25c6173da9.png?v=1779700970 | https://cdn.shopify.com/s/files/1/0563/0532/0126/files/ExtendedwarrantywithSignifyDigiShield_004f34f5-e8af-455e-8dea-cf596680a3fd.png?v=1769879213,2026-01-29T13:38:48+05:30,2026-09-08T08:56:55+05:30
Philips,Philips Divine 3-head Wall light,Wall light,"bedroom_lights_suggested, Brand_Philips, Categories_All, Categories_Decorative wall lights, categories_wall-lights, decorative_lights_suggested, festive_2024, in_stock, junesale, monsoon_mega_sale, Origin_China, Price_INR 4001- INR 5000, Price_INR 4001-5000, price_OVER INR 5000, product_Wall light, room_Bed Room, room_Dining Room, room_Living Room, wall_lights_livingroom_suggested, walllight_bulb_type_G9, walllight_type_decorative",philips-divine-3head-wall-light,https://in.shop.lighting.philips.com/products/philips-divine-3head-wall-light,10707.0,10707.0,"Bulb type, Color",G9/French Gold :: SKU=919215851336 :: ₹10707.00,8,https://cdn.shopify.com/s/files/1/0563/0532/0126/files/Divine3headwalllight-2_40c22679-aaeb-47fb-a8a3-2e2c2fc7fb52.png?v=1769874739 | https://cdn.shopify.com/s/files/1/0563/0532/0126/files/Artboard1_413e443a-686d-4b99-aacd-6bfac403dbb3.png?v=1779701079 | https://cdn.shopify.com/s/files/1/0563/0532/0126/files/Artboard2_72718be9-a395-4841-a3d4-9ef33b1bcb64.png?v=1779701079 | https://cdn.shopify.com/s/files/1/0563/0532/0126/files/Artboard3_504591b8-bd4d-4296-8107-c5779483b2c8.png?v=1779701079 | https://cdn.shopify.com/s/files/1/0563/0532/0126/files/Artboard4_94b6ec92-34bb-4475-aac9-6c01f5e8bc86.png?v=1779701079 | https://cdn.shopify.com/s/files/1/0563/0532/0126/files/Artboard5_0f895f44-bf0c-4d3b-8496-34c522742cfe.png?v=1779701080 | https://cdn.shopify.com/s/files/1/0563/0532/0126/files/Artboard6_208e1dc3-2846-46c8-9949-64501c9679dc.png?v=1779701079 | https://cdn.shopify.com/s/files/1/0563/0532/0126/files/ExtendedwarrantywithSignifyDigiShield_f7ee78fc-70d0-4250-91be-73cc153662a6.png?v=1769874739,2026-01-29T13:38:46+05:30,2026-09-08T08:56:55+05:30
Philips,Philips Glow Wall light,Wall light,"bestselling_wall_lights, Brand_Philips, Categories_All, Categories_Decorative wall lights, categories_wall-lights, festive_2024, in_stock, junesale, livingroom_lights_suggested, monsoon_mega_sale, Origin_India, Price_Less than INR 1000, product_Wall light, Republic_Day_Sale_2025, wall_lights_livingroom_suggested, walllight_bulb_type_E27, walllight_type_decorative",philips-glow-wall-light,https://in.shop.lighting.philips.com/products/philips-glow-wall-light,1023.0,1023.0,Body Color,Matte-nickel :: SKU=919215851391 :: ₹1023.00,8,https://cdn.shopify.com/s/files/1/0563/0532/0126/files/PhilipsGlowWalllight.png?v=1747311518 | https://cdn.shopify.com/s/files/1/0563/0532/0126/files/glow_wall_light1.webp?v=1747311518 | https://cdn.shopify.com/s/files/1/0563/0532/0126/files/glow_wall_light2.webp?v=1747311519 | https://cdn.shopify.com/s/files/1/0563/0532/0126/files/PhilipsGlowWalllight_1b3e6747-7483-49a7-a7e7-7500586ebbf5.png?v=1747311519 | https://cdn.shopify.com/s/files/1/0563/0532/0126/files/glow_wall_light3.webp?v=1747311519 | https://cdn.shopify.com/s/files/1/0563/0532/0126/files/glow_wall_light4.webp?v=1747311519 | https://cdn.shopify.com/s/files/1/0563/0532/0126/files/glow_wall_light5.webp?v=1747311519 | https://cdn.shopify.com/s/files/1/0563/0532/0126/files/ExtendedwarrantywithSignifyDigiShield_55bdecf1-fa8f-4d3a-b5bc-02a9d4d745ef.png?v=1769874262,2024-08-27T14:39:11+05:30,2026-09-08T08:56:55+05:30
Philips,Philips Divine Wall Light,Wall Light,"bedroom_lights_suggested, Brand_Philips, Categories_All, Categories_Decorative light, Categories_Decorative wall lights, categories_wall-lights, decorative_lights_suggested, junesale, main_wall Lights, monsoon_mega_sale, Origin_China, price_OVER INR 5000, product_Bedside Lights, product_Wall light, walllight_bulb_type_G9, walllight_type_decorative",philips-divine-frg-blk-wall-light,https://in.shop.lighting.philips.com/products/philips-divine-frg-blk-wall-light,11399.0,11399.0,Title,Default Title :: SKU=919215851381 :: ₹11399.00,7,https://cdn.shopify.com/s/files/1/0563/0532/0126/files/4_22a6a70e-3e0e-4394-9d21-73090c0d02d6.png?v=1769873599 | https://cdn.shopify.com/s/files/1/0563/0532/0126/files/Artboard4_42a3fd5d-9fcf-43ce-b55a-4feb219ac0e5.png?v=1779701217 | https://cdn.shopify.com/s/files/1/0563/0532/0126/files/Artboard5_923f566d-67c9-45d1-95d8-acc2a9dd210b.png?v=1779701218 | https://cdn.shopify.com/s/files/1/0563/0532/0126/files/Artboard1_94c8a735-dd20-4ad4-b6a3-394b43661161.png?v=1779701217 | https://cdn.shopify.com/s/files/1/0563/0532/0126/files/Artboard2_03236089-c736-491a-b23f-06c98e973804.png?v=1779701217 | https://cdn.shopify.com/s/files/1/0563/0532/0126/files/Artboard6_e884c443-3e2d-4e20-b63d-ac7b078eb08e.png?v=1779701217 | https://cdn.shopify.com/s/files/1/0563/0532/0126/files/ExtendedwarrantywithSignifyDigiShield_cd298636-87c3-47f0-875b-7c46559490a9.png?v=1769873599,2025-01-13T10:58:44+05:30,2026-09-08T08:56:55+05:30
Philips,Philips Trumpet Wall light,Wall light,"2025holisale, bestselling_wall_lights, Brand_Philips, Categories_All, Categories_Decorative wall lights, categories_wall-lights, festive_2024, junesale, livingroom_lights_suggested, monsoon_mega_sale, New-Arrival, Origin_India, Price_Less than INR 1000, product_Wall light, room_Bed Room, room_Dining Room, room_Living Room, wall_lights_livingroom_suggested, walllight_bulb_type_E27, walllight_type_decorative",philips-trumpet-wall-light,https://in.shop.lighting.philips.com/products/philips-trumpet-wall-light,1023.0,1023.0,Body Color,Matte-nickel :: SKU=919215851390 :: ₹1023.00 | Black and brass :: SKU=919215851392 :: ₹1023.00,7,https://cdn.shopify.com/s/files/1/0563/0532/0126/files/PhilipsTrumpetWalllight.png?v=1747311521 | https://cdn.shopify.com/s/files/1/0563/0532/0126/files/61MoAithTaL._SL1080.webp?v=1747311521 | https://cdn.shopify.com/s/files/1/0563/0532/0126/files/61Oh3ATHmXL._SL1080.webp?v=1747311521 | https://cdn.shopify.com/s/files/1/0563/0532/0126/files/610aBqcL5XL._SL1080.webp?v=1747311521 | https://cdn.shopify.com/s/files/1/0563/0532/0126/files/61g1NWpib6L._SL1080.webp?v=1747311521 | https://cdn.shopify.com/s/files/1/0563/0532/0126/files/51Yl4adpIBL._SL1080.webp?v=1747311521 | https://cdn.shopify.com/s/files/1/0563/0532/0126/files/ExtendedwarrantywithSignifyDigiShield_d49c4714-7bf4-4239-9592-7065aa1abc5f.png?v=1769874464,2024-08-27T14:39:10+05:30,2026-09-08T08:56:55+05:30
Philips,Philips Dawn wall light,Wall Light,"Brand_Philips, Categories_All, Categories_Decorative wall lights, Categories_Wall Lights, main_wall Lights, monsoon_mega_sale, Origin_India, Price_Less than INR 1000, product_Wall light",philips-dawn-wall-light,https://in.shop.lighting.philips.com/products/philips-dawn-wall-light,694.0,694.0,Title,Default Title :: SKU=919215851414 :: ₹694.00,8,https://cdn.shopify.com/s/files/1/0563/0532/0126/files/Artboard1_e8fd22c1-e0ca-469c-b266-9b40e0984a74.png?v=1769872768 | https://cdn.shopify.com/s/files/1/0563/0532/0126/files/Artboard3_0bf360d0-3c72-497b-8430-73a8b43be788.png?v=1779700788 | https://cdn.shopify.com/s/files/1/0563/0532/0126/files/Artboard4_5a644da8-0ced-4898-8ff1-26e202111d0c.png?v=1779700788 | https://cdn.shopify.com/s/files/1/0563/0532/0126/files/Artboard5_e5328c60-ee47-4555-925e-1449e99cca9f.png?v=1779700788 | https://cdn.shopify.com/s/files/1/0563/0532/0126/files/Artboard3_2ab0d893-69e0-48d3-9704-b100a8ff1ac2.png?v=1779700826 | https://cdn.shopify.com/s/files/1/0563/0532/0126/files/Artboard6_06a977c2-2c51-4ce5-9ada-cd53809478c4.png?v=1779700789 | https://cdn.shopify.com/s/files/1/0563/0532/0126/files/Artboard4_bdfc2e19-40d0-481a-a5ee-48ec533b7b8f.png?v=1779700879 | https://cdn.shopify.com/s/files/1/0563/0532/0126/files/ExtendedwarrantywithSignifyDigiShield_61e2194f-340c-4986-9c49-64b4861fde53.png?v=1769872777,2025-02-17T10:53:03+05:30,2026-09-08T08:56:55+05:30
Philips,Philips Petal Wall Light,Wall Light,"Brand_Philips, Categories_All, Categories_Decorative wall lights, Categories_Wall Lights, decorative_lights_suggested, livingroom_lights_suggested, main_wall Lights, Origin_China, price_OVER INR 5000, product_Wall light, wall_lights_livingroom_suggested",philips-petal-white-glass-wall-light,https://in.shop.lighting.philips.com/products/philips-petal-white-glass-wall-light,11533.0,11533.0,Glass Color,Cognac/amber glass :: SKU=919215851383 :: ₹11533.00,8,https://cdn.shopify.com/s/files/1/0563/0532/0126/files/19.png?v=1747311412 | https://cdn.shopify.com/s/files/1/0563/0532/0126/files/29.png?v=1747735360 | https://cdn.shopify.com/s/files/1/0563/0532/0126/files/11.png?v=1747735360 | https://cdn.shopify.com/s/files/1/0563/0532/0126/files/22.png?v=1747735360 | https://cdn.shopify.com/s/files/1/0563/0532/0126/files/Artboard2_1c095809-e284-4725-8821-cf84a72e2979.png?v=1779703759 | https://cdn.shopify.com/s/files/1/0563/0532/0126/files/e8b35f56-bac8-401e-a317-6a44a7f63e87-removebg-preview.png?v=1769873365 | https://cdn.shopify.com/s/files/1/0563/0532/0126/files/e2ea4161-db7d-4521-bba9-0727c06cd8f4-removebg-preview.png?v=1769873365 | https://cdn.shopify.com/s/files/1/0563/0532/0126/files/ExtendedwarrantywithSignifyDigiShield_ce2af7d2-b3f4-4cc2-9093-75eeb9ce2968.png?v=1769873345,2025-01-13T11:00:33+05:30,2026-09-08T08:56:55+05:30
Philips,Philips Leaf Wall Light,Wall Light,"Brand_Philips, Categories_All, Categories_Decorative light, Categories_Decorative wall lights, Categories_Wall Lights, decorative_lights_suggested, in_stock, main_wall Lights, Origin_China, outdoor_wall_lights_suggested, price_OVER INR 5000, product_Wall light, room_Bed Room, room_Dining Room, room_Living Room, wall_lights_livingroom_suggested, wall_lights_sitting_room, wall_lights_sitting_room_suggested, walllight_bulb_type_E14, walllight_type_decorative",philips-leaf-wall-light,https://in.shop.lighting.philips.com/products/philips-leaf-wall-light,10856.0,10856.0,Body color,French Gold :: SKU=919215851419 :: ₹10856.00,8,https://cdn.shopify.com/s/files/1/0563/0532/0126/files/Artboard1_ff4f68c3-4df7-42a6-9523-ad0d9704ba2c.jpg?v=1772444288 | https://cdn.shopify.com/s/files/1/0563/0532/0126/files/800170PhilipsLEAFwallFrGoldE142_8973ec6b-9dc7-466e-ab81-dca032d12819.png?v=1772444288 | https://cdn.shopify.com/s/files/1/0563/0532/0126/files/800170PhilipsLEAFwallFrGoldE142-1.png?v=1772444288 | https://cdn.shopify.com/s/files/1/0563/0532/0126/files/Artboard4_f8175170-3eca-4169-b925-c915aee2fcba.png?v=1779703400 | https://cdn.shopify.com/s/files/1/0563/0532/0126/files/Artboard5_f72ce144-9714-4c3d-a493-1b820e0b8619.png?v=1779703400 | https://cdn.shopify.com/s/files/1/0563/0532/0126/files/Artboard1_b4f21447-a2fe-4e2e-88bf-94f7f6da2fa6.png?v=1779703400 | https://cdn.shopify.com/s/files/1/0563/0532/0126/files/Artboard2_8aa6d01d-9100-4e42-9b31-f791aeb7d115.png?v=1779703400 | https://cdn.shopify.com/s/files/1/0563/0532/0126/files/ExtendedwarrantywithSignifyDigiShield_c00324b4-82bd-498b-a151-c5efaf98f369.png?v=1772444288,2026-01-29T13:37:12+05:30,2026-09-08T08:56:55+05:30
Philips,Philips Flash Outdoor 2 Way Wall Washer,Wall washer,"bestsellerQ2, Brand_Philips, Categories_Wall Washer, monsoon_mega_sale, Origin_India, outdoor_lights_suggested, outdoor_wall_lights_suggested, Price_Less than INR 1000, Product_outdoor lights, room_Outdoor",philips-flash-outdoor-wall-washer,https://in.shop.lighting.philips.com/products/philips-flash-outdoor-wall-washer,396.0,396.0,Title,Default Title :: SKU=919215851457 :: ₹396.00,6,https://cdn.shopify.com/s/files/1/0563/0532/0126/files/51hBeki6sCL._SL1080.jpg?v=1763577547 | https://cdn.shopify.com/s/files/1/0563/0532/0126/files/51HWEyPq-lL._SL1200.jpg?v=1763577554 | https://cdn.shopify.com/s/files/1/0563/0532/0126/files/61JflTYEitL._SL1200.jpg?v=1763577563 | https://cdn.shopify.com/s/files/1/0563/0532/0126/files/71DlCSptuvL._SL1200.jpg?v=1763577566 | https://cdn.shopify.com/s/files/1/0563/0532/0126/files/61Zn4jVGszL._SL1200.jpg?v=1763577570 | https://cdn.shopify.com/s/files/1/0563/0532/0126/files/ExtendedwarrantywithSignifyDigiShield_ab6b9b73-aecd-4b1d-bd2a-011be21e03ba.png?v=1769872071,2025-03-26T15:15:39+05:30,2026-09-08T08:56:55+05:30
Philips,Philips Sparkle Wall Light,Wall Light,"Brand_Philips, Categories_All, Categories_Decorative light, Categories_Decorative wall lights, Categories_Wall Lights, decorative_lights_suggested, main_wall Lights, Origin_China, price_OVER INR 5000, product_Wall light, wall_lights_livingroom_suggested, walllight_type_decorative",philips-sparkle-wall-light,https://in.shop.lighting.philips.com/products/philips-sparkle-wall-light,18314.0,23010.0,Head,2 head :: SKU=919215851416 :: ₹18314.00 | 3 head :: SKU=919215851417 :: ₹23010.00,7,https://cdn.shopify.com/s/files/1/0563/0532/0126/files/800167-Lit.png?v=1769871516 | https://cdn.shopify.com/s/files/1/0563/0532/0126/files/800167-Non-lit.png?v=1769871516 | https://cdn.shopify.com/s/files/1/0563/0532/0126/files/800167PhilipsSPARKLEwalllightE142H-2.png?v=1769871516 | https://cdn.shopify.com/s/files/1/0563/0532/0126/files/800168-Lit.png?v=1769410411 | https://cdn.shopify.com/s/files/1/0563/0532/0126/files/800168-Non-lit.png?v=1769410411 | https://cdn.shopify.com/s/files/1/0563/0532/0126/files/800168PhilipsSPARKLEwalllightE143H-2.png?v=1769410410 | https://cdn.shopify.com/s/files/1/0563/0532/0126/files/ExtendedwarrantywithSignifyDigiShield_78d297f0-35aa-4ccd-a4fd-57b0e1820e29.png?v=1769871402,2025-07-23T15:47:27+05:30,2026-09-08T08:56:55+05:30
Philips,Philips FYVE Solar Wall Light,Wall Light,"Categories_All, Categories_Functional wall lights, Categories_Solar lights, categories_wall-lights, Origin_China, outdoor_solar_lights_suggested, outdoor_wall_lights_suggested, Price_INR 2001- 3000, Product_Solar lights, product_Wall light",philips-fyve-solar-wall-light,https://in.shop.lighting.philips.com/products/philips-fyve-solar-wall-light,2059.0,2059.0,Body color,Black :: SKU=929003364901 :: ₹2059.00,9,https://cdn.shopify.com/s/files/1/0563/0532/0126/files/2_fa172ea6-62b3-40c0-a1c9-6c6c72834efb.png?v=1769871289 | https://cdn.shopify.com/s/files/1/0563/0532/0126/files/764df624-9aad-4aec-90d4-21bfc94ba98b.jpg?v=1769871289 | https://cdn.shopify.com/s/files/1/0563/0532/0126/files/Artboard2_ff5b4f88-f6e2-454e-806c-15912edc825a.png?v=1779706345 | https://cdn.shopify.com/s/files/1/0563/0532/0126/files/Artboard4_5908d540-310f-4f8e-b6e4-ea5e54ce25df.png?v=1779706347 | https://cdn.shopify.com/s/files/1/0563/0532/0126/files/Artboard5_71330fd9-75da-4fc2-90b2-ddd94c7273bb.png?v=1779706347 | https://cdn.shopify.com/s/files/1/0563/0532/0126/files/Artboard6_9b38a5ae-dafd-46ac-a4d4-6e8d2350c5bf.png?v=1779706348 | https://cdn.shopify.com/s/files/1/0563/0532/0126/files/1_67b6cf63-b844-4719-b52f-0649155ba33c.png?v=1769871289 | https://cdn.shopify.com/s/files/1/0563/0532/0126/files/3f59845c-c4e2-4a4d-bd9f-2d5fdfce63ff.jpg?v=1769871289 | https://cdn.shopify.com/s/files/1/0563/0532/0126/files/ExtendedwarrantywithSignifyDigiShield_13634816-3ef6-4d83-9526-772484049345.png?v=1769871262,2025-07-28T15:21:22+05:30,2026-09-08T08:56:55+05:30
Philips,Philips Svelte Wall Light,Wall Light,"Brand_Philips, Categories_Decorative wall lights, Categories_Wall Lights, categories_walllights, main_wall Lights, Origin_China, price_OVER INR 5000, product_Wall light, wall_lights_livingroom_suggested, walllight_bulb_type_G9, walllight_type_decorative",philips-svelte-wall-light,https://in.shop.lighting.philips.com/products/philips-svelte-wall-light,10510.0,10510.0,Title,Default Title :: SKU=919215851460 :: ₹10510.00,7,https://cdn.shopify.com/s/files/1/0563/0532/0126/files/2_0717f79e-53b7-4778-907f-6a038c346553.png?v=1769871169 | https://cdn.shopify.com/s/files/1/0563/0532/0126/files/4_975f6555-8e37-4ef7-9962-ba013d9c3d20.png?v=1781173446 | https://cdn.shopify.com/s/files/1/0563/0532/0126/files/5_534902ed-aa9e-438d-a377-49d031f4847e.png?v=1781173446 | https://cdn.shopify.com/s/files/1/0563/0532/0126/files/1_d4af5e9e-a4e8-4279-b732-e252f1105e84.png?v=1769871169 | https://cdn.shopify.com/s/files/1/0563/0532/0126/files/2_8c9422dc-c69e-42ec-a8d5-95e5445cc816.png?v=1781173444 | https://cdn.shopify.com/s/files/1/0563/0532/0126/files/6_e408189a-39b2-4493-b6f9-406a34e2437b.png?v=1781173446 | https://cdn.shopify.com/s/files/1/0563/0532/0126/files/ExtendedwarrantywithSignifyDigiShield_33cb8185-84a8-48ef-9bda-b6cb16bac93d.png?v=1769871132,2026-01-29T13:35:34+05:30,2026-09-08T08:56:55+05:30
Philips,Philips Divine 1-head Wall Light,Wall Light,"Brand_Philips, Categories_Decorative wall lights, Categories_Wall Lights, main_wall Lights, Origin_China, price_OVER INR 5000, product_Wall light",philips-divine-wall-light,https://in.shop.lighting.philips.com/products/philips-divine-wall-light,9070.0,9070.0,Title,Default Title :: SKU=919215851469 :: ₹9070.00,4,https://cdn.shopify.com/s/files/1/0563/0532/0126/files/2_c0c71b0d-bd72-4184-a62c-910f0ba8fbef.png?v=1769870330 | https://cdn.shopify.com/s/files/1/0563/0532/0126/files/NonLit_84066ff4-c6c8-4c8e-90e2-b1c01653c597.png?v=1769870330 | https://cdn.shopify.com/s/files/1/0563/0532/0126/files/1_8608ece4-d2b7-44bb-9acd-b18be8d90d53.png?v=1769870330 | https://cdn.shopify.com/s/files/1/0563/0532/0126/files/ExtendedwarrantywithSignifyDigiShield_4e80a182-7200-435e-b921-1f72cfe49844.png?v=1769870321,2026-01-29T13:35:21+05:30,2026-09-08T08:56:55+05:30
Philips,Philips Soul wall light,Wall Light,"Brand_Philips, Categories_All, Categories_Decorative light, Categories_Decorative wall lights, Categories_Wall Lights, decorative_lights_suggested, main_wall Lights, Newly added, Origin_China, outdoor_wall_lights_suggested, price_OVER INR 5000, product_Wall light, room_Bed Room, room_Dining Room, room_Living Room, wall_lights_livingroom_suggested, wall_lights_sitting_room, wall_lights_sitting_room_suggested, walllight_bulb_type_E14, walllight_type_decorative",philips-soul-wall-light,https://in.shop.lighting.philips.com/products/philips-soul-wall-light,7694.0,7694.0,Body color,French Gold :: SKU=919215851426 :: ₹7694.00,7,https://cdn.shopify.com/s/files/1/0563/0532/0126/files/800177PhilipsSOULwalllightE14_2copy.png?v=1772444354 | https://cdn.shopify.com/s/files/1/0563/0532/0126/files/Artboard2_140d4968-51ee-4f31-80f3-ffe330e9f20b.jpg?v=1772444354 | https://cdn.shopify.com/s/files/1/0563/0532/0126/files/Artboard5_613d2088-5ec9-44f6-aeb3-8e8f88a2b2a3.png?v=1781173897 | https://cdn.shopify.com/s/files/1/0563/0532/0126/files/Artboard6_c6de13ca-a336-4e8d-b09e-280e68a7d799.png?v=1781173897 | https://cdn.shopify.com/s/files/1/0563/0532/0126/files/Artboard1_f2bb8c85-657a-47db-956d-0136abd316b6.png?v=1781173897 | https://cdn.shopify.com/s/files/1/0563/0532/0126/files/Artboard2_0e0d36ec-8c14-41b2-a005-933ce6370dce.png?v=1781173897 | https://cdn.shopify.com/s/files/1/0563/0532/0126/files/ExtendedwarrantywithSignifyDigiShield_5e3a6e58-272f-41eb-a604-57b495ca191d.png?v=1772444354,2026-01-29T13:36:57+05:30,2026-09-08T08:56:55+05:30
Philips,Philips Bloom Wall Light,Wall Light,"Brand_Philips, Categories_Wall Lights, main_wall Lights, Origin_China, price_OVER INR 5000, product_Wall light, wall_lights_sitting_room, wall_lights_sitting_room_suggested",philips-bloom-wall-light,https://in.shop.lighting.philips.com/products/philips-bloom-wall-light,12075.0,12075.0,Title,Default Title :: SKU=919215851461 :: ₹12075.00,6,https://cdn.shopify.com/s/files/1/0563/0532/0126/files/2_53215701-42bc-45d2-8db8-987453e41c56.png?v=1769870642 | https://cdn.shopify.com/s/files/1/0563/0532/0126/files/Nonlit_e5e62384-bb21-4bb3-8ce5-c64bd1675031.png?v=1769870641 | https://cdn.shopify.com/s/files/1/0563/0532/0126/files/3_c6d78556-a472-484b-b33e-96e16c787a75.png?v=1769870641 | https://cdn.shopify.com/s/files/1/0563/0532/0126/files/4_7e8d81e3-ff74-4296-b339-c422aa744710.png?v=1769870640 | https://cdn.shopify.com/s/files/1/0563/0532/0126/files/1_72d780fc-e553-4877-9361-b8bdc6b7b981.png?v=1769870641 | https://cdn.shopify.com/s/files/1/0563/0532/0126/files/ExtendedwarrantywithSignifyDigiShield_cc09498d-2512-40c6-abb3-b05f1ea80303.png?v=1769870677,2026-01-29T13:35:32+05:30,2026-09-08T08:56:55+05:30
Philips,Philips TwinGlow LED Tube light,Tube light,"2025holisale, bestseller, bestsellerQ2, brand_Philips, Categories_Tube Light, Festive-Offer, IndependenceDay_Sale, junesale, monsoon_mega_sale, Origin_India, Price_INR 1001- 2000, Price_Less than INR 1000, product_Tube light, Republic_Day_Sale_2025, room_Bed Room, room_Dining Room, room_Kitchen, room_Living Room, room_Study Room",philips-twinglow-led-tube-light,https://in.shop.lighting.philips.com/products/philips-twinglow-led-tube-light,1250.0,1250.0,"Watt, Color, Pack Size",20W/Tunable White/Pack of 1 :: SKU=919515813875 :: ₹1250.00,6,https://cdn.shopify.com/s/files/1/0563/0532/0126/files/919515815099_5ad539bc-f5d1-4f2f-a7b2-b4e17626347a.png?v=1769861598 | https://cdn.shopify.com/s/files/1/0563/0532/0126/files/919515815099_3c8641f3-45b0-4d41-8907-2e53456f5d7a.png?v=1769861598 | https://cdn.shopify.com/s/files/1/0563/0532/0126/files/919515813971_4e57a5d6-fe17-48ac-9aa1-6b000236cb60.png?v=1769861598 | https://cdn.shopify.com/s/files/1/0563/0532/0126/files/919515815099_a5df52f1-de6d-48a6-923c-8b00c16b86f1.png?v=1769861598 | https://cdn.shopify.com/s/files/1/0563/0532/0126/files/919515813970_696d5ae6-8fca-4565-ba6e-55f0c631f011.png?v=1769861598 | https://cdn.shopify.com/s/files/1/0563/0532/0126/files/ExtendedwarrantywithSignifyDigiShield_074f4cfc-662b-43ed-b4d0-2aad365ca797.png?v=1769861611,2026-01-29T13:40:38+05:30,2026-09-08T08:56:55+05:30
Philips,Philips Slimline Advance LED tube light,Tube light,"brand_Philips, Categories_Tube Light, junesale, Origin_India, Price_Less than INR 1000, product_Tube light, room_Bed Room, room_Dining Room, room_Kitchen, room_Living Room, room_Study Room",philips-slimline-advance-led-tube-light,https://in.shop.lighting.philips.com/products/philips-slimline-advance-led-tube-light,515.0,750.0,"Watt, Color",25W/Cool Day light :: SKU=919515813187 :: ₹515.00 | 30W/Cool day light :: SKU=919515813387 :: ₹575.00 | 36W/Cool Day light :: SKU=919515813613 :: ₹750.00,3,https://cdn.shopify.com/s/files/1/0563/0532/0126/files/919515813387.png?v=1779361957 | https://cdn.shopify.com/s/files/1/0563/0532/0126/files/919515813668_db6572d4-96a8-4039-a19f-207673840470.png?v=1769861245 | https://cdn.shopify.com/s/files/1/0563/0532/0126/files/ExtendedwarrantywithSignifyDigiShield_5dc16b3d-677b-4067-aff8-8018a097122f.png?v=1769861255,2026-01-29T13:40:35+05:30,2026-09-08T08:56:55+05:30
Philips,Philips Astra Line LED Tube light,Tube light,"brand_Philips, Categories_Tube Light, Origin_India, Price_Less than INR 1000, product_Tube light, room_Bed Room, room_Dining Room, room_Kitchen, room_Living Room, room_Study Room",philips-astra-line-led-tube-light,https://in.shop.lighting.philips.com/products/philips-astra-line-led-tube-light,235.0,235.0,"Watt, Color",5W/Cool Day light :: SKU=919215850549 :: ₹235.00,2,https://cdn.shopify.com/s/files/1/0563/0532/0126/files/919215850570.png?v=1786517839 | https://cdn.shopify.com/s/files/1/0563/0532/0126/files/ExtendedwarrantywithSignifyDigiShield_651f3397-83e5-4b1c-8941-888771444890.png?v=1769861131,2026-01-29T13:40:33+05:30,2026-09-08T08:56:55+05:30
Philips,Philips Blazeline Compact LED Tube light,tube light,"brand_Philips, Categories_Tube Light, Origin_India, Price_Less than INR 1000, product_Tube light, room_Bed Room, room_Dining Room, room_Kitchen, room_Living Room, room_Study Room",philips-blazeline-led-tubelight,https://in.shop.lighting.philips.com/products/philips-blazeline-led-tubelight,225.0,225.0,Title,Default Title :: SKU=919615898282 :: ₹225.00,3,https://cdn.shopify.com/s/files/1/0563/0532/0126/files/PhilipsBlazelineCompactLEDTubelight.png?v=1747311654 | https://cdn.shopify.com/s/files/1/0563/0532/0126/files/PhilipsBlazelineCompactLEDTubelight-1.png?v=1747311655 | https://cdn.shopify.com/s/files/1/0563/0532/0126/files/ExtendedwarrantywithSignifyDigiShield_51e1f860-8200-42f4-9b51-a94ceb7c9019.png?v=1769860566,2023-10-15T13:29:33+05:30,2026-09-08T08:56:55+05:30
Philips,Philips StarBright LED Tube light,tube light,"brand_Philips, Categories_Tube Light, Origin_India, Price_Less than INR 1000, product_Tube light, Republic_Day_Sale_2025, room_Bed Room, room_Dining Room, room_Kitchen, room_Living Room, room_Study Room",philips-starbright-led-tubelight,https://in.shop.lighting.philips.com/products/philips-starbright-led-tubelight,550.0,830.0,Title,20W :: SKU=915006550101 :: ₹550.00 | 40W :: SKU=915006550201 :: ₹830.00,8,https://cdn.shopify.com/s/files/1/0563/0532/0126/files/PhilipsStarBrightLEDTubelightcopy.png?v=1747311655 | https://cdn.shopify.com/s/files/1/0563/0532/0126/files/StarbrightLedtubelight.png?v=1764152640 | https://cdn.shopify.com/s/files/1/0563/0532/0126/files/3_d5ee5783-1273-4282-a3c0-a1f332e3174c.jpg?v=1764152640 | https://cdn.shopify.com/s/files/1/0563/0532/0126/files/4_cea83ef1-54e0-4044-99db-64a915c353d8.jpg?v=1764152640 | https://cdn.shopify.com/s/files/1/0563/0532/0126/files/5_944bca86-782a-46e5-bab5-228c60d7beab.jpg?v=1764152640 | https://cdn.shopify.com/s/files/1/0563/0532/0126/files/PhilipsStarBrightLEDTubelight.png?v=1764152640 | https://cdn.shopify.com/s/files/1/0563/0532/0126/files/PhilipsStarBrightLEDTubelightcopy2.png?v=1764152640 | https://cdn.shopify.com/s/files/1/0563/0532/0126/files/ExtendedwarrantywithSignifyDigiShield_36588c77-9ee2-4a65-b0e6-a1f959894c3d.png?v=1769860685,2023-10-15T13:29:31+05:30,2026-09-08T08:56:55+05:30
Philips,Philips Slimline Ultra LED Tube light,Tube light,"bathroom_lights_suggested, brand_Philips, Categories_Tube Light, Kitchen_lights_suggested, Origin_India, Price_Less than INR 1000, product_Tube light, room_Bed Room, room_Dining Room, room_Kitchen, room_Living Room, room_Study Room",philips-slimline-ultra-led-tubelight,https://in.shop.lighting.philips.com/products/philips-slimline-ultra-led-tubelight,150.0,180.0,"Wattage, Color",5W/Cool Day Light :: SKU=919615898491 :: ₹150.00 | 5W/Natural White :: SKU=919615898492 :: ₹150.00 | 5W/Warm White :: SKU=919615898493 :: ₹150.00 | 10W/Cool Day Light :: SKU=919615898494 :: ₹155.00 | 10W/Natural White :: SKU=919615898495 :: ₹155.00 | 10W/Warm White :: SKU=919615898496 :: ₹155.00 | 20W/Cool Day Light :: SKU=915006551701 :: ₹180.00,7,https://cdn.shopify.com/s/files/1/0563/0532/0126/files/1_94fe496c-9644-421a-8aad-e77d8a75e606.jpg?v=1769860226 | https://cdn.shopify.com/s/files/1/0563/0532/0126/files/6_b71d9d7a-5bac-4a78-be8b-5b4455bcff65.jpg?v=1769860226 | https://cdn.shopify.com/s/files/1/0563/0532/0126/files/5_c9cabc0b-9e2b-42e9-9e2f-9ecccffbd201.jpg?v=1769860226 | https://cdn.shopify.com/s/files/1/0563/0532/0126/files/4_643613cc-0219-4c63-9bb5-18c5277cd7c6.jpg?v=1769860226 | https://cdn.shopify.com/s/files/1/0563/0532/0126/files/3_79422223-038b-4f9f-8556-b11b186110c1.jpg?v=1769860226 | https://cdn.shopify.com/s/files/1/0563/0532/0126/files/2_0fc28e41-3987-4d80-96d3-60ac408e7b4b.jpg?v=1769860225 | https://cdn.shopify.com/s/files/1/0563/0532/0126/files/ExtendedwarrantywithSignifyDigiShield_6971888c-3770-42ae-9775-76ef11fcd411.png?v=1769860248,2026-01-29T13:39:41+05:30,2026-09-08T08:56:55+05:30
Philips,Motion Sensing LED Tube Light,Tube Light,"Brand_Philips, Categories_Motion Sensing, Categories_Tube Light, Origin_India, outdoor_lights_suggested, product_Tube light, wall_lights_sitting_room",motion-sensing-step-dim,https://in.shop.lighting.philips.com/products/motion-sensing-step-dim,675.0,675.0,Watt,20W :: SKU=929003847201 :: ₹675.00,7,https://cdn.shopify.com/s/files/1/0563/0532/0126/files/Artboard6_5ee8cb46-e31a-4b3f-b446-f62c7143ffe3.png?v=1769859689 | https://cdn.shopify.com/s/files/1/0563/0532/0126/files/Artboard5_40cf3bdf-ac03-4b93-96b8-14a8ff4763a7.png?v=1769859689 | https://cdn.shopify.com/s/files/1/0563/0532/0126/files/Artboard4_a2b8adf6-bf36-404d-8fae-935e0d94e865.png?v=1769859689 | https://cdn.shopify.com/s/files/1/0563/0532/0126/files/Artboard3_939d7c95-119a-4331-b1a9-e4fc0b62ca54.png?v=1769859689 | https://cdn.shopify.com/s/files/1/0563/0532/0126/files/Artboard1_20ca6ea0-01cd-4079-a2cd-2fe55ffc1053.png?v=1769859689 | https://cdn.shopify.com/s/files/1/0563/0532/0126/files/Artboard2_4fe5d621-1360-4d3c-ac8f-50b5aa7ae754.png?v=1769859689 | https://cdn.shopify.com/s/files/1/0563/0532/0126/files/ExtendedwarrantywithSignifyDigiShield_22f9eb2f-15c5-4cf7-b042-52bfcc3d81bd.png?v=1769859700,2026-01-29T13:37:37+05:30,2026-09-08T08:56:55+05:30
Philips,Philips Reserve Plus Inverter LED Batten,Tube Light,"Brand_Philips, Categories_Emergency Tube light, Categories_Portable Emergency light, Categories_Tube Light, emergency_lights_suggested, Origin_India, product_Emergency lights, product_Tube light",philips-reserve-plus-inverter-led-batten,https://in.shop.lighting.philips.com/products/philips-reserve-plus-inverter-led-batten,485.0,799.0,Wattage,20W :: SKU=929003842401 :: ₹799.00 | 10W :: SKU=929003842301 :: ₹485.00,7,https://cdn.shopify.com/s/files/1/0563/0532/0126/files/929003842301.jpg?v=1784712127 | https://cdn.shopify.com/s/files/1/0563/0532/0126/files/differentroom.jpg?v=1763541994 | https://cdn.shopify.com/s/files/1/0563/0532/0126/files/INFOGRAPHICcopy.jpg?v=1763541994 | https://cdn.shopify.com/s/files/1/0563/0532/0126/files/differentroomcopy.jpg?v=1763541994 | https://cdn.shopify.com/s/files/1/0563/0532/0126/files/Upto4hrsbatterbackup.jpg?v=1763541994 | https://cdn.shopify.com/s/files/1/0563/0532/0126/files/5154b8j4ZZL._SL1080.jpg?v=1779361155 | https://cdn.shopify.com/s/files/1/0563/0532/0126/files/ExtendedwarrantywithSignifyDigiShield_5c9d778d-b13b-425b-98d8-5c55dd55680c.png?v=1769859425,2025-11-19T14:12:20+05:30,2026-09-08T08:56:55+05:30
Philips,Philips Stanchion Track light,Track light,"30W, Brand_Philips, Categories_Regular Track lights, IndependenceDay_Sale, junesale, Magnetic Track Lighting, Origin_India, Price_INR 1001- 2000, product_Track Lights",philips-stanchion-track-light,https://in.shop.lighting.philips.com/products/philips-stanchion-track-light,2863.0,2863.0,Title,Default Title :: SKU=919215851044 :: ₹2863.00,4,https://cdn.shopify.com/s/files/1/0563/0532/0126/files/PhilipsStanchionTracklight1.png?v=1747311873 | https://cdn.shopify.com/s/files/1/0563/0532/0126/files/Tracklight.jpg?v=1747311873 | https://cdn.shopify.com/s/files/1/0563/0532/0126/files/7_Tracklight.jpg?v=1747311873 | https://cdn.shopify.com/s/files/1/0563/0532/0126/files/ExtendedwarrantywithSignifyDigiShield_df076dce-76c6-4cce-90db-4047e9452bed.png?v=1769857566,2023-09-17T20:03:55+05:30,2026-09-08T08:56:55+05:30
Philips,Philips Stanchion GU10 Track light,Track light,"Brand_Philips, Categories_Regular Track lights, Magnetic Track Lighting, Origin_India, Price_INR 1001- 2000, product_Track Lights",philips-stanchion-track-light-gu10,https://in.shop.lighting.philips.com/products/philips-stanchion-track-light-gu10,1754.0,1754.0,Title,Default Title :: SKU=919215850733 :: ₹1754.00,2,https://cdn.shopify.com/s/files/1/0563/0532/0126/files/PhilipsStanchionGU10Tracklight-1.png?v=1747311874 | https://cdn.shopify.com/s/files/1/0563/0532/0126/files/ExtendedwarrantywithSignifyDigiShield_9b6c5628-3173-4fa6-b238-582212c22bc3.png?v=1769857647,2023-09-17T20:03:53+05:30,2026-09-08T08:56:55+05:30
Philips,Philips Wi-Fi Tunable White LED Track Light,Track light,"Categories_Track, Categories_Track Light, LED Track Light, Magnetic Track Lighting, Magnetic track lights, monsoon_mega_sale, Origin_India, Price_INR 4001- 5000, product_Track light, product_Track Lights, track_type_LED_fixtures",philips-wi-fi-tunable-white-led-track-light,https://in.shop.lighting.philips.com/products/philips-wi-fi-tunable-white-led-track-light,4590.0,5490.0,Wattage,15W :: SKU=929004240101 :: ₹4590.00 | 20W :: SKU=929004240201 :: ₹5490.00,5,https://cdn.shopify.com/s/files/1/0563/0532/0126/files/Artboard1_122c0b4a-be8a-4035-ad97-27dfcf383133.png?v=1769857378 | https://cdn.shopify.com/s/files/1/0563/0532/0126/files/Artboard2_4a849fc6-bf70-4f18-a7f7-60918b9e4fea.png?v=1769857378 | https://cdn.shopify.com/s/files/1/0563/0532/0126/files/Artboard5_deb9ea22-0494-4744-941d-453b74c87c5b.png?v=1769857378 | https://cdn.shopify.com/s/files/1/0563/0532/0126/files/Artboard4_1e95fd01-f279-4be2-8a85-710f299a76e8.png?v=1769857378 | https://cdn.shopify.com/s/files/1/0563/0532/0126/files/ExtendedwarrantywithSignifyDigiShield_38e0f535-b838-4613-af17-e58b9f47eb59.png?v=1769857478,2026-01-29T13:36:46+05:30,2026-09-08T08:56:55+05:30
Philips,Philips Ornate Table lamps,table lamp,"Brand_Philips, Categories_All, Categories_Table Lamps, festive_2024, main_table Lamps, Origin_India, Price_INR 2001- 3000, product_Table lamp, room_Bed Room, room_Living Room, table_lamp_for_living_room",philips-ornate-table-lamps,https://in.shop.lighting.philips.com/products/philips-ornate-table-lamps,3587.0,3587.0,Body Color,Natural Wood Finish :: SKU=919215851036 :: ₹3587.00,9,https://cdn.shopify.com/s/files/1/0563/0532/0126/files/Ornate_1.png?v=1747311739 | https://cdn.shopify.com/s/files/1/0563/0532/0126/files/Artboard2_5264aa90-4cde-450e-bb3a-e51dbf076461.png?v=1781172827 | https://cdn.shopify.com/s/files/1/0563/0532/0126/files/Artboard3_fedb1c45-bc3b-4839-9421-a882eafaa418.png?v=1781172828 | https://cdn.shopify.com/s/files/1/0563/0532/0126/files/Artboard4_3941b823-43ba-46b5-b39f-47f2456e6418.png?v=1781172828 | https://cdn.shopify.com/s/files/1/0563/0532/0126/files/Artboard5_017d3e22-4924-44d9-a2b8-cbb61f5dd28b.png?v=1781172829 | https://cdn.shopify.com/s/files/1/0563/0532/0126/files/Artboard6_e324ebb4-f66d-4dd9-bec4-88edb9f394cf.png?v=1781172828 | https://cdn.shopify.com/s/files/1/0563/0532/0126/files/Artboard7_f350d278-6dc7-4d1f-b767-22767d8d5a47.png?v=1781172828 | https://cdn.shopify.com/s/files/1/0563/0532/0126/files/Artboard1_ab2a5f95-c17d-4ce3-a1e7-324ee874382e.png?v=1781172828 | https://cdn.shopify.com/s/files/1/0563/0532/0126/files/ExtendedwarrantywithSignifyDigiShield_b1cf5dba-4fc1-4b73-bb91-8994a3af8915.png?v=1769857054,2023-10-08T09:11:28+05:30,2026-09-08T08:56:55+05:30
Philips,Philips Striker Table Lamp,table lamp,"Brand_Philips, Categories_All, Categories_Table Lamps, festive_2024, main_table Lamps, Origin_India, Price_INR 1001- 2000, product_Table lamp, Republic_Day_Sale_2025, room_Bed Room, room_Living Room",philips-striker-table-lamp,https://in.shop.lighting.philips.com/products/philips-striker-table-lamp,1299.0,1299.0,Title,Default Title :: SKU=919215850857 :: ₹1299.00,2,https://cdn.shopify.com/s/files/1/0563/0532/0126/files/Striker_Table_Lamp_1.png?v=1747311737 | https://cdn.shopify.com/s/files/1/0563/0532/0126/files/ExtendedwarrantywithSignifyDigiShield_f5e32910-d836-4e36-9b44-35e822f94f09.png?v=1769856975,2023-10-08T09:11:30+05:30,2026-09-08T08:56:55+05:30
Philips,Philips Smart WiFi Esquire table lamp (Wiz Connected),table lamp,"Brand_Philips, Categories_All, categories_smart, Categories_Table Lamps, festive_2024, ipl2025, monsoon_mega_sale, Origin_China, Price_INR 4001- INR 5000, product_Smart lights, product_Table lamp, Republic_Day_Sale_2025, sale, table_lamp_for_living_room",philips-smart-wifi-squire-table-lamp-wiz-connected,https://in.shop.lighting.philips.com/products/philips-smart-wifi-squire-table-lamp-wiz-connected,5290.0,5290.0,Color,16 Million Colors :: SKU=929003514801 :: ₹5290.00,7,https://cdn.shopify.com/s/files/1/0563/0532/0126/files/Squire_c55b3e52-3f06-4d55-b194-6a3c93303a97.png?v=1747311647 | https://cdn.shopify.com/s/files/1/0563/0532/0126/files/squire-1-PhotoRoom.png?v=1747311647 | https://cdn.shopify.com/s/files/1/0563/0532/0126/files/squire-2.png?v=1747311647 | https://cdn.shopify.com/s/files/1/0563/0532/0126/files/squire-3.png?v=1747311647 | https://cdn.shopify.com/s/files/1/0563/0532/0126/files/squire-4.png?v=1747311647 | https://cdn.shopify.com/s/files/1/0563/0532/0126/files/squire-5.png?v=1747311647 | https://cdn.shopify.com/s/files/1/0563/0532/0126/files/ExtendedwarrantywithSignifyDigiShield_51de6ac8-c557-4cff-88bc-37bce497d222.png?v=1769856786,2023-11-08T14:59:56+05:30,2026-09-08T08:56:55+05:30
Philips,Philips Smart WiFi LED Hero Desk lamp (Wiz Connected),table lamp,"Brand_Philips, Categories_All, Categories_desk Lamp, categories_smart, Categories_Table Lamps, ipl2025, junesale, main_table Lamps, monsoon_mega_sale, Origin_China, Price_INR 4001- 5000, product_Smart lights, product_Table lamp, Republic_Day_Sale_2025, table_lamp_for_living_room",philips-smart-wifi-led-hero-desk-lamp,https://in.shop.lighting.philips.com/products/philips-smart-wifi-led-hero-desk-lamp,5690.0,5690.0,Color,16 Million Colors :: SKU=929003514701 :: ₹5690.00,9,https://cdn.shopify.com/s/files/1/0563/0532/0126/files/Hero-1-PhotoRoom.png?v=1747311648 | https://cdn.shopify.com/s/files/1/0563/0532/0126/files/929003514701.png?v=1747311648 | https://cdn.shopify.com/s/files/1/0563/0532/0126/files/Hero-1.jpg?v=1747311649 | https://cdn.shopify.com/s/files/1/0563/0532/0126/files/hero-3.png?v=1747311649 | https://cdn.shopify.com/s/files/1/0563/0532/0126/files/Hero-2.png?v=1747311649 | https://cdn.shopify.com/s/files/1/0563/0532/0126/files/Hero-4.png?v=1747311649 | https://cdn.shopify.com/s/files/1/0563/0532/0126/files/hero-5.png?v=1747311649 | https://cdn.shopify.com/s/files/1/0563/0532/0126/files/Hero-6.png?v=1747311649 | https://cdn.shopify.com/s/files/1/0563/0532/0126/files/ExtendedwarrantywithSignifyDigiShield_c733220e-282e-4884-ad56-02c8500b09a8.png?v=1769856895,2023-11-08T14:40:17+05:30,2026-09-08T08:56:55+05:30
Philips,Philips Icicle Table Lamp,table lamp,"Brand_Philips, Categories_All, Categories_Decorative light, Categories_Table Lamps, decorative_lights_suggested, living-room-table-lamp, main_table Lamps, Origin_China, product_Table lamp, room_Bed Room, room_Dining Room, room_Living Room, table_lamp_for_living_room",philips-icicle-table-lamp,https://in.shop.lighting.philips.com/products/philips-icicle-table-lamp,14388.0,14388.0,Body color,French Gold with Painted Frozen Gold Finish :: SKU=919215851451 :: ₹14388.00,7,https://cdn.shopify.com/s/files/1/0563/0532/0126/files/Artboard2_a2912994-e2d0-4115-ac8d-d2ca91e916d5.jpg?v=1769856694 | https://cdn.shopify.com/s/files/1/0563/0532/0126/files/Artboard3_752e7229-961e-4614-9b94-402af961d419.png?v=1781170845 | https://cdn.shopify.com/s/files/1/0563/0532/0126/files/Artboard4_d748e4c0-d715-4fc0-a3da-43f4ccb85709.png?v=1781170844 | https://cdn.shopify.com/s/files/1/0563/0532/0126/files/Artboard5_f29af70e-7982-4da8-8f6a-0e6af353b8be.png?v=1781170844 | https://cdn.shopify.com/s/files/1/0563/0532/0126/files/Artboard1_76010468-3182-4e80-9458-68cbf0dfbd57.png?v=1781170844 | https://cdn.shopify.com/s/files/1/0563/0532/0126/files/Artboard2_eaf2b37d-22a9-4481-9aeb-589de65d5aa8.png?v=1781170844 | https://cdn.shopify.com/s/files/1/0563/0532/0126/files/ExtendedwarrantywithSignifyDigiShield_f84f67d0-f0c0-439f-86dd-dc4a860f746c.png?v=1769856709,2026-01-29T13:37:15+05:30,2026-09-08T08:56:55+05:30
Philips,Philips Ceramique 3 Head Table Lamp,table lamp,"Categories_Decorative light, Categories_Table Lamps, categories_tablelamps, crystal-table-lamp, crystal_table_lamp, living-room-table-lamp, main_table Lamps, New-Arrival, new_arrivals, New_launch, Newly added, Origin_China, price_OVER INR 5000, product_Table lamp, table_lamp_for_living_room",philips-ceramique-3-head-table-lamp,https://in.shop.lighting.philips.com/products/philips-ceramique-3-head-table-lamp,23852.0,23852.0,Title,Default Title :: SKU=919215851459 :: ₹23852.00,4,https://cdn.shopify.com/s/files/1/0563/0532/0126/files/2_99cd6759-4fc7-430b-87f8-507d9108154c.png?v=1769856622 | https://cdn.shopify.com/s/files/1/0563/0532/0126/files/Nonlit_0f98213c-9d39-4874-bc4d-9968334d2f4f.png?v=1769856622 | https://cdn.shopify.com/s/files/1/0563/0532/0126/files/1_0ae2a49c-cd66-485c-8d98-c88d481a847d.png?v=1769856622 | https://cdn.shopify.com/s/files/1/0563/0532/0126/files/ExtendedwarrantywithSignifyDigiShield_5a609185-443f-44cb-a575-dc4641af0424.png?v=1769856622,2026-01-29T13:35:36+05:30,2026-09-08T08:56:55+05:30
Philips,Philips Smart Wifi Thin Trim LED COB light,,"Brand_Philips, Categories_All, Categories_COB Light, categories_smart, cob-lights, monsoon_mega_sale, Origin_India, product_Smart lights, room_Bed Room, room_Dining Room, room_Living Room, room_Study Room",philips-smart-wifi-thin-trim-led-cob-light,https://in.shop.lighting.philips.com/products/philips-smart-wifi-thin-trim-led-cob-light,3450.0,3850.0,"Wattage, Light color",10W/tunable-white :: SKU=929003667301 :: ₹3450.00 | 15W/tunable-white :: SKU=929003667401 :: ₹3850.00,3,https://cdn.shopify.com/s/files/1/0563/0532/0126/files/Wiz-ThinTrimCOB-1-PhotoRoom_de6be1d6-8171-4eb2-905a-81e2cfce9d79.png?v=1747311714 | https://cdn.shopify.com/s/files/1/0563/0532/0126/files/ThinTrimCOB-3_37a76436-c007-48d9-9e38-a05f8a9d0142.png?v=1747311714 | https://cdn.shopify.com/s/files/1/0563/0532/0126/files/ExtendedwarrantywithSignifyDigiShield_462bbe07-ed82-423b-985f-f0db834669c7.png?v=1769855811,2023-10-08T21:01:11+05:30,2026-09-08T08:56:55+05:30
Philips,Philips Smart WiFi LED Strip light,Smart light,"bedroom_lights_suggested, Brand_Philips, Categories_All, Categories_Light Strip, categories_smart, Categories_Strip Light, IndependenceDay_Sale, junesale, kitchen_lights, main_light Strips, monsoon_mega_sale, Origin_India, price_OVER INR 5000, product_Light strips, product_Smart lights, room_Bed Room, room_Living Room",philips-smart-wifi-led-strip-light,https://in.shop.lighting.philips.com/products/philips-smart-wifi-led-strip-light,8101.0,8101.0,Title,Default Title :: SKU=929003575901 :: ₹8101.00,2,https://cdn.shopify.com/s/files/1/0563/0532/0126/files/929003575901_ae6350ae-6504-4a51-a278-615cc3e80498.png?v=1769855639 | https://cdn.shopify.com/s/files/1/0563/0532/0126/files/ExtendedwarrantywithSignifyDigiShield_a6a49409-a401-45fc-8052-165ae61c87c3.png?v=1769855663,2026-01-29T13:41:06+05:30,2026-09-08T08:56:55+05:30
Philips,Philips Linear LED Light,strip light,"bathroom_lights_suggested, Brand_Philips, Categories_Cabinet Light, junesale, kitchen_lights, Kitchen_lights_suggested, Origin_India, Price_Less than INR 1000, Republic_Day_Sale_2025",philips-linear-led-light,https://in.shop.lighting.philips.com/products/philips-linear-led-light,411.0,627.0,"Wattage, Color",6W/Warm White :: SKU=929003565001 :: ₹411.00 | 6W/Natural White :: SKU=929003565101 :: ₹411.00 | 12W/Warm White :: SKU=929003565301 :: ₹627.00 | 12W/Natural White :: SKU=929003565401 :: ₹627.00,8,https://cdn.shopify.com/s/files/1/0563/0532/0126/files/PhilipsLinearLEDLight.png?v=1747311691 | https://cdn.shopify.com/s/files/1/0563/0532/0126/files/2_ab669d91-fa72-4c2c-998e-b2fdc5c2141c.jpg?v=1747311691 | https://cdn.shopify.com/s/files/1/0563/0532/0126/files/3_7d322535-16e1-4dfd-b142-55524a6d060f.jpg?v=1747311691 | https://cdn.shopify.com/s/files/1/0563/0532/0126/files/3_57429d39-f681-401b-8e04-27d79d5afaf3.jpg?v=1747311691 | https://cdn.shopify.com/s/files/1/0563/0532/0126/files/3_f3976650-ea1c-421c-9777-1d866c2b7b6d.jpg?v=1747311691 | https://cdn.shopify.com/s/files/1/0563/0532/0126/files/4_bacd1344-1646-4f4a-9fbb-53e4bef9e4d3.jpg?v=1747311692 | https://cdn.shopify.com/s/files/1/0563/0532/0126/files/5_d788d464-dcc5-4bed-acae-e48a2e4e464f.jpg?v=1747311692 | https://cdn.shopify.com/s/files/1/0563/0532/0126/files/ExtendedwarrantywithSignifyDigiShield_40c9e989-0301-4c95-8e0b-aef3f81f58ed.png?v=1769855551,2023-10-13T22:58:54+05:30,2026-09-08T08:56:55+05:30
Philips,Philips Cove Glow LED Strip light,strip light,"bedroom_lights_suggested, Brand_Philips, Categories_Strip Light, junesale, kitchen_lights, Kitchen_lights_suggested, monsoon_mega_sale, Origin_India, Price_Less than INR 1000, product_Light strips, room_Bed Room, room_Dining Room, room_Living Room",philips-cove-glow-led-strip-light,https://in.shop.lighting.philips.com/products/philips-cove-glow-led-strip-light,573.0,573.0,"Wattage, Color",25W/Warm White :: SKU=929001957203 :: ₹573.00,7,https://cdn.shopify.com/s/files/1/0563/0532/0126/files/PhilipsCoveGlowLEDStriplight.png?v=1747311690 | https://cdn.shopify.com/s/files/1/0563/0532/0126/files/CoveGlow-2.png?v=1747311690 | https://cdn.shopify.com/s/files/1/0563/0532/0126/files/CoveGlow-3.png?v=1747311690 | https://cdn.shopify.com/s/files/1/0563/0532/0126/files/CoveGlow-4.png?v=1747311690 | https://cdn.shopify.com/s/files/1/0563/0532/0126/files/CoveGlow-5.png?v=1747311690 | https://cdn.shopify.com/s/files/1/0563/0532/0126/files/CoveGlow-6.png?v=1747311690 | https://cdn.shopify.com/s/files/1/0563/0532/0126/files/ExtendedwarrantywithSignifyDigiShield_3ecd8dbf-45eb-4bf8-9d0b-33dd8e906fd9.png?v=1769855440,2023-10-13T22:58:56+05:30,2026-09-08T08:56:55+05:30
Philips,Philips Gaze Table Lamp,table lamp,"categories_table-lamps, categories_tablelamps, living-room-table-lamp, main_table Lamps, Origin_China, price_OVER INR 5000, product_Table lamp",philips-gaze-table-lamp,https://in.shop.lighting.philips.com/products/philips-gaze-table-lamp,10762.0,10762.0,Title,Default Title :: SKU=919215851465 :: ₹10762.00,7,https://cdn.shopify.com/s/files/1/0563/0532/0126/files/Nonlit_3c3c5cc1-753a-4f79-bdd1-c0b6957f60b0.png?v=1769856168 | https://cdn.shopify.com/s/files/1/0563/0532/0126/files/2_a1db39cb-909c-4d4e-9eb4-8abf8af3d94c.png?v=1781172434 | https://cdn.shopify.com/s/files/1/0563/0532/0126/files/3_83209eae-da50-4bb7-b65c-4cd8bd98d24e.png?v=1781172434 | https://cdn.shopify.com/s/files/1/0563/0532/0126/files/4_155161c6-8bde-4a13-ab3c-8c5916871ead.png?v=1781172434 | https://cdn.shopify.com/s/files/1/0563/0532/0126/files/5_37c132ab-cd12-4fc5-aa50-98a45d299f45.png?v=1781172434 | https://cdn.shopify.com/s/files/1/0563/0532/0126/files/ExtendedwarrantywithSignifyDigiShield_04ded6d0-1cb4-4680-9588-515cf58d4caa.png?v=1769856133 | https://cdn.shopify.com/s/files/1/0563/0532/0126/files/1_069f0b6a-5645-4647-85d7-8634035921dd.png?v=1781172434,2026-01-29T13:35:27+05:30,2026-09-08T08:56:55+05:30
Philips,Philips EvenGlow LED Strip light,strip light,"2025holisale, Brand_Philips, Categories_Strip Light, independencesale, junesale, kitchen_lights, monsoon_mega_sale, monsoon_sale, Origin_India, Price_Less than INR 1000, product_Light strips, room_Bed Room, room_Dining Room, room_Living Room",philips-evenglow-led-strip-light,https://in.shop.lighting.philips.com/products/philips-evenglow-led-strip-light,795.0,795.0,Title,Default Title :: SKU=929003605601 :: ₹795.00,12,https://cdn.shopify.com/s/files/1/0563/0532/0126/files/PhilipsEvenGlowLEDStriplightcopy3.png?v=1747311686 | https://cdn.shopify.com/s/files/1/0563/0532/0126/files/PhilipsEvenGlowLEDStriplightcopy.png?v=1747311686 | https://cdn.shopify.com/s/files/1/0563/0532/0126/files/Artboard_2_0f03a8ff-69cf-422f-b052-f1c054d2c13e.png?v=1747311686 | https://cdn.shopify.com/s/files/1/0563/0532/0126/files/Artboard_3_12c49fc8-d4de-40e3-b762-9b52738d824e.png?v=1747311686 | https://cdn.shopify.com/s/files/1/0563/0532/0126/files/Artboard_4_e1bd4a56-f6e2-44d7-825d-c85fccd59ec2.png?v=1747311686 | https://cdn.shopify.com/s/files/1/0563/0532/0126/files/Artboard_5_d2061d62-7617-422b-8a8d-22b66786c835.png?v=1747311686 | https://cdn.shopify.com/s/files/1/0563/0532/0126/files/EvenGlow-6.png?v=1747311686 | https://cdn.shopify.com/s/files/1/0563/0532/0126/files/EvenGlow-4.png?v=1747311686 | https://cdn.shopify.com/s/files/1/0563/0532/0126/files/Artboard_6_72c4c50b-8384-43da-889a-c25bde10690a.png?v=1747311686 | https://cdn.shopify.com/s/files/1/0563/0532/0126/files/PhilipsEvenGlowLEDStriplightcopy2.png?v=1747311686 | https://cdn.shopify.com/s/files/1/0563/0532/0126/files/PhilipsEvenGlowLEDStriplight.png?v=1747311686 | https://cdn.shopify.com/s/files/1/0563/0532/0126/files/ExtendedwarrantywithSignifyDigiShield_b41f71d7-39c7-4a7a-9c86-1e9c3912d5da.png?v=1769855267,2023-10-13T22:58:58+05:30,2026-09-08T08:56:55+05:30
Philips,Philips Profile Shine LED Strip light,strip light,"Brand_Philips, Categories_Strip Light, junesale, monsoon_mega_sale, Origin_India, Price_INR 1001- 2000, product_Light strips, room_Bed Room, room_Dining Room, room_Living Room",philips-profile-shine-led-strip-light,https://in.shop.lighting.philips.com/products/philips-profile-shine-led-strip-light,1294.0,1294.0,Light color,Cool day light :: SKU=929003591801 :: ₹1294.00,7,https://cdn.shopify.com/s/files/1/0563/0532/0126/files/Artboard1_f979dbac-acc5-4458-9826-772fa77c5b02.png?v=1747725399 | https://cdn.shopify.com/s/files/1/0563/0532/0126/files/Artboard2_b30e85a0-486c-4873-82c5-e91cfe563f04.png?v=1747725401 | https://cdn.shopify.com/s/files/1/0563/0532/0126/files/Artboard3_68d1f902-acc8-4b3e-b3ef-c675ccc8504d.png?v=1747725404 | https://cdn.shopify.com/s/files/1/0563/0532/0126/files/Artboard4_bb6fa437-7d95-4ae8-bf08-e615ab3ac0e9.png?v=1747725405 | https://cdn.shopify.com/s/files/1/0563/0532/0126/files/Artboard5_45e8afcc-1906-4484-838a-1c5bdd073bde.png?v=1747725408 | https://cdn.shopify.com/s/files/1/0563/0532/0126/files/Artboard6_30f93b1c-a0fe-43e8-8939-24fc947d8e82.png?v=1747725410 | https://cdn.shopify.com/s/files/1/0563/0532/0126/files/ExtendedwarrantywithSignifyDigiShield_e98d448a-e10f-4515-950e-684d16ec0042.png?v=1769855359,2023-10-13T22:58:57+05:30,2026-09-08T08:56:55+05:30
Philips,"Philips Marathon LED Rope light (72 LEDs, 50 meter)",Rope Light,"2025holisale, Brand_Philips, Categories_Rope Light, Festive-Offer, Origin_India, outdoor_lights_suggested, price_OVER INR 5000, product_Light strips, room_Living Room",philips-marathon-led-rope-light,https://in.shop.lighting.philips.com/products/philips-marathon-led-rope-light,5538.0,5538.0,"Watt, Color",6W/Warm White :: SKU=929001957276 :: ₹5538.00,8,https://cdn.shopify.com/s/files/1/0563/0532/0126/files/Artboard_1_5e651c88-798a-4bac-b248-a6518e9afbab.png?v=1769854948 | https://cdn.shopify.com/s/files/1/0563/0532/0126/files/Marathon6W_5bcfb490-42f9-4f78-afdb-3e3d4fcb319a.png?v=1769854948 | https://cdn.shopify.com/s/files/1/0563/0532/0126/files/Artboard_6_74d4c626-d3b5-4573-b129-63b5bf790115.png?v=1769854949 | https://cdn.shopify.com/s/files/1/0563/0532/0126/files/Artboard_5_bb0f5c54-35d4-4e5b-9035-366dae74a0cf.png?v=1769854949 | https://cdn.shopify.com/s/files/1/0563/0532/0126/files/Artboard_4_71abb9d3-2a6c-48dd-9e4f-70e41516d0a2.png?v=1769854948 | https://cdn.shopify.com/s/files/1/0563/0532/0126/files/Artboard_3_9ffa63c8-94a3-4897-b9ff-7731df784589.png?v=1769854948 | https://cdn.shopify.com/s/files/1/0563/0532/0126/files/Artboard_2_291ccdab-8bc6-4127-a346-ad4082d8da4f.png?v=1769854948 | https://cdn.shopify.com/s/files/1/0563/0532/0126/files/ExtendedwarrantywithSignifyDigiShield_a19703c0-4403-4c8f-9aa7-ef832e955a98.png?v=1769854959,2026-01-29T13:40:46+05:30,2026-09-08T08:56:55+05:30
Philips,Philips Color Magic LED Strip light,strip light,"Brand_Philips, Categories_Strip Light, clearance_sale, kitchen_lights, Origin_India, Price_INR 1001- 2000, product_Light strips, room_Bed Room, room_Dining Room, room_Living Room",philips-colour-magic-led-strip-light,https://in.shop.lighting.philips.com/products/philips-colour-magic-led-strip-light,900.0,900.0,Title,Default Title :: SKU=929003081701 :: ₹900.00,8,https://cdn.shopify.com/s/files/1/0563/0532/0126/files/PhilipsColorMagicLEDStriplight_2colorsin1lightstrip.png?v=1747311684 | https://cdn.shopify.com/s/files/1/0563/0532/0126/files/PhilipsColorMagicLEDStriplight_2colorsin1lightstrip_copy.png?v=1747311684 | https://cdn.shopify.com/s/files/1/0563/0532/0126/files/ColorMagic-7_44a55bbd-27ed-42a3-a2e7-142fb95a8040.png?v=1747311684 | https://cdn.shopify.com/s/files/1/0563/0532/0126/files/ColorMagic-2_b9d434d6-4821-455d-b91d-25e7d3f2b89a.png?v=1747311684 | https://cdn.shopify.com/s/files/1/0563/0532/0126/files/ColorMagic-3_951c98c2-40a1-460d-981e-7d7fd52922f0.png?v=1747311684 | https://cdn.shopify.com/s/files/1/0563/0532/0126/files/ColorMagic-4_b160da39-ec9c-4b9a-bdf4-bef281c05091.png?v=1747311685 | https://cdn.shopify.com/s/files/1/0563/0532/0126/files/ColorMagic-5_39b6032c-660a-4c31-8b37-567c7f5d7f4b.png?v=1747311685 | https://cdn.shopify.com/s/files/1/0563/0532/0126/files/ColorMagic-6_e3af2c2f-2452-4f4d-867f-5b04ea28a3d1.png?v=1747311685,2023-10-13T22:58:59+05:30,2026-09-08T08:56:55+05:30
Philips,"Philips Mini Marathon LED Rope light (72 LEDs, 20 meter)",Rope Light,"Brand_Philips, Categories_Rope Light, clearance_sale, Festive-Offer, Origin_India, outdoor_lights_suggested, Price_INR 2001- 3000, product_Light strips, room_Living Room",philips-mini-marathon-led-rope-light,https://in.shop.lighting.philips.com/products/philips-mini-marathon-led-rope-light,1095.0,2378.0,Color,Warm White :: SKU=929003159401 :: ₹2378.00 | Red :: SKU=929003159601 :: ₹1095.00 | Green :: SKU=929003159701 :: ₹2378.00,5,https://cdn.shopify.com/s/files/1/0563/0532/0126/files/929003159601.png?v=1784718137 | https://cdn.shopify.com/s/files/1/0563/0532/0126/files/MiniMarathon-2.jpg?v=1769854392 | https://cdn.shopify.com/s/files/1/0563/0532/0126/files/61IQZ8XSvzL._SL1500.jpg?v=1786519670 | https://cdn.shopify.com/s/files/1/0563/0532/0126/files/7143iLrfCzL._SL1254.jpg?v=1785407399 | https://cdn.shopify.com/s/files/1/0563/0532/0126/files/ExtendedwarrantywithSignifyDigiShield_686d513f-0273-40dd-917b-ddfec168e59e.png?v=1769854399,2026-01-29T13:40:44+05:30,2026-09-08T08:56:55+05:30
Philips,Philips Color Magic LED Strip light (Tunable White),strip light,"Brand_Philips, Categories_Strip Light, Origin_India, Price_INR 2001- 3000, product_Light strips, Republic_Day_Sale_2025, room_Bed Room, room_Dining Room, room_Living Room",philips-color-magic-led-strip-light,https://in.shop.lighting.philips.com/products/philips-color-magic-led-strip-light,2737.0,2737.0,Color,Tunable white :: SKU=929003514001 :: ₹2737.00,6,https://cdn.shopify.com/s/files/1/0563/0532/0126/files/ColorMagic3in1-1-PhotoRoom.png?v=1747311677 | https://cdn.shopify.com/s/files/1/0563/0532/0126/files/ColorMagic3in1-2-PhotoRoom.png?v=1747311677 | https://cdn.shopify.com/s/files/1/0563/0532/0126/files/ColorMagic3in1-2.png?v=1747311677 | https://cdn.shopify.com/s/files/1/0563/0532/0126/files/colormagic3in1-3.png?v=1747311677 | https://cdn.shopify.com/s/files/1/0563/0532/0126/files/LineaBright-5-PhotoRoom_a8dbc49a-d1fa-4f6b-8caa-695376e295a9.png?v=1747311677 | https://cdn.shopify.com/s/files/1/0563/0532/0126/files/ExtendedwarrantywithSignifyDigiShield_73ce6425-8d2f-4e9f-b451-52097da4aaf8.png?v=1769853780,2023-10-13T22:59:04+05:30,2026-09-08T08:56:55+05:30
Philips,Philips Marathon Ultra LED Rope light,strip light,"2025holisale, Brand_Philips, Categories_Rope Light, Origin_India, outdoor_lights_suggested, price_OVER INR 5000, product_Light strips, Republic_Day_Sale_2025, room_Living Room",philips-marathon-ultra-led-rope-light,https://in.shop.lighting.philips.com/products/philips-marathon-ultra-led-rope-light,5980.0,5980.0,Color,Warm White :: SKU=929003159101 :: ₹5980.00 | Blue :: SKU=929003159301 :: ₹5980.00,10,https://cdn.shopify.com/s/files/1/0563/0532/0126/files/5136Er1A9GL._SX679.jpg?v=1748327985 | https://cdn.shopify.com/s/files/1/0563/0532/0126/files/Artboard3_178c01d0-d65e-4d98-be0c-8efa27593034.png?v=1748327985 | https://cdn.shopify.com/s/files/1/0563/0532/0126/files/Marathon-2_44e415fb-0012-4713-9f35-9febf2ed29eb.png?v=1748327985 | https://cdn.shopify.com/s/files/1/0563/0532/0126/files/Artboard4_1b6a501d-f638-4137-8fb2-403c4cee306f.png?v=1748327985 | https://cdn.shopify.com/s/files/1/0563/0532/0126/files/Artboard5_a32524cd-ff17-4265-99ea-35df8fd2db2f.png?v=1748327985 | https://cdn.shopify.com/s/files/1/0563/0532/0126/files/Artboard6_1460e818-8b8e-4a1d-bf58-fb67b9483cb7.png?v=1748327985 | https://cdn.shopify.com/s/files/1/0563/0532/0126/files/MarathonUltra-4.png?v=1748327985 | https://cdn.shopify.com/s/files/1/0563/0532/0126/files/61mj7ltQB3L._SL1200.jpg?v=1748328169 | https://cdn.shopify.com/s/files/1/0563/0532/0126/files/61ZW-NMjuEL._SL1200.jpg?v=1748328177 | https://cdn.shopify.com/s/files/1/0563/0532/0126/files/ExtendedwarrantywithSignifyDigiShield_9fa569e4-7cd5-4356-b951-22eb7c531c25.png?v=1769853851,2023-10-13T22:59:02+05:30,2026-09-08T08:56:55+05:30
Philips,Philips Sky Cove LED Strip light,strip light,"Brand_Philips, Categories_Strip Light, Origin_India, Price_INR 1001- 2000, product_Light strips, room_Bed Room, room_Dining Room, room_Living Room",philips-sky-cove-led-strip-light,https://in.shop.lighting.philips.com/products/philips-sky-cove-led-strip-light,892.0,892.0,Title,Default Title :: SKU=929003701501 :: ₹892.00,7,https://cdn.shopify.com/s/files/1/0563/0532/0126/files/Artboard1_2223f804-aa26-4da1-9476-c4d211884866.png?v=1747311674 | https://cdn.shopify.com/s/files/1/0563/0532/0126/files/Artboard2_68cc3fd3-9e0d-4350-955c-bf7e9fa6c7df.png?v=1747311674 | https://cdn.shopify.com/s/files/1/0563/0532/0126/files/Artboard3_1d9e14f2-433d-4b50-bbfc-6f654e0f6643.png?v=1747311674 | https://cdn.shopify.com/s/files/1/0563/0532/0126/files/Artboard7_9ca9927e-a2a3-46f9-aa4b-fef228b09e35.png?v=1747311674 | https://cdn.shopify.com/s/files/1/0563/0532/0126/files/Artboard4_71e12200-4011-4d11-9bc9-bfeab5677e02.png?v=1747311674 | https://cdn.shopify.com/s/files/1/0563/0532/0126/files/Artboard5_02496bb8-1cdb-4728-9bd0-affa823162dc.png?v=1747311674 | https://cdn.shopify.com/s/files/1/0563/0532/0126/files/Artboard6_3e141388-d4ff-4a98-bb8d-40ab3c639d97.png?v=1747311674,2023-10-13T22:59:06+05:30,2026-09-08T08:56:55+05:30
Philips,Philips Slim Edge LED Profile Strip light,strip light,"Brand_Philips, Categories_Strip Light, independencesale, junesale, kitchen_lights, monsoon_mega_sale, Origin_India, Price_INR 1001- 2000, product_Light strips, room_Bed Room, room_Dining Room, room_Living Room",philips-slim-edge-led-profile-strip-light,https://in.shop.lighting.philips.com/products/philips-slim-edge-led-profile-strip-light,1810.0,1810.0,Color,Warm White :: SKU=929003514101 :: ₹1810.00 | Natural White :: SKU=929003514201 :: ₹1810.00,6,https://cdn.shopify.com/s/files/1/0563/0532/0126/files/929003514101.png?v=1784718038 | https://cdn.shopify.com/s/files/1/0563/0532/0126/files/PhilipsSlimEdgeLEDProfileStriplightcopy.png?v=1747311675 | https://cdn.shopify.com/s/files/1/0563/0532/0126/files/SlimEdge-3.png?v=1747311675 | https://cdn.shopify.com/s/files/1/0563/0532/0126/files/Slimedge-7.png?v=1747311675 | https://cdn.shopify.com/s/files/1/0563/0532/0126/files/PhilipsSlimEdgeLEDProfileStriplightcopy2.png?v=1747311676 | https://cdn.shopify.com/s/files/1/0563/0532/0126/files/ExtendedwarrantywithSignifyDigiShield_865c64e5-2117-4ed3-9464-4787c0aca938.png?v=1769853718,2023-10-13T22:59:05+05:30,2026-09-08T08:56:55+05:30
Philips,Philips Smart Wi-Fi LED DIY TV Strip,Light Strip,"bestsellerQ2, Brand_Philips, Categories_All, Categories_Light Strip, categories_smart, Categories_Strip Light, Collection_Smart light strip, main_light Strips, monsoon_mega_sale, Origin_India, Price_INR 2001- 3000, Product_Light Strip, product_Light strips, product_Smart lights",philips-smart-wi-fi-led-diy-tv-strip,https://in.shop.lighting.philips.com/products/philips-smart-wi-fi-led-diy-tv-strip,2790.0,5490.0,Size,43 inch :: SKU=929004238301 :: ₹2790.00 | 55 inch :: SKU=929004238401 :: ₹4490.00 | 65 inch :: SKU=929004238501 :: ₹5490.00,5,https://cdn.shopify.com/s/files/1/0563/0532/0126/files/Artboard1_7590d05e-efe2-43cf-8ff4-4e147f86968d.png?v=1769853113 | https://cdn.shopify.com/s/files/1/0563/0532/0126/files/Artboard5_dce06433-abc8-4a32-bae1-a4cea6dbe4f5.png?v=1769853113 | https://cdn.shopify.com/s/files/1/0563/0532/0126/files/Artboard4_6caf0300-26e9-4382-9dcf-d31747c8ec48.png?v=1769853114 | https://cdn.shopify.com/s/files/1/0563/0532/0126/files/Artboard3_27b3b9a8-a23f-47d1-b545-8481a4122434.png?v=1769853113 | https://cdn.shopify.com/s/files/1/0563/0532/0126/files/Artboard2.1_f8834fcc-052c-4a9f-8dc4-f8dd32f29cbf.png?v=1769853114,2026-01-29T13:36:43+05:30,2026-09-08T08:56:55+05:30
Philips,Philips ProGlow Nxt LED strip light,strip light,"Categories_Light Strip, Categories_Strip Light, independencesale, main_light Strips, Origin_India, Price_INR 1001- 2000, Product_Light Strip, product_Light strips",philips-proglow-nxt-led-strip-light,https://in.shop.lighting.philips.com/products/philips-proglow-nxt-led-strip-light,1583.0,1583.0,Light color,Natural white :: SKU=929003592001 :: ₹1583.00 | Warm white :: SKU=929003591901 :: ₹1583.00,6,https://cdn.shopify.com/s/files/1/0563/0532/0126/files/929003591901.jpg?v=1784718096 | https://cdn.shopify.com/s/files/1/0563/0532/0126/files/IMG-20250728-WA0005.jpg?v=1753688053 | https://cdn.shopify.com/s/files/1/0563/0532/0126/files/IMG-20250728-WA0006.jpg?v=1753688053 | https://cdn.shopify.com/s/files/1/0563/0532/0126/files/IMG-20250728-WA0007.jpg?v=1753688053 | https://cdn.shopify.com/s/files/1/0563/0532/0126/files/IMG-20250728-WA0008.jpg?v=1753688053 | https://cdn.shopify.com/s/files/1/0563/0532/0126/files/ExtendedwarrantywithSignifyDigiShield_bd7d2166-a646-41db-b8f8-d073468568d2.png?v=1769852826,2025-07-23T13:59:24+05:30,2026-09-08T08:56:55+05:30
Philips,Philips Smart Wi-Fi LED Strip Light (RGB),strip light,"Brand_Philips, Categories_All, Categories_Light Strip, categories_smart, Categories_Strip Light, main_light Strips, Origin_India, price_OVER INR 5000, Product_Light Strip, product_Light strips, product_Smart lights",philips-smart-wi-fi-led-strip-light-rgb,https://in.shop.lighting.philips.com/products/philips-smart-wi-fi-led-strip-light-rgb,6299.0,6299.0,Title,Default Title :: SKU=929003575801 :: ₹6299.00,6,https://cdn.shopify.com/s/files/1/0563/0532/0126/files/Artboard1_b4f220e2-5ff0-4dbe-a4d0-75da14a89039.png?v=1752055712 | https://cdn.shopify.com/s/files/1/0563/0532/0126/files/Artboard2_29c8fff4-3c93-42da-abb6-e4ad314e6330.png?v=1752055712 | https://cdn.shopify.com/s/files/1/0563/0532/0126/files/Artboard3_f7604c3c-80fd-48fd-b654-bddeaf53e0be.png?v=1752055712 | https://cdn.shopify.com/s/files/1/0563/0532/0126/files/Artboard4_54311c24-2354-4609-b5ec-b5eb122bd525.png?v=1752055712 | https://cdn.shopify.com/s/files/1/0563/0532/0126/files/Artboard5_d90280b2-5827-46ea-9071-05af73b2e6fc.png?v=1752055712 | https://cdn.shopify.com/s/files/1/0563/0532/0126/files/ExtendedwarrantywithSignifyDigiShield_e12c7cce-39ab-4b9f-8746-9f43ffb95117.png?v=1769852979,2025-07-07T16:16:33+05:30,2026-09-08T08:56:55+05:30
Philips,Philips Marathon Rope Light Accessory – Gen 3,strip light,"Brand_Philips, Categories_Accessories, Origin_India, Price_Less than INR 1000, Product_Light Strip, product_Light strips",philips-marathon-rope-light-accessory-gen-3,https://in.shop.lighting.philips.com/products/philips-marathon-rope-light-accessory-gen-3,253.0,253.0,Title,Default Title :: SKU=929002329054 :: ₹253.00,2,https://cdn.shopify.com/s/files/1/0563/0532/0126/files/PHILIPSMarathonRopeLightAccessory_ed8332de-481d-435d-bb55-4389cf86026a.jpg?v=1753344174 | https://cdn.shopify.com/s/files/1/0563/0532/0126/files/ExtendedwarrantywithSignifyDigiShield_eefce942-2aec-46c9-920a-0ef1dbda027a.png?v=1769852544,2025-07-24T13:09:40+05:30,2026-09-08T08:56:55+05:30
Philips,Philips LED Strip Profile Shine (with driver),strip light,"Brand_Philips, Categories_Light Strip, Categories_Strip Light, independencesale, main_light Strips, Origin_India, Price_INR 1001- 2000, Product_Light Strip, product_Light strips",philips-led-strip-profile-shine-with-driver,https://in.shop.lighting.philips.com/products/philips-led-strip-profile-shine-with-driver,1768.0,1768.0,Light color,Warm White :: SKU=929004252501 :: ₹1768.00,7,https://cdn.shopify.com/s/files/1/0563/0532/0126/files/Artboard1_3b2d261a-4a56-4b1c-a154-dd38b6d93d37.png?v=1769410361 | https://cdn.shopify.com/s/files/1/0563/0532/0126/files/Artboard2_1d12cd8f-d454-46a8-9e12-a855468444a5.png?v=1769410360 | https://cdn.shopify.com/s/files/1/0563/0532/0126/files/Artboard3_68ebb831-deb7-41e5-b4e3-9adec415e37b.png?v=1769410362 | https://cdn.shopify.com/s/files/1/0563/0532/0126/files/Artboard4_50a44e0e-d862-4ab8-96e5-286f2d90d54c.png?v=1769410360 | https://cdn.shopify.com/s/files/1/0563/0532/0126/files/Artboard5_01ac7ff6-054b-450d-8ccb-f1d57d3ad7ef.png?v=1769410360 | https://cdn.shopify.com/s/files/1/0563/0532/0126/files/Artboard6_521bec94-d5f5-4bc5-94a3-78f08ad1a20d.png?v=1769410360 | https://cdn.shopify.com/s/files/1/0563/0532/0126/files/ExtendedwarrantywithSignifyDigiShield_fdffc1fe-5b70-4ea1-9a2e-6c883b1ac7bc.png?v=1769852733,2025-07-24T13:06:10+05:30,2026-09-08T08:56:55+05:30
Philips,Philips Profile Shine LED Strip light ( without driver),strip light,"Brand_Philips, Categories_Light Strip, Categories_Strip Light, main_light Strips, Origin_India, Price_INR 1001- 2000, Product_Light Strip, product_Light strips",philips-profile-shine-led-strip-light-without-driver,https://in.shop.lighting.philips.com/products/philips-profile-shine-led-strip-light-without-driver,1294.0,1294.0,Color,Natural white :: SKU=915006369001 :: ₹1294.00,7,https://cdn.shopify.com/s/files/1/0563/0532/0126/files/Artboard1_98799c50-2943-41c3-8a51-558745a673b2.png?v=1769673956 | https://cdn.shopify.com/s/files/1/0563/0532/0126/files/Artboard2_b093a15b-31b0-40e8-92e7-f3fb336d0250.png?v=1769673957 | https://cdn.shopify.com/s/files/1/0563/0532/0126/files/Artboard3_ea812677-c431-4c79-8d5c-2dd97c11b69f.png?v=1769673959 | https://cdn.shopify.com/s/files/1/0563/0532/0126/files/Artboard4_ee64c1d9-d4fa-4bd8-978d-9e3f351d4eec.png?v=1769673956 | https://cdn.shopify.com/s/files/1/0563/0532/0126/files/Artboard5_d846f19b-ac7c-475b-a83c-865d96eb41e4.png?v=1769673956 | https://cdn.shopify.com/s/files/1/0563/0532/0126/files/Artboard6_e6497758-0a41-499f-9569-4b8e986b8f30.png?v=1769673960 | https://cdn.shopify.com/s/files/1/0563/0532/0126/files/ExtendedwarrantywithSignifyDigiShield_42b4169c-3dea-4fb2-a96f-1d33c649239d.png?v=1769851504,2026-01-29T13:35:54+05:30,2026-09-08T08:56:55+05:30
Philips,Philips EvenGlow LED Strip light (without driver),strip light,"Categories_Light Strip, Categories_Strip Light, main_light Strips, Origin_India, Product_Light Strip, product_Light strips",philips-evenglow-led-strip-light-without-driver,https://in.shop.lighting.philips.com/products/philips-evenglow-led-strip-light-without-driver,681.0,681.0,Color,Warm white :: SKU=915006368801 :: ₹681.00,9,https://cdn.shopify.com/s/files/1/0563/0532/0126/files/PhilipsEvenGlowLEDStriplight_e09cf080-73b5-487b-b564-f57ceae18a8b.png?v=1769673955 | https://cdn.shopify.com/s/files/1/0563/0532/0126/files/PhilipsEvenGlowLEDStriplightcopy_f7b72814-13ed-4e53-9a01-172443661c97.png?v=1769673955 | https://cdn.shopify.com/s/files/1/0563/0532/0126/files/Artboard_5_bf89c1de-78a7-4fb3-a6c3-9ea6bbce4ae8.png?v=1769673956 | https://cdn.shopify.com/s/files/1/0563/0532/0126/files/Artboard_6_5ff097a5-f244-49a4-bd3c-ff136a612068.png?v=1769673956 | https://cdn.shopify.com/s/files/1/0563/0532/0126/files/Artboard_2_56930f88-4019-47d3-9341-8ff37e739d7f.png?v=1769673956 | https://cdn.shopify.com/s/files/1/0563/0532/0126/files/Artboard_4_29b7c8a4-ff3f-45e1-87b2-6bdf4a526804.png?v=1769673957 | https://cdn.shopify.com/s/files/1/0563/0532/0126/files/Artboard_3_a0e5dad0-b950-42fc-8f6f-e8f278b3d214.png?v=1769673955 | https://cdn.shopify.com/s/files/1/0563/0532/0126/files/EvenGlow-4_0a4aa2aa-670a-4174-8ac9-65e2af7c345d.png?v=1769673956 | https://cdn.shopify.com/s/files/1/0563/0532/0126/files/ExtendedwarrantywithSignifyDigiShield_1563146f-33fb-463e-90e3-bcd569c22288.png?v=1769851410,2026-01-29T13:35:52+05:30,2026-09-08T08:56:55+05:30
Philips,Philips Triglow Rope Light,Rope Light,"Brand_Philips, Categories_Rope Light, IndependenceDay_Sale, New-Arrival, new_arrivals, New_launch, Origin_India, Price_INR 2001- 3000, Product_Light Strip, product_Light strips, Product_Rope light, Republic_Day_Sale_2025",philips-triglow-rope-light,https://in.shop.lighting.philips.com/products/philips-triglow-rope-light,3341.0,3341.0,Length,18 metre :: SKU=929003536601 :: ₹3341.00,2,https://cdn.shopify.com/s/files/1/0563/0532/0126/files/71IyBOA6jGL._SL1080_11716ac5-1b51-474a-9ad5-153efa13551f.jpg?v=1769843280 | https://cdn.shopify.com/s/files/1/0563/0532/0126/files/ExtendedwarrantywithSignifyDigiShield_0985e62d-7970-4fa0-a877-f7127984d797.png?v=1769843289,2026-01-29T13:39:04+05:30,2026-09-08T08:56:55+05:30
Philips,PHILIPS Flexishine Rope Light,Rope Light,"bedroom_lights_suggested, Brand_Philips, Categories_Rope Light, clearance_sale, junesale, Kitchen_lights_suggested, New-Arrival, new_arrivals, New_launch, Origin_India, Product_Light Strip, product_Light strips, Republic_Day_Sale_2025",philips-flexishine-rope-light,https://in.shop.lighting.philips.com/products/philips-flexishine-rope-light,350.0,350.0,Color,Warm White :: SKU=929003160001 :: ₹350.00 | Blue :: SKU=929003160301 :: ₹350.00 | Green :: SKU=929003160201 :: ₹350.00 | Pink :: SKU=929003160401 :: ₹350.00,8,https://cdn.shopify.com/s/files/1/0563/0532/0126/files/929003160301.jpg?v=1786515979 | https://cdn.shopify.com/s/files/1/0563/0532/0126/files/MicrosoftTeams-image_97.jpg?v=1769843201 | https://cdn.shopify.com/s/files/1/0563/0532/0126/files/MicrosoftTeams-image_98.png?v=1769843201 | https://cdn.shopify.com/s/files/1/0563/0532/0126/files/flexishine_red.jpg?v=1769843201 | https://cdn.shopify.com/s/files/1/0563/0532/0126/files/flexishine_pink.jpg?v=1769843201 | https://cdn.shopify.com/s/files/1/0563/0532/0126/files/617GwVpn6wL._SL1080.jpg?v=1785407242 | https://cdn.shopify.com/s/files/1/0563/0532/0126/files/617GwVpn6wL._SL1080_93eb3d8c-6250-4f42-8f28-25e3fe785982.jpg?v=1785407259 | https://cdn.shopify.com/s/files/1/0563/0532/0126/files/51Mzv4OW47L._SL1080.jpg?v=1785407293,2026-01-29T13:38:32+05:30,2026-09-08T08:56:55+05:30
Philips,Philips Picture light,Picture light,"Brand_Philips, festive_2024, Origin_India, Price_INR 2001- 3000, product_Picture Lights, room_ bedroom, room_Living Room",philips-picture-light,https://in.shop.lighting.philips.com/products/philips-picture-light,2187.0,2187.0,"Wattage, Body Color",6W/Silver :: SKU=919215850143 :: ₹2187.00,3,https://cdn.shopify.com/s/files/1/0563/0532/0126/files/30973.png?v=1769842900 | https://cdn.shopify.com/s/files/1/0563/0532/0126/files/PhilipsPicturelight.png?v=1769842900 | https://cdn.shopify.com/s/files/1/0563/0532/0126/files/ExtendedwarrantywithSignifyDigiShield_b31aeb4f-a767-4f17-9f3d-5d2a6e5e76d8.png?v=1769842878,2023-10-01T18:26:51+05:30,2026-09-08T08:56:55+05:30
Philips,Philips Muziris Pendant light,Pendant light,"availibility_in_stock, Brand_Philips, bulb_type_E27, Categories_All, categories_hanging, hanging_lights_for_balcony, hanging_lights_for_dining_table, hanging_lights_for_staircase, head_3-head, head_single, main_pendant Lights, Origin_India, pendant_lights_livingroom_suggested, Price_INR 2001- 3000, price_OVER INR 5000, product_Pendant light, room_ bedroom, room_Bed Room, room_Dining Room, room_Living Room",philips-muziris-pendant-light,https://in.shop.lighting.philips.com/products/philips-muziris-pendant-light,2675.0,6938.0,"Shape, Color",1 head/Gold :: SKU=919215850629 :: ₹3037.00 | 1 head/White :: SKU=919215850618 :: ₹2675.00 | 3 head/Gold :: SKU=919215850630 :: ₹6938.00,13,https://cdn.shopify.com/s/files/1/0563/0532/0126/files/PhilipsMuzirisPendantlight.png?v=1747311891 | https://cdn.shopify.com/s/files/1/0563/0532/0126/files/Artboard5_3e530468-8bbf-48a5-ae3a-8d594c3285ad.png?v=1775471846 | https://cdn.shopify.com/s/files/1/0563/0532/0126/files/Artboard8_3b445927-d34c-47a5-86fb-b4efdb4d4a22.png?v=1775471846 | https://cdn.shopify.com/s/files/1/0563/0532/0126/files/Artboard9_7b9b1f4c-32d3-4793-ab6a-e29d2b623b35.png?v=1775471846 | https://cdn.shopify.com/s/files/1/0563/0532/0126/files/Muziris_31431_Application2.jpg?v=1775471846 | https://cdn.shopify.com/s/files/1/0563/0532/0126/files/Muziris_31431_Application1.jpg?v=1775471846 | https://cdn.shopify.com/s/files/1/0563/0532/0126/files/Artboard6_0a25eabe-876d-4b81-ae41-81ca99c43276.png?v=1775471846 | https://cdn.shopify.com/s/files/1/0563/0532/0126/files/Artboard1_bca72c6e-6132-4f9d-b979-ffda670b9cb6.png?v=1775471846 | https://cdn.shopify.com/s/files/1/0563/0532/0126/files/Artboard3_c4d69c82-8e7c-4465-8ec4-5fe6c43c516b.png?v=1775471846 | https://cdn.shopify.com/s/files/1/0563/0532/0126/files/Artboard4_a2775694-2128-4da6-9a73-fdffc4c46a10.png?v=1775471846 | https://cdn.shopify.com/s/files/1/0563/0532/0126/files/Artboard2_40fadac9-6cb4-46b8-a2f0-a72313362be7.png?v=1775471846 | https://cdn.shopify.com/s/files/1/0563/0532/0126/files/PhilipsMuzirisPendantlight6.png?v=1775471846 | https://cdn.shopify.com/s/files/1/0563/0532/0126/files/ExtendedwarrantywithSignifyDigiShield_7f93fe12-605d-465e-8760-0c34e0f8e3b2.png?v=1775471846,2023-09-17T20:03:16+05:30,2026-09-08T08:56:55+05:30
Philips,Philips Vintage Cord Pendant light,Pendant light,"Brand_Philips, bulb_E27, Categories_All, categories_hanging, crystal-pendant-lights, dining-room-hanging-lights, hanging_lights_for_balcony, hanging_lights_for_staircase, head_single, IndependenceDay_Sale, main_pendant Lights, monsoon_mega_sale, Origin_India, Price_Less than INR 1000, product_Pendant light, room_ bedroom, room_Bed Room, room_Dining Room, room_Living Room",philips-vintage-cord,https://in.shop.lighting.philips.com/products/philips-vintage-cord,850.0,850.0,Color,Brushed Bronze :: SKU=919215850735 :: ₹850.00,2,https://cdn.shopify.com/s/files/1/0563/0532/0126/files/VintageCord_31451_App1.1.jpg?v=1747311892 | https://cdn.shopify.com/s/files/1/0563/0532/0126/files/ExtendedwarrantywithSignifyDigiShield_55216106-dcb7-4e51-8696-d3e03a4f885c.png?v=1769842210,2023-09-17T20:03:14+05:30,2026-09-08T08:56:55+05:30
Philips,Philips Lustre Pendant Light,Pendant light,"2025holisale, Brand_Philips, bulb_type_E27, Categories_All, categories_hanging, hanging_lights_for_balcony, hanging_lights_for_dining_table, head_single, kitchen_lights, main_pendant Lights, monsoon_mega_sale, Origin_India, Price_INR 3001- 4000, product_Pendant light, room_Dining Room",philips-lustre-pendant-light,https://in.shop.lighting.philips.com/products/philips-lustre-pendant-light,3587.0,3768.0,Body color,Gold :: SKU=919215851087 :: ₹3587.00 | Black :: SKU=919215851084 :: ₹3587.00 | Chrome :: SKU=919215851085 :: ₹3768.00,8,https://cdn.shopify.com/s/files/1/0563/0532/0126/files/Artboard3_90343b9d-030f-4781-a9d4-274356932c4b.png?v=1775471404 | https://cdn.shopify.com/s/files/1/0563/0532/0126/files/Artboard4_e1b03ea1-fd24-4419-a954-781e961c2a01.png?v=1775471404 | https://cdn.shopify.com/s/files/1/0563/0532/0126/files/Artboard2_75119fc7-c626-4b2e-8b0b-9089b237425a.png?v=1775471404 | https://cdn.shopify.com/s/files/1/0563/0532/0126/files/Artboard5_0584dcf8-6285-4ab6-9bf0-1c16d3429616.png?v=1775471404 | https://cdn.shopify.com/s/files/1/0563/0532/0126/files/Gold.png?v=1775471404 | https://cdn.shopify.com/s/files/1/0563/0532/0126/files/Black.png?v=1775471404 | https://cdn.shopify.com/s/files/1/0563/0532/0126/files/Chrome.png?v=1775471404 | https://cdn.shopify.com/s/files/1/0563/0532/0126/files/ExtendedwarrantywithSignifyDigiShield_5a42daa7-a6ec-40cd-b7c9-1610391d25f5.png?v=1775471404,2023-09-17T20:03:23+05:30,2026-09-08T08:56:55+05:30
Philips,Philips Beacon Pendant Light,Pendant light,"2025holisale, Brand_Philips, bulb_type_E27, Categories_All, categories_hanging, hanging_lights_for_balcony, hanging_lights_for_dining_table, head_single, junesale, main_pendant Lights, monsoon_mega_sale, Origin_India, Price_INR 2001- 3000, product_Pendant light, room_Dining Room, room_Study Room",philips-beacon-pendant-light,https://in.shop.lighting.philips.com/products/philips-beacon-pendant-light,3406.0,3406.0,Color,Rosegold Silver :: SKU=919215850256 :: ₹3406.00,8,https://cdn.shopify.com/s/files/1/0563/0532/0126/files/PhilipsBeaconPendantlight.png?v=1747311890 | https://cdn.shopify.com/s/files/1/0563/0532/0126/files/Artboard2_84cd8470-9fe3-4d66-8316-6dcce680bdde.png?v=1775471539 | https://cdn.shopify.com/s/files/1/0563/0532/0126/files/Artboard4_e72b725b-d3b4-4326-a644-89d6474e472d.png?v=1775471571 | https://cdn.shopify.com/s/files/1/0563/0532/0126/files/Artboard3_5428edf9-fdda-4673-a26f-ca53de854497.png?v=1775471571 | https://cdn.shopify.com/s/files/1/0563/0532/0126/files/Artboard5_584e3817-f34b-4b19-a0dc-8b9da9d2d202.png?v=1775471539 | https://cdn.shopify.com/s/files/1/0563/0532/0126/files/Artboard6_a25f711e-22a6-4c2e-8bb4-59bd1f9cd4e2.png?v=1775471539 | https://cdn.shopify.com/s/files/1/0563/0532/0126/files/Artboard1_a7127520-91b6-4952-b386-ec80c6f49dc1.png?v=1775471539 | https://cdn.shopify.com/s/files/1/0563/0532/0126/files/ExtendedwarrantywithSignifyDigiShield_d228f132-b16e-42d6-8538-1485c3308ad5.png?v=1775471539,2023-09-17T20:03:19+05:30,2026-09-08T08:56:55+05:30
Philips,Philips Gemini Pendant Light,Pendant light,"Brand_Philips, Categories_All, categories_hanging, hanging_lights_for_balcony, hanging_lights_for_dining_table, main_pendant Lights, Origin_India, pendant_lights_livingroom_suggested, price_OVER INR 5000, product_Pendant light, room_Study Room",philips-gemini-pendant-light,https://in.shop.lighting.philips.com/products/philips-gemini-pendant-light,5113.0,5113.0,Color,Red+Silver :: SKU=919215851027 :: ₹5113.00,9,https://cdn.shopify.com/s/files/1/0563/0532/0126/files/PhilipsGeminiPendantlight_2f633863-b501-466b-9b75-07c84ef3a15a.png?v=1772019129 | https://cdn.shopify.com/s/files/1/0563/0532/0126/files/Artboard7_134b7edb-63b0-4470-8306-276b84099024.png?v=1779706818 | https://cdn.shopify.com/s/files/1/0563/0532/0126/files/Artboard8_b4e09205-cf7c-4eeb-bfa5-64a945fc581a.png?v=1779706815 | https://cdn.shopify.com/s/files/1/0563/0532/0126/files/Artboard6_0404d1d6-cf76-456f-bcfa-7ac3c26cc98d.png?v=1779706814 | https://cdn.shopify.com/s/files/1/0563/0532/0126/files/Artboard5_e07eeae8-e898-4183-b7e6-7d2ab0f1627d.png?v=1779706859 | https://cdn.shopify.com/s/files/1/0563/0532/0126/files/PhilipsGeminiPendantlight4.png?v=1772019129 | https://cdn.shopify.com/s/files/1/0563/0532/0126/files/PhilipsGeminiPendantlight3.png?v=1772019129 | https://cdn.shopify.com/s/files/1/0563/0532/0126/files/Artboard3_d1eafbb8-aa0f-4006-98d7-615141273cff.png?v=1779706862 | https://cdn.shopify.com/s/files/1/0563/0532/0126/files/ExtendedwarrantywithSignifyDigiShield_6fd0d0ec-b1b4-49c8-beca-9d9856de3663.png?v=1772019129,2023-09-17T20:03:32+05:30,2026-09-08T08:56:55+05:30
Philips,Philips Tawny Pendant Light,Pendant light,"Brand_Philips, Categories_All, categories_hanging, main_pendant Lights, Origin_India, pendant_lights_livingroom_suggested, Price_INR 4001- 5000, product_Pendant light",philips-tawny-pendant-light,https://in.shop.lighting.philips.com/products/philips-tawny-pendant-light,5105.0,5105.0,Title,Default Title :: SKU=919215850386 :: ₹5105.00,8,https://cdn.shopify.com/s/files/1/0563/0532/0126/files/PhilipsTawnyPendantlight.png?v=1747311885 | https://cdn.shopify.com/s/files/1/0563/0532/0126/files/PhilipsTawnyPendantlight_1.png?v=1772018881 | https://cdn.shopify.com/s/files/1/0563/0532/0126/files/PhilipsTawnyPendantlight1_1.png?v=1772018881 | https://cdn.shopify.com/s/files/1/0563/0532/0126/files/PhilipsTawnyPendantlight1.png?v=1772018881 | https://cdn.shopify.com/s/files/1/0563/0532/0126/files/PhilipsTawnyPendantlight2_1.png?v=1772018881 | https://cdn.shopify.com/s/files/1/0563/0532/0126/files/PhilipsTawnyPendantlight2.png?v=1772018881 | https://cdn.shopify.com/s/files/1/0563/0532/0126/files/PhilipsTawnyPendantlight_b41a7bd0-799b-4dd4-8e5e-e0b6309f760c.png?v=1772018881 | https://cdn.shopify.com/s/files/1/0563/0532/0126/files/ExtendedwarrantywithSignifyDigiShield_8479ace5-f959-47de-b6b5-dc817ab22c22.png?v=1772018881,2023-09-17T20:03:30+05:30,2026-09-08T08:56:55+05:30
Philips,Philips Ritzy Pendant light,Pendant light,"2025holisale, Brand_Philips, Categories_All, categories_hanging, hanging_lights_for_balcony, main_pendant Lights, Origin_China, pendant_lights_livingroom_suggested, price_OVER INR 5000, product_Pendant light, room_ bedroom, room_Bed Room, room_Dining Room, room_Living Room, room_Study Room",philips-ritzy-pendant-light,https://in.shop.lighting.philips.com/products/philips-ritzy-pendant-light,8032.0,8032.0,Title,Default Title :: SKU=919215851056 :: ₹8032.00,5,https://cdn.shopify.com/s/files/1/0563/0532/0126/files/PhilipsRitzyPendantlight.png?v=1772019592 | https://cdn.shopify.com/s/files/1/0563/0532/0126/files/Ritzy_582047_App2.jpg?v=1772019592 | https://cdn.shopify.com/s/files/1/0563/0532/0126/files/PhilipsRitzyPendantlight_1.png?v=1772019592 | https://cdn.shopify.com/s/files/1/0563/0532/0126/files/PhilipsRitzyPendantlight1.png?v=1772019592 | https://cdn.shopify.com/s/files/1/0563/0532/0126/files/ExtendedwarrantywithSignifyDigiShield_a8ebc3c6-83d4-4aa1-9e81-4da163ba7acf.png?v=1772019592,2026-01-29T13:42:36+05:30,2026-09-08T08:56:55+05:30
Philips,Philips Cornet Pendant Light,Pendant light,"2025holisale, Brand_Philips, Categories_All, categories_hanging, FESTIVE2025, festive_2024, hanging_lights_for_balcony, hanging_lights_for_dining_table, hanging_lights_for_staircase, main_Bed Room Lighting, Origin_India, Price_INR 3001- 4000, product_Bedside Lights, product_Pendant light, room_ bedroom, room_Bed Room, room_Kitchen, room_Living Room",philips-cornet-pendant-light,https://in.shop.lighting.philips.com/products/philips-cornet-pendant-light,3139.0,3139.0,"Wattage, Body color, Color",7W/Black/Warm white :: SKU=919215851307 :: ₹3139.00 | 7W/White/Warm white :: SKU=919215851308 :: ₹3139.00,9,https://cdn.shopify.com/s/files/1/0563/0532/0126/files/Cornet-2.png?v=1769840537 | https://cdn.shopify.com/s/files/1/0563/0532/0126/files/PhilipsCornetPendantlight.png?v=1772019484 | https://cdn.shopify.com/s/files/1/0563/0532/0126/files/CornetPendant___Black.jpg?v=1772019484 | https://cdn.shopify.com/s/files/1/0563/0532/0126/files/PhilipsCornetPendantlight_1.png?v=1772019484 | https://cdn.shopify.com/s/files/1/0563/0532/0126/files/PhilipsCornetPendantlight1.png?v=1772019484 | https://cdn.shopify.com/s/files/1/0563/0532/0126/files/PhilipsCornetPendantlight2.png?v=1772019484 | https://cdn.shopify.com/s/files/1/0563/0532/0126/files/ExtendedwarrantywithSignifyDigiShield_596fedf1-a616-46d4-ba07-d381f18a6b85.png?v=1772019484 | https://cdn.shopify.com/s/files/1/0563/0532/0126/files/Artboard7_2fe22c28-c766-4779-bbce-8e7564739102.png?v=1777277205 | https://cdn.shopify.com/s/files/1/0563/0532/0126/files/Artboard5_229affae-af7d-42d4-9e22-936ab66033a6.png?v=1779700601,2026-01-29T13:39:36+05:30,2026-09-08T08:56:55+05:30
Philips,Philips Clarinet Pendant light,Pendant light,"bedroom_lights_suggested, Brand_Philips, bulb_type_In-build, Categories_All, categories_hanging, Categories_Pendant Light, festive_2024, hanging_lights_for_staircase, head_single, junesale, Origin_India, pendant_lights_livingroom_suggested, Price_INR 3001- 4000, product_Bedside Lights, product_Pendant light, room_Bed Room, room_Dining Room",philips-clarinet-pendant-light,https://in.shop.lighting.philips.com/products/philips-clarinet-pendant-light,3139.0,3139.0,"Wattage, Color, Body Color",7W/Warm white/Black :: SKU=919215851305 :: ₹3139.00,9,https://cdn.shopify.com/s/files/1/0563/0532/0126/files/PhilipsClarinetPendantlight.png?v=1747311583 | https://cdn.shopify.com/s/files/1/0563/0532/0126/files/Artboard4_3d3be74e-e531-44a9-8040-6e103acc03e1.png?v=1777277096 | https://cdn.shopify.com/s/files/1/0563/0532/0126/files/Artboard5_039b7ba8-9cb9-47b5-a1b9-29ed46b43afa.png?v=1777277097 | https://cdn.shopify.com/s/files/1/0563/0532/0126/files/Artboard6_a1ea5443-30af-400e-81a7-196f07127033.png?v=1777277096 | https://cdn.shopify.com/s/files/1/0563/0532/0126/files/Artboard1_f3dab9fa-71f2-4b8c-8699-e9225dc936a4.png?v=1777277096 | https://cdn.shopify.com/s/files/1/0563/0532/0126/files/Artboard3_d518cb98-2799-40e1-980c-2770a5c92b94.png?v=1777277096 | https://cdn.shopify.com/s/files/1/0563/0532/0126/files/Artboard2_388d6ce6-d8e5-45a8-bf24-59ff626f0fb2.png?v=1777277096 | https://cdn.shopify.com/s/files/1/0563/0532/0126/files/Artboard3copy.png?v=1777277096 | https://cdn.shopify.com/s/files/1/0563/0532/0126/files/ExtendedwarrantywithSignifyDigiShield_d71b838a-a0c0-45d3-ab7a-77c4cbec962a.png?v=1769840644,2024-06-01T21:02:24+05:30,2026-09-08T08:56:55+05:30
Philips,Philips Elevate 1 head Pendant light,Pendant light,"Brand_Philips, decorative_lights_suggested, livingroom_lights_suggested, Origin_India, pendant_lights_livingroom_suggested, Price_INR 4001- 5000, Product_Pendant light, room_Bed Room, room_Dining Room, room_Living Room, room_Study Room",philips-elevate-1head-pendant-light,https://in.shop.lighting.philips.com/products/philips-elevate-1head-pendant-light,4925.0,4925.0,Title,Default Title :: SKU=919215851429 :: ₹4925.00,7,https://cdn.shopify.com/s/files/1/0563/0532/0126/files/PhilipsElevate1headPendantlight-Black-2.png?v=1769840262 | https://cdn.shopify.com/s/files/1/0563/0532/0126/files/Artboard2_4fc9fef8-ccf7-4c16-9e39-d094d6976071.png?v=1779706205 | https://cdn.shopify.com/s/files/1/0563/0532/0126/files/Artboard3_40cab9fe-4863-481a-99b0-f1b397f101d5.png?v=1779706205 | https://cdn.shopify.com/s/files/1/0563/0532/0126/files/Artboard4_d46ddb18-4795-4a9f-b17e-ea9dc2c569be.png?v=1779706205 | https://cdn.shopify.com/s/files/1/0563/0532/0126/files/Artboard5_a2fc0c6a-15ef-4f36-b63e-1f76996b416c.png?v=1779706205 | https://cdn.shopify.com/s/files/1/0563/0532/0126/files/Artboard6_b5c319f7-9450-495a-85a0-9fb030615268.png?v=1779706205 | https://cdn.shopify.com/s/files/1/0563/0532/0126/files/ExtendedwarrantywithSignifyDigiShield_c009eaf3-007b-4f96-966a-862c69f49b21.png?v=1769840287,2026-01-29T13:38:14+05:30,2026-09-08T08:56:55+05:30
Philips,Philips Idyllic Pendant light,Pendant light,"availibility_in_stock, Brand_Philips, bulb_type_E27, Categories_All, categories_hanging, hanging_lights_for_dining_table, hanging_lights_for_staircase, head_single, junesale, monsoon_mega_sale, Origin_China, Price_INR 4001- 5000, product_Pendant light, room_Bed Room, room_Dining Room, room_Living Room, room_Study Room",philips-idyllic-pendant-light,https://in.shop.lighting.philips.com/products/philips-idyllic-pendant-light,5373.0,5373.0,Title,Default Title :: SKU=919215851295 :: ₹5373.00,9,https://cdn.shopify.com/s/files/1/0563/0532/0126/files/PhilipsIdyllicPendantlight.png?v=1747311581 | https://cdn.shopify.com/s/files/1/0563/0532/0126/files/Artboard1_4b4a57ea-73ec-41da-9070-1bd9db38f539.png?v=1777285208 | https://cdn.shopify.com/s/files/1/0563/0532/0126/files/Artboard2_dd80358a-e1e4-4c55-8553-f308c0fb693e.png?v=1777285209 | https://cdn.shopify.com/s/files/1/0563/0532/0126/files/Artboard3_5ce2c821-ba5c-4088-aa4a-725deed9c400.png?v=1777285209 | https://cdn.shopify.com/s/files/1/0563/0532/0126/files/Artboard4_d3fa2bbe-91b4-40ba-8f41-ba29365e3702.png?v=1777285209 | https://cdn.shopify.com/s/files/1/0563/0532/0126/files/PhilipsIdyllicPendantlight_1.png?v=1772018467 | https://cdn.shopify.com/s/files/1/0563/0532/0126/files/0copy.png?v=1777285209 | https://cdn.shopify.com/s/files/1/0563/0532/0126/files/0_b45cf0ec-6945-4516-900c-55560cb689d2.png?v=1777285208 | https://cdn.shopify.com/s/files/1/0563/0532/0126/files/ExtendedwarrantywithSignifyDigiShield_9fe18f15-2fac-4bf3-a866-686d0e057bba.png?v=1772018467,2024-06-01T21:02:26+05:30,2026-09-08T08:56:55+05:30
Philips,Philips Charm Pendant light,Pendant light,"Brand_Philips, Categories_All, categories_hanging, decorative_lights_suggested, FESTIVE2025, hanging_lights_for_balcony, hanging_lights_for_staircase, livingroom_lights_suggested, Origin_India, pendant_lights_livingroom_suggested, Price_INR 2001- 3000, price_OVER INR 5000, product_Pendant light, room_Bed Room, room_Dining Room, room_Living Room, room_Study Room",philips-charm-pendant-light,https://in.shop.lighting.philips.com/products/philips-charm-pendant-light,5813.0,5813.0,Glass Color,Amber :: SKU=919215851433 :: ₹5813.00,11,https://cdn.shopify.com/s/files/1/0563/0532/0126/files/PhilipsCharmPendantlight-Black-2.png?v=1769840107 | https://cdn.shopify.com/s/files/1/0563/0532/0126/files/Artboard6_2f546b97-99d9-46c5-9a84-2039704e00a3.png?v=1777276919 | https://cdn.shopify.com/s/files/1/0563/0532/0126/files/Artboard7_71b0fb6d-c2c7-46ed-9e79-6a9afe352fad.png?v=1777276920 | https://cdn.shopify.com/s/files/1/0563/0532/0126/files/Artboard8_799b2fc2-14ae-4f2e-bcaf-8eeb643dcd09.png?v=1777276921 | https://cdn.shopify.com/s/files/1/0563/0532/0126/files/PhilipsCharmPendantlight-Black-1.png?v=1769840107 | https://cdn.shopify.com/s/files/1/0563/0532/0126/files/Artboard1_c7c6764c-44d8-44f1-b95c-5a97fb6c2bca.png?v=1777276920 | https://cdn.shopify.com/s/files/1/0563/0532/0126/files/Artboard5_4e607e3b-d928-4d51-a2c2-12c504d27abf.png?v=1777276920 | https://cdn.shopify.com/s/files/1/0563/0532/0126/files/Artboard2_1c6d1a54-e2c1-4a71-b726-5d50f501c15a.png?v=1777276919 | https://cdn.shopify.com/s/files/1/0563/0532/0126/files/Artboard3_0e4e4dfa-7cc3-4f0c-920a-cacb569c68b5.png?v=1777276919 | https://cdn.shopify.com/s/files/1/0563/0532/0126/files/Artboard4_4d66cb16-455b-447e-a01c-0d2584c48dd6.png?v=1777276920 | https://cdn.shopify.com/s/files/1/0563/0532/0126/files/ExtendedwarrantywithSignifyDigiShield_56c77a5e-4c1d-453d-a872-c6bce88b613e.png?v=1769840156,2026-01-29T13:38:12+05:30,2026-09-08T08:56:55+05:30
Philips,Philips Belle 3 head Pendant light,Pendant light,"2025holisale, balcony-staircase-hanging-lights, bedroom_lights_suggested, Brand_Philips, Categories_All, categories_hanging, dining-room-hanging-lights, kitchen_lights, Origin_India, pendant_lights_livingroom_suggested, price_OVER INR 5000, product_Pendant light, room_Bed Room, room_Dining Room, room_Living Room",philips-belle-3head-pendant-light,https://in.shop.lighting.philips.com/products/philips-belle-3head-pendant-light,7434.0,7434.0,Title,Default Title :: SKU=919215851385 :: ₹7434.00,6,https://cdn.shopify.com/s/files/1/0563/0532/0126/files/BellePendantlight_1_ce803f9a-9ccb-4f9a-aead-5994b899c85c.png?v=1769839859 | https://cdn.shopify.com/s/files/1/0563/0532/0126/files/Artboard3_455ca457-7510-4e45-92f7-8f82e81a8d8f.png?v=1779703812 | https://cdn.shopify.com/s/files/1/0563/0532/0126/files/Artboard4_0aaee407-1a67-4396-a52e-094e0f2d4b51.png?v=1779703812 | https://cdn.shopify.com/s/files/1/0563/0532/0126/files/Artboard2copy_df9c7893-1a43-4319-8553-5a43a061bddb.png?v=1779703812 | https://cdn.shopify.com/s/files/1/0563/0532/0126/files/Artboard2_3de79f23-eba5-4ba8-9c64-1c7f023bceaf.png?v=1779703812 | https://cdn.shopify.com/s/files/1/0563/0532/0126/files/ExtendedwarrantywithSignifyDigiShield_997ac4cb-00b9-45f8-b83c-8626b2bd6227.png?v=1769839859,2026-01-29T13:38:10+05:30,2026-09-08T08:56:55+05:30
Philips,Philips Elevate 3 head Pendant light,Pendant light,"bedroom_lights_suggested, Brand_Philips, Categories_All, categories_hanging, dining_room_lights_suggested, FESTIVE2025, hanging_lights_for_dining_table, hanging_lights_for_staircase, livingroom_lights_suggested, Origin_India, pendant_lights_livingroom_suggested, price_OVER INR 5000, product_Pendant light, room_Bed Room, room_Dining Room, room_Living Room, room_Study Room",philips-elevate-3head-pendant-light,https://in.shop.lighting.philips.com/products/philips-elevate-3head-pendant-light,8937.0,8937.0,Glass Color,Amber :: SKU=919215851431 :: ₹8937.00,8,https://cdn.shopify.com/s/files/1/0563/0532/0126/files/Elevate3headpendantlight-Amber_1.png?v=1769839677 | https://cdn.shopify.com/s/files/1/0563/0532/0126/files/Elevate3headpendantlight-Black_2.png?v=1769839677 | https://cdn.shopify.com/s/files/1/0563/0532/0126/files/Artboard6_c3042786-7191-4760-aec2-aaa22f8c52ad.png?v=1779705910 | https://cdn.shopify.com/s/files/1/0563/0532/0126/files/Artboard7_952a4a8c-d68d-4308-9afd-83df353c61f0.png?v=1779705910 | https://cdn.shopify.com/s/files/1/0563/0532/0126/files/Artboard1_81b6ac18-a526-4572-933a-c1f8fb615ca6.png?v=1779705910 | https://cdn.shopify.com/s/files/1/0563/0532/0126/files/Artboard2_947e5a2b-27e5-47dd-b130-430e39fdfc8b.png?v=1779705910 | https://cdn.shopify.com/s/files/1/0563/0532/0126/files/Artboard3_263472db-f2c4-4512-8f12-9e8a526b8627.png?v=1779705910 | https://cdn.shopify.com/s/files/1/0563/0532/0126/files/ExtendedwarrantywithSignifyDigiShield_fc880363-7bad-4006-810a-856d0964752b.png?v=1769839684,2026-01-29T13:38:08+05:30,2026-09-08T08:56:55+05:30
Philips,Philips Cage Pendant light,Pendant light,"Brand_Philips, Categories_All, Categories_Decorative light, categories_hanging, Categories_Pendant Light, crystal_pendant_lights, decorative_lights_suggested, hanging_lights_for_dining_table, main_pendant Lights, Origin_China, pendant_lights_livingroom_suggested, price_OVER INR 5000, product_Pendant light, room_Living Room",philips-cage-pendant-light,https://in.shop.lighting.philips.com/products/philips-cage-pendant-light,31868.0,31868.0,Title,Default Title :: SKU=919215851444 :: ₹31868.00,5,https://cdn.shopify.com/s/files/1/0563/0532/0126/files/PhilipsCagePendantlight.png?v=1772019398 | https://cdn.shopify.com/s/files/1/0563/0532/0126/files/Artboard2_00f0aad2-64b3-4abc-a4d4-460786b117a2.jpg?v=1772019398 | https://cdn.shopify.com/s/files/1/0563/0532/0126/files/PhilipsCagePendantlight_1.png?v=1772019398 | https://cdn.shopify.com/s/files/1/0563/0532/0126/files/PhilipsCagePendantlight1.png?v=1772019398 | https://cdn.shopify.com/s/files/1/0563/0532/0126/files/ExtendedwarrantywithSignifyDigiShield_6944cd89-4be6-49c5-a46c-57e69c043e0e.png?v=1772019398,2026-01-29T13:37:27+05:30,2026-09-08T08:56:55+05:30
Philips,Philips Ritzy Round Pendant Light,Pendant light,"Brand_Philips, Categories_All, Categories_Decorative light, categories_hanging, Categories_Pendant Light, decorative_lights_suggested, FESTIVE2025, hanging_lights_for_dining_table, hanging_lights_for_staircase, main_pendant Lights, Origin_China, pendant_lights_livingroom_suggested, price_OVER INR 5000, product_Pendant light, room_Dining Room, room_Living Room",philips-ritzy-round-pendant-light,https://in.shop.lighting.philips.com/products/philips-ritzy-round-pendant-light,9928.0,9928.0,"Body color, Diameter",Light antique bronze with matte white opal glass with black wire/250mm :: SKU=919215851445 :: ₹9928.00,7,https://cdn.shopify.com/s/files/1/0563/0532/0126/files/Artboard2_91741b80-1de0-4376-8544-9b84f954bb66.jpg?v=1769839319 | https://cdn.shopify.com/s/files/1/0563/0532/0126/files/Artboard4_cc4a9d4e-af05-45d0-a3e0-00d822f9d1d8.png?v=1779708218 | https://cdn.shopify.com/s/files/1/0563/0532/0126/files/Artboard5_d0c17aec-f356-41cc-b0c8-920779db0105.png?v=1779708218 | https://cdn.shopify.com/s/files/1/0563/0532/0126/files/Artboard6_d613054b-c190-4be3-aff7-dc16dbefe2d9.png?v=1779708217 | https://cdn.shopify.com/s/files/1/0563/0532/0126/files/Artboard1_eb97d083-9476-408d-a656-8d73eec311bb.jpg?v=1769839395 | https://cdn.shopify.com/s/files/1/0563/0532/0126/files/Artboard3_f08c801f-9a88-4e85-8bd0-92810ba74cb1.jpg?v=1769839395 | https://cdn.shopify.com/s/files/1/0563/0532/0126/files/ExtendedwarrantywithSignifyDigiShield_baaab91e-fc29-42a9-9ed5-b854419666e7.png?v=1769839335,2026-01-29T13:37:25+05:30,2026-09-08T08:56:55+05:30
Philips,Philips Motif Mesh Pendant light,Pendant light,"Brand_Philips, Categories_All, categories_hanging, hanging_lights_for_balcony, hanging_lights_for_dining_table, IndependenceDay_Sale, junesale, main_pendant Lights, monsoon_mega_sale, Origin_India, pendant_lights_livingroom_suggested, price_OVER INR 5000, product_Pendant light, room_Kitchen, room_Living Room, room_Study Room",philips-motif-pendant-light,https://in.shop.lighting.philips.com/products/philips-motif-pendant-light,5373.0,5373.0,Shape,Globe :: SKU=919215851024 :: ₹5373.00,12,https://cdn.shopify.com/s/files/1/0563/0532/0126/files/PhilipsMotifMeshPendantlight.png?v=1747311883 | https://cdn.shopify.com/s/files/1/0563/0532/0126/files/MotifPendant_582014_Application2.jpg?v=1772019014 | https://cdn.shopify.com/s/files/1/0563/0532/0126/files/Artboard7_97ff8874-2a10-433e-8a68-1e1cf9ff55e5.png?v=1779707441 | https://cdn.shopify.com/s/files/1/0563/0532/0126/files/Artboard8_b8b66d6e-8702-426f-9ee8-278745b57507.png?v=1779707441 | https://cdn.shopify.com/s/files/1/0563/0532/0126/files/Artboard6_efc26e22-3de4-4985-b7ae-74ee2fe7874c.png?v=1779707440 | https://cdn.shopify.com/s/files/1/0563/0532/0126/files/Motif_582014_Detailed.jpg?v=1772019014 | https://cdn.shopify.com/s/files/1/0563/0532/0126/files/PhilipsMotifMeshPendantlight3.png?v=1772019014 | https://cdn.shopify.com/s/files/1/0563/0532/0126/files/PhilipsMotifMeshPendantlight1.png?v=1772019014 | https://cdn.shopify.com/s/files/1/0563/0532/0126/files/PhilipsMotifMeshPendantlight2.png?v=1772019014 | https://cdn.shopify.com/s/files/1/0563/0532/0126/files/Artboard5_b9c6cac5-0f30-448d-8bf6-1e5c03ca6ddc.png?v=1779707433 | https://cdn.shopify.com/s/files/1/0563/0532/0126/files/Artboard2_2a97fb80-39cf-4c78-81b8-7226a25f75b0.png?v=1779707434 | https://cdn.shopify.com/s/files/1/0563/0532/0126/files/ExtendedwarrantywithSignifyDigiShield_bba261dc-b11f-4eba-9010-746d8b3b3e63.png?v=1772019014,2023-09-17T20:03:35+05:30,2026-09-08T08:56:55+05:30
Philips,Philips Ritzy 4-head Pendant,Pendant light,"Brand_Philips, Categories_All, Categories_Decorative light, categories_hanging, Categories_Pendant Light, decorative_lights_suggested, FESTIVE2025, hanging_lights_for_dining_table, head_4-head, main_pendant Lights, Origin_China, pendant_lights_livingroom_suggested, price_OVER INR 5000, product_Pendant light, room_Dining Room, room_Living Room",philips-ritzy-4-head-pendant,https://in.shop.lighting.philips.com/products/philips-ritzy-4-head-pendant,36808.0,36808.0,Title,Default Title :: SKU=919215851447 :: ₹36808.00,6,https://cdn.shopify.com/s/files/1/0563/0532/0126/files/Artboard4_cc68f977-70cf-4ece-b101-19eac7794007.png?v=1779707816 | https://cdn.shopify.com/s/files/1/0563/0532/0126/files/Artboard2_360b0fe5-1341-4d6c-b918-47ced5966b75.jpg?v=1769839096 | https://cdn.shopify.com/s/files/1/0563/0532/0126/files/Artboard5_34440215-4b80-4b64-9956-32170ca10db3.png?v=1779707816 | https://cdn.shopify.com/s/files/1/0563/0532/0126/files/Artboard1_a30cd669-a688-48ee-b94c-9dfa111bb39f.png?v=1779707816 | https://cdn.shopify.com/s/files/1/0563/0532/0126/files/Artboard2_2.jpg?v=1779707816 | https://cdn.shopify.com/s/files/1/0563/0532/0126/files/ExtendedwarrantywithSignifyDigiShield_f89c435b-280c-4ed7-b1cd-c21dd3419bd6.png?v=1769839105,2026-01-29T13:37:23+05:30,2026-09-08T08:56:55+05:30
Philips,Philips Leaf Pendant Light,Pendant light,"Brand_Philips, Categories_Decorative light, categories_hanging, Categories_Pendant Light, chandelier_bulb_type_E14, chandelier_mounting_style_suspended, chandelier_room_type_bedroom, chandelier_room_type_dining room, chandelier_room_type_living Room, decorative_lights_suggested, hanging_lights_for_dining_table, in_stock, main_pendant Lights, Origin_China, pendant_lights_livingroom_suggested, price_OVER INR 5000, product_Pendant light, room_Bed Room, room_Dining Room, room_Living Room",philips-leaf-pendant-light,https://in.shop.lighting.philips.com/products/philips-leaf-pendant-light,56884.0,56884.0,Diameter,600mm :: SKU=919215851421 :: ₹56884.00,6,https://cdn.shopify.com/s/files/1/0563/0532/0126/files/Artboard2_aa953e12-4a49-45f5-b889-1db5b91a6df6.jpg?v=1769838950 | https://cdn.shopify.com/s/files/1/0563/0532/0126/files/Artboard4_99d09df0-e937-4814-8d7f-13740c2afe18.jpg?v=1779707152 | https://cdn.shopify.com/s/files/1/0563/0532/0126/files/Artboard5_80c99b3c-3aea-421a-bc3b-73c4df239be7.jpg?v=1779707152 | https://cdn.shopify.com/s/files/1/0563/0532/0126/files/Artboard3_e1d620ea-3bef-4192-86ef-c8384feb0a14.jpg?v=1779707152 | https://cdn.shopify.com/s/files/1/0563/0532/0126/files/Artboard1_2a939390-610d-4258-a560-92a9f2c10182.jpg?v=1779707153 | https://cdn.shopify.com/s/files/1/0563/0532/0126/files/ExtendedwarrantywithSignifyDigiShield_43c35e0d-d7b5-4a80-bc2d-6d2b6321918e.png?v=1769838957,2026-01-29T13:37:09+05:30,2026-09-08T08:56:55+05:30
Philips,Philips Diffused Pendant Light,Pendant light,"Brand_Philips, Categories_All, Categories_Decorative light, categories_hanging, Categories_Pendant Light, decorative_lights_suggested, FESTIVE2025, hanging_lights_for_dining_table, junesale, kitchen_lights, Kitchen_lights_suggested, main_pendant Lights, monsoon_mega_sale, Origin_India, pendant_lights_livingroom_suggested, Price_INR 3001- 4000, product_Pendant light, room_Bed Room, room_Dining Room, room_Kitchen, room_Living Room",philips-diffused-pendant-light,https://in.shop.lighting.philips.com/products/philips-diffused-pendant-light,3139.0,3139.0,Title,Default Title :: SKU=919215851438 :: ₹3139.00,10,https://cdn.shopify.com/s/files/1/0563/0532/0126/files/Artboard2_834d343f-7854-40e4-a976-858be20e2229.jpg?v=1769838840 | https://cdn.shopify.com/s/files/1/0563/0532/0126/files/Artboard5_e0830e2e-afe2-48f5-b232-327932debc45.png?v=1779705059 | https://cdn.shopify.com/s/files/1/0563/0532/0126/files/Artboard4_9db1ee64-4d04-49a5-9fce-a667a044c753.png?v=1779705058 | https://cdn.shopify.com/s/files/1/0563/0532/0126/files/PhilipsDiffusedPendant_1.png?v=1772019225 | https://cdn.shopify.com/s/files/1/0563/0532/0126/files/PhilipsDiffusedPendantcopy.png?v=1772019225 | https://cdn.shopify.com/s/files/1/0563/0532/0126/files/PhilipsDiffusedPendantLight.png?v=1772019225 | https://cdn.shopify.com/s/files/1/0563/0532/0126/files/PhilipsDiffusedPendant.png?v=1772019225 | https://cdn.shopify.com/s/files/1/0563/0532/0126/files/Artboard6_90f5c75e-4177-401f-8a96-65fa69aff9b4.png?v=1779705062 | https://cdn.shopify.com/s/files/1/0563/0532/0126/files/PhilipsDiffusedPendantLight_1.png?v=1772019225 | https://cdn.shopify.com/s/files/1/0563/0532/0126/files/ExtendedwarrantywithSignifyDigiShield_01022ff0-7fbf-40dc-bfa0-a5d2f4afd15c.png?v=1772019225,2026-01-29T13:36:54+05:30,2026-09-08T08:56:55+05:30
Philips,Philips Magnifiq 34H Pendant Light,Pendant light,"Brand_Philips, Categories_All, Categories_Decorative light, categories_hanging, Categories_Pendant Light, chandelier_bulb_type_G9, chandelier_mounting_style_suspended, chandelier_room_type_dining room, chandelier_room_type_living Room, decorative_lights_suggested, hanging_lights_for_dining_table, in_stock, main_pendant Lights, Newly added, Origin_China, pendant_lights_livingroom_suggested, price_OVER INR 5000, product_Pendant light, room_Bed Room, room_Dining Room, room_Living Room",philips-magnifiq-34h-pendant-light,https://in.shop.lighting.philips.com/products/philips-magnifiq-34h-pendant-light,115624.0,115624.0,"Color, Size",Shiny Gold with Matte White Opal Glass/34 head :: SKU=919215851443 :: ₹115624.00,7,https://cdn.shopify.com/s/files/1/0563/0532/0126/files/Artboard3_50d68172-a001-40b7-986c-444c85eec404.jpg?v=1769838664 | https://cdn.shopify.com/s/files/1/0563/0532/0126/files/Artboard3_c8e077e4-ba85-4521-ade0-bd5ebbb2b0ea.jpg?v=1770185101 | https://cdn.shopify.com/s/files/1/0563/0532/0126/files/Artboard2_f176299e-6405-4217-a27b-c5480b4448da.jpg?v=1770185101 | https://cdn.shopify.com/s/files/1/0563/0532/0126/files/Artboard1_7ca163f6-3103-49b4-abdc-f1be3d860cf2.jpg?v=1770185439 | https://cdn.shopify.com/s/files/1/0563/0532/0126/files/Artboard4_725d6159-f0ba-44da-944d-6e439651ab49.jpg?v=1770185439 | https://cdn.shopify.com/s/files/1/0563/0532/0126/files/Artboard5_1c6744f9-c9e4-4d82-9a2e-b10ddedc6fa1.jpg?v=1770185439 | https://cdn.shopify.com/s/files/1/0563/0532/0126/files/ExtendedwarrantywithSignifyDigiShield_88c8989b-6b1f-43eb-8f04-f46e5542538c.png?v=1770185101,2026-01-29T13:36:51+05:30,2026-09-08T08:56:55+05:30
Philips,Philips Gaze Bronze Pendant Light,Pendant light,"bulb_E27, categories_chandeliers, Categories_Decorative light, chandelier_bulb_type_E27, crystal_pendant_light, decorative_lights_suggested, main_chandeliers, main_pendant Lights, Origin_China, price_OVER INR 5000, product_Pendant light",philips-gaze-bronze-pendant-light,https://in.shop.lighting.philips.com/products/philips-gaze-bronze-pendant-light,10000.0,10000.0,Title,Default Title :: SKU=919215851464 :: ₹10000.00,7,https://cdn.shopify.com/s/files/1/0563/0532/0126/files/2_9db27bef-1493-4856-9056-4d5ac1fd07fd.png?v=1769410362 | https://cdn.shopify.com/s/files/1/0563/0532/0126/files/3_0f5d62ab-c17c-419b-87d9-0ea872a87d0c.png?v=1779706698 | https://cdn.shopify.com/s/files/1/0563/0532/0126/files/4_cd265ee2-5dad-4ca1-9a97-080a6f53246d.png?v=1779706698 | https://cdn.shopify.com/s/files/1/0563/0532/0126/files/Nonlit_585c3c28-5924-4e9d-bf41-68a334d522fb.png?v=1769410362 | https://cdn.shopify.com/s/files/1/0563/0532/0126/files/1_c0393362-d563-4be1-853a-a31d322a5644.png?v=1779706697 | https://cdn.shopify.com/s/files/1/0563/0532/0126/files/5_b998bcdd-aa0b-451f-9347-348f9739c6b9.png?v=1779706697 | https://cdn.shopify.com/s/files/1/0563/0532/0126/files/ExtendedwarrantywithSignifyDigiShield_77636121-2ce7-4e0f-b238-f18cf2ea6ee0.png?v=1769838559,2025-09-11T17:24:22+05:30,2026-09-08T08:56:55+05:30
Philips,Philips Vivid Pendant light,Pendant light,"Brand_Philips, Categories_Decorative light, categories_hanging, Categories_Pendant Light, decorative_lights_suggested, dining-room-hanging-lights, hanging_lights_for_balcony, hanging_lights_for_staircase, main_pendant Lights, Origin_India, pendant_lights_livingroom_suggested, Price_INR 3001- 4000, product_Pendant light",philips-vivid-pendant-light-1,https://in.shop.lighting.philips.com/products/philips-vivid-pendant-light-1,3745.0,3745.0,Color,Matt white :: SKU=919215851277 :: ₹3745.00,8,https://cdn.shopify.com/s/files/1/0563/0532/0126/files/PhilipsVividPendantlight.png?v=1747311889 | https://cdn.shopify.com/s/files/1/0563/0532/0126/files/5_0336780a-cd7c-4484-a786-d9d1319f991e.png?v=1779708781 | https://cdn.shopify.com/s/files/1/0563/0532/0126/files/7_7f4b9f3d-a474-4239-955d-b9d2181e80f9.png?v=1779708783 | https://cdn.shopify.com/s/files/1/0563/0532/0126/files/6_820431e4-9283-4935-acd1-38f711444601.png?v=1779708790 | https://cdn.shopify.com/s/files/1/0563/0532/0126/files/1_a867e9b8-0123-46c9-8ce1-6c2f2d5e4385.png?v=1779708790 | https://cdn.shopify.com/s/files/1/0563/0532/0126/files/2_4b1bbf35-f9e4-4517-99c8-208c8160dd72.png?v=1779708781 | https://cdn.shopify.com/s/files/1/0563/0532/0126/files/4_4a1bf28e-a992-40ec-bff5-e2cc185d2acb.png?v=1779708782 | https://cdn.shopify.com/s/files/1/0563/0532/0126/files/ExtendedwarrantywithSignifyDigiShield_452c29fc-37fd-409e-a2a8-60fb3bdac761.png?v=1772019311,2025-11-19T11:45:16+05:30,2026-09-08T08:56:55+05:30
Philips,Philips Radiant outdoor wall washer,outdoor lights,"Brand_Philips, Categories_Wall Washer, Origin_India, Price_INR 2001- 3000, Product_outdoor lights, room_Outdoor",philips-radiant-wall-light,https://in.shop.lighting.philips.com/products/philips-radiant-wall-light,2329.0,3320.0,"Size, Color, Body Color",1 Way/Warm White/Black :: SKU=919215851093 :: ₹2329.00 | 2  Way/Warm White/Black :: SKU=919215851094 :: ₹3320.00,5,https://cdn.shopify.com/s/files/1/0563/0532/0126/files/Radiant-2.png?v=1769837107 | https://cdn.shopify.com/s/files/1/0563/0532/0126/files/582060-Philips-Radiant-1Way-5W-IP65-WW-SPP-Photoroom.png?v=1769837173 | https://cdn.shopify.com/s/files/1/0563/0532/0126/files/PhilipsRadiantoutdoorwallwasher2.jpg?v=1769837173 | https://cdn.shopify.com/s/files/1/0563/0532/0126/files/PhilipsRadiantoutdoorwallwasher1.jpg?v=1769837173 | https://cdn.shopify.com/s/files/1/0563/0532/0126/files/ExtendedwarrantywithSignifyDigiShield_f454863d-3027-4626-93db-cf99be32189b.png?v=1769837156,2026-01-29T13:41:56+05:30,2026-09-08T08:56:55+05:30
Philips,Philips Cormorant Outdoor Wall light,outdoor lights,"Brand_Philips, Categories_Wall Lights, new_arrivals, Origin_India, Price_INR 4001- 5000, Product_outdoor lights",philips-cormorant-wall-light,https://in.shop.lighting.philips.com/products/philips-cormorant-wall-light,4248.0,4248.0,Title,Default Title :: SKU=919215851266 :: ₹4248.00,2,https://cdn.shopify.com/s/files/1/0563/0532/0126/files/Cormorantwalllight.png?v=1769836199 | https://cdn.shopify.com/s/files/1/0563/0532/0126/files/ExtendedwarrantywithSignifyDigiShield_54e228ff-e2e8-4933-a78a-9613b1281757.png?v=1769836206,2026-01-29T13:40:01+05:30,2026-09-08T08:56:55+05:30
Philips,Philips Octave Wall light,outdoor lights,"2025holisale, Brand_Philips, Categories_Wall Lights, festive_2024, IndependenceDay_Sale, Origin_India, Price_Less than INR 1000, Product_outdoor lights, Republic_Day_Sale_2025, room_Outdoor",philips-octave-wall-light,https://in.shop.lighting.philips.com/products/philips-octave-wall-light,349.0,349.0,Title,Default Title :: SKU=919215851228 :: ₹349.00,2,https://cdn.shopify.com/s/files/1/0563/0532/0126/files/Octave_1f167d44-fb0d-4aba-846f-67355763c4b0.png?v=1769837273 | https://cdn.shopify.com/s/files/1/0563/0532/0126/files/ExtendedwarrantywithSignifyDigiShield_16c2ca44-29c2-4410-a3d8-adcdd4d96307.png?v=1769837319,2026-01-29T13:41:58+05:30,2026-09-08T08:56:55+05:30
Philips,Philips Garden Spike,outdoor lights,"Brand_Philips, Categories_Garden Spike, new_arrivals, Origin_India, outdoor_lights_suggested, Price_INR 2001- 3000, Product_outdoor lights, Republic_Day_Sale_2025, room_Outdoor",philips-garden-spike,https://in.shop.lighting.philips.com/products/philips-garden-spike,2030.0,2030.0,Title,Default Title :: SKU=919215850754 :: ₹2030.00,3,https://cdn.shopify.com/s/files/1/0563/0532/0126/files/GardenSpike-1_bb3a468b-2bd2-463b-948b-dcea476fc29e.png?v=1769836972 | https://cdn.shopify.com/s/files/1/0563/0532/0126/files/919215850753_1bf935e5-985b-4f9f-bf3c-c924be4fa224.png?v=1769836972 | https://cdn.shopify.com/s/files/1/0563/0532/0126/files/ExtendedwarrantywithSignifyDigiShield_920c5f41-4624-4cbd-85bc-38a9e6474d2e.png?v=1769837000,2026-01-29T13:40:21+05:30,2026-09-08T08:56:55+05:30
Philips,Philips Sterling Gate light,outdoor lights,"Brand_Philips, Categories_Gate Lights, new_arrivals, Origin_India, price_OVER INR 5000, Product_outdoor lights, Republic_Day_Sale_2025",philips-sterling-outdoor-post-light,https://in.shop.lighting.philips.com/products/philips-sterling-outdoor-post-light,5373.0,5373.0,"Wattage, Color",12W/Warm White :: SKU=919215851274 :: ₹5373.00,2,https://cdn.shopify.com/s/files/1/0563/0532/0126/files/SterlingGateLight____Application_1_-Photoroom.jpg?v=1769836326 | https://cdn.shopify.com/s/files/1/0563/0532/0126/files/ExtendedwarrantywithSignifyDigiShield_3d2e3ff8-8aa6-4884-9d61-b0b48046f8c3.png?v=1769836334,2026-01-29T13:40:03+05:30,2026-09-08T08:56:55+05:30
Philips,Philips Zenith Outdoor Wall Light,outdoor lights,"Brand_Philips, Categories_Wall Lights, new_arrivals, Origin_India, Price_INR 4001- 5000, Product_outdoor lights",philips-zenith-outdoor-wall-light,https://in.shop.lighting.philips.com/products/philips-zenith-outdoor-wall-light,4862.0,4862.0,"Bulb Type, Color",E27/Gold + Amber :: SKU=919215851265 :: ₹4862.00,4,https://cdn.shopify.com/s/files/1/0563/0532/0126/files/Zenith-2-Photoroom-Photoroom.jpg?v=1769836047 | https://cdn.shopify.com/s/files/1/0563/0532/0126/files/800020-Philips-ZENITH-Gold_AmberE27-IP65-SPP-Photoroom.jpg?v=1769836063 | https://cdn.shopify.com/s/files/1/0563/0532/0126/files/800020-Philips-ZENITH-Gold_AmberE27-IP65-2-MAP_c5665e3c-48cb-4af5-bfa7-026e1d2ebfff-Photoroom.jpg?v=1769836063 | https://cdn.shopify.com/s/files/1/0563/0532/0126/files/ExtendedwarrantywithSignifyDigiShield_cd997977-ec0e-4176-a45c-8cc749249a30.png?v=1769836072,2026-01-29T13:39:58+05:30,2026-09-08T08:56:55+05:30
Philips,Philips Serene Pendant light,outdoor lights,"2025holisale, Brand_Philips, Categories_All, categories_hanging, monsoon_mega_sale, Origin_China, price_OVER INR 5000, product_Outdoor lights, product_Pendant light",philips-serene-pendant-light,https://in.shop.lighting.philips.com/products/philips-serene-pendant-light,5994.0,5994.0,"Style, Bulb type",Milky/E27 :: SKU=919215851293 :: ₹5994.00,9,https://cdn.shopify.com/s/files/1/0563/0532/0126/files/2.png?v=1775471701 | https://cdn.shopify.com/s/files/1/0563/0532/0126/files/4_174d468e-3274-4aa0-acf9-5409d1825853.png?v=1775471701 | https://cdn.shopify.com/s/files/1/0563/0532/0126/files/SERENEClearPendant-Application-Photoroom.jpg?v=1775471701 | https://cdn.shopify.com/s/files/1/0563/0532/0126/files/0_d3507905-1823-485a-a57f-8c705486394e.png?v=1775471701 | https://cdn.shopify.com/s/files/1/0563/0532/0126/files/SERENEMilkyPendant___Product__Lit-up__F-Photoroom.jpg?v=1775471701 | https://cdn.shopify.com/s/files/1/0563/0532/0126/files/1_fec42b5d-af11-4d26-b3f4-98e3d5f96277.png?v=1775471701 | https://cdn.shopify.com/s/files/1/0563/0532/0126/files/ExtendedwarrantywithSignifyDigiShield_13db3ddf-c6df-4ae7-ac64-b3da72f76289.png?v=1775471701 | https://cdn.shopify.com/s/files/1/0563/0532/0126/files/5_39a92fe0-9176-4c95-9ca5-462980bf14e8.png?v=1775471701 | https://cdn.shopify.com/s/files/1/0563/0532/0126/files/3.png?v=1775471701,2024-06-01T21:02:21+05:30,2026-09-08T08:56:55+05:30
Philips,Philips Cormorant Pendant light,outdoor lights,"Brand_Philips, Categories_All, categories_hanging, Categories_Pendant Light, Origin_India, Price_INR 4001- 5000, product_Outdoor lights",philips-cormorant-pendant-light,https://in.shop.lighting.philips.com/products/philips-cormorant-pendant-light,5113.0,5113.0,Title,Default Title :: SKU=919215851343 :: ₹5113.00,2,https://cdn.shopify.com/s/files/1/0563/0532/0126/files/ApplicationImage-CormorantPendant-Photoroom.jpg?v=1747311585 | https://cdn.shopify.com/s/files/1/0563/0532/0126/files/ExtendedwarrantywithSignifyDigiShield_3519ed39-f115-42c4-bca4-0f75b7b58b19.png?v=1769833660,2024-06-01T21:02:21+05:30,2026-09-08T08:56:55+05:30
Philips,Philips Serene Wall Light,outdoor lights,"2025holisale, Brand_Philips, Categories_Wall Lights, Origin_China, Price_INR 4001- 5000, product_Outdoor lights",philips-serene-wall-light,https://in.shop.lighting.philips.com/products/philips-serene-wall-light,4657.0,4657.0,Title,Default Title :: SKU=919215851292 :: ₹4657.00,4,https://cdn.shopify.com/s/files/1/0563/0532/0126/files/SERENEClearWallLight-Application_5121c37e-437a-4f20-904e-0c8f470a353b.jpg?v=1769833572 | https://cdn.shopify.com/s/files/1/0563/0532/0126/files/41auSmR40gL.jpg?v=1769833572 | https://cdn.shopify.com/s/files/1/0563/0532/0126/files/71hYubaHPFL._SL1500.jpg?v=1769833572 | https://cdn.shopify.com/s/files/1/0563/0532/0126/files/ExtendedwarrantywithSignifyDigiShield_cfbe94d7-0edb-46c8-b3b6-f075fd840312.png?v=1769833572,2024-06-01T21:02:22+05:30,2026-09-08T08:56:55+05:30
Philips,Philips Shine LED Wall light,outdoor lights,"2025holisale, bestsellerQ2, Brand_Philips, Categories_Wall Lights, festive_2024, IndependenceDay_Sale, junesale, monsoon_mega_sale, Origin_India, outdoor_lights_suggested, outdoor_wall_lights_suggested, Price_Less than INR 1000, product_Outdoor lights, Republic_Day_Sale_2025, room_Outdoor",philips-shine-10w-wall-light,https://in.shop.lighting.philips.com/products/philips-shine-10w-wall-light,449.0,449.0,"Wattage, Color, Body Color",10W/Cool white/Anthracite Grey :: SKU=919215851348 :: ₹449.00,7,https://cdn.shopify.com/s/files/1/0563/0532/0126/files/Artboard_4.png?v=1747311575 | https://cdn.shopify.com/s/files/1/0563/0532/0126/files/Artboard_1_c27ec18b-e439-4455-bbe3-1f3ea086e9a2.png?v=1747311575 | https://cdn.shopify.com/s/files/1/0563/0532/0126/files/Artboard_2_53cc60ae-55a3-49eb-a0f1-82201ff13d23.png?v=1747311575 | https://cdn.shopify.com/s/files/1/0563/0532/0126/files/Artboard_3_e4c54861-7842-4126-91bc-c0f55119f916.png?v=1747311575 | https://cdn.shopify.com/s/files/1/0563/0532/0126/files/Artboard_5_4864b7af-df0c-4e78-bcb2-4319743a526f.png?v=1747311575 | https://cdn.shopify.com/s/files/1/0563/0532/0126/files/Artboard_6_e20e65d8-07f3-4003-9833-dbd4a33896bf.png?v=1747311575 | https://cdn.shopify.com/s/files/1/0563/0532/0126/files/ExtendedwarrantywithSignifyDigiShield_eb9cbcad-1047-4676-94ed-c991c4a7eec4.png?v=1769833402,2024-06-01T21:02:31+05:30,2026-09-08T08:56:55+05:30
Philips,Philips Chalet Gate light,outdoor lights,"2025holisale, Brand_Philips, Categories_Gate Lights, Origin_India, outdoor_lights_suggested, Price_INR 4001- 5000, Product_outdoor lights, room_Outdoor",philips-chalet-gate-light,https://in.shop.lighting.philips.com/products/philips-chalet-gate-light,5184.0,5184.0,"Body Color, Bulb base",Black/E27 :: SKU=919215851396 :: ₹5184.00,2,https://cdn.shopify.com/s/files/1/0563/0532/0126/files/Chaletgatelight___application-Photoroom.jpg?v=1769410525 | https://cdn.shopify.com/s/files/1/0563/0532/0126/files/ExtendedwarrantywithSignifyDigiShield_0e75b313-f313-4569-bd46-c3ecb67303f2.png?v=1769833238,2024-09-29T19:21:06+05:30,2026-09-08T08:56:55+05:30
Philips,Philips Stride Step light,outdoor lights,"Brand_Philips, categories_Step light, Origin_India, Price_INR 1001- 2000, Product_outdoor lights, room_Outdoor",philips-stride-step-light,https://in.shop.lighting.philips.com/products/philips-stride-step-light,1440.0,1440.0,"Body color, Wattage",White/3W :: SKU=919215851351 :: ₹1440.00,3,https://cdn.shopify.com/s/files/1/0563/0532/0126/files/Stridesteplight-01.png?v=1769833011 | https://cdn.shopify.com/s/files/1/0563/0532/0126/files/Non-litimage-GreySTRIDEsteplight-Photoroom.png?v=1769833011 | https://cdn.shopify.com/s/files/1/0563/0532/0126/files/ExtendedwarrantywithSignifyDigiShield_ea564101-2380-45f8-a700-ff0d29a4aef5.png?v=1769833015,2026-01-29T13:38:27+05:30,2026-09-08T08:56:55+05:30
Philips,Philips Fabula outdoor wall light,outdoor lights,"Brand_Philips, Categories_Wall Lights, Origin_India, outdoor_lights_suggested, outdoor_wall_lights_suggested, Price_INR 4001- 5000, Product_outdoor lights, room_Outdoor",philips-fabula-outdoor-wall-light,https://in.shop.lighting.philips.com/products/philips-fabula-outdoor-wall-light,4972.0,4972.0,Title,Default Title :: SKU=919215851399 :: ₹4972.00,2,https://cdn.shopify.com/s/files/1/0563/0532/0126/files/FabulaOutdoorwalllight-1.png?v=1769410522 | https://cdn.shopify.com/s/files/1/0563/0532/0126/files/ExtendedwarrantywithSignifyDigiShield_eb602241-5d26-4f33-a462-528cf6fa4790.png?v=1769832494,2024-09-29T19:21:09+05:30,2026-09-08T08:56:55+05:30
Philips,Philips Gamma 1-way Wall washer,outdoor lights,"2025holisale, Brand_Philips, Categories_Wall Washer, junesale, monsoon_mega_sale, Origin_India, outdoor_lights_suggested, outdoor_wall_lights_suggested, Price_INR 1001- 2000, Product_outdoor lights, room_Outdoor",philips-gamma-1-way-wall-washer,https://in.shop.lighting.philips.com/products/philips-gamma-1-way-wall-washer,1794.0,1794.0,"Wattage, Color",3W/Warm White :: SKU=919215851222 :: ₹1794.00,2,https://cdn.shopify.com/s/files/1/0563/0532/0126/files/Gamma_582088_Closeup_0a743dae-2b1c-4583-925a-4b278d85d0ca.jpg?v=1747311469 | https://cdn.shopify.com/s/files/1/0563/0532/0126/files/ExtendedwarrantywithSignifyDigiShield_ab153956-0be6-4c33-8d82-1d5bd193881e.png?v=1769832258,2024-12-11T17:03:44+05:30,2026-09-08T08:56:55+05:30
Philips,Philips VYNCE Rd Solar Wall Light,outdoor lights,"Categories_Solar lights, emergency_lights_suggested, Origin_China, outdoor_lights_suggested, outdoor_solar_lights_suggested, outdoor_wall_lights_suggested, Price_INR 2001- 3000, product_Emergency lights, Product_outdoor lights, Product_Solar lights",philips-vynce-rd-solar-wall-light,https://in.shop.lighting.philips.com/products/philips-vynce-rd-solar-wall-light,2009.0,2009.0,Body color,Black :: SKU=929004066101 :: ₹2009.00,6,https://cdn.shopify.com/s/files/1/0563/0532/0126/files/a39cc350-4dc6-408f-bfa3-5b80287e3cd4.jpg?v=1769832018 | https://cdn.shopify.com/s/files/1/0563/0532/0126/files/7ce81575-5c93-402e-8153-37caa4b783de.jpg?v=1769832018 | https://cdn.shopify.com/s/files/1/0563/0532/0126/files/b27e4553-0c0b-4d0a-be15-b7c915b95e02.jpg?v=1769832018 | https://cdn.shopify.com/s/files/1/0563/0532/0126/files/d89a8c88-aded-4d19-acc9-e8804dd99e0d.jpg?v=1769832018 | https://cdn.shopify.com/s/files/1/0563/0532/0126/files/10d6a7d4-39d3-4f91-a551-63d84a8890c3.jpg?v=1769832018 | https://cdn.shopify.com/s/files/1/0563/0532/0126/files/ExtendedwarrantywithSignifyDigiShield_18472a45-5bbf-4423-baa0-c3442f8fc3af.png?v=1769832009,2025-08-28T12:35:13+05:30,2026-09-08T08:56:55+05:30
Philips,Philips VAPORA Solar Wall Light,outdoor lights,"Categories_Solar lights, Origin_China, outdoor_lights_suggested, outdoor_solar_lights_suggested, outdoor_wall_lights_suggested, Price_INR 2001- 3000, Product_outdoor lights, Product_Solar lights",philips-vapora-solar-wall-light,https://in.shop.lighting.philips.com/products/philips-vapora-solar-wall-light,2139.0,2139.0,Body color,Black :: SKU=929004066501 :: ₹2139.00,8,https://cdn.shopify.com/s/files/1/0563/0532/0126/files/3fff21b3-635c-494e-bcc2-703a103572d4.jpg?v=1769410399 | https://cdn.shopify.com/s/files/1/0563/0532/0126/files/83191b0e-f980-49fa-ad42-a8093a4de3fb.jpg?v=1769410399 | https://cdn.shopify.com/s/files/1/0563/0532/0126/files/f91f723b-6d49-4634-8b58-815d3411506e.jpg?v=1769410399 | https://cdn.shopify.com/s/files/1/0563/0532/0126/files/ee01303a-d29c-4ea8-b40a-13f99dd0c428.jpg?v=1769410399 | https://cdn.shopify.com/s/files/1/0563/0532/0126/files/Philips_VAPORA_Solar_Wall_Light.png?v=1769410399 | https://cdn.shopify.com/s/files/1/0563/0532/0126/files/c30b7168-ac1f-4264-b31e-30504f94a459.jpg?v=1769831721 | https://cdn.shopify.com/s/files/1/0563/0532/0126/files/87cb6031-6989-4b56-aeff-dd2c7edc31a0.jpg?v=1769831720 | https://cdn.shopify.com/s/files/1/0563/0532/0126/files/ExtendedwarrantywithSignifyDigiShield_ce3e3eac-4216-4a54-afbf-430d87abd3e7.png?v=1769831730,2025-08-28T14:52:58+05:30,2026-09-08T08:56:55+05:30
Philips,Philips Webber Magnetic Track Hanging Kit,Magnetic Track,"Brand_Philips, Categories_Hanging Kit, Magnetic Track Lighting, Origin_India, Price_INR 1001- 2000, product_Track light, track_type_hanging_kit",philips-webber-hanging-kit,https://in.shop.lighting.philips.com/products/philips-webber-hanging-kit,999.0,999.0,Title,Default Title :: SKU=919215851159 :: ₹999.00,2,https://cdn.shopify.com/s/files/1/0563/0532/0126/files/582031PHILIPSWebberHangingKit-Photoroom_c37ec03f-9e9c-428c-9409-a6c12219c672.png?v=1769830850 | https://cdn.shopify.com/s/files/1/0563/0532/0126/files/ExtendedwarrantywithSignifyDigiShield_1fc37893-a0f0-4149-be7b-f05a083b7b01.png?v=1769830874,2025-01-04T22:22:58+05:30,2026-09-08T08:56:55+05:30
Philips,Philips Webber Connection Kit,Magnetic Track,"Brand_Philips, Categories_Connector, Magnetic Track Lighting, Origin_India, Price_INR 1001- 2000, product_Track light, track_type_drivers",philips-webber-connection-kit,https://in.shop.lighting.philips.com/products/philips-webber-connection-kit,1345.0,1345.0,Title,Default Title :: SKU=919215851158 :: ₹1345.00,2,https://cdn.shopify.com/s/files/1/0563/0532/0126/files/582029PHILIPSWebberConnectionKit0.5M-Photoroom_11782dfb-ee28-4d6f-8fae-906809334a08.png?v=1769830799 | https://cdn.shopify.com/s/files/1/0563/0532/0126/files/ExtendedwarrantywithSignifyDigiShield_75fa3067-ea46-4868-a861-0b6a17e2f105.png?v=1769830799,2025-01-04T22:23:00+05:30,2026-09-08T08:56:55+05:30
Philips,Philips Webber Independent LED Driver,Magnetic Track,"Brand_Philips, Categories_LED Driver, Magnetic Track Lighting, Origin_India, Price_INR 4001- 5000, product_Track light, track_type_drivers",philips-webber-independent-led-driver,https://in.shop.lighting.philips.com/products/philips-webber-independent-led-driver,3933.0,3933.0,Title,Default Title :: SKU=919215851172 :: ₹3933.00,2,https://cdn.shopify.com/s/files/1/0563/0532/0126/files/ExternalDriver-Photoroom_59315c33-cc41-4c38-b066-d667035ddd73.png?v=1769830707 | https://cdn.shopify.com/s/files/1/0563/0532/0126/files/ExtendedwarrantywithSignifyDigiShield_6bffc21f-671a-4b3a-b140-5f2bffbfc1e6.png?v=1769830707,2025-01-04T22:23:02+05:30,2026-09-08T08:56:55+05:30
Philips,Philips Webber Inbuilt Driver (48V),Magnetic Track,"2025holisale, Brand_Philips, Categories_LED Driver, Magnetic Track Lighting, Origin_India, price_OVER INR 5000, product_Track light, track_type_drivers",philips-webber-inbuilt-driver,https://in.shop.lighting.philips.com/products/philips-webber-inbuilt-driver,5184.0,5184.0,Title,Default Title :: SKU=919215851179 :: ₹5184.00,4,https://cdn.shopify.com/s/files/1/0563/0532/0126/files/Artboard2_e2254311-4e89-45fb-910a-e7f1c48b5950.png?v=1769830619 | https://cdn.shopify.com/s/files/1/0563/0532/0126/files/Artboard1_d9a8a2e2-d3d1-4b3d-997e-e76070a71dca.png?v=1769830619 | https://cdn.shopify.com/s/files/1/0563/0532/0126/files/Artboard3_ab4d7ae0-8851-4845-83c1-def92178b401.png?v=1769830619 | https://cdn.shopify.com/s/files/1/0563/0532/0126/files/ExtendedwarrantywithSignifyDigiShield_41f7741a-8f9b-4d53-bc92-f0af1299b303.png?v=1769830369,2025-01-04T22:23:03+05:30,2026-09-08T08:56:55+05:30
Philips,Philips Micro Surface & Suspended Track for Webber Magnetic Track,Magnetic Track,"Brand_Philips, Categories_Track, Magnetic Track Lighting, Origin_India, Price_INR 2001- 3000, product_Track light, track_type_track_ for_true_ceiling",philips-micro-surface-suspended-track,https://in.shop.lighting.philips.com/products/philips-micro-surface-suspended-track,5248.0,5248.0,Title,Default Title :: SKU=919215851370 :: ₹5248.00,2,https://cdn.shopify.com/s/files/1/0563/0532/0126/files/582042PHILIPSMicroSurface_SuspTrack1M-Photoroom_b2cd5f02-3624-4b9f-a015-62d427c072c5.png?v=1769830232 | https://cdn.shopify.com/s/files/1/0563/0532/0126/files/ExtendedwarrantywithSignifyDigiShield_f9529d05-8c54-43b8-afc1-99d803a30e25.png?v=1769830240,2025-01-04T22:23:04+05:30,2026-09-08T08:56:55+05:30
Philips,Philips Webber Tiltable Spot Blade,Magnetic Track,"Brand_Philips, Categories_LED Fixtures, LED Fixture, Magnetic Track Lighting, Origin_India, Price_INR 1001- 2000, product_Track light, track_type_LED_fixtures, track_type_track_spot_light",philips-webber-tiltable-spot-blade,https://in.shop.lighting.philips.com/products/philips-webber-tiltable-spot-blade,1652.0,1652.0,"Wattage, Light color",6W/Warm White :: SKU=919215851195 :: ₹1652.00,9,https://cdn.shopify.com/s/files/1/0563/0532/0126/files/Artboard1_1680c8ad-63a2-4c15-a008-fd25a08eec1e.png?v=1769829428 | https://cdn.shopify.com/s/files/1/0563/0532/0126/files/Artboard2_6eb7facf-3f61-48ca-a128-df043f4e8869.png?v=1769829505 | https://cdn.shopify.com/s/files/1/0563/0532/0126/files/Artboard6_3f778d68-214d-45c7-a0ef-5a14e2daee58.png?v=1769829505 | https://cdn.shopify.com/s/files/1/0563/0532/0126/files/Artboard4_28a806ca-6aef-48a4-a180-08dbeaf6608f.png?v=1769829505 | https://cdn.shopify.com/s/files/1/0563/0532/0126/files/Diffused_Blade_-_18W_____1_e913b468-2c11-4b3e-807c-1638dcb2245a.jpg?v=1769829505 | https://cdn.shopify.com/s/files/1/0563/0532/0126/files/Spot_Blade_-_12W_____1_bd02ed5a-8bdb-41de-9f01-c163fca15a0d.jpg?v=1769829505 | https://cdn.shopify.com/s/files/1/0563/0532/0126/files/Spot_Blade_-_6W_____2_916dd68b-ce58-4b15-8dbc-159ee9ce2f16.jpg?v=1769829505 | https://cdn.shopify.com/s/files/1/0563/0532/0126/files/Artboard7_7e2fc035-b043-44cd-b105-8fb2faa6ec4f.png?v=1769829505 | https://cdn.shopify.com/s/files/1/0563/0532/0126/files/webbertiltablespotblade.jpg?v=1770017390,2025-01-04T22:23:18+05:30,2026-09-08T08:56:55+05:30
Philips,Philips Webber Spot Blade,Magnetic Track,"Brand_Philips, Categories_LED Fixtures, Categories_Track, LED Track Light, Magnetic Track Lighting, Origin_India, Price_INR 1001- 2000, product_Track light, product_Track Lights, track_type_LED_fixtures",philips-webber-spot-blade,https://in.shop.lighting.philips.com/products/philips-webber-spot-blade,2069.0,2069.0,Title,Default Title :: SKU=919215851116 :: ₹2069.00,6,https://cdn.shopify.com/s/files/1/0563/0532/0126/files/6WSpotblade-2.png?v=1769830133 | https://cdn.shopify.com/s/files/1/0563/0532/0126/files/581984PHILIPSWEBBER12WSPOTBLADEWW-1.png?v=1769830132 | https://cdn.shopify.com/s/files/1/0563/0532/0126/files/6WSpotblade-Photoroom_d7336809-7761-496e-b80c-e5da082e1196.png?v=1769830132 | https://cdn.shopify.com/s/files/1/0563/0532/0126/files/6W-SpotBlade-1.png?v=1769830133 | https://cdn.shopify.com/s/files/1/0563/0532/0126/files/6WSpotblade-3.png?v=1769830133 | https://cdn.shopify.com/s/files/1/0563/0532/0126/files/ExtendedwarrantywithSignifyDigiShield_2420a5e9-5f29-477f-9624-9c219271a774.png?v=1769830141,2025-01-04T22:23:06+05:30,2026-09-08T08:56:55+05:30
Philips,Philips Webber Diffused Blade,Magnetic Track,"Brand_Philips, Categories_LED Fixtures, LED Fixture, Magnetic Track Lighting, Origin_India, Price_INR 2001- 3000, product_Track light, track_type_LED_fixtures",philips-webber-diffused-blade,https://in.shop.lighting.philips.com/products/philips-webber-diffused-blade,2045.0,2045.0,Title,Default Title :: SKU=919215851104 :: ₹2045.00,5,https://cdn.shopify.com/s/files/1/0563/0532/0126/files/Artboard4_27919fee-b56f-4933-9b7a-16fe65db0a02.png?v=1769830006 | https://cdn.shopify.com/s/files/1/0563/0532/0126/files/Artboard_1_a56a1eaf-b0d7-4d04-a7c1-26efe5639fd9.png?v=1769830006 | https://cdn.shopify.com/s/files/1/0563/0532/0126/files/Artboard5_4560747b-f4d2-40f6-b2e7-212d3d3edbce.png?v=1769830006 | https://cdn.shopify.com/s/files/1/0563/0532/0126/files/Artboard3_9f63373e-221e-47d1-a570-05655a378cfc.png?v=1769829915 | https://cdn.shopify.com/s/files/1/0563/0532/0126/files/webber_blade.jpg?v=1770017785,2025-01-04T22:23:07+05:30,2026-09-08T08:56:55+05:30
Philips,Philips Webber L-shaped Diffused Blade,Magnetic Track,"Brand_Philips, Categories_LED Fixtures, LED Fixture, LED Track Light, Magnetic Track Lighting, Origin_India, Price_INR 4001- 5000, product_Track light, track_type_LED_fixtures",philips-webber-lshaped-diffused-blade,https://in.shop.lighting.philips.com/products/philips-webber-lshaped-diffused-blade,4146.0,4146.0,Title,Default Title :: SKU=919215851111 :: ₹4146.00,3,https://cdn.shopify.com/s/files/1/0563/0532/0126/files/Artboard1_f08e7cbb-d4e0-4213-8d21-24d7d188ac53.png?v=1769829650 | https://cdn.shopify.com/s/files/1/0563/0532/0126/files/l-shaped_diffussed_blade.jpg?v=1770017629 | https://cdn.shopify.com/s/files/1/0563/0532/0126/files/ExtendedwarrantywithSignifyDigiShield_68ebd91a-4349-4cd8-b542-7cd08c558c73.png?v=1770017629,2025-01-04T22:23:13+05:30,2026-09-08T08:56:55+05:30
Philips,Philips Webber Zoom Spot,Magnetic Track,"2025holisale, Brand_Philips, Categories_LED Fixtures, Kitchen_lights_suggested, LED Fixture, Magnetic Track Lighting, Origin_India, Price_INR 4001- 5000, product_Track light, track_type_LED_fixtures, track_type_track_spot_light, wall_lights_sitting_room_suggested",philips-webber-zoom-spot,https://in.shop.lighting.philips.com/products/philips-webber-zoom-spot,4476.0,4476.0,Title,Default Title :: SKU=919215851315 :: ₹4476.00,3,https://cdn.shopify.com/s/files/1/0563/0532/0126/files/Artboard1_1c63a5c9-1cbe-4e8f-8a2c-8f783e471560.png?v=1769829230 | https://cdn.shopify.com/s/files/1/0563/0532/0126/files/Artboard2_e34599bf-3a2a-45ff-a0db-d0019fbd22bf.png?v=1769829230 | https://cdn.shopify.com/s/files/1/0563/0532/0126/files/ExtendedwarrantywithSignifyDigiShield_8f3a4027-4933-4156-8e1b-58dc0184df2a.png?v=1769829190,2025-01-04T22:23:20+05:30,2026-09-08T08:56:55+05:30
Philips,Philips Webber Clair Pendant light,Magnetic Track,"Brand_Philips, Categories_All, categories_hanging, Categories_Pendant Light, hanging_lights_for_balcony, hanging_lights_for_dining_table, hanging_lights_for_staircase, Kitchen_lights_suggested, Magnetic Track Lighting, main_pendant Lights, Origin_India, Price_INR 4001- 5000, product_Pendant light, product_Track light, track_type_hanging_lights, track_type_LED_fixtures",philips-webber-clair-pendant-light,https://in.shop.lighting.philips.com/products/philips-webber-clair-pendant-light,4342.0,4342.0,Title,Default Title :: SKU=919215851313 :: ₹4342.00,7,https://cdn.shopify.com/s/files/1/0563/0532/0126/files/Artboard6_0d88b352-78d7-4dbc-8e31-ec9c7d3cfbf7.png?v=1770188033 | https://cdn.shopify.com/s/files/1/0563/0532/0126/files/Artboard1_8e9abbd3-97c5-4a54-a299-54c3a7eaee6d.png?v=1770188033 | https://cdn.shopify.com/s/files/1/0563/0532/0126/files/Artboard5_0847587f-ac74-44f7-bcf8-2d045e740ccd.png?v=1769828981 | https://cdn.shopify.com/s/files/1/0563/0532/0126/files/Artboard4_18592bb9-9587-45f2-9719-0653175ae10d.png?v=1769828981 | https://cdn.shopify.com/s/files/1/0563/0532/0126/files/clai.jpg?v=1770017842 | https://cdn.shopify.com/s/files/1/0563/0532/0126/files/clair_pendant.jpg?v=1770017842 | https://cdn.shopify.com/s/files/1/0563/0532/0126/files/ExtendedwarrantywithSignifyDigiShield_889eb217-daa3-4553-97f1-fa58f104d75b.png?v=1770017842,2025-01-04T22:23:23+05:30,2026-09-08T08:56:55+05:30
Philips,Philips Webber Trimless Corner 90 degree for Magnetic Track,Magnetic Track,"2025holisale, Brand_Philips, Categories_Track, Magnetic Track Lighting, Origin_India, Price_INR 1001- 2000, product_Track light, product_Track Lights, track_type_corner_for_false_ceiling",philips-webber-trimless-corner,https://in.shop.lighting.philips.com/products/philips-webber-trimless-corner,1447.0,1447.0,Title,Default Title :: SKU=919215851356 :: ₹1447.00,7,https://cdn.shopify.com/s/files/1/0563/0532/0126/files/582032PHILIPSWebberTrimlessCorner90_In-SPP_jpg-Photoroom.jpg?v=1769828489 | https://cdn.shopify.com/s/files/1/0563/0532/0126/files/582033PHILIPSWebberTrimlessCorner90_Out-Photoroom.jpg?v=1769828489 | https://cdn.shopify.com/s/files/1/0563/0532/0126/files/582033PHILIPSWebberTrimlessCorner90_Out-SPP_jpg-Photoroom.jpg?v=1769828489 | https://cdn.shopify.com/s/files/1/0563/0532/0126/files/582034PHILIPSWebberTrimlessCorner90_-SPP_jpg-Photoroom.jpg?v=1769828489 | https://cdn.shopify.com/s/files/1/0563/0532/0126/files/582034PHILIPSWebberTrimlessCorner90-Photoroom_62b63ba1-c94b-4bc9-8dd6-33b736f5250f.jpg?v=1769828489 | https://cdn.shopify.com/s/files/1/0563/0532/0126/files/582032PHILIPSWebberTrimlessCorner90_In-Photoroom.jpg?v=1769828489 | https://cdn.shopify.com/s/files/1/0563/0532/0126/files/ExtendedwarrantywithSignifyDigiShield_e19c9240-45a2-4e27-b0c0-1af2f2a77d1c.png?v=1769828522,2025-01-04T22:23:25+05:30,2026-09-08T08:56:55+05:30
Philips,Philips Webber Recessed Trimless Track 2m,Magnetic Track,"Brand_Philips, Categories_Track, Magnetic Track Lighting, Origin_India, Price_INR 2001- 3000, product_Track light, track_type_LED_fixtures, track_type_track_ for_false_ceiling",philips-webber-recessed-trimless-track,https://in.shop.lighting.philips.com/products/philips-webber-recessed-trimless-track,5900.0,5900.0,Title,Default Title :: SKU=919215851368 :: ₹5900.00,2,https://cdn.shopify.com/s/files/1/0563/0532/0126/files/582040RecessedTrimlessTrack1M12NC919215851168_2986eb91-8142-435d-93ad-b72ac28aa62d.jpg?v=1769828062 | https://cdn.shopify.com/s/files/1/0563/0532/0126/files/ExtendedwarrantywithSignifyDigiShield_b51fb93e-0f1d-4746-9d58-005ea44819ff.png?v=1769828062,2025-01-04T22:23:26+05:30,2026-09-08T08:56:55+05:30
Philips,Philips Webber Recessed Track,Magnetic Track,"Brand_Philips, Categories_Regular Track lights, Magnetic Track Lighting, Origin_India, Price_INR 2001- 3000, product_Track light, track_type_LED_fixtures",philips-webber-recessed-track,https://in.shop.lighting.philips.com/products/philips-webber-recessed-track,5900.0,5900.0,Title,Default Title :: SKU=919215851369 :: ₹5900.00,2,https://cdn.shopify.com/s/files/1/0563/0532/0126/files/582041PHILIPSWebberRecessedTrack1M-SPP_jpg.jpg?v=1769827734 | https://cdn.shopify.com/s/files/1/0563/0532/0126/files/ExtendedwarrantywithSignifyDigiShield_496e8fbd-dfa6-486b-a0f6-5bac40da66c4.png?v=1769827748,2025-01-04T22:23:28+05:30,2026-09-08T08:56:55+05:30
Philips,Philips Stellar Bright LED T-Bulb,light bulb,"1 star, 30W, bathroom_lights_suggested, Brand_Philips, Categories_Standard, Origin_India, Price_Less than INR 1000, product_Bulbs, room_Bathroom, room_Bed Room, room_Dining Room, room_Kitchen, room_Living Room, room_Study Room",philips-stellar-bright-led-t-bulb,https://in.shop.lighting.philips.com/products/philips-stellar-bright-led-t-bulb,125.0,899.0,"Wattage, Base, Color",12W/B22/Cool White :: SKU=929003669001 :: ₹125.00 | 18W/B22/Cool White :: SKU=929003791601 :: ₹899.00 | 30W/B22/Cool White :: SKU=929001994813 :: ₹791.00 | 40W/B22/Cool White :: SKU=929003552313 :: ₹870.00,9,https://cdn.shopify.com/s/files/1/0563/0532/0126/files/929003669001.jpg?v=1786515837 | https://cdn.shopify.com/s/files/1/0563/0532/0126/files/2_f46546c8-b343-457e-866a-2035ce1343ad.jpg?v=1769680165 | https://cdn.shopify.com/s/files/1/0563/0532/0126/files/3_032a4410-c973-4297-863f-b0bed3fc3c80.jpg?v=1769680165 | https://cdn.shopify.com/s/files/1/0563/0532/0126/files/4_616acdb2-12b1-48a7-9455-bf8d5889afc2.jpg?v=1769680165 | https://cdn.shopify.com/s/files/1/0563/0532/0126/files/5_cc1ca2cc-da7e-4396-b6f6-6970871649c0.jpg?v=1769680165 | https://cdn.shopify.com/s/files/1/0563/0532/0126/files/StellarBright-Tbulb-12WCWB22-BEErating-Photoroom.jpg?v=1769680165 | https://cdn.shopify.com/s/files/1/0563/0532/0126/files/StellarBright-Tbulb-18WCWB22-BEErating-Photoroom.jpg?v=1769680165 | https://cdn.shopify.com/s/files/1/0563/0532/0126/files/StellarBright-Tbulb-30WCWB22-BEErating-Photoroom.jpg?v=1769680165 | https://cdn.shopify.com/s/files/1/0563/0532/0126/files/ExtendedwarrantywithSignifyDigiShield_6527c9a8-d29a-482c-b97a-40d913961459.png?v=1769780636,2023-10-08T23:04:37+05:30,2026-09-08T08:56:55+05:30
Philips,Philips Smart Wi-Fi LED Bulb (Pack of 2),Light bulb,"bulb, Categories_Bulb, Collection_Smart Bulb, ipl2025, main_bulbs, Origin_India, Price_Less than INR 1000, product_Bulbs, product_Smart lights",philips-smart-wi-fi-9w-led-bulb-pack-of-2,https://in.shop.lighting.philips.com/products/philips-smart-wi-fi-9w-led-bulb-pack-of-2,980.0,980.0,Title,Default Title :: SKU=929003726422 :: ₹980.00,8,https://cdn.shopify.com/s/files/1/0563/0532/0126/files/61i815jk6xL._SL1500_94f49498-f6a3-4e7c-b03c-e628d9df8b7e.jpg?v=1769779341 | https://cdn.shopify.com/s/files/1/0563/0532/0126/files/51pQLQju6rL._SL1080.jpg?v=1769779388 | https://cdn.shopify.com/s/files/1/0563/0532/0126/files/51eAG8F2hqL._SL1080_6582ede7-85b9-465c-be1c-e0f70e6b791f.jpg?v=1769779388 | https://cdn.shopify.com/s/files/1/0563/0532/0126/files/WhatsAppImage2025-04-09at11.14.17_0540dc6b.jpg?v=1769779388 | https://cdn.shopify.com/s/files/1/0563/0532/0126/files/WhatsAppImage2025-04-09at11.14.17_c716aac8.jpg?v=1769779388 | https://cdn.shopify.com/s/files/1/0563/0532/0126/files/71lcB67VkbL._SL1500.jpg?v=1769779388 | https://cdn.shopify.com/s/files/1/0563/0532/0126/files/61McyM2ZvUL._SL1080.jpg?v=1769779388 | https://cdn.shopify.com/s/files/1/0563/0532/0126/files/ExtendedwarrantywithSignifyDigiShield_fbe9aeca-f5a0-4cef-9d22-176647507e20.png?v=1769779351,2026-01-29T13:36:48+05:30,2026-09-08T08:56:55+05:30
Philips,Philips Smart WiFi LED Filament Bulb,Light bulb,"bulb, Categories_Bulb, Collection_Smart Bulb, main_bulbs, Origin_China, product_Bulbs",philips-smart-wi-fi-bulb-50w,https://in.shop.lighting.philips.com/products/philips-smart-wi-fi-bulb-50w,1937.0,1937.0,Title,Default Title :: SKU=929003017921 :: ₹1937.00,3,https://cdn.shopify.com/s/files/1/0563/0532/0126/files/smartfilamentbulb.png?v=1752044598 | https://cdn.shopify.com/s/files/1/0563/0532/0126/files/smartfilamentbulb2.png?v=1752044597 | https://cdn.shopify.com/s/files/1/0563/0532/0126/files/ExtendedwarrantywithSignifyDigiShield_3b40b9e4-5b24-4ed3-8bcc-b7ee0da40a06.png?v=1769779135,2025-07-07T15:59:57+05:30,2026-09-08T08:56:55+05:30
Philips,Philips Stellar Bright T-Bulb Curvy,Light bulb,"2 star, Brand_Philips, Categories_Bulb, Origin_India, Price_Less than INR 1000, Product_Bulbs",philips-stellarbright-t-bulb-curvy-12w-led-bulb-1260lm-6500k-b22-base-new-led-bulb-12nc-3-cool-day-light,https://in.shop.lighting.philips.com/products/philips-stellarbright-t-bulb-curvy-12w-led-bulb-1260lm-6500k-b22-base-new-led-bulb-12nc-3-cool-day-light,336.0,336.0,"Watt, shape, Color",12W/B22/Cool Day light :: SKU=929003008713 :: ₹336.00,1,https://cdn.shopify.com/s/files/1/0563/0532/0126/files/1_eca872f4-227e-47bc-a04e-a4f50e6fead0.jpg?v=1769410776,2025-11-19T14:50:51+05:30,2026-09-08T08:56:55+05:30
Philips,Philips Ornate Floor lamp,floor lamp,"2025holisale, Brand_Philips, junesale, main_floor Lamps, monsoon_mega_sale, Origin_India, price_OVER INR 5000, product_Floor lamp, Republic_Day_Sale_2025, room_Bed Room, room_Living Room",philips-ornate-floor-lamp,https://in.shop.lighting.philips.com/products/philips-ornate-floor-lamp,8299.0,8299.0,Title,Default Title :: SKU=919215851218 :: ₹8299.00,6,https://cdn.shopify.com/s/files/1/0563/0532/0126/files/Ornate-2.png?v=1769772431 | https://cdn.shopify.com/s/files/1/0563/0532/0126/files/Artboard3_041130b7-aa29-44b0-af8c-710bcd69b6bc.jpg?v=1781173030 | https://cdn.shopify.com/s/files/1/0563/0532/0126/files/Artboard4_bee26ec7-dead-4390-a931-988c1e6a330c.jpg?v=1781173030 | https://cdn.shopify.com/s/files/1/0563/0532/0126/files/Artboard5_df7b3dd0-422e-4a42-9032-32ddcdfadd22.jpg?v=1781173030 | https://cdn.shopify.com/s/files/1/0563/0532/0126/files/Artboard1_212bf1fe-e7af-42c4-acaa-d2f34f201420.jpg?v=1781173030 | https://cdn.shopify.com/s/files/1/0563/0532/0126/files/ExtendedwarrantywithSignifyDigiShield_171ad6c5-b38b-4470-8fd0-6e02a5b426ee.png?v=1769772435,2026-01-29T13:41:20+05:30,2026-09-08T08:56:55+05:30
Philips,Philips Ebony Floor lamp,floor lamp,"Brand_Philips, FESTIVE2025, main_floor Lamps, Origin_India, price_OVER INR 5000, product_Floor lamp, room_Bed Room, room_Living Room",philips-ebony-flood-lamp,https://in.shop.lighting.philips.com/products/philips-ebony-flood-lamp,9291.0,9291.0,"Wattage, Color, Body Color",24W/Warm White/Matte Black :: SKU=919215851208 :: ₹9291.00,2,https://cdn.shopify.com/s/files/1/0563/0532/0126/files/wizfloorlamp-2_1d69c0c8-bbfe-4cdf-ab3d-aa085bdb7a27.png?v=1769772358 | https://cdn.shopify.com/s/files/1/0563/0532/0126/files/ExtendedwarrantywithSignifyDigiShield_8eb8fd08-1f33-4ec4-b879-2429a3ebce88.png?v=1769772358,2026-01-29T13:41:18+05:30,2026-09-08T08:56:55+05:30
Philips,Philips Celestial 5 head Floor lamp,floor lamp,"2025holisale, Brand_Philips, decorative_lights_suggested, FESTIVE2025, Floor_lamp_living_room_suggested, junesale, monsoon_mega_sale, Origin_China, price_OVER INR 5000, product_Floor lamp, room_Bed Room, room_Dining Room, room_Living Room, room_Study Room",philips-celestial-5head-floor-lamp,https://in.shop.lighting.philips.com/products/philips-celestial-5head-floor-lamp,14561.0,14561.0,"Bulb type, Color",G9/Matte black :: SKU=919215851330 :: ₹14561.00,8,https://cdn.shopify.com/s/files/1/0563/0532/0126/files/Artboard1_7fefe6e7-35fb-4120-b1c6-33c74cf7bda8.jpg?v=1781171602 | https://cdn.shopify.com/s/files/1/0563/0532/0126/files/Artboard4_7ab8ab51-6581-46a4-8fc4-e6323c480300.jpg?v=1781171602 | https://cdn.shopify.com/s/files/1/0563/0532/0126/files/Artboard5_05cd75b6-0eba-48a1-a645-e76404aaf4ad.jpg?v=1781171602 | https://cdn.shopify.com/s/files/1/0563/0532/0126/files/Artboard6_08b35823-3aaa-4cbe-b01c-329ce6265112.jpg?v=1781171602 | https://cdn.shopify.com/s/files/1/0563/0532/0126/files/Celestial5headfloorlamp.png?v=1769772028 | https://cdn.shopify.com/s/files/1/0563/0532/0126/files/Artboard2_588f7643-aa59-487f-a860-4b2001d03ae3.jpg?v=1781171602 | https://cdn.shopify.com/s/files/1/0563/0532/0126/files/Artboard3_9b9ec1ed-b8b8-4469-9d7e-ec35e38fac70.jpg?v=1781171602 | https://cdn.shopify.com/s/files/1/0563/0532/0126/files/ExtendedwarrantywithSignifyDigiShield_e96699b8-fa65-48d0-aaab-6605ce7da2c3.png?v=1769772036,2026-01-29T13:38:42+05:30,2026-09-08T08:56:55+05:30
Philips,Philips Divine 5 head Floor lamp,floor lamp,"Brand_Philips, Floor_lamp_living_room_suggested, livingroom_lights_suggested, New-Arrival, new_arrivals, Origin_China, price_OVER INR 5000, product_Floor lamp, room_Bed Room, room_Dining Room, room_Living Room",philips-divine-5head-floor-lamp,https://in.shop.lighting.philips.com/products/philips-divine-5head-floor-lamp,20925.0,20925.0,"Bulb type, Color",G9/French Gold :: SKU=919215851329 :: ₹20925.00,8,https://cdn.shopify.com/s/files/1/0563/0532/0126/files/Divine-5head-floor-lamp1200x1200_521d7265-215b-4583-b3e2-e51f00c7093d.png?v=1769771960 | https://cdn.shopify.com/s/files/1/0563/0532/0126/files/Artboard2_7e9682b8-76e7-4c6d-99f9-91a5c45b6e1e.png?v=1781172525 | https://cdn.shopify.com/s/files/1/0563/0532/0126/files/Artboard4_f8fde51e-eab4-4330-b75e-f1ffdc7ee7c2.png?v=1781172525 | https://cdn.shopify.com/s/files/1/0563/0532/0126/files/Artboard5_4e6f3313-d514-406f-a9e9-4985105c64d8.png?v=1781172525 | https://cdn.shopify.com/s/files/1/0563/0532/0126/files/Artboard6_a56691cc-e075-4acf-b04c-4f8b799f0b1c.png?v=1781172525 | https://cdn.shopify.com/s/files/1/0563/0532/0126/files/Artboard3_40dee912-24d8-4b7c-b741-f519a1e99a38.png?v=1781172525 | https://cdn.shopify.com/s/files/1/0563/0532/0126/files/Artboard1_81fef9db-5865-442e-b53b-f1dac76adf10.png?v=1781172525 | https://cdn.shopify.com/s/files/1/0563/0532/0126/files/ExtendedwarrantywithSignifyDigiShield_9c30519f-1158-41eb-bdae-5758cf752c36.png?v=1769771960,2026-01-29T13:38:39+05:30,2026-09-08T08:56:55+05:30
Philips,Philips Bloom Floor Lamp,floor lamp,"Brand_Philips, Categories_Decorative light, decorative_lights_suggested, Floor_lamp_living_room_suggested, main_floor Lamps, Origin_China, price_OVER INR 5000, product_Floor lamp",philips-bloom-floor-lamp,https://in.shop.lighting.philips.com/products/philips-bloom-floor-lamp,27140.0,27140.0,Title,Default Title :: SKU=919215851463 :: ₹27140.00,8,https://cdn.shopify.com/s/files/1/0563/0532/0126/files/Artboard6_231979da-8362-40b1-93d0-2c8a00a6275c.png?v=1781171285 | https://cdn.shopify.com/s/files/1/0563/0532/0126/files/Artboard4_21e5a0f0-a3cc-4d90-91f4-f1a48039fc76.png?v=1781171286 | https://cdn.shopify.com/s/files/1/0563/0532/0126/files/Artboard5_017cde9e-c173-4616-a381-03cda17dab9e.png?v=1781171284 | https://cdn.shopify.com/s/files/1/0563/0532/0126/files/2_f93a66f2-3347-4d4b-81d0-f63b0e6af936.png?v=1769771772 | https://cdn.shopify.com/s/files/1/0563/0532/0126/files/Artboard3_1868320a-9019-4781-8376-cb44b2947a37.png?v=1781171285 | https://cdn.shopify.com/s/files/1/0563/0532/0126/files/1_a67fb7c2-449f-4b17-9168-af71e67e0757.png?v=1769771804 | https://cdn.shopify.com/s/files/1/0563/0532/0126/files/Artboard2_b70a1d7d-837b-4a48-8b61-1815024c72d4.png?v=1781171284 | https://cdn.shopify.com/s/files/1/0563/0532/0126/files/ExtendedwarrantywithSignifyDigiShield_94299268-a99f-4afe-935a-0ced584b6560.png?v=1769771779,2026-01-29T13:35:30+05:30,2026-09-08T08:56:55+05:30
Philips,Philips Delight Wall light,bathroom light,"2025holisale, Brand_Philips, Categories_All, categories_bathroom, Categories_Wall Lights, clearance_sale, employee-offer, festive_2024, IndependenceDay_Sale, monsoon_sale, Origin_India, Price_INR 3001- 4000, Price_INR 3001- INR 4000, product_Bathroom Lights, room_Bathroom, sale",philips-delight-wall-light,https://in.shop.lighting.philips.com/products/philips-delight-wall-light,1108.0,1108.0,"Wattage, Body Color",5W/White :: SKU=919215851096 :: ₹1108.00,5,https://cdn.shopify.com/s/files/1/0563/0532/0126/files/Delight_582003_On_d778f481-8666-4910-9514-eda6cf52ab79.png?v=1769769118 | https://cdn.shopify.com/s/files/1/0563/0532/0126/files/61pIPlLhQfL._SL1102.jpg?v=1785406507 | https://cdn.shopify.com/s/files/1/0563/0532/0126/files/41l0W3TaX6L._SL1104.jpg?v=1785406513 | https://cdn.shopify.com/s/files/1/0563/0532/0126/files/Delight_582003_Off_5d87e80c-f1b5-4ac1-a55c-f39ca0365b7d.png?v=1769769117 | https://cdn.shopify.com/s/files/1/0563/0532/0126/files/ExtendedwarrantywithSignifyDigiShield_d4479f9d-0d76-481f-a68e-2db4b892ea98.png?v=1769769122,2026-01-29T13:41:37+05:30,2026-09-08T08:56:55+05:30
Philips,Philips Meraki Bathroom light,bathroom light,"Brand_Philips, Categories_All, categories_bathroom, Categories_Wall Lights, Origin_India, Price_INR 2001- 3000, product_Bathroom Lights, room_Bathroom",philips-meraki-wall-light,https://in.shop.lighting.philips.com/products/philips-meraki-wall-light,2242.0,2683.0,"Shape, Wattage",Rectangular/10W :: SKU=919215851242 :: ₹2242.00 | Round/20W :: SKU=919215851236 :: ₹2683.00 | Rectangular/20W :: SKU=919215851238 :: ₹2683.00,5,https://cdn.shopify.com/s/files/1/0563/0532/0126/files/Meraki-1238.png?v=1769769005 | https://cdn.shopify.com/s/files/1/0563/0532/0126/files/Meraki_582107_Closeup_1.jpg?v=1769769003 | https://cdn.shopify.com/s/files/1/0563/0532/0126/files/Meraki_582107_off_19c4af07-466a-4b5c-81ab-289700e0d959.png?v=1769769005 | https://cdn.shopify.com/s/files/1/0563/0532/0126/files/Meraki_582107_on_a77c44bc-cf67-47ca-acc8-d1b198224c35.png?v=1769769004 | https://cdn.shopify.com/s/files/1/0563/0532/0126/files/ExtendedwarrantywithSignifyDigiShield_35041a80-9b08-40b4-b7ce-3270f21708d8.png?v=1769769010,2026-01-29T13:41:32+05:30,2026-09-08T08:56:55+05:30
Philips,Philips Artizy Wall light,bathroom light,"2025holisale, Brand_Philips, Categories_All, categories_bathroom, Categories_Wall Lights, employee-offer, festive_2024, IndependenceDay_Sale, junesale, monsoon_mega_sale, monsoon_sale, Origin_India, product_Bathroom Lights, room_Bathroom",philips-artizy-wall-light,https://in.shop.lighting.philips.com/products/philips-artizy-wall-light,999.0,999.0,"Shape, Color",Vertical/Warm White :: SKU=919215851098 :: ₹999.00,3,https://cdn.shopify.com/s/files/1/0563/0532/0126/files/Artizy_582004_Closeup.jpg?v=1769768799 | https://cdn.shopify.com/s/files/1/0563/0532/0126/files/Artizy_582004_On-Photoroom.jpg?v=1769768770 | https://cdn.shopify.com/s/files/1/0563/0532/0126/files/ExtendedwarrantywithSignifyDigiShield_172f91d7-0c7b-42f6-854f-b67dc2ade6ff.png?v=1769768788,2026-01-29T13:41:28+05:30,2026-09-08T08:56:55+05:30
Philips,Philips Photon Mirror Light,bathroom light,"bathroom_lights_suggested, Brand_Philips, Categories_Wall Lights, IndependenceDay_Sale, junesale, monsoon_mega_sale, Origin_India, Price_Less than INR 1000, product_Bathroom Lights, room_Bathroom",philips-photon-mirror-light,https://in.shop.lighting.philips.com/products/philips-photon-mirror-light,649.0,649.0,"Wattage, Color",32W/Cool White :: SKU=919215850968 :: ₹649.00 | 32W/Warm White :: SKU=919215850969 :: ₹649.00,4,https://cdn.shopify.com/s/files/1/0563/0532/0126/files/Photon10W__ProductImage__Coloured_1fd3915d-28af-44f4-8f4a-bebfd8c81488.jpg?v=1769768537 | https://cdn.shopify.com/s/files/1/0563/0532/0126/files/PhotonWallLight-17W__2feet___3Drender_15fc27ba-c205-4232-8206-7ee42d91a7aa.jpg?v=1769768536 | https://cdn.shopify.com/s/files/1/0563/0532/0126/files/PhotonWallLight-10W__1feet___3Drender_430d235b-2181-4058-9b58-4b43a4461353.jpg?v=1769768537 | https://cdn.shopify.com/s/files/1/0563/0532/0126/files/ExtendedwarrantywithSignifyDigiShield_4974dd06-9964-437e-a5f1-9726000d1416.png?v=1769768563,2026-01-29T13:39:08+05:30,2026-09-08T08:56:55+05:30
Philips,Philips Saturn Ceiling light (IP44 rating),Ceiling light,"2025holisale, bestsellerQ2, bestselling_ceiling_lights, Brand_Philips, categories_ceiling, Categories_Surface Lights, festive_2024, IndependenceDay_Sale, junesale, monsoon_mega_sale, monsoon_sale, New-Arrival, Origin_India, Price_INR 1001- 2000, Price_INR 2001- 3000, product_Ceiling light, Republic_Day_Sale_2025, room_ bedroom, room_Bed Room, room_Dining Room, room_Kitchen, room_Living Room, room_Study Room, sale",philips-saturn-ceiling-light,https://in.shop.lighting.philips.com/products/philips-saturn-ceiling-light,2250.0,2250.0,"Watt, Color, Body Color",18W/Warm White/Brown :: SKU=919215851065 :: ₹2250.00 | 24W/Warm White/Gold :: SKU=919215851077 :: ₹2250.00,6,https://cdn.shopify.com/s/files/1/0563/0532/0126/files/919215851077.jpg?v=1786433387 | https://cdn.shopify.com/s/files/1/0563/0532/0126/files/2_cb79c77d-77c9-4d8c-83da-cc787d1195be.jpg?v=1769766520 | https://cdn.shopify.com/s/files/1/0563/0532/0126/files/5_37e7ee58-919c-4b9b-957f-5b1f8be21ceb.jpg?v=1769766520 | https://cdn.shopify.com/s/files/1/0563/0532/0126/files/4_bbd91701-8515-4313-8a59-bec06a7bcca2.jpg?v=1769766520 | https://cdn.shopify.com/s/files/1/0563/0532/0126/files/3_33776dc7-e157-4ee0-9b99-8c8c0e78268e.jpg?v=1769766520 | https://cdn.shopify.com/s/files/1/0563/0532/0126/files/Saturn_582056_App1.jpg?v=1769766520,2026-01-29T13:42:51+05:30,2026-09-08T08:56:55+05:30
Philips,Philips Ultra Glow 3-in-1 LED Downlight,Ceiling light,"2025holisale, bathroom_lights_suggested, bestselling_ceiling_lights, Brand_Philips, Categories_All, categories_bathroom, categories_ceiling, Categories_Downlights, downlights, independencesale, junesale, monsoon_mega_sale, Origin_India, Price_Less than INR 1000, product_Bathroom Lights, product_Ceiling light, room_Bathroom, room_Bed Room, room_Dining Room, room_Living Room, room_Study Room",philips-ultraglow-downlight-tunable-white,https://in.shop.lighting.philips.com/products/philips-ultraglow-downlight-tunable-white,802.0,802.0,"Watt, Shape",10W/Square :: SKU=929003566201 :: ₹802.00 | 10W/Round :: SKU=929003566101 :: ₹802.00,5,https://cdn.shopify.com/s/files/1/0563/0532/0126/files/PhilipsUltraGlow3-in-1LEDDownlight1.png?v=1769766320 | https://cdn.shopify.com/s/files/1/0563/0532/0126/files/PhilipsUltraGlow3-in-1LEDDownlight.png?v=1769766320 | https://cdn.shopify.com/s/files/1/0563/0532/0126/files/3.jpg?v=1769766320 | https://cdn.shopify.com/s/files/1/0563/0532/0126/files/4.jpg?v=1769766320 | https://cdn.shopify.com/s/files/1/0563/0532/0126/files/ExtendedwarrantywithSignifyDigiShield_0a689e28-c266-4f7f-b8d2-69415963f64d.png?v=1769766285,2023-09-20T19:23:15+05:30,2026-09-08T08:56:55+05:30
Philips,Philips Astra Max Plus LED Downlight,Ceiling light,"Brand_Philips, Categories_Downlights, Origin_India, Price_INR 1001- 2000, product_Ceiling light, room_Bed Room, room_Dining Room, room_Living Room, room_Study Room",philips-astra-max-plus-downlight,https://in.shop.lighting.philips.com/products/philips-astra-max-plus-downlight,1033.0,1033.0,Title,Default Title :: SKU=929001951860 :: ₹1033.00,9,https://cdn.shopify.com/s/files/1/0563/0532/0126/files/WhatsAppImage2025-05-06at10.17.41_0375aec1.jpg?v=1747311866 | https://cdn.shopify.com/s/files/1/0563/0532/0126/files/PhilipsAstraMaxPlusLEDDownlight1.png?v=1747311866 | https://cdn.shopify.com/s/files/1/0563/0532/0126/files/MaxPlus-Square-PhotoRoom.png?v=1747311866 | https://cdn.shopify.com/s/files/1/0563/0532/0126/files/PhilipsAstraMaxPlusLEDDownlight2.png?v=1747311866 | https://cdn.shopify.com/s/files/1/0563/0532/0126/files/AstraMaxPlus-features.png?v=1747311866 | https://cdn.shopify.com/s/files/1/0563/0532/0126/files/Astra-Sleek-Natural-White-ATF---Application-2.png?v=1747311866 | https://cdn.shopify.com/s/files/1/0563/0532/0126/files/Astra-Sleek-Natural-White-ATF---Application.png?v=1747311866 | https://cdn.shopify.com/s/files/1/0563/0532/0126/files/MaxPlusDimensions.png?v=1747311866 | https://cdn.shopify.com/s/files/1/0563/0532/0126/files/ExtendedwarrantywithSignifyDigiShield_c3cbe837-d95e-4fb9-ae1e-42260799fea3.png?v=1769766125,2023-09-20T19:23:20+05:30,2026-09-08T08:56:55+05:30
Philips,Philips StarFit LED Downlight,Ceiling light,"Brand_Philips, Categories_Downlights, clearance_sale, Origin_India, Price_Less than INR 1000, product_Ceiling light, room_Bed Room, room_Dining Room, room_Living Room, room_Study Room",philips-star-fit-downlight,https://in.shop.lighting.philips.com/products/philips-star-fit-downlight,78.0,242.0,Light color,Warm White :: SKU=929003637501 :: ₹78.00 | Natural white :: SKU=929003637601 :: ₹242.00,8,https://cdn.shopify.com/s/files/1/0563/0532/0126/files/PhilipsStarFitLEDDownlight3.png?v=1747311864 | https://cdn.shopify.com/s/files/1/0563/0532/0126/files/Prime-Neo-LED-Downlight-ATF---Application-2.png?v=1747311864 | https://cdn.shopify.com/s/files/1/0563/0532/0126/files/StarFitdimensions.png?v=1747311864 | https://cdn.shopify.com/s/files/1/0563/0532/0126/files/PhilipsStarFitLEDDownlight_636805af-64a1-4054-8f4b-4b27aaba0ab8.png?v=1747311864 | https://cdn.shopify.com/s/files/1/0563/0532/0126/files/PhilipsStarFitLEDDownlight1_17a15bbb-2f7d-4fd1-abad-94e4dca669a6.png?v=1747311864 | https://cdn.shopify.com/s/files/1/0563/0532/0126/files/Prime-Neo-LED-Downlight-ATF---Lifestyle.png?v=1747311864 | https://cdn.shopify.com/s/files/1/0563/0532/0126/files/PhilipsStarFitLEDDownlight2.png?v=1747311865 | https://cdn.shopify.com/s/files/1/0563/0532/0126/files/ExtendedwarrantywithSignifyDigiShield_527bf385-0a4d-44ec-aa40-3a0f06f2b918.png?v=1769765963,2023-09-20T19:23:25+05:30,2026-09-08T08:56:55+05:30
Philips,Philips Astra Mini LED COB light,Ceiling light,"Brand_Philips, categories_ceiling, Categories_COB Light, cob-lights, Origin_India, Price_Less than INR 1000, product_Ceiling light, room_Dining Room, room_Living Room",philips-astra-mini-led-cob,https://in.shop.lighting.philips.com/products/philips-astra-mini-led-cob,189.0,189.0,"Watt, Color",1W/Warm White :: SKU=929003635601 :: ₹189.00,4,https://cdn.shopify.com/s/files/1/0563/0532/0126/files/1_2e346e6c-4834-4213-af2c-e7b229de47cf.jpg?v=1769765574 | https://cdn.shopify.com/s/files/1/0563/0532/0126/files/2_7b52dac8-0c34-49a4-9461-04d0b9ac0dd3.jpg?v=1769765603 | https://cdn.shopify.com/s/files/1/0563/0532/0126/files/4_69ae3054-5190-4394-8676-e43db402cd1f.jpg?v=1769765603 | https://cdn.shopify.com/s/files/1/0563/0532/0126/files/ExtendedwarrantywithSignifyDigiShield_9c8d8e89-6d00-4e1e-8edf-4fc7a5246b30.png?v=1769765589,2026-01-29T13:42:27+05:30,2026-09-08T08:56:55+05:30
Philips,"Philips Astra Spot (Generation 2, integrated)",Ceiling light,"Brand_Philips, categories_ceiling, Categories_COB Light, cob-lights, Origin_India, Price_Less than INR 1000, product_Ceiling light, room_Bed Room, room_Dining Room, room_Living Room",philips-astraspot-gen-2,https://in.shop.lighting.philips.com/products/philips-astraspot-gen-2,153.0,153.0,Title,Default Title :: SKU=929001957303 :: ₹153.00,7,https://cdn.shopify.com/s/files/1/0563/0532/0126/files/PhilipsAstraSpot_Generation2_integrated.png?v=1747311859 | https://cdn.shopify.com/s/files/1/0563/0532/0126/files/F1.png?v=1747311859 | https://cdn.shopify.com/s/files/1/0563/0532/0126/files/F5.png?v=1747311859 | https://cdn.shopify.com/s/files/1/0563/0532/0126/files/F4.png?v=1747311859 | https://cdn.shopify.com/s/files/1/0563/0532/0126/files/F3.png?v=1747311859 | https://cdn.shopify.com/s/files/1/0563/0532/0126/files/F2.png?v=1747311859 | https://cdn.shopify.com/s/files/1/0563/0532/0126/files/ExtendedwarrantywithSignifyDigiShield_232b19d1-fbf4-4b2e-aadb-a38df2f12625.png?v=1769765458,2023-09-20T19:23:31+05:30,2026-09-08T08:56:55+05:30
Philips,Philips Astra Spot Tiltable LED COB light,Ceiling light,"Brand_Philips, categories_ceiling, Categories_COB Light, cob-lights, Origin_India, Price_Less than INR 1000, product_Ceiling light, room_Dining Room, room_Living Room",philips-astraspot-tiltable-led-cob,https://in.shop.lighting.philips.com/products/philips-astraspot-tiltable-led-cob,608.0,608.0,"Watt, Color",3W/Natural White :: SKU=919215850766 :: ₹608.00,8,https://cdn.shopify.com/s/files/1/0563/0532/0126/files/PhilipsAstraSpotTiltableLEDCOBlight.png?v=1747311853 | https://cdn.shopify.com/s/files/1/0563/0532/0126/files/PhilipsAstraSpotTiltableLEDCOBlight1.png?v=1747311853 | https://cdn.shopify.com/s/files/1/0563/0532/0126/files/AstraSpottilt-features.png?v=1747311853 | https://cdn.shopify.com/s/files/1/0563/0532/0126/files/Spot-COB-ATF---Lifestyle_05cf0134-d8c8-4a13-861b-d9d3f56eacd7.png?v=1747311854 | https://cdn.shopify.com/s/files/1/0563/0532/0126/files/Spot-COB-ATF---Application-1_7653dd5a-a953-4f95-b980-64567a27f02e.png?v=1747311854 | https://cdn.shopify.com/s/files/1/0563/0532/0126/files/Spot-COB-ATF---Application-2_fffb6f71-0c56-4ddc-8bef-48490ba95b28.png?v=1747311854 | https://cdn.shopify.com/s/files/1/0563/0532/0126/files/AstraSpotTiltableCOBlight.png?v=1747311854 | https://cdn.shopify.com/s/files/1/0563/0532/0126/files/ExtendedwarrantywithSignifyDigiShield_b6bd996b-3b23-412d-ab34-fdd6e190ae98.png?v=1769765319,2023-09-20T19:23:38+05:30,2026-09-08T08:56:55+05:30
Philips,Philips Full Glow 3-in-1 Surface light (Tunable),Ceiling light,"2025holisale, bestseller, bestsellerQ2, bestselling_ceiling_lights, Brand_Philips, Categories_All, categories_ceiling, Categories_Surface Lights, independencesale, kitchen_lights, Origin_India, Price_Less than INR 1000, product_Ceiling light, room_Bed Room, room_Dining Room, room_Kitchen, room_Living Room, surface-lights",philips-fullglow-3in1-surface-light,https://in.shop.lighting.philips.com/products/philips-fullglow-3in1-surface-light,1457.0,1457.0,"Watt, Shape",15W/Round :: SKU=929003682801 :: ₹1457.00,3,https://cdn.shopify.com/s/files/1/0563/0532/0126/files/FullGlow-3in1-12W-PhotoRoom_0cd130a1-71cc-41fb-8cdd-2170203f29cd.png?v=1769764973 | https://cdn.shopify.com/s/files/1/0563/0532/0126/files/Fullglow-3-in-1-ATF---Infographic_e7a924af-e2aa-4770-a8f5-741626f46aa4.png?v=1769764973 | https://cdn.shopify.com/s/files/1/0563/0532/0126/files/ExtendedwarrantywithSignifyDigiShield_b658fdab-ab67-4702-94d5-2b90f0ed991c.png?v=1769764973,2026-01-29T13:42:21+05:30,2026-09-08T08:56:55+05:30
Philips,Philips Hexa Rimless LED Surface light,Ceiling light,"2025holisale, bestseller, bestsellerQ2, bestselling_ceiling_lights, Brand_Philips, Categories_All, categories_ceiling, Categories_Surface Lights, festive_2024, independencesale, junesale, kitchen_lights, monsoon_mega_sale, Origin_India, product_Ceiling light, Republic_Day_Sale_2025, room_Bed Room, room_Dining Room, room_Living Room, surface-lights",philips-hexa-rimless-surface-light,https://in.shop.lighting.philips.com/products/philips-hexa-rimless-surface-light,1888.0,1888.0,Title,Default Title :: SKU=929003529501 :: ₹1888.00,6,https://cdn.shopify.com/s/files/1/0563/0532/0126/files/PhilipsHexaRimlessLEDSurfacelight.png?v=1747311840 | https://cdn.shopify.com/s/files/1/0563/0532/0126/files/PhilipsHexaRimlessLEDSurfacelight1.png?v=1769764867 | https://cdn.shopify.com/s/files/1/0563/0532/0126/files/HExaRimless-dimesnions.png?v=1769764867 | https://cdn.shopify.com/s/files/1/0563/0532/0126/files/Hexa-3.png?v=1769764867 | https://cdn.shopify.com/s/files/1/0563/0532/0126/files/ExtendedwarrantywithSignifyDigiShield_915611fa-bcc8-42e1-a3be-93583ddc8d85.png?v=1769764867 | https://cdn.shopify.com/s/files/1/0563/0532/0126/files/Hexa-4.png?v=1769764867,2023-09-20T19:23:53+05:30,2026-09-08T08:56:55+05:30
Philips,Philips Prime Plus Ultra Glow LED Downlight,Ceiling light,"2025holisale, bathroom_lights_suggested, bestseller, bestsellerQ2, bestselling_ceiling_lights, Brand_Philips, Categories_All, categories_bathroom, categories_ceiling, Categories_Downlights, downlights, junesale, monsoon_mega_sale, Origin_India, Price_Less than INR 1000, product_Bathroom Lights, product_Ceiling light, room_Bathroom, room_Bed Room, room_Dining Room, room_Living Room, room_Study Room",philips-ultraglow-downlight,https://in.shop.lighting.philips.com/products/philips-ultraglow-downlight,584.0,584.0,"Watt, Shape, Color",10W/Round/Warm White :: SKU=929002627701 :: ₹584.00 | 10W/Round/Cool Day light :: SKU=929002627901 :: ₹584.00 | 10W/Round/Natural white :: SKU=929002627801 :: ₹584.00 | 10W/Square/Natural White :: SKU=929002628101 :: ₹584.00 | 10W/Square/Cool Day light :: SKU=929002628201 :: ₹584.00,5,https://cdn.shopify.com/s/files/1/0563/0532/0126/files/PhilipsUltraGlowLEDDownlight_0bf4781a-be5f-422d-b259-622765a83679.png?v=1747311835 | https://cdn.shopify.com/s/files/1/0563/0532/0126/files/PrimePlusDownlight_dc281493-37e8-48dd-bfe4-376eb429db33.png?v=1747311835 | https://cdn.shopify.com/s/files/1/0563/0532/0126/files/PhilipsUltraGlowLEDDownlight.png?v=1747311835 | https://cdn.shopify.com/s/files/1/0563/0532/0126/files/PhilipsUltraGlowLEDDownlight1.png?v=1747311835 | https://cdn.shopify.com/s/files/1/0563/0532/0126/files/ExtendedwarrantywithSignifyDigiShield_43c4dbcd-b907-4526-b44b-371db17a80d9.png?v=1769764690,2023-09-20T19:43:15+05:30,2026-09-08T08:56:55+05:30
Philips,Philips Astra Sleek LED Downlight,Ceiling Light,"Brand_Philips, Categories_Downlights, Origin_India, Price_Less than INR 1000, product_Ceiling light, Republic_Day_Sale_2025, room_Bed Room, room_Dining Room, room_Living Room, room_Study Room",philips-astra-sleek-downlight,https://in.shop.lighting.philips.com/products/philips-astra-sleek-downlight,378.0,679.0,"Watt, Shape, Color",5W/Round/Natural White :: SKU=929003654601 :: ₹378.00 | 5W/Round/Cool Day light :: SKU=929003654701 :: ₹378.00 | 10W/Round/Natural White :: SKU=929003655201 :: ₹490.00 | 10W/Round/Cool Day light :: SKU=929003655301 :: ₹490.00 | 10W/Round/Warm White :: SKU=929003655101 :: ₹490.00 | 15W/Round/Natural White :: SKU=929003655801 :: ₹679.00 | 15W/Round/Cool Day light :: SKU=929003655901 :: ₹679.00 | 15W/Round/Warm White :: SKU=929003655701 :: ₹679.00 | 15W/Square/Natural White :: SKU=929003656101 :: ₹679.00,15,https://cdn.shopify.com/s/files/1/0563/0532/0126/files/Astra-Sleek-Natural-White-ATF---Product-with-Packaging_4a3c2aa8-dcfd-43b5-8b84-52e39d5f748b.png?v=1769764154 | https://cdn.shopify.com/s/files/1/0563/0532/0126/files/AstraSleek-PhotoRoom_3e612f13-9920-4752-a9c8-ea4084fa12dd.png?v=1769764154 | https://cdn.shopify.com/s/files/1/0563/0532/0126/files/1_72209e3f-21fa-480c-b2c9-2db45f80effe.jpg?v=1769764154 | https://cdn.shopify.com/s/files/1/0563/0532/0126/files/AstraSleekdimensions.png?v=1769764154 | https://cdn.shopify.com/s/files/1/0563/0532/0126/files/Astra-Sleek-Natural-White-ATF---Product-with-Packaging_e8f579d7-69f1-47b4-9e75-8ad6b255ffa2.png?v=1769764154 | https://cdn.shopify.com/s/files/1/0563/0532/0126/files/Astra-Sleek-Natural-White-ATF---Product-with-Packaging_a141cc1f-7bb5-4263-b193-2d5ee6b18bae.png?v=1769764154 | https://cdn.shopify.com/s/files/1/0563/0532/0126/files/Untitled_design_-_2024-05-17T174344.711.png?v=1769764154 | https://cdn.shopify.com/s/files/1/0563/0532/0126/files/Untitled_design_-_2024-05-17T173937.537.png?v=1769764154 | https://cdn.shopify.com/s/files/1/0563/0532/0126/files/Untitled_design_-_2024-05-17T174037.481.png?v=1769764154 | https://cdn.shopify.com/s/files/1/0563/0532/0126/files/Untitled_design_-_2024-05-17T174234.837.png?v=1769764154 | https://cdn.shopify.com/s/files/1/0563/0532/0126/files/6_dd34c6ef-d15d-4087-9de6-eb82b9ea04d6.png?v=1769764156 | https://cdn.shopify.com/s/files/1/0563/0532/0126/files/3_9f21a439-6c38-4f11-95e1-43d37826f896.jpg?v=1769764155 | https://cdn.shopify.com/s/files/1/0563/0532/0126/files/4_fb738ed0-e7d3-4b72-827e-dfcc3ca39467.jpg?v=1769764154 | https://cdn.shopify.com/s/files/1/0563/0532/0126/files/5_e759a3f8-9d44-4dc4-99e6-b3bd25282c58.jpg?v=1769764154 | https://cdn.shopify.com/s/files/1/0563/0532/0126/files/ExtendedwarrantywithSignifyDigiShield_015f3157-2550-47aa-b76d-18ef3d7a0a20.png?v=1769764625,2026-01-29T13:42:14+05:30,2026-09-08T08:56:55+05:30
Philips,Philips Full Glow Striker LED Surface light,Ceiling light,"bathroom_lights_suggested, Brand_Philips, Categories_All, categories_bathroom, categories_ceiling, Categories_Surface Lights, Origin_India, product_Bathroom Lights, product_Ceiling light, room_Bathroom, room_Bed Room, room_Dining Room, surface-lights",philips-fullglow-striker-surface-light,https://in.shop.lighting.philips.com/products/philips-fullglow-striker-surface-light,230.0,230.0,"Watt, Shape, Color",5W/Round/Warm White :: SKU=929003726801 :: ₹230.00,6,https://cdn.shopify.com/s/files/1/0563/0532/0126/files/PhilipsFullGlowStrikerLEDSurfacelight.png?v=1747311830 | https://cdn.shopify.com/s/files/1/0563/0532/0126/files/2_860fcd7b-54a3-4ac2-93da-9a3d2428c5f3.jpg?v=1747311830 | https://cdn.shopify.com/s/files/1/0563/0532/0126/files/3_b64b7b18-3d13-4a83-a896-d5ed4d1fe105.jpg?v=1747311830 | https://cdn.shopify.com/s/files/1/0563/0532/0126/files/4_587af430-3614-4b3d-9e06-5da818c9c3d3.jpg?v=1747311830 | https://cdn.shopify.com/s/files/1/0563/0532/0126/files/5_ce0ab3c6-c392-46e9-be38-d843cfbe6e71.jpg?v=1747311831 | https://cdn.shopify.com/s/files/1/0563/0532/0126/files/ExtendedwarrantywithSignifyDigiShield_2dcd925e-c0ad-4148-b393-aa18bfac0547.png?v=1769763922,2023-09-20T19:43:44+05:30,2026-09-08T08:56:55+05:30
Philips,Philips GlideSpot LED COB light,Ceiling light,"Brand_Philips, Categories_COB Light, Origin_India, Price_INR 1001- 2000, Price_Less than INR 1000, product_Ceiling light, room_Dining Room, room_Living Room",philips-glidespot-led-cob,https://in.shop.lighting.philips.com/products/philips-glidespot-led-cob,1180.0,1569.0,"Watt, Body Color, Color",7W/Rose Gold/Warm White :: SKU=929003640101 :: ₹1180.00 | 7W/Rose Gold/Natural White :: SKU=929003640201 :: ₹1180.00 | 7W/Silver/Warm White :: SKU=929003640301 :: ₹1180.00 | 7W/Silver/Natural White :: SKU=929003640401 :: ₹1180.00 | 7W/Black/Warm White :: SKU=929003640501 :: ₹1180.00 | 7W/Black/Natural White :: SKU=929003640601 :: ₹1180.00 | 7W/Chrome/Natural White :: SKU=929003640801 :: ₹1180.00 | 7W/Chrome/Warm White :: SKU=929003640701 :: ₹1180.00 | 12W/Rose Gold/Warm White :: SKU=929003640901 :: ₹1569.00 | 12W/Rose Gold/Natural White :: SKU=929003641001 :: ₹1569.00 | 12W/Silver/Warm White :: SKU=929003641101 :: ₹1569.00 | 12W/Silver/Natural White :: SKU=929003641201 :: ₹1569.00 | 12W/Black/Natural White :: SKU=929003641401 :: ₹1569.00 | 12W/Chrome/Warm White :: SKU=929003641501 :: ₹1569.00,6,https://cdn.shopify.com/s/files/1/0563/0532/0126/files/929003640701.png?v=1784717025 | https://cdn.shopify.com/s/files/1/0563/0532/0126/files/Glidespot-ATF---Application-2.png?v=1769763708 | https://cdn.shopify.com/s/files/1/0563/0532/0126/files/Glidespot-ATF---Application.png?v=1769763708 | https://cdn.shopify.com/s/files/1/0563/0532/0126/files/Glidespot-ATF---Lifestyle.png?v=1769763708 | https://cdn.shopify.com/s/files/1/0563/0532/0126/files/GlideSpot-2.png?v=1769763708 | https://cdn.shopify.com/s/files/1/0563/0532/0126/files/ExtendedwarrantywithSignifyDigiShield_e3f64cef-5c28-475e-a737-1c6417d052a0.png?v=1769763716,2026-01-29T13:42:09+05:30,2026-09-08T08:56:55+05:30
Philips,Philips Aura Styledge LED Downlight,Ceiling light,"Brand_Philips, categories_ceiling, Categories_Downlights, downlights, independencesale, junesale, monsoon_mega_sale, Origin_India, Price_INR 1001- 2000, product_Ceiling light, Republic_Day_Sale_2025, room_Bed Room, room_Dining Room, room_Living Room, room_Study Room",philips-aura-styledge-downlight,https://in.shop.lighting.philips.com/products/philips-aura-styledge-downlight,1404.0,2010.0,"Watt, Shape, Color",7W/Round/Warm White :: SKU=929001951805 :: ₹1404.00 | 7W/Round/Cool Day light :: SKU=929001951807 :: ₹1404.00 | 7W/Round/Natural white :: SKU=929001951806 :: ₹1404.00 | 10W/Round/Warm White :: SKU=929001951808 :: ₹1707.00 | 10W/Round/Natural White :: SKU=929001951809 :: ₹1707.00 | 10W/Round/Cool Day light :: SKU=929001951810 :: ₹1707.00 | 15W/Round/Natural White :: SKU=929001951812 :: ₹2010.00 | 15W/Round/Cool Day light :: SKU=929001951813 :: ₹2010.00,10,https://cdn.shopify.com/s/files/1/0563/0532/0126/files/PhilipsAuraStyledgeLEDDownlight.png?v=1747311826 | https://cdn.shopify.com/s/files/1/0563/0532/0126/files/PhilipsAuraStyledgeLEDDownlight3.png?v=1747311826 | https://cdn.shopify.com/s/files/1/0563/0532/0126/files/Styleedge-2.png?v=1747311826 | https://cdn.shopify.com/s/files/1/0563/0532/0126/files/Artboard4.jpg?v=1747311826 | https://cdn.shopify.com/s/files/1/0563/0532/0126/files/AuraStyleedge-dimensions.png?v=1747311826 | https://cdn.shopify.com/s/files/1/0563/0532/0126/files/Artboard3.jpg?v=1747311826 | https://cdn.shopify.com/s/files/1/0563/0532/0126/files/Artboard2.jpg?v=1747311826 | https://cdn.shopify.com/s/files/1/0563/0532/0126/files/PhilipsAuraStyledgeLEDDownlight1.png?v=1747311826 | https://cdn.shopify.com/s/files/1/0563/0532/0126/files/PhilipsAuraStyledgeLEDDownlight4.png?v=1747311827 | https://cdn.shopify.com/s/files/1/0563/0532/0126/files/ExtendedwarrantywithSignifyDigiShield_70d21b9e-4eb3-4f51-9b99-f932f31ccfc5.png?v=1769763490,2023-09-24T18:19:49+05:30,2026-09-08T08:56:55+05:30
Philips,Philips CeilingSecure LED Downlight,Ceiling light,"2025holisale, Brand_Philips, categories_ceiling, Categories_Downlights, downlights, independencesale, junesale, monsoon_mega_sale, Origin_India, Price_Less than INR 1000, Product_Ceiling light, Republic_Day_Sale_2025, room_Bed Room, room_Dining Room, room_Living Room, room_Study Room",philips-ceilingsecure-led-downlight,https://in.shop.lighting.philips.com/products/philips-ceilingsecure-led-downlight,187.0,187.0,Title,Default Title :: SKU=929001951724 :: ₹187.00,4,https://cdn.shopify.com/s/files/1/0563/0532/0126/files/929001951719_efe1cc3d-0228-4d86-a885-f7e89f0531e3.png?v=1769762256 | https://cdn.shopify.com/s/files/1/0563/0532/0126/files/929001951719_ea9fca32-a342-47db-b48a-0de4a81ec2cf.png?v=1769762530 | https://cdn.shopify.com/s/files/1/0563/0532/0126/files/41tbnT-cUlL_79060eba-6657-4304-be5b-8ae7ed251602.jpg?v=1769762530 | https://cdn.shopify.com/s/files/1/0563/0532/0126/files/ExtendedwarrantywithSignifyDigiShield_fe4b821d-6ffc-4ce3-a200-0e7cc43bc32b.png?v=1769762268,2026-01-29T13:39:45+05:30,2026-09-08T08:56:55+05:30
Philips,Philips DecoBright LED COB light,Ceiling light,"bestselling_ceiling_lights, Brand_Philips, Categories_COB Light, Origin_India, Price_Less than INR 1000, product_Ceiling light, room_Dining Room, room_Living Room",philips-decobright-led-cob,https://in.shop.lighting.philips.com/products/philips-decobright-led-cob,944.0,944.0,"Watt, Body Color, Color",12W/Black/Natural White :: SKU=929003843501 :: ₹944.00 | 12W/Black Rose Gold/Warm White :: SKU=929004580001 :: ₹944.00,6,https://cdn.shopify.com/s/files/1/0563/0532/0126/files/7W-Deco-Spotlight-Black-CDL-ATF---Product-with-Packaging_fc73b786-ac3d-45eb-857a-32b37813e5db.png?v=1769761747 | https://cdn.shopify.com/s/files/1/0563/0532/0126/files/7W049C_1_81ac129f-68b3-4484-abd4-82faad6e25b4.png?v=1769761747 | https://cdn.shopify.com/s/files/1/0563/0532/0126/files/Artboard2_f4504edb-437e-4a24-925c-ebdf87b7a4b7.png?v=1769761747 | https://cdn.shopify.com/s/files/1/0563/0532/0126/files/Artboard1_b76e8de4-83cf-4c25-bf02-a9d75673141b.png?v=1769761747 | https://cdn.shopify.com/s/files/1/0563/0532/0126/files/Artboard4_c10f12e9-85dd-4a41-bb03-525ad3b9480e.png?v=1769761747 | https://cdn.shopify.com/s/files/1/0563/0532/0126/files/Artboard3_e9f4152a-4389-4529-a3d4-75ddc5b53fde.png?v=1769761747,2026-01-29T13:39:28+05:30,2026-09-08T08:56:55+05:30
Philips,Philips Low Glare LED COB light,Ceiling light,"Brand_Philips, Categories_COB Light, Origin_India, Price_INR 1001- 2000, product_Ceiling light, room_Dining Room, room_Living Room",philips-low-glare-cob,https://in.shop.lighting.philips.com/products/philips-low-glare-cob,2279.0,2279.0,"Watt, Body Color, Color",7W/Rose Gold/Natural White :: SKU=929003594601 :: ₹2279.00,3,https://cdn.shopify.com/s/files/1/0563/0532/0126/files/PhilipsLowGlareLEDCOBlight.png?v=1747311818 | https://cdn.shopify.com/s/files/1/0563/0532/0126/files/LowGlare-dimensions.png?v=1747311818 | https://cdn.shopify.com/s/files/1/0563/0532/0126/files/ExtendedwarrantywithSignifyDigiShield_9dabbf1c-4a3a-49e8-abf3-860bcdd12272.png?v=1769763400,2023-09-24T18:20:04+05:30,2026-09-08T08:56:55+05:30
Philips,Philips Deep recessed Thin Trim COB light,Ceiling light,"Brand_Philips, categories_ceiling, Categories_COB Light, cob-lights, independencesale, Origin_India, Price_INR 1001- 2000, product_Ceiling light, room_Dining Room, room_Living Room",philips-thin-trim-cob-deep-recessed,https://in.shop.lighting.philips.com/products/philips-thin-trim-cob-deep-recessed,1954.0,2606.0,"Watt, Color",7W/Warm White :: SKU=929001951966 :: ₹1954.00 | 7W/Natural White :: SKU=929001951967 :: ₹1954.00 | 12W/Warm White :: SKU=929001951969 :: ₹2606.00 | 12W/Natural White :: SKU=929001951970 :: ₹2606.00,5,https://cdn.shopify.com/s/files/1/0563/0532/0126/files/ThinTrim-Deeprecessed-PhotoRoom_708b949c-fdfb-4f3d-9da7-4426183400a3.png?v=1769763252 | https://cdn.shopify.com/s/files/1/0563/0532/0126/files/ThinTrim-Deeprecessed-2-PhotoRoom_1f3eb543-f7c8-41a6-931f-77ede122f5ba.png?v=1769763298 | https://cdn.shopify.com/s/files/1/0563/0532/0126/files/DeepRecessed-Dimensions.png?v=1769763298 | https://cdn.shopify.com/s/files/1/0563/0532/0126/files/ThinTrim-Features.png?v=1769763298 | https://cdn.shopify.com/s/files/1/0563/0532/0126/files/ExtendedwarrantywithSignifyDigiShield_8e13810f-7641-46a7-8bf0-2336f6de39b2.png?v=1769763266,2026-01-29T13:42:05+05:30,2026-09-08T08:56:55+05:30
Philips,Philips Deco LED COB light,Ceiling light,"Brand_Philips, Categories_COB Light, cob-lights, Origin_India, Price_INR 1001- 2000, product_Ceiling light, room_Dining Room, room_Living Room",philips-deco-led-cob,https://in.shop.lighting.philips.com/products/philips-deco-led-cob,2024.0,2024.0,Title,Default Title :: SKU=929002632601 :: ₹2024.00,3,https://cdn.shopify.com/s/files/1/0563/0532/0126/files/PhilipsDecoLEDCOBlight-Photoroom_1.jpg?v=1769763148 | https://cdn.shopify.com/s/files/1/0563/0532/0126/files/PhilipsDecoLEDCOBlight-Photoroom.jpg?v=1769763148 | https://cdn.shopify.com/s/files/1/0563/0532/0126/files/ExtendedwarrantywithSignifyDigiShield_0ddd25be-53a1-4fb3-96dc-33ba090c8287.png?v=1769763148,2026-01-29T13:42:03+05:30,2026-09-08T08:56:55+05:30
Philips,Philips LED Surface COB light,Ceiling light,"Brand_Philips, Categories_COB Light, Origin_India, Price_INR 1001- 2000, product_Ceiling light, room_Dining Room, room_Living Room",philips-surface-cob,https://in.shop.lighting.philips.com/products/philips-surface-cob,1623.0,1623.0,Title,Default Title :: SKU=929001951948 :: ₹1623.00,6,https://cdn.shopify.com/s/files/1/0563/0532/0126/files/PhilipsLEDSurfaceCOBlight.png?v=1747311810 | https://cdn.shopify.com/s/files/1/0563/0532/0126/files/PhilipsLEDSurfaceCOBlight3.png?v=1747311810 | https://cdn.shopify.com/s/files/1/0563/0532/0126/files/Artboard2_d26dd453-0edb-4bf9-ae2f-0e866f721722.png?v=1764136884 | https://cdn.shopify.com/s/files/1/0563/0532/0126/files/Artboard1_f4f802df-591f-4fca-b9cc-4fa816a65240.png?v=1764136884 | https://cdn.shopify.com/s/files/1/0563/0532/0126/files/PhilipsLEDSurfaceCOBlight2.png?v=1764136884 | https://cdn.shopify.com/s/files/1/0563/0532/0126/files/ExtendedwarrantywithSignifyDigiShield_3be9c31d-4c41-4ed4-aa57-583581ed3640.png?v=1769762785,2023-09-24T18:20:18+05:30,2026-09-08T08:56:55+05:30
Philips,Philips Thin Trim Deep (24D) LED COB light,Ceiling light,"Brand_Philips, Categories_COB Light, cob-lights, Origin_India, Price_Less than INR 1000, Product_Ceiling light",philips-thin-trim-deep-led-cob,https://in.shop.lighting.philips.com/products/philips-thin-trim-deep-led-cob,2319.0,2319.0,"Watt, Type, Color",12W/Non-dimmable/Natural White :: SKU=929003606401 :: ₹2319.00,2,https://cdn.shopify.com/s/files/1/0563/0532/0126/files/Philips_Thin_Trim_Deep_Recessed_Dimmable_7W_Luminaire-CPI_f6bd4d8e-ba76-419e-861e-ed0540859ee4-Photoroom.jpg?v=1769761988 | https://cdn.shopify.com/s/files/1/0563/0532/0126/files/929001951966_0cbb25ac-0b48-4795-a7aa-4c045a6ea732-Photoroom.jpg?v=1769762003,2026-01-29T13:39:43+05:30,2026-09-08T08:56:55+05:30
Philips,PHILIPS Starfit 3in1 JB Downlighter,Ceiling light,"bathroom_lights_suggested, bedroom_lights_suggested, Brand_Philips, Categories_All, categories_ceiling, Categories_Downlights, downlights, Kitchen_lights_suggested, New-Arrival, new_arrivals, Origin_India, Price_Less than INR 1000, product_Ceiling light, room_Bed Room, room_Dining Room, room_Living Room, room_Study Room",philips-starfit-3in1-dowlighter,https://in.shop.lighting.philips.com/products/philips-starfit-3in1-dowlighter,315.0,315.0,Title,Default Title :: SKU=929003770201 :: ₹315.00,6,https://cdn.shopify.com/s/files/1/0563/0532/0126/files/1_586e397b-e750-4f29-9743-940ae83553d2.jpg?v=1769760889 | https://cdn.shopify.com/s/files/1/0563/0532/0126/files/2_c12e421f-3057-4d1a-8a23-23d15cb98274.jpg?v=1769760889 | https://cdn.shopify.com/s/files/1/0563/0532/0126/files/5_acdf1093-70c8-412c-abc0-f989f24c1c5d.jpg?v=1769760889 | https://cdn.shopify.com/s/files/1/0563/0532/0126/files/3_0ccf02b7-a272-4ef3-8498-1d55c9947913.jpg?v=1769760889 | https://cdn.shopify.com/s/files/1/0563/0532/0126/files/4_10fa0a6a-2ee6-40e8-9733-a689a5686e26.jpg?v=1769760889 | https://cdn.shopify.com/s/files/1/0563/0532/0126/files/ExtendedwarrantywithSignifyDigiShield_152323ee-0c66-443b-abe4-2652c34fe0ea.png?v=1769760889,2026-01-29T13:39:20+05:30,2026-09-08T08:56:55+05:30
Philips,PHILIPS DecoBright JB Spotlight,Ceiling light,"Brand_Philips, Categories_All, Categories_COB Light, Origin_India, Price_Less than INR 1000, product_Ceiling light, room_Dining Room, room_Living Room",decobright-jb-cob-spotlight,https://in.shop.lighting.philips.com/products/decobright-jb-cob-spotlight,354.0,354.0,"Wattage, Light Color, Reflector Color",7W/Warm White/Rose Gold :: SKU=929003833501 :: ₹354.00,6,https://cdn.shopify.com/s/files/1/0563/0532/0126/files/decobright_7w_jb_rosegold_spotlight_1_7716d36b-2a38-4d84-a798-7510bda9585f.png?v=1769761607 | https://cdn.shopify.com/s/files/1/0563/0532/0126/files/decobright_7w_jb_chrome_spotlight_1_bfa9ca9e-2c4e-49a2-adae-ad102910f47b.png?v=1769761607 | https://cdn.shopify.com/s/files/1/0563/0532/0126/files/Artboard2_8e9065f3-0403-4af6-bc98-a2df2df4a6aa.png?v=1769761607 | https://cdn.shopify.com/s/files/1/0563/0532/0126/files/Artboard1_68648ce6-1081-4deb-a583-d555297d5858.png?v=1769761607 | https://cdn.shopify.com/s/files/1/0563/0532/0126/files/Artboard1-1_22eb2b05-ff70-4b3c-8604-4fd6f9fd67ed.png?v=1769761607 | https://cdn.shopify.com/s/files/1/0563/0532/0126/files/ExtendedwarrantywithSignifyDigiShield_71a3a2af-20a9-4d74-887d-9763c2309e38.png?v=1769761607,2026-01-29T13:39:26+05:30,2026-09-08T08:56:55+05:30
Philips,Philips TwinGlow LED Downlight,Ceiling light,"bathroom_lights_suggested, bedroom_lights_suggested, bestselling_ceiling_lights, Brand_Philips, Categories_All, categories_ceiling, Categories_Downlights, downlights, independencesale, junesale, Kitchen_lights_suggested, livingroom_lights_suggested, monsoon_mega_sale, Origin_India, Price_Less than INR 1000, product_Ceiling light, Republic_Day_Sale_2025, room_Bed Room, room_Dining Room, room_Living Room, room_Study Room",philips-twinglow-downlighter,https://in.shop.lighting.philips.com/products/philips-twinglow-downlighter,596.0,749.0,"Wattage, Color",10W/Warm White + Cool Day Light :: SKU=929003658601 :: ₹596.00 | 15W/Warm White + Natural White :: SKU=929003658701 :: ₹749.00 | 15W/Warm White + Cool Day Light :: SKU=929003658801 :: ₹749.00,6,https://cdn.shopify.com/s/files/1/0563/0532/0126/files/1_a2829a9d-8b06-4805-b915-e71a42cca4fd.jpg?v=1769761218 | https://cdn.shopify.com/s/files/1/0563/0532/0126/files/5_e3b26405-3a0b-4c01-b475-ea75c3290cc0.jpg?v=1769761218 | https://cdn.shopify.com/s/files/1/0563/0532/0126/files/4_b7e50910-8670-4c8c-89f6-f5339b0aa46f.jpg?v=1769761218 | https://cdn.shopify.com/s/files/1/0563/0532/0126/files/3_394bfb45-fc3f-43e9-a68a-b43a342baa87.jpg?v=1769761218 | https://cdn.shopify.com/s/files/1/0563/0532/0126/files/2_c4f81d91-be51-4abd-a001-51ceb68269f4.jpg?v=1769761218 | https://cdn.shopify.com/s/files/1/0563/0532/0126/files/ExtendedwarrantywithSignifyDigiShield_4cbcc1ed-5ed9-4e10-ab59-c51ebd5f4ff5.png?v=1769761109,2026-01-29T13:39:24+05:30,2026-09-08T08:56:55+05:30
Philips,PHILIPS Surface Synthetic LED Spot,Ceiling light,"bedroom_lights_suggested, Brand_Philips, Categories_All, categories_ceiling, Origin_India, product_Ceiling light, room_Dining Room, room_Living Roo",philips-surface-synthetic-spotlight,https://in.shop.lighting.philips.com/products/philips-surface-synthetic-spotlight,1446.0,1446.0,Title,Default Title :: SKU=929003747501 :: ₹1446.00,7,https://cdn.shopify.com/s/files/1/0563/0532/0126/files/01_78d4a295-b067-49bd-8d57-13139e751b7d.jpg?v=1769760033 | https://cdn.shopify.com/s/files/1/0563/0532/0126/files/03_fec699a6-5447-40c7-8faf-603933dfdc27.jpg?v=1769760033 | https://cdn.shopify.com/s/files/1/0563/0532/0126/files/02_1f35b5c9-bbda-4a1d-bbf0-ed52e456c3b1.jpg?v=1769760033 | https://cdn.shopify.com/s/files/1/0563/0532/0126/files/01_79aab7b4-599f-4c0f-a1ac-430decf0ab08.jpg?v=1769759991 | https://cdn.shopify.com/s/files/1/0563/0532/0126/files/05_e3c0dcb1-84e3-402e-8438-6ac8102d7c1a.jpg?v=1769759991 | https://cdn.shopify.com/s/files/1/0563/0532/0126/files/04_2a8d2b19-88a8-48f4-aa14-0a57c243288b.jpg?v=1769759991 | https://cdn.shopify.com/s/files/1/0563/0532/0126/files/ExtendedwarrantywithSignifyDigiShield_63a2fe8b-b441-4cde-b22f-7fc422ab3f94.png?v=1769760010,2026-01-29T13:39:15+05:30,2026-09-08T08:56:55+05:30
Philips,Dimmable UltraGlow LED Downlight,Ceiling Light,"Brand_Philips, Categories_Downlights, downlights, main_ceiling Lights, Origin_India, Price_Less than INR 1000, product_Ceiling light",dimmable-ultraglow-led-downlight,https://in.shop.lighting.philips.com/products/dimmable-ultraglow-led-downlight,670.0,670.0,Title,Default Title :: SKU=929003814301 :: ₹670.00,7,https://cdn.shopify.com/s/files/1/0563/0532/0126/files/WhatsAppImage2025-06-23at12.43.44_2ed7c662.jpg?v=1769759828 | https://cdn.shopify.com/s/files/1/0563/0532/0126/files/61m912zm4QL._SL1200.jpg?v=1769759828 | https://cdn.shopify.com/s/files/1/0563/0532/0126/files/61rei2mWmwL._SL1200.jpg?v=1769759828 | https://cdn.shopify.com/s/files/1/0563/0532/0126/files/61ReMPoxZUL._SL1200_37d76586-fdfa-4d5b-977d-282509b7b8a7.jpg?v=1769759828 | https://cdn.shopify.com/s/files/1/0563/0532/0126/files/613QcAniHPL._SL1200_dc50412a-3749-45c3-9fc3-b1ddaa069db4.jpg?v=1769759828 | https://cdn.shopify.com/s/files/1/0563/0532/0126/files/61DjUGP5JSL._SL1200.jpg?v=1769759828 | https://cdn.shopify.com/s/files/1/0563/0532/0126/files/ExtendedwarrantywithSignifyDigiShield_35346879-d957-4ab0-8f74-58c6de6fca9e.png?v=1769759796,2026-01-29T13:36:41+05:30,2026-09-08T08:56:55+05:30
Philips,Philips Wi-Fi Dimmable Deco LED COB,Ceiling light,"Categories_All, categories_ceiling, Categories_COB Light, categories_smart, cob-lights, Origin_India, product_Ceiling light, product_Smart lights",philips-wi-fi-dim-deco-led-cob,https://in.shop.lighting.philips.com/products/philips-wi-fi-dim-deco-led-cob,2359.0,2359.0,Title,Default Title :: SKU=929004239001 :: ₹2359.00,6,https://cdn.shopify.com/s/files/1/0563/0532/0126/files/Artboard1_ca28b68e-bd7d-4e94-8c0f-fe803a55eb7c.png?v=1751437432 | https://cdn.shopify.com/s/files/1/0563/0532/0126/files/Artboard2_dbdd7db3-8dbf-427a-a49d-49975930461a.png?v=1751437432 | https://cdn.shopify.com/s/files/1/0563/0532/0126/files/Artboard3_48b8299d-2e7e-4b56-8046-12ae1be51cb7.png?v=1751437432 | https://cdn.shopify.com/s/files/1/0563/0532/0126/files/Artboard4_197f58bd-539e-4b15-a1fc-74e1260c25d3.png?v=1751437432 | https://cdn.shopify.com/s/files/1/0563/0532/0126/files/Artboard5_8a3ef16c-37f2-428c-b61c-784686c580f9.png?v=1751437432 | https://cdn.shopify.com/s/files/1/0563/0532/0126/files/ExtendedwarrantywithSignifyDigiShield_1669866f-a706-4578-83ea-7cbce942e917.png?v=1769759572,2025-06-30T13:18:13+05:30,2026-09-08T08:56:55+05:30
Philips,Philips Wi-Fi Dimmable Tiltable LED COB,Ceiling light,"Brand_Philips, Categories_COB Light, cob-lights, main_ceiling Lights, Origin_India, Price_INR 2001- 3000, product_Ceiling light, product_Smart lights",philips-wi-fi-dim-tilt-led-cob,https://in.shop.lighting.philips.com/products/philips-wi-fi-dim-tilt-led-cob,2213.0,2213.0,Title,Default Title :: SKU=929004239301 :: ₹2213.00,7,https://cdn.shopify.com/s/files/1/0563/0532/0126/files/Artboard1_6883902a-c1c0-4bc0-9a00-c07b13df6685.png?v=1769759437 | https://cdn.shopify.com/s/files/1/0563/0532/0126/files/Artboard2_75560a03-85f7-4770-b785-652729df26fe.png?v=1769759474 | https://cdn.shopify.com/s/files/1/0563/0532/0126/files/Artboard3_234b554c-9d1c-41fb-aa9f-dc65a2aec2e6.png?v=1769759474 | https://cdn.shopify.com/s/files/1/0563/0532/0126/files/Artboard6_2ebe69d3-bcd2-4c1f-a537-20633840a4de.png?v=1769759474 | https://cdn.shopify.com/s/files/1/0563/0532/0126/files/Artboard5_443cfe6d-df69-46cc-becc-08f1e86d19dc.png?v=1769759474 | https://cdn.shopify.com/s/files/1/0563/0532/0126/files/Artboard4_2338917a-28bd-4c9d-876a-f95b8e2af095.png?v=1769759474 | https://cdn.shopify.com/s/files/1/0563/0532/0126/files/ExtendedwarrantywithSignifyDigiShield_4ea2d836-1896-489b-8883-0e74396ea037.png?v=1769759445,2025-06-30T13:21:13+05:30,2026-09-08T08:56:55+05:30
Philips,Philips Twin Glow Smart Wi-Fi LED Downlights,Ceiling light,"Brand_Philips, Categories_All, categories_ceiling, Categories_Downlights, downlights, main_ceiling Lights, Origin_India, Price_INR 1001- 2000, product_Ceiling light",philips-twin-glow-smart-wi-fi-led-downlights,https://in.shop.lighting.philips.com/products/philips-twin-glow-smart-wi-fi-led-downlights,1850.0,2190.0,Wattage,10W :: SKU=929004239101 :: ₹1850.00 | 15W :: SKU=929004239401 :: ₹2190.00,11,https://cdn.shopify.com/s/files/1/0563/0532/0126/files/Artboard7_86f361a5-0509-460e-8c08-8c7f6c600ac9.jpg?v=1769759196 | https://cdn.shopify.com/s/files/1/0563/0532/0126/files/Artboard1_37ae5008-6c18-45c0-9764-e132317d9d60.png?v=1769759328 | https://cdn.shopify.com/s/files/1/0563/0532/0126/files/10_1864a20a-0e70-42c1-9b0b-3f3c77b671bf.png?v=1769759328 | https://cdn.shopify.com/s/files/1/0563/0532/0126/files/Artboard7_62e36929-a8b3-4cfe-a155-53380f4e4430.jpg?v=1769759328 | https://cdn.shopify.com/s/files/1/0563/0532/0126/files/Artboard1_fca1a17e-ea80-4138-b321-39aa34b2d5e7.png?v=1769759328 | https://cdn.shopify.com/s/files/1/0563/0532/0126/files/15.png?v=1769759328 | https://cdn.shopify.com/s/files/1/0563/0532/0126/files/Artboard6_5616d89e-f172-4371-8103-cb94e9403fcb.jpg?v=1769759328 | https://cdn.shopify.com/s/files/1/0563/0532/0126/files/Artboard5_7f04778e-dc5c-427f-8864-cae6cce53cf7.png?v=1769759328 | https://cdn.shopify.com/s/files/1/0563/0532/0126/files/Artboard4_3ae6a860-99ad-4d95-9849-1b3e468b536b.png?v=1769759328 | https://cdn.shopify.com/s/files/1/0563/0532/0126/files/Artboard3_6305320e-9fd3-4521-8756-47bc8f29e2d9.png?v=1769759328 | https://cdn.shopify.com/s/files/1/0563/0532/0126/files/ExtendedwarrantywithSignifyDigiShield_4b7c5313-e9f0-4ba5-ae33-acec96b9ec52.png?v=1769759293,2026-01-29T13:36:30+05:30,2026-09-08T08:56:55+05:30
Philips,Philips SuperSlim WiZ Smart Ceiling Light,Ceiling Light,"Brand_Philips, Categories_Surface Lights, main_ceiling Lights, Origin_China, Price_INR 4001- 5000, product_Ceiling light, product_Smart lights",philips-superslim-wiz-smart-ceiling-light,https://in.shop.lighting.philips.com/products/philips-superslim-wiz-smart-ceiling-light,5221.0,5221.0,Title,Default Title :: SKU=929002684922 :: ₹5221.00,3,https://cdn.shopify.com/s/files/1/0563/0532/0126/files/0.jpg?v=1769758860 | https://cdn.shopify.com/s/files/1/0563/0532/0126/files/0_f2ec1ee6-208b-47b1-961d-ec23d111fbff.jpg?v=1769758860 | https://cdn.shopify.com/s/files/1/0563/0532/0126/files/ExtendedwarrantywithSignifyDigiShield_f88ead9e-b73b-4993-8b67-0bf2d747fa85.png?v=1769758853,2026-01-29T13:36:24+05:30,2026-09-08T08:56:57+05:30
Philips,Philips Rune WiZ Smart Ceiling Light,Ceiling light,"Brand_Philips, Categories_Surface Lights, main_ceiling Lights, Origin_China, price_OVER INR 5000, product_Ceiling light, product_Smart lights",philips-rune-wiz-smart-ceiling-light,https://in.shop.lighting.philips.com/products/philips-rune-wiz-smart-ceiling-light,9700.0,9700.0,Title,Default Title :: SKU=929003209122 :: ₹9700.00,8,https://cdn.shopify.com/s/files/1/0563/0532/0126/files/runesmartceilinglight_327a7761-1548-4879-8de3-c794b4cd91de.webp?v=1753340615 | https://cdn.shopify.com/s/files/1/0563/0532/0126/files/Artboard1_c66ab69b-3259-413a-9ac4-ff7c009951f7.png?v=1753340615 | https://cdn.shopify.com/s/files/1/0563/0532/0126/files/Artboard2_8582d43e-1fe4-41f6-a6a0-70c79dd27090.png?v=1753340615 | https://cdn.shopify.com/s/files/1/0563/0532/0126/files/Artboard4_ee46ea3a-2614-4d2d-8b0f-e9b819d70151.png?v=1753340615 | https://cdn.shopify.com/s/files/1/0563/0532/0126/files/Artboard3_c9ea17d7-f244-4025-ae75-0ebee740bb2b.png?v=1753340615 | https://cdn.shopify.com/s/files/1/0563/0532/0126/files/Artboard5_c101a323-7b79-4bc0-ba5d-1d57b86cf4bc.png?v=1753340615 | https://cdn.shopify.com/s/files/1/0563/0532/0126/files/WhatsAppImage2025-07-24at10.50.32_5fbc90b2.jpg?v=1753340615 | https://cdn.shopify.com/s/files/1/0563/0532/0126/files/ExtendedwarrantywithSignifyDigiShield_8210b47c-c283-43bf-b662-f72547eaa220.png?v=1769758677,2025-07-07T16:12:17+05:30,2026-09-08T08:56:57+05:30
Philips,Philips Slim Surface LED Downlight,Ceiling light,"Categories_All, categories_bathroom, Categories_Bathroom Lights, categories_ceiling, Categories_Downlights, categories_hanginglights, categories_tablelamps, categories_walllights, downlights, independencesale, main_ceiling Lights, Origin_India, product_Ceiling light",philips-slim-surface-led-downlight,https://in.shop.lighting.philips.com/products/philips-slim-surface-led-downlight,773.0,1086.0,"Shape, Wattage, Light Color",Round/12W/Natural white :: SKU=929004651101 :: ₹773.00 | Round/12W/Warm white :: SKU=929004651001 :: ₹773.00 | Round/12W/Cool day light :: SKU=929004651201 :: ₹773.00 | Round/18W/Cool day light :: SKU=929004651801 :: ₹1086.00 | Square/12W/Cool day light :: SKU=929004651501 :: ₹773.00,7,https://cdn.shopify.com/s/files/1/0563/0532/0126/files/929004651501.jpg?v=1784717989 | https://cdn.shopify.com/s/files/1/0563/0532/0126/files/61rrcGbrNtL._SL1200.jpg?v=1769410364 | https://cdn.shopify.com/s/files/1/0563/0532/0126/files/61aFNQLowiL._SL1200.jpg?v=1769758567 | https://cdn.shopify.com/s/files/1/0563/0532/0126/files/61rid6f6ynL._SL1200.jpg?v=1769758567 | https://cdn.shopify.com/s/files/1/0563/0532/0126/files/61-kamM4IpL._SL1200.jpg?v=1769758567 | https://cdn.shopify.com/s/files/1/0563/0532/0126/files/SlimSurfaceSquareDownlight.png?v=1769758567 | https://cdn.shopify.com/s/files/1/0563/0532/0126/files/ExtendedwarrantywithSignifyDigiShield_75247766-a22e-4de6-a5e4-4727ac2f33f8.png?v=1769758463,2025-07-23T13:46:40+05:30,2026-09-08T08:56:57+05:30
Philips,Philips AP Plus UltraGlow LED Downlight,Ceiling light,"Brand_Philips, Categories_Downlights, downlights, main_ceiling Lights, Origin_India, Price_Less than INR 1000, product_Ceiling light",philips-ap-plus-ultraglow-led-downlight,https://in.shop.lighting.philips.com/products/philips-ap-plus-ultraglow-led-downlight,785.0,785.0,"Shape, Color",Round/Cool day light :: SKU=929003660501 :: ₹785.00 | Round/Natural white :: SKU=929003660401 :: ₹785.00,3,https://cdn.shopify.com/s/files/1/0563/0532/0126/files/PhilipsUltraGlowLEDDownlight_0bf4781a-be5f-422d-b259-622765a83679.webp?v=1767768196 | https://cdn.shopify.com/s/files/1/0563/0532/0126/files/PrimePlusDownlight_dc281493-37e8-48dd-bfe4-376eb429db33.webp?v=1767768202 | https://cdn.shopify.com/s/files/1/0563/0532/0126/files/ExtendedwarrantywithSignifyDigiShield_a72a612e-5a4f-4533-a799-72bc41fd49fa.png?v=1769757666,2025-07-31T15:46:30+05:30,2026-09-08T08:56:57+05:30
Philips,Philips Flex Spot LED Spot light,Ceiling light,"Brand_Philips, Categories_Spot Lights, Origin_India, Price_INR 2001- 3000, Product_Ceiling light",philips-flexspot-led-spot-light,https://in.shop.lighting.philips.com/products/philips-flexspot-led-spot-light,3439.0,3439.0,"Watt, Body Color, Color",10W/White/Natural White :: SKU=929003635101 :: ₹3439.00 | 10W/White/Warm White :: SKU=929003635001 :: ₹3439.00 | 10W/Black/Natural White :: SKU=929003634801 :: ₹3439.00,2,https://cdn.shopify.com/s/files/1/0563/0532/0126/files/Flexspot.png?v=1769410737 | https://cdn.shopify.com/s/files/1/0563/0532/0126/files/ExtendedwarrantywithSignifyDigiShield_eb23ae5f-25b0-412d-97d8-cc9ca8571d67.png?v=1769757481,2025-11-19T14:20:32+05:30,2026-09-08T08:56:57+05:30
Philips,Philips Prime Neo Recessed LED Downlight,Ceiling light,"Brand_Philips, categories_ceiling, Categories_Downlights, downlights, independencesale, junesale, monsoon_mega_sale, Origin_India, Price_Less than INR 1000, product_Ceiling light, room_Bed Room, room_Dining Room, room_Living Room, room_Study Room",philips-prime-neo-recessed-led-downlight-copy,https://in.shop.lighting.philips.com/products/philips-prime-neo-recessed-led-downlight-copy,171.0,171.0,"Watt, Shape, Color",3W/Round/Red :: SKU=929003530201 :: ₹171.00 | 3W/Round/Green :: SKU=929003530301 :: ₹171.00 | 3W/Round/Blue :: SKU=929003530401 :: ₹171.00 | 3W/Round/Pink :: SKU=929003530501 :: ₹171.00,7,https://cdn.shopify.com/s/files/1/0563/0532/0126/files/PhilipsPrimeNeoRecessedLEDDownlight.png?v=1747311868 | https://cdn.shopify.com/s/files/1/0563/0532/0126/files/Prime-Neo-LED-Downlight-CDL-ATF---Infographic.png?v=1747311868 | https://cdn.shopify.com/s/files/1/0563/0532/0126/files/Prime-Neo-LED-Downlight-CDL-ATF---Lifestyle.png?v=1747311868 | https://cdn.shopify.com/s/files/1/0563/0532/0126/files/Prime-Neo-LED-Downlight-CDL-ATF---Application-2.png?v=1747311868 | https://cdn.shopify.com/s/files/1/0563/0532/0126/files/Prime-Neo-LED-Downlight-CDL-ATF---Application.png?v=1747311868 | https://cdn.shopify.com/s/files/1/0563/0532/0126/files/PrimeNeo-Dimensions.png?v=1747311868 | https://cdn.shopify.com/s/files/1/0563/0532/0126/files/ExtendedwarrantywithSignifyDigiShield_2eed51cc-6009-4f4e-bd31-8c237146edb4.png?v=1769757190,2025-11-19T16:21:02+05:30,2026-09-08T08:56:57+05:30
Philips,Philips Full Glow LED Surface light,Ceiling light,"2025holisale, bestsellerQ2, bestselling_ceiling_lights, Brand_Philips, Categories_All, categories_ceiling, Categories_Surface Lights, independencesale, junesale, kitchen_lights, monsoon_mega_sale, Origin_India, product_Ceiling light, Republic_Day_Sale_2025, room_Bed Room, room_Dining Room, room_Living Room, surface-lights",philips-full-glow-led-surface-light-copy,https://in.shop.lighting.philips.com/products/philips-full-glow-led-surface-light-copy,708.0,1699.0,"Watt, Shape, Color",6W/Round/Warm White :: SKU=929003092901 :: ₹708.00 | 12W/Round/Cool Day light :: SKU=929003638001 :: ₹897.00 | 12W/Round/Natural white :: SKU=929003637901 :: ₹897.00 | 12W/Square/Warm White :: SKU=929003638101 :: ₹897.00 | 15W/Round/Cool Day light :: SKU=929003695701 :: ₹1009.00 | 15W/Round/Natural white :: SKU=929003695601 :: ₹1009.00 | 15W/Square/Warm White :: SKU=929003695801 :: ₹1009.00 | 18W/Round/Warm White :: SKU=929003094101 :: ₹1269.00 | 18W/Round/Cool Day light :: SKU=929003094301 :: ₹1269.00 | 18W/Round/Natural White :: SKU=929003094201 :: ₹1269.00 | 18W/Square/CDL :: SKU=929003094601 :: ₹1269.00 | 24W/Round/Warm White :: SKU=929003512601 :: ₹1699.00 | 24W/Round/Cool Day light :: SKU=929003512801 :: ₹1699.00 | 24W/Round/Natural white :: SKU=929003512701 :: ₹1699.00 | 24W/Square/Cool Day light :: SKU=929003513101 :: ₹1699.00,15,https://cdn.shopify.com/s/files/1/0563/0532/0126/files/PhilipsFullGlowLEDSurfacelight6W.png?v=1747311845 | https://cdn.shopify.com/s/files/1/0563/0532/0126/files/Infographic-6-Watt.png?v=1747311845 | https://cdn.shopify.com/s/files/1/0563/0532/0126/files/PhilipsFullGlowLEDSurfacelight12W.png?v=1747311845 | https://cdn.shopify.com/s/files/1/0563/0532/0126/files/Artboard2_7db8e91c-1f85-4ec3-a753-998c3f6c598c.jpg?v=1747311845 | https://cdn.shopify.com/s/files/1/0563/0532/0126/files/PhilipsFullGlowLEDSurfacelight15W.png?v=1747311845 | https://cdn.shopify.com/s/files/1/0563/0532/0126/files/PhilipsFullGlowLEDSurfacelight18W.png?v=1747311845 | https://cdn.shopify.com/s/files/1/0563/0532/0126/files/Infographic-12-watt.png?v=1747311845 | https://cdn.shopify.com/s/files/1/0563/0532/0126/files/Infographic-18-watt.png?v=1747311845 | https://cdn.shopify.com/s/files/1/0563/0532/0126/files/Infographic-24-watt.png?v=1747311845 | https://cdn.shopify.com/s/files/1/0563/0532/0126/files/Lifestyle-6-watt.png?v=1747311846 | https://cdn.shopify.com/s/files/1/0563/0532/0126/files/Application.png?v=1747311846 | https://cdn.shopify.com/s/files/1/0563/0532/0126/files/Lifestyle-op-02.png?v=1747311846 | https://cdn.shopify.com/s/files/1/0563/0532/0126/files/FullGlowSurfacelight-dimensions.png?v=1747311846 | https://cdn.shopify.com/s/files/1/0563/0532/0126/files/Artboard3_f628a5c9-a85d-4473-9d8d-99e3b03e177e.jpg?v=1747311846 | https://cdn.shopify.com/s/files/1/0563/0532/0126/files/ExtendedwarrantywithSignifyDigiShield_b0dd701e-6ffd-450c-9c89-6621d32b02cc.png?v=1769756920,2025-11-19T16:27:24+05:30,2026-09-08T08:56:57+05:30
Philips,Philips Ultra Glow LED Downlight,Ceiling light,"2025holisale, bathroom_lights_suggested, bestseller, bestsellerQ2, bestselling_ceiling_lights, Brand_Philips, Categories_All, categories_bathroom, categories_ceiling, Categories_Downlights, downlights, junesale, monsoon_mega_sale, Origin_India, Price_Less than INR 1000, product_Bathroom Lights, product_Ceiling light, room_Bathroom, room_Bed Room, room_Dining Room, room_Living Room, room_Study Room",philips-ultra-glow-led-downlight-copy,https://in.shop.lighting.philips.com/products/philips-ultra-glow-led-downlight-copy,395.0,395.0,"Watt, Shape, Color",5W/Round/Natural White :: SKU=929002627201 :: ₹395.00 | 5W/Square/Natural White :: SKU=929002627501 :: ₹395.00,5,https://cdn.shopify.com/s/files/1/0563/0532/0126/files/PhilipsUltraGlowLEDDownlight_0bf4781a-be5f-422d-b259-622765a83679.png?v=1747311835 | https://cdn.shopify.com/s/files/1/0563/0532/0126/files/PrimePlusDownlight_dc281493-37e8-48dd-bfe4-376eb429db33.png?v=1747311835 | https://cdn.shopify.com/s/files/1/0563/0532/0126/files/PhilipsUltraGlowLEDDownlight.png?v=1747311835 | https://cdn.shopify.com/s/files/1/0563/0532/0126/files/PhilipsUltraGlowLEDDownlight1.png?v=1747311835 | https://cdn.shopify.com/s/files/1/0563/0532/0126/files/ExtendedwarrantywithSignifyDigiShield_d7c1654b-37cd-4ff5-adb9-2c6f129543b2.png?v=1769756867,2025-11-19T16:36:13+05:30,2026-09-08T08:56:57+05:30
Philips,Philips Full Glow LED Metal Surface light,Ceiling light,"bestselling_ceiling_lights, Brand_Philips, categories_ceiling, Categories_Surface Lights, independencesale, Origin_India, Price_INR 1001- 2000, product_Ceiling light, room_Bed Room, room_Dining Room, room_Living Room, surface-lights",philips-full-glow-led-metal-surface-light-copy-copy,https://in.shop.lighting.philips.com/products/philips-full-glow-led-metal-surface-light-copy-copy,1360.0,2028.0,"Watt, Shape, Color",12W/Round/Warm White :: SKU=929003683801 :: ₹1360.00 | 12W/Round/Natural White :: SKU=929003683901 :: ₹1360.00 | 20W/Round/Natural White :: SKU=929003671101 :: ₹2028.00 | 20W/Round/Cool Day light :: SKU=929003671201 :: ₹2028.00,6,https://cdn.shopify.com/s/files/1/0563/0532/0126/files/PhilipsFullGlowLEDMetalSurfacelight.png?v=1747311819 | https://cdn.shopify.com/s/files/1/0563/0532/0126/files/FullGLow-metalsurface.png?v=1747311819 | https://cdn.shopify.com/s/files/1/0563/0532/0126/files/FullGlowmetalSurfaceapplication.png?v=1747311819 | https://cdn.shopify.com/s/files/1/0563/0532/0126/files/PhilipsFullGlowLEDMetalSurfacelight3.png?v=1747311819 | https://cdn.shopify.com/s/files/1/0563/0532/0126/files/PhilipsFullGlowLEDMetalSurfacelight1.png?v=1747311819 | https://cdn.shopify.com/s/files/1/0563/0532/0126/files/FullGlow-MetalSurface20W-PhotoRoom.png?v=1747311819,2025-11-19T16:58:44+05:30,2026-09-08T08:56:57+05:30
Philips,Philips Dura Slim LED Downlight,Ceiling light,"2025holisale, bestsellerQ2, bestselling_ceiling_lights, Brand_Philips, Categories_All, categories_ceiling, Categories_Downlights, downlights, independencesale, junesale, monsoon_mega_sale, Origin_India, Price_Less than INR 1000, product_Ceiling light, Republic_Day_Sale_2025, room_Bed Room, room_Dining Room, room_Living Room, room_Study Room",philips-dura-slim-led-downlight-copy,https://in.shop.lighting.philips.com/products/philips-dura-slim-led-downlight-copy,859.0,2179.0,"Watt, Shape, Color",7W/Round/Warm White :: SKU=929001951814 :: ₹859.00 | 7W/Round/Natural White :: SKU=929001951815 :: ₹859.00 | 7W/Round/Cool Day light :: SKU=929001951816 :: ₹859.00 | 12W/Round/Warm White :: SKU=929001951820 :: ₹1079.00 | 12W/Round/Natural White :: SKU=929001951821 :: ₹1079.00 | 12W/Round/Cool Day light :: SKU=929001951822 :: ₹1079.00 | 12W/Square/Natural White :: SKU=929001951824 :: ₹1079.00 | 15W/Round/Warm White :: SKU=929001951826 :: ₹1379.00 | 15W/Round/Natural White :: SKU=929001951827 :: ₹1379.00 | 15W/Round/Cool Day light :: SKU=929001951828 :: ₹1379.00 | 22W/Round/Natural White :: SKU=929001951839 :: ₹2179.00 | 22W/Round/Cool Day light :: SKU=929001951840 :: ₹2179.00,6,https://cdn.shopify.com/s/files/1/0563/0532/0126/files/929001951828.png?v=1784717937 | https://cdn.shopify.com/s/files/1/0563/0532/0126/files/DuraSlim-3.png?v=1747311822 | https://cdn.shopify.com/s/files/1/0563/0532/0126/files/PhilipsDuraSlimLEDDownlight.png?v=1747311822 | https://cdn.shopify.com/s/files/1/0563/0532/0126/files/DuraSlim-Squarefeatures.png?v=1747311823 | https://cdn.shopify.com/s/files/1/0563/0532/0126/files/Duraslim-dimensions.png?v=1747311823 | https://cdn.shopify.com/s/files/1/0563/0532/0126/files/ExtendedwarrantywithSignifyDigiShield_dbd97856-6630-421e-b14d-a7a43bb3cccb.png?v=1769756570,2025-11-19T17:07:17+05:30,2026-09-08T08:56:57+05:30
Philips,Philips Wi-Fi Gradient Light Bars,Smart Light,"bestsellerQ2, Brand_Philips, categories_smart, Categories_Table Lamps, LIGHTTHEATRE, monsoon_mega_sale, New-Arrival, new_arrivals, New_launch, Newly added, Origin_China, price_OVER INR 5000, product_Smart lights",philips-wi-fi-gradient-light-bars,https://in.shop.lighting.philips.com/products/philips-wi-fi-gradient-light-bars,7090.0,7090.0,Light color,Full Color :: SKU=915006601001 :: ₹7090.00,9,https://cdn.shopify.com/s/files/1/0563/0532/0126/files/0_703a438b-d105-4262-bc3b-4055887dc8a0.png?v=1769687751 | https://cdn.shopify.com/s/files/1/0563/0532/0126/files/1_163c6730-f23b-4b07-ad2e-d4d37068535d.png?v=1769687751 | https://cdn.shopify.com/s/files/1/0563/0532/0126/files/2_8f4062ec-280b-4f8f-b3e8-2980c10bead4.png?v=1769687751 | https://cdn.shopify.com/s/files/1/0563/0532/0126/files/3_2955f6d7-b026-4dba-801f-600b8e56d62c.png?v=1769687751 | https://cdn.shopify.com/s/files/1/0563/0532/0126/files/4_0a25ac8d-dc74-4fa5-bf2f-d389768169d9.png?v=1769687752 | https://cdn.shopify.com/s/files/1/0563/0532/0126/files/5_4f72d978-808b-48c0-8196-a7dee1e77cec.png?v=1769687751 | https://cdn.shopify.com/s/files/1/0563/0532/0126/files/6_77d9a7ac-80d5-43f5-83c8-8000249b14d9.png?v=1769687751 | https://cdn.shopify.com/s/files/1/0563/0532/0126/files/7_000b2738-332a-4c01-a24b-05f3c5d72a27.png?v=1769687751 | https://cdn.shopify.com/s/files/1/0563/0532/0126/files/ExtendedwarrantywithSignifyDigiShield_0cceaa66-d178-4e28-9950-fba848a8cebe.png?v=1769687751,2026-01-29T13:35:45+05:30,2026-09-08T08:56:57+05:30
Philips,Philips Tetris Outdoor Wall washer,outdoor lights,"Brand_Philips, Categories_Wall Washer, festive_2024, new_arrivals, Origin_India, outdoor_lights_suggested, Price_INR 3001- 4000, Product_outdoor lights, room_Outdoor",philips-tetris-wall-washer,https://in.shop.lighting.philips.com/products/philips-tetris-wall-washer,3847.0,3847.0,"Wattage, Color",10W/Warm White :: SKU=919215851297 :: ₹3847.00,3,https://cdn.shopify.com/s/files/1/0563/0532/0126/files/tetris-walllight.png?v=1769833984 | https://cdn.shopify.com/s/files/1/0563/0532/0126/files/PhilipsTetrisoutdoorWallwasher.jpg?v=1769833982 | https://cdn.shopify.com/s/files/1/0563/0532/0126/files/ExtendedwarrantywithSignifyDigiShield_53d6e9c4-5a0b-4378-9d30-ac9b44f6d908.png?v=1769833998,2026-01-29T13:39:53+05:30,2026-09-08T08:56:57+05:30
Philips,Philips Gladius ceiling Chandelier,chandelier,"Brand_Philips, Categories_All, crystal-chandeliers, main_chandeliers, Origin_China, price_OVER INR 5000, Product_chandelier",philips-gladius-chandelier,https://in.shop.lighting.philips.com/products/philips-gladius-chandelier,48443.0,48443.0,Title,Default Title :: SKU=919215851018 :: ₹48443.00,7,https://cdn.shopify.com/s/files/1/0563/0532/0126/files/PhilipsGladiusceilingChandelier.jpg?v=1770183452 | https://cdn.shopify.com/s/files/1/0563/0532/0126/files/Gladius-ceiling.png?v=1770183452 | https://cdn.shopify.com/s/files/1/0563/0532/0126/files/Gladius_581976_On_36327a1d-30ad-4039-847d-3c87bd476f3f.png?v=1770183452 | https://cdn.shopify.com/s/files/1/0563/0532/0126/files/Gladius_581976_Off_d5203e23-3b90-4f9e-ad0d-2a3842824b6f.png?v=1770183452 | https://cdn.shopify.com/s/files/1/0563/0532/0126/files/Gladius_581977_Detailaed.jpg?v=1770183452 | https://cdn.shopify.com/s/files/1/0563/0532/0126/files/Gladius_581976_Dimension_a4e4d19e-40e9-4d9e-96ac-d32af9f085b5.jpg?v=1770183452 | https://cdn.shopify.com/s/files/1/0563/0532/0126/files/LightingProduct_aa2f9513-30bd-4108-acb5-d28113ff1b5a.png?v=1770183452,2026-01-29T13:42:53+05:30,2026-09-08T08:56:57+05:30
Philips,Philips Lucidus Chandelier,chandelier,"2025holisale, bestsellerQ2, Brand_Philips, bulb_type_E27, Categories_All, categories_chandeliers, chandelier_mounting_style_suspended, chandelier_room_type_bedroom, chandelier_room_type_dining room, chandelier_room_type_living Room, festive_2024, in_stock, junesale, main_chandeliers, monsoon_mega_sale, new_arrivals, Origin_India, price_OVER INR 5000, Product_chandelier, Republic_Day_Sale_2025, room_Dining Room, room_Living Room, sale",philips-lucidus-pendant-light,https://in.shop.lighting.philips.com/products/philips-lucidus-pendant-light,11383.0,11383.0,Shape,Down :: SKU=919215851209 :: ₹11383.00,4,https://cdn.shopify.com/s/files/1/0563/0532/0126/files/41Joc2EHmpL.jpg?v=1769685584 | https://cdn.shopify.com/s/files/1/0563/0532/0126/files/WhatsAppImage2025-11-19at15.35.53_67202c37.jpg?v=1769685584 | https://cdn.shopify.com/s/files/1/0563/0532/0126/files/LightingProduct_90ae3930-9bb3-40a4-bd46-7dd3eca466b1.png?v=1769685566 | https://cdn.shopify.com/s/files/1/0563/0532/0126/files/PhilipsLucidusChandelier.jpg?v=1770183476,2026-01-29T13:42:48+05:30,2026-09-08T08:56:57+05:30
Philips,"Philips Striker surface light (ideal for Cabinets, wardrobes)",Ceiling Light,"Brand_Philips, Categories_Cabinet Light, Categories_Surface Lights, Origin_India, Price_Less than INR 1000, product_Ceiling light, room_Bed Room, room_Dining Room",philips-striker-cabinet-light,https://in.shop.lighting.philips.com/products/philips-striker-cabinet-light,195.0,195.0,Title,Default Title :: SKU=929001951609 :: ₹195.00,3,https://cdn.shopify.com/s/files/1/0563/0532/0126/files/Striker-Surface.png?v=1769765229 | https://cdn.shopify.com/s/files/1/0563/0532/0126/files/929002423002_bc074f57-0c51-4d04-b6f3-53214363115a.png?v=1769765199 | https://cdn.shopify.com/s/files/1/0563/0532/0126/files/ExtendedwarrantywithSignifyDigiShield_33e535d0-8868-4d22-919c-7ecf4eba95c1.png?v=1769765207,2026-01-29T13:42:23+05:30,2026-09-08T08:56:57+05:30
Philips,Philips Ujjwal Plus Rechargeable Emergency light,emergency light,"Brand_Philips, Categories_Portable Emergency light, emergency_lights_suggested, IndependenceDay_Sale, Origin_India, Price_Less than INR 1000, product_Emergency lights, Republic_Day_Sale_2025",philips-ujjwal-plus-rechargeable-emergency-light,https://in.shop.lighting.philips.com/products/philips-ujjwal-plus-rechargeable-emergency-light,1037.0,1037.0,"Wattage, Color, Body Color",4W/Cool White/Blue :: SKU=919215850243 :: ₹1037.00,2,https://cdn.shopify.com/s/files/1/0563/0532/0126/files/UjjwalPlus-2_75aa2553-8a0c-4f57-bd30-c8e977f31b3c.png?v=1769771439 | https://cdn.shopify.com/s/files/1/0563/0532/0126/files/ExtendedwarrantywithSignifyDigiShield_e8588d74-2e71-485f-9c82-b6c158e1a60e.png?v=1769771439,2026-01-29T13:41:16+05:30,2026-09-08T08:56:57+05:30
Philips,Philips Tesni Rechargeable Emergency light,emergency light,"Brand_Philips, Categories_Portable Emergency light, Origin_India, Price_Less than INR 1000, product_Emergency lights",philips-tesni-rechargeable-emergency-light,https://in.shop.lighting.philips.com/products/philips-tesni-rechargeable-emergency-light,992.0,992.0,"Wattage, Color, Body Color",5W/Cool White/Red Copper :: SKU=919215850993 :: ₹992.00,4,https://cdn.shopify.com/s/files/1/0563/0532/0126/files/71Mm8z_C_aL._SL1500_-Photoroom.jpg?v=1769771293 | https://cdn.shopify.com/s/files/1/0563/0532/0126/files/Tesi-3_3a4b3209-93f5-426f-a4b6-3a24c12135a4.png?v=1769771293 | https://cdn.shopify.com/s/files/1/0563/0532/0126/files/ExtendedwarrantywithSignifyDigiShield_5f774259-1346-415f-a8fb-02983f34a5bc.png?v=1769771293 | https://cdn.shopify.com/s/files/1/0563/0532/0126/files/61MNsX3bW0L._SL1500_-Photoroom.jpg?v=1769771306,2026-01-29T13:41:14+05:30,2026-09-08T08:56:57+05:30
Philips,Philips SlimRay Rechargeable Emergency light,emergency light,"Brand_Philips, Categories_Emergency Tube light, emergency_lights_suggested, IndependenceDay_Sale, Origin_India, Price_INR 1001- 2000, product_Emergency lights",philips-slimray-rechargeable-emergency-light,https://in.shop.lighting.philips.com/products/philips-slimray-rechargeable-emergency-light,1518.0,1518.0,"Wattage, Color, Body Color",4W/Cool White/Silver :: SKU=919215850287 :: ₹1518.00,2,https://cdn.shopify.com/s/files/1/0563/0532/0126/files/Slimray-1-PhotoRoom_f5f25659-67b4-49e3-b5cf-0233c1c2bfb9.png?v=1769771013 | https://cdn.shopify.com/s/files/1/0563/0532/0126/files/ExtendedwarrantywithSignifyDigiShield_c67bb376-5096-4a38-a433-2885507e010b.png?v=1769771018,2026-01-29T13:41:12+05:30,2026-09-08T08:56:57+05:30
Philips,Philips Cyra Rechargeable Emergency light,emergency light,"Brand_Philips, Categories_Portable Emergency light, clearance_sale, Origin_India, Price_Less than INR 1000, product_Emergency lights",philips-cyra-rechargeable-emergency-light,https://in.shop.lighting.philips.com/products/philips-cyra-rechargeable-emergency-light,1907.0,1907.0,"Wattage, Color, Body Color",5W/Cool White/Yellow :: SKU=919215850996 :: ₹1907.00,3,https://cdn.shopify.com/s/files/1/0563/0532/0126/files/Cyra-2-PhotoRoom_69327d6b-b2a2-4760-b1d5-70fa3208829c.png?v=1769770877 | https://cdn.shopify.com/s/files/1/0563/0532/0126/files/Cyra-4-PhotoRoom_92822ccd-b748-43a1-bf66-6eea46a1b84f.png?v=1769770877 | https://cdn.shopify.com/s/files/1/0563/0532/0126/files/ExtendedwarrantywithSignifyDigiShield_7c92965d-0eb4-4b32-aee5-97ddd3c1f7fe.png?v=1769770927,2026-01-29T13:41:10+05:30,2026-09-08T08:56:57+05:30
Philips,Philips Celestial 8 head Chandelier (Matte Black),Chandelier,"Brand_Philips, Categories_All, categories_chandeliers, chandelier_bulb_type_G9, chandelier_mounting_style_suspended, chandelier_room_type_dining room, chandelier_room_type_living Room, festive_2024, in_stock, junesale, main_chandeliers, modern-chandeliers, monsoon_mega_sale, New-Arrival, new_arrivals, Origin_China, price_OVER INR 5000, Product_chandelier",philips-celestial-chandelier,https://in.shop.lighting.philips.com/products/philips-celestial-chandelier,20855.0,20855.0,Title,Default Title :: SKU=919215851256 :: ₹20855.00,7,https://cdn.shopify.com/s/files/1/0563/0532/0126/files/PhilipsCelestial8headChandelier_MatteBlack.jpg?v=1770183658 | https://cdn.shopify.com/s/files/1/0563/0532/0126/files/Celestial-8head.png?v=1770183658 | https://cdn.shopify.com/s/files/1/0563/0532/0126/files/PhilipsCelestial8headChandelier_MatteBlack_2.png?v=1772015402 | https://cdn.shopify.com/s/files/1/0563/0532/0126/files/PhilipsCelestial8headChandelier_MatteBlack_b1c363c9-bcd4-4893-824c-ef4f17c8471e.jpg?v=1772015402 | https://cdn.shopify.com/s/files/1/0563/0532/0126/files/PhilipsCelestial8headChandelier_MatteBlack.png?v=1772015402 | https://cdn.shopify.com/s/files/1/0563/0532/0126/files/PhilipsCelestial8headChandelier_MatteBlack_1_19c79cd7-eba2-4684-94c2-be6f86370952.png?v=1772015402 | https://cdn.shopify.com/s/files/1/0563/0532/0126/files/LightingProduct_03ea6362-bd55-480b-bf4b-608b804e6328.png?v=1772015402,2026-01-29T13:40:23+05:30,2026-09-08T08:56:57+05:30
Philips,Philips Divine 9 head chandelier (French Gold),Chandelier,"Brand_Philips, Categories_All, categories_chandeliers, chandelier_bulb_type_G9, chandelier_mounting_style_suspended, chandelier_room_type_dining room, chandelier_room_type_living Room, festive_2024, in_stock, junesale, main_chandeliers, modern-chandeliers, monsoon_mega_sale, New-Arrival, new_arrivals, Origin_China, price_OVER INR 5000, Product_chandelier, room_Bed Room, room_Dining Room, room_Living Room",philips-divine-9-head-chandelier-french-gold,https://in.shop.lighting.philips.com/products/philips-divine-9-head-chandelier-french-gold,31868.0,31868.0,"Size, Color",9 Head/Black & French Gold :: SKU=919215851254 :: ₹31868.00,5,https://cdn.shopify.com/s/files/1/0563/0532/0126/files/PhilipsDivine9headchandelier_FrenchGold.jpg?v=1770183701 | https://cdn.shopify.com/s/files/1/0563/0532/0126/files/DIVINE-9H-2_dd73055d-81ed-4ca2-a2c6-213e4f4eb630.png?v=1770183701 | https://cdn.shopify.com/s/files/1/0563/0532/0126/files/PhilipsDivine9headchandelier_FrenchGold.png?v=1772016243 | https://cdn.shopify.com/s/files/1/0563/0532/0126/files/PhilipsDivine9headchandelier_FrenchGold_1.png?v=1772016243 | https://cdn.shopify.com/s/files/1/0563/0532/0126/files/LightingProduct_7e418fa6-0d97-4868-a27d-ff2c6c6935cd.png?v=1772016243,2026-01-29T13:40:17+05:30,2026-09-08T08:56:57+05:30
Philips,Philips Celestial 12 head Chandelier (French Gold),Chandelier,"Brand_Philips, Categories_All, categories_chandeliers, chandelier_bulb_type_G9, chandelier_mounting_style_suspended, chandelier_room_type_dining room, chandelier_room_type_living Room, festive_2024, in_stock, main_chandeliers, modern-chandeliers, New-Arrival, new_arrivals, Origin_China, price_OVER INR 5000, Product_chandelier, room_Bed Room, room_Dining Room, room_Living Room",philips-celestial-12-head-chandelier-french-gold,https://in.shop.lighting.philips.com/products/philips-celestial-12-head-chandelier-french-gold,35959.0,35959.0,Title,Default Title :: SKU=919215851255 :: ₹35959.00,5,https://cdn.shopify.com/s/files/1/0563/0532/0126/files/Celestial-12head-1_1.png?v=1769684710 | https://cdn.shopify.com/s/files/1/0563/0532/0126/files/PhilipsCelestial12headChandelier_FrenchGold_cf3f10db-0ec4-43d8-844d-014d9a4a6c8f.jpg?v=1772016413 | https://cdn.shopify.com/s/files/1/0563/0532/0126/files/PhilipsCelestial12headChandelier_FrenchGold_1.png?v=1772016413 | https://cdn.shopify.com/s/files/1/0563/0532/0126/files/PhilipsCelestial12headChandelier_FrenchGold.png?v=1772016413 | https://cdn.shopify.com/s/files/1/0563/0532/0126/files/LightingProduct_ce730cac-519f-47f8-abfb-9373d77fdffe.png?v=1772016413,2026-01-29T13:40:13+05:30,2026-09-08T08:56:57+05:30
Philips,Philips StepGlow Step light,outdoor lights,"Brand_Philips, categories_Step light, IndependenceDay_Sale, New-Arrival, new_arrivals, Origin_India, Price_Less than INR 1000, Product_outdoor lights",philips-stepglow-steplight,https://in.shop.lighting.philips.com/products/philips-stepglow-steplight,600.0,600.0,"Wattage, Color",2W/Warm White :: SKU=919215851047 :: ₹600.00,2,https://cdn.shopify.com/s/files/1/0563/0532/0126/files/1_1e87f5e1-d080-474f-8649-43b4121d22c9.jpg?v=1769836712 | https://cdn.shopify.com/s/files/1/0563/0532/0126/files/ExtendedwarrantywithSignifyDigiShield_71a438eb-993d-4ec5-81a0-4a6f29e7a0f2.png?v=1769836717,2026-01-29T13:40:11+05:30,2026-09-08T08:56:57+05:30
Philips,Philips Fillip Sensor Step light,outdoor lights,"Brand_Philips, categories_Step light, Origin_India, Price_INR 1001- 2000, Product_outdoor lights, room_Outdoor",philips-fillip-steplight,https://in.shop.lighting.philips.com/products/philips-fillip-steplight,1306.0,1306.0,"Wattage, Body Color, Color",2W/Grey/Warm White :: SKU=919215851245 :: ₹1306.00 | 2W/White/Warm White :: SKU=919215851246 :: ₹1306.00,5,https://cdn.shopify.com/s/files/1/0563/0532/0126/files/800002PhilipsFILLIPSensorStep2WWhite-MAP-Photoroom.jpg?v=1769836659 | https://cdn.shopify.com/s/files/1/0563/0532/0126/files/PhilipsFillipSensorSteplight-Photoroom.jpg?v=1769836659 | https://cdn.shopify.com/s/files/1/0563/0532/0126/files/800002_Philips_FILLIP_SensorStep2W_White-SPP_f3f80bab-f66a-4943-81df-2aff43b3ead1-Photoroom.jpg?v=1769836641 | https://cdn.shopify.com/s/files/1/0563/0532/0126/files/PhilipsFillipSensorSteplight-Photoroom_76b536ad-989e-4404-acea-5b4bca0c19f6.jpg?v=1769836587 | https://cdn.shopify.com/s/files/1/0563/0532/0126/files/ExtendedwarrantywithSignifyDigiShield_43f4c0c7-0c2c-4dc4-b149-8f8661a137a1.png?v=1769836610,2026-01-29T13:40:06+05:30,2026-09-08T08:56:57+05:30
Philips,Philips Lucent Wall Washer,outdoor lights,"2025holisale, bestsellerQ2, Brand_Philips, Categories_Wall Washer, festive_2024, junesale, monsoon_mega_sale, new_arrivals, Origin_India, outdoor_lights_suggested, Price_INR 1001- 2000, Product_outdoor lights",philips-lucent-wall-washer,https://in.shop.lighting.philips.com/products/philips-lucent-wall-washer,1404.0,1548.0,"Wattage, Color, Type",10W/Warm White/2-way Round :: SKU=919215851303 :: ₹1548.00 | 10W/Warm White/2-way Vertical :: SKU=919215851298 :: ₹1480.00 | 7W/Warm White/2-way :: SKU=919215851319 :: ₹1404.00,9,https://cdn.shopify.com/s/files/1/0563/0532/0126/files/Lucent_5W_wall_washer_Product_with_Packaging_f29ec2c0-ca43-4628-b3a7-d2b0be626577.png?v=1769834292 | https://cdn.shopify.com/s/files/1/0563/0532/0126/files/Lucent_10W_vertical_wall_washer_Product_with_Packaging_73d8fbee-f836-4cfa-952f-8d3dd13219c5.png?v=1769834292 | https://cdn.shopify.com/s/files/1/0563/0532/0126/files/Lucent_7W_wall_washer_Product_with_Packaging_61e36ded-87c8-4384-b89d-31c547152f6f.png?v=1769834292 | https://cdn.shopify.com/s/files/1/0563/0532/0126/files/10Wround.jpg?v=1769834292 | https://cdn.shopify.com/s/files/1/0563/0532/0126/files/7W.jpg?v=1769834292 | https://cdn.shopify.com/s/files/1/0563/0532/0126/files/5W.jpg?v=1769834292 | https://cdn.shopify.com/s/files/1/0563/0532/0126/files/PhilipsLucentoutdoorWallwasher.jpg?v=1769834292 | https://cdn.shopify.com/s/files/1/0563/0532/0126/files/Lucent_10W_round_wall_washer_Product_with_Packaging_63d4d810-caf8-4157-b569-65de542c4fd1.png?v=1769834292 | https://cdn.shopify.com/s/files/1/0563/0532/0126/files/ExtendedwarrantywithSignifyDigiShield_a0cbff3a-d313-452a-a7c6-fa193a66bac4.png?v=1769834470,2026-01-29T13:39:55+05:30,2026-09-08T08:56:57+05:30
Philips,Philips Smart Wi-Fi Floor Lamp,floor lamp,"2025holisale, bedroom_lights_suggested, bestseller, bestsellerQ2, Brand_Philips, Categories_All, categories_smart, festive_2024, IndependenceDay_Sale, ipl2025, junesale, livingroom_lights_suggested, monsoon_mega_sale, new_arrivals, Origin_India, price_OVER INR 5000, product_Floor lamp, product_Smart lights, room_Bed Room, room_Living Room",philips-wiz-floor-lamp,https://in.shop.lighting.philips.com/products/philips-wiz-floor-lamp,13036.0,13036.0,Title,Default Title :: SKU=929003814701 :: ₹13036.00,2,https://cdn.shopify.com/s/files/1/0563/0532/0126/files/Image_20240528_173837_180.png?v=1769772208 | https://cdn.shopify.com/s/files/1/0563/0532/0126/files/ExtendedwarrantywithSignifyDigiShield_b70b42df-d800-4691-aece-7213e7c4dba2.png?v=1769772216,2026-01-29T13:39:51+05:30,2026-09-08T08:56:57+05:30
Philips,Philips Moonglade Picture Light,Picture light,"2025holisale, Brand_Philips, Origin_India, Price_INR 1001- 2000, product_Picture Lights, Republic_Day_Sale_2025, room_Bed Room, room_Dining Room, room_Living Room, room_Study Room",philips-moonglade-picture-light,https://in.shop.lighting.philips.com/products/philips-moonglade-picture-light,1471.0,1471.0,"Wattage, Body Color, Color",7W/Black/Warm white :: SKU=919215851206 :: ₹1471.00,2,https://cdn.shopify.com/s/files/1/0563/0532/0126/files/Moonglade-1205.png?v=1769842523 | https://cdn.shopify.com/s/files/1/0563/0532/0126/files/Moonglade-Picture-Light-ATF---Product-with-Packaging.png?v=1769842522,2026-01-29T13:39:33+05:30,2026-09-08T08:56:57+05:30
Philips,Philips G9 LED light bulb,LED Lamps,"Brand_Philips, Categories_Bulb, main_bulbs, New-Arrival, Origin_India, Price_Less than INR 1000, product_Bulbs, room_Dining Room, room_Living Room, Type_DecoMini",philips-g9-led-bulb,https://in.shop.lighting.philips.com/products/philips-g9-led-bulb,549.0,549.0,Title,Default Title :: SKU=929003852401 :: ₹549.00,3,https://cdn.shopify.com/s/files/1/0563/0532/0126/files/PhilipsG9bulb-5W.png?v=1769773125 | https://cdn.shopify.com/s/files/1/0563/0532/0126/files/PhilipsG9bulb5Wproduct-ledlightcapsule-tunablewhite_8cc211be-eaf6-49c6-8a2d-ae4d4e504e13.png?v=1769773125 | https://cdn.shopify.com/s/files/1/0563/0532/0126/files/ExtendedwarrantywithSignifyDigiShield_04557bb6-7e0f-4f76-879c-a669c4a641e2.png?v=1769773142,2026-01-29T13:39:22+05:30,2026-09-08T08:56:57+05:30
Philips,Philips LED Strip Light Driver,LED driver,"bestsellerQ2, Brand_Philips, Categories_LED Driver, Origin_India, Price_Less than INR 1000, Product_Light Strip, Product_Light strips",philips-strip-light-driver,https://in.shop.lighting.philips.com/products/philips-strip-light-driver,179.0,3299.0,Wattage,12W 1A 12V :: SKU=929003464606 :: ₹179.00 | 24W 2A 12V :: SKU=929003426906 :: ₹299.00 | 36W 3A 12V :: SKU=929003464706 :: ₹399.00 | 150W 12.5A 12V :: SKU=929003421606 :: ₹2399.00 | 300W 25A 12V :: SKU=929003413606 :: ₹3299.00 | 120W 10A 12V :: SKU=929003411706 :: ₹1199.00,7,https://cdn.shopify.com/s/files/1/0563/0532/0126/files/CVLEDDriver12W12V1A240V_cf4da8a2-aff7-4ea4-8830-f27e0f9fad64.png?v=1769772769 | https://cdn.shopify.com/s/files/1/0563/0532/0126/files/CVLEDDriver36W12V3A240V_074bd3cc-3f56-454d-88cd-da6c98ab503c.png?v=1769772769 | https://cdn.shopify.com/s/files/1/0563/0532/0126/files/LEDTransformer60W12V5AG2_1f7c7a85-513c-4bba-ac9c-bc9484bf4a95.png?v=1769772769 | https://cdn.shopify.com/s/files/1/0563/0532/0126/files/LEDTransformer120W10A12VDCCV_05187e20-664d-4056-b862-a8d1f236c92e.png?v=1769772769 | https://cdn.shopify.com/s/files/1/0563/0532/0126/files/LEDTransformer150W12.5A_63f3e24d-1270-4418-9642-aa5e40b8c0ad.png?v=1769772769 | https://cdn.shopify.com/s/files/1/0563/0532/0126/files/LEDTransformer300W25A_436f8b07-f8c5-4a53-bf3a-f6831966c245.png?v=1769772769 | https://cdn.shopify.com/s/files/1/0563/0532/0126/files/CVLEDDriver60W24V2.5A_25e1b98e-b097-44f2-8c38-b8d0de6d21d9.png?v=1769772769,2026-01-29T13:39:13+05:30,2026-09-08T08:56:57+05:30
Philips,Philips Wiz Neo Smart WiFi LED Downlight (Wiz Connected),Smart light,"bathroom_lights_suggested, bedroom_lights_suggested, Brand_Philips, Categories_All, Categories_Downlights, categories_smart, Categories_Surface Lights, Collection_Smart Downlight, Color_Tunable White, downlights, IndependenceDay_Sale, junesale, Kitchen_lights_suggested, monsoon_mega_sale, New-Arrival, new_arrivals, New_launch, Origin_India, Price_INR 1001- 2000, Product_Ceiling light, product_Smart lights, room_Bed Room, room_Dining Room, room_Living Room, room_Study Room",philips-smart-wifi-neo-led-downlight,https://in.shop.lighting.philips.com/products/philips-smart-wifi-neo-led-downlight,1740.0,1990.0,"Wattage, Shape, Color",10W/Round/Tunable White :: SKU=929003824301 :: ₹1740.00 | 15W/Round/Tunable White :: SKU=929003824501 :: ₹1990.00,4,https://cdn.shopify.com/s/files/1/0563/0532/0126/files/wiz_neo_15w_dl-Photoroom.jpg?v=1769706293 | https://cdn.shopify.com/s/files/1/0563/0532/0126/files/wiz_neo_10w_dl-Photoroom.jpg?v=1769706337 | https://cdn.shopify.com/s/files/1/0563/0532/0126/files/Prime_Neo-_15W___Round-Photoroom.jpg?v=1769706337 | https://cdn.shopify.com/s/files/1/0563/0532/0126/files/ExtendedwarrantywithSignifyDigiShield_a3273fb6-5084-4f48-a1a1-2a54365d9032.png?v=1769706337,2026-01-29T13:39:06+05:30,2026-09-08T08:56:57+05:30
Philips,PHILIPS Wiz Surface COB Spotlight (Wiz Connected),smart light,"Brand_Philips, Categories_All, Categories_COB Light, categories_smart, cob-lights, Kitchen_lights_suggested, monsoon_mega_sale, Origin_India, Price_INR 4001- 5000, product_Smart lights, room_Bed Room, room_Dining Room, room_Living Room, room_Study Room",philips-wiz-surface-cob-spot-light,https://in.shop.lighting.philips.com/products/philips-wiz-surface-cob-spot-light,5449.0,5449.0,Title,Default Title :: SKU=929003771101 :: ₹5449.00,3,https://cdn.shopify.com/s/files/1/0563/0532/0126/files/PhilipsSmartWi-FiSurfaceCOBSpotlight-Photoroom.png?v=1769705974 | https://cdn.shopify.com/s/files/1/0563/0532/0126/files/infographic_f82bc13f-c8bc-43c8-a1c0-da293f20e623.png?v=1769706073 | https://cdn.shopify.com/s/files/1/0563/0532/0126/files/ExtendedwarrantywithSignifyDigiShield_4bf0ef81-ca69-4e1f-b57e-284d8975442c.png?v=1769706073,2026-01-29T13:39:02+05:30,2026-09-08T08:56:57+05:30
Philips,PHILIPS Wiz Rimless Surface Downlighter (Wiz Connected),smart light,"Brand_Philips, Categories_All, categories_ceiling, Categories_Downlights, categories_smart, Categories_Surface Lights, Collection_Smart Downlight, Color_Tunable White, junesale, kitchen_lights, Kitchen_lights_suggested, monsoon_mega_sale, New-Arrival, new_arrivals, New_launch, Origin_India, Price_INR 2001- 3000, product_Ceiling light, product_Smart lights, Republic_Day_Sale_2025, room_Bed Room, room_Dining Room, room_Living Room, room_Study Room, surface-lights",philips-wiz-rimless-surface-downlighter,https://in.shop.lighting.philips.com/products/philips-wiz-rimless-surface-downlighter,2290.0,2290.0,"Wattage, Light Colour",15W/Tunable White :: SKU=929003824201 :: ₹2290.00,2,https://cdn.shopify.com/s/files/1/0563/0532/0126/files/WiZSensorSurface-15W___3Drender_245a0c58-161a-4a82-9fe6-e5754d28a779.jpg?v=1769705493 | https://cdn.shopify.com/s/files/1/0563/0532/0126/files/ExtendedwarrantywithSignifyDigiShield_944bd90a-6204-451a-9720-a4f60935131e.png?v=1769705561,2026-01-29T13:38:59+05:30,2026-09-08T08:56:57+05:30
Philips,Philips Celestial 7-head Suspended Chandelier (Black),Chandelier,"2025holisale, Brand_Philips, Categories_All, categories_chandeliers, chandelier_bulb_type_G9, chandelier_living_room, chandelier_mounting_style_suspended, chandelier_room_type_dining room, decorative_lights_suggested, festive_2024, in_stock, livingroom_lights_suggested, modern-chandeliers, New-Arrival, new_arrivals, Origin_China, price_OVER INR 5000, product_chandelier",philips-celestial-7h-suspended-chandelier,https://in.shop.lighting.philips.com/products/philips-celestial-7h-suspended-chandelier,18400.0,18400.0,"Bulb type, Color",G9/Matte black :: SKU=919215851346 :: ₹18400.00,4,https://cdn.shopify.com/s/files/1/0563/0532/0126/files/PhilipsCelestial7-headSuspendedChandelier_Black_f4d91bd6-32ba-43e2-b267-2dc881040089.jpg?v=1770183759 | https://cdn.shopify.com/s/files/1/0563/0532/0126/files/Celestial7headchandelier-1.png?v=1770183759 | https://cdn.shopify.com/s/files/1/0563/0532/0126/files/PhilipsCelestial7-headSuspendedChandelier_Black_9454befe-523a-4fe3-a72e-03fd4ff35178.jpg?v=1770183765 | https://cdn.shopify.com/s/files/1/0563/0532/0126/files/LightingProduct_4f44f4b2-7400-40d1-8dd6-802a4e61b25d.png?v=1770183765,2026-01-29T13:38:56+05:30,2026-09-08T08:56:57+05:30
Philips,Philips Divine 6-head Chandelier (French Gold),Chandelier,"Brand_Philips, Categories_All, categories_chandeliers, chandelier_bulb_type_G9, chandelier_mounting_style_suspended, chandelier_room_type_bedroom, chandelier_room_type_dining room, chandelier_room_type_living Room, festive_2024, in_stock, modern-chandeliers, New-Arrival, new_arrivals, Origin_China, price_OVER INR 5000, product_chandelier, room_Bed Room, room_Dining Room, room_Living Room",philips-divine-6head-chandelier,https://in.shop.lighting.philips.com/products/philips-divine-6head-chandelier,25504.0,25504.0,"Bulb type, Color",G9/French Gold :: SKU=919215851338 :: ₹25504.00,6,https://cdn.shopify.com/s/files/1/0563/0532/0126/files/PhilipsDivine6-headChandelier_FrenchGold_77da264e-1a14-4bcc-aa3e-1abcd915976c.jpg?v=1770183815 | https://cdn.shopify.com/s/files/1/0563/0532/0126/files/Artboard7_4f499c31-eb2e-449c-b833-c1a8c361e88b.jpg?v=1770185636 | https://cdn.shopify.com/s/files/1/0563/0532/0126/files/Divine6headchandelier-1.png?v=1770185636 | https://cdn.shopify.com/s/files/1/0563/0532/0126/files/PhilipsDivine6-headChandelier_FrenchGold.png?v=1772017754 | https://cdn.shopify.com/s/files/1/0563/0532/0126/files/PhilipsDivine6-headChandelier_FrenchGold_8e2e9ed4-8fae-4300-8d2e-7b85dd771c64.jpg?v=1772017754 | https://cdn.shopify.com/s/files/1/0563/0532/0126/files/LightingProduct_f221d44b-f018-4476-bc89-ca5888217511.png?v=1772017754,2026-01-29T13:38:54+05:30,2026-09-08T08:56:57+05:30
Philips,Philips Divine 7-head ceiling Chandelier (French Gold),Chandelier,"Brand_Philips, Categories_All, categories_chandeliers, festive_2024, modern-chandeliers, New-Arrival, new_arrivals, Origin_China, price_OVER INR 5000, product_chandelier, room_Bed Room, room_Dining Room, room_Living Room",philips-divine-7head-ceiling-chandelier,https://in.shop.lighting.philips.com/products/philips-divine-7head-ceiling-chandelier,22758.0,22758.0,"Bulb type, Color",G9/French Gold :: SKU=919215851335 :: ₹22758.00,4,https://cdn.shopify.com/s/files/1/0563/0532/0126/files/PhilipsDivine7-headceilingChandelier_FrenchGold_0ef7c1a6-4d8c-4de4-ae7e-2bf337265edb.jpg?v=1770183849 | https://cdn.shopify.com/s/files/1/0563/0532/0126/files/Divine7headCeilingchandelier.png?v=1770183849 | https://cdn.shopify.com/s/files/1/0563/0532/0126/files/PhilipsDivine7-headceilingChandelier_FrenchGold_7764019e-676a-43d8-b35c-a470adfea019.jpg?v=1770183849 | https://cdn.shopify.com/s/files/1/0563/0532/0126/files/LightingProduct_992aaebe-682f-42f7-b0c2-dc11392eeac9.png?v=1770183849,2026-01-29T13:38:52+05:30,2026-09-08T08:56:57+05:30
Philips,Philips Wiz Smart Plug,Smart Light,"2025holisale, bestsellerQ2, Brand_Philips, Categories_All, categories_smart, Categories_Smart Plug, Collection_Smart, ipl2025, junesale, monsoon_mega_sale, Origin_India, product_Smart lights, room_Bed Room, room_Dining Room, room_Living Room, room_Study Room",philips-wiz-smart-plug,https://in.shop.lighting.philips.com/products/philips-wiz-smart-plug,799.0,899.0,Wattage,10w :: SKU=929003697401 :: ₹799.00 | 20w :: SKU=929003613101 :: ₹899.00,7,https://cdn.shopify.com/s/files/1/0563/0532/0126/files/51duObovICL._SL1080_50e02ee5-dbf2-436c-97be-ea71ad1003ba.jpg?v=1769705280 | https://cdn.shopify.com/s/files/1/0563/0532/0126/files/929003697401.png?v=1784718387 | https://cdn.shopify.com/s/files/1/0563/0532/0126/files/Artboard1_d39a4593-6a39-498c-966e-312b79c41dcd.png?v=1782896090 | https://cdn.shopify.com/s/files/1/0563/0532/0126/files/Artboard3_931514c2-b934-428a-b0bf-5f623972cd68.png?v=1782896090 | https://cdn.shopify.com/s/files/1/0563/0532/0126/files/Artboard4_c2c8e58e-b34a-4451-86b9-5a6b7709a855.png?v=1782896090 | https://cdn.shopify.com/s/files/1/0563/0532/0126/files/Artboard5_eb8147b0-3816-4108-bbdb-70e640413767.png?v=1782896090 | https://cdn.shopify.com/s/files/1/0563/0532/0126/files/ExtendedwarrantywithSignifyDigiShield_17e0214f-c12f-4de4-9583-b3d3a7304605.png?v=1769705286,2026-01-29T13:38:30+05:30,2026-09-08T08:56:57+05:30
Philips,Philips Trek Rechargeable Emergency light,Emergency Light,"Brand_Philips, Categories_Portable Emergency light, emergency_lights_suggested, festive_2024, Origin_India, Price_INR 1001- 2000, product_Emergency lights",philips-trek-emergency-light,https://in.shop.lighting.philips.com/products/philips-trek-emergency-light,1385.0,1385.0,"Wattage, Body Color",5W/Black & White :: SKU=919215851407 :: ₹1385.00,8,https://cdn.shopify.com/s/files/1/0563/0532/0126/files/TREKREL-3DRenderofPackaging-Photoroom_8132cd3e-39b0-4673-b0a5-e4d754de9d02.png?v=1769770622 | https://cdn.shopify.com/s/files/1/0563/0532/0126/files/TrekREL___PicnicApplication-Photoroom.jpg?v=1769770622 | https://cdn.shopify.com/s/files/1/0563/0532/0126/files/TrekREL___CampingApplication-Photoroom.jpg?v=1769770622 | https://cdn.shopify.com/s/files/1/0563/0532/0126/files/TrekREL___DarkwalkwayApplication1-Photoroom.jpg?v=1769770622 | https://cdn.shopify.com/s/files/1/0563/0532/0126/files/TrekREL___FocusedtaskApplication-Photoroom.jpg?v=1769770622 | https://cdn.shopify.com/s/files/1/0563/0532/0126/files/Trek-01-Photoroom_6fd1a64d-15c9-4066-8fe6-0881aee13b8f.png?v=1769770622 | https://cdn.shopify.com/s/files/1/0563/0532/0126/files/Trek_02psd-Photoroom_b7669842-6e0a-453a-87b4-c8ada380cefd.png?v=1769770622 | https://cdn.shopify.com/s/files/1/0563/0532/0126/files/ExtendedwarrantywithSignifyDigiShield_fa6d32d0-837f-42cf-b7ed-fe5c71660275.png?v=1769770634,2026-01-29T13:38:22+05:30,2026-09-08T08:56:57+05:30
Philips,Philips Hiker Rechargeable Emergency light,Emergency Light,"Brand_Philips, Categories_Portable Emergency light, emergency_lights_suggested, festive_2024, Origin_India, Price_INR 1001- 2000, product_Emergency lights, Republic_Day_Sale_2025",philips-hiker-emergency-light,https://in.shop.lighting.philips.com/products/philips-hiker-emergency-light,1793.0,1793.0,Title,Default Title :: SKU=919215851411 :: ₹1793.00,8,https://cdn.shopify.com/s/files/1/0563/0532/0126/files/HIKERREL-3DRenderPackaging-Photoroom_aa5041be-9412-4030-a20f-339e0838f53c.png?v=1769770265 | https://cdn.shopify.com/s/files/1/0563/0532/0126/files/Hiker_02copy-Photoroom_3a1ebc0b-4cf5-439a-b51b-e1710a41b2ed.png?v=1769770311 | https://cdn.shopify.com/s/files/1/0563/0532/0126/files/Hiker_01copy-Photoroom_fd861a20-94cb-4cd5-8e0c-f92e1174a608.png?v=1769770369 | https://cdn.shopify.com/s/files/1/0563/0532/0126/files/HikerREL___CampingApplication-Photoroom.jpg?v=1769770369 | https://cdn.shopify.com/s/files/1/0563/0532/0126/files/HikerREL___DarkwalkwayApplication1-Photoroom.jpg?v=1769770369 | https://cdn.shopify.com/s/files/1/0563/0532/0126/files/HikerREL___FocusedtaskApplication-Photoroom.jpg?v=1769770369 | https://cdn.shopify.com/s/files/1/0563/0532/0126/files/HikerREL___PicnicApplication-Photoroom.jpg?v=1769770369 | https://cdn.shopify.com/s/files/1/0563/0532/0126/files/ExtendedwarrantywithSignifyDigiShield_9640da81-6fa4-467a-9c7b-4598c52d695d.png?v=1769770340,2026-01-29T13:38:18+05:30,2026-09-08T08:56:57+05:30
Philips,Philips Parasol Chandelier,chandelier,"Brand_Philips, Categories_All, categories_chandeliers, Categories_Decorative light, chandelier_bulb_type_G9, chandelier_living_room, chandelier_mounting_style_suspended, chandelier_room_type_dining room, chandelier_room_type_living Room, decorative_lights_suggested, dining_room_lights_suggested, in_stock, kitchen_lights, Kitchen_lights_suggested, livingroom_lights_suggested, main_chandeliers, modern-chandeliers, Origin_China, price_OVER INR 5000, Product_chandelier, room_Bed Room, room_Dining Room, room_Kitchen, room_Living Room",philips-parasol-chandelier,https://in.shop.lighting.philips.com/products/philips-parasol-chandelier,50433.0,50433.0,Body color,Shiny Gold with Cognac Glass :: SKU=919215851448 :: ₹50433.00,4,https://cdn.shopify.com/s/files/1/0563/0532/0126/files/Artboard2_ab321e0d-66d9-4843-9764-7c146fe52d0d.jpg?v=1769684104 | https://cdn.shopify.com/s/files/1/0563/0532/0126/files/Artboard1_92d157a2-f2e4-4494-ab05-43616a90194d.jpg?v=1770184130 | https://cdn.shopify.com/s/files/1/0563/0532/0126/files/Artboard3_cfb8725d-dc25-48ea-98bf-a58da477ab76.jpg?v=1770184130 | https://cdn.shopify.com/s/files/1/0563/0532/0126/files/LightingProduct_3d014394-5433-4148-b545-4201dfea2936.png?v=1770184130,2026-01-29T13:37:20+05:30,2026-09-08T08:56:57+05:30
Philips,Philips Icicle Chandelier,chandelier,"Brand_Philips, Categories_All, categories_chandeliers, Categories_Decorative light, chandelier_bulb_type_E27, chandelier_living_room, chandelier_mounting_style_suspended, chandelier_room_type_dining room, chandelier_room_type_living Room, decorative_lights_suggested, dining_room_lights_suggested, in_stock, livingroom_lights_suggested, main_chandeliers, modern-chandeliers, Origin_China, price_OVER INR 5000, Product_chandelier, room_Bed Room, room_Dining Room, room_Living Room",philips-icicle-chandelier,https://in.shop.lighting.philips.com/products/philips-icicle-chandelier,30955.0,45524.0,"Body color, Head",French gold/3 Head :: SKU=919215851449 :: ₹30955.00 | French gold/5 Head :: SKU=919215851450 :: ₹45524.00,8,https://cdn.shopify.com/s/files/1/0563/0532/0126/files/PhilipsIcicleChandelier.jpg?v=1770184180 | https://cdn.shopify.com/s/files/1/0563/0532/0126/files/Artboard2_5c4c9684-1e6d-446f-a733-91a33ac18c63.jpg?v=1770184180 | https://cdn.shopify.com/s/files/1/0563/0532/0126/files/Artboard1_9525586e-f7a3-4281-9b75-c04e7fd70bc4.jpg?v=1770184180 | https://cdn.shopify.com/s/files/1/0563/0532/0126/files/Artboard3_fdf54720-592f-4448-b081-ef63d3098180.jpg?v=1770184180 | https://cdn.shopify.com/s/files/1/0563/0532/0126/files/Artboard2_6994f165-7b68-4b07-acd6-cf5c0977ea54.jpg?v=1770184180 | https://cdn.shopify.com/s/files/1/0563/0532/0126/files/Artboard1_b3b3ffd8-b2e5-44a8-90b5-900e7655a031.jpg?v=1770184180 | https://cdn.shopify.com/s/files/1/0563/0532/0126/files/Artboard3_8e562d88-8b67-49ad-9adb-58011c1e0ad4.jpg?v=1770184180 | https://cdn.shopify.com/s/files/1/0563/0532/0126/files/LightingProduct.png?v=1770184180,2026-01-29T13:37:18+05:30,2026-09-08T08:56:57+05:30
Philips,Philips Burst Chandelier,chandelier,"Brand_Philips, Categories_All, categories_chandeliers, Categories_Decorative light, chandelier_bulb_type_G9, chandelier_living_room, chandelier_mounting_style_suspended, chandelier_room_type_bedroom, chandelier_room_type_dining room, chandelier_room_type_living Room, decorative_lights_suggested, in_stock, main_chandeliers, modern-chandeliers, Newly added, Origin_China, price_OVER INR 5000, Product_chandelier, room_Bed Room, room_Dining Room, room_Living Room",philips-burst-chandelier,https://in.shop.lighting.philips.com/products/philips-burst-chandelier,39459.0,56160.0,"Body color, Diameter",Brass-colored body with clear glass/650 :: SKU=919215851422 :: ₹39459.00 | Brass-colored body with clear glass/800 :: SKU=919215851423 :: ₹56160.00,4,https://cdn.shopify.com/s/files/1/0563/0532/0126/files/PhilipsBurstChandelier.jpg?v=1770184269 | https://cdn.shopify.com/s/files/1/0563/0532/0126/files/Artboard2_761d01b9-06de-47c0-942b-36e3ffd8e4d9.jpg?v=1770184269 | https://cdn.shopify.com/s/files/1/0563/0532/0126/files/Artboard1_1cae1268-19ae-4a46-bd48-09bf8414f75f.jpg?v=1770184269 | https://cdn.shopify.com/s/files/1/0563/0532/0126/files/ExtendedwarrantywithSignifyDigiShield_d5dc958d-a3c2-4fb5-a46c-04b0d4b3ce35.png?v=1770012220,2026-01-29T13:37:05+05:30,2026-09-08T08:56:57+05:30
Philips,Philips Soul Chandelier,chandelier,"Brand_Philips, Categories_All, categories_chandeliers, Categories_Decorative light, chandelier_bulb_type_E14, chandelier_living_room, chandelier_mounting_style_suspended, chandelier_room_type_bedroom, chandelier_room_type_dining room, chandelier_room_type_living Room, decorative_lights_suggested, in_stock, main_chandeliers, modern-chandeliers, Origin_China, price_OVER INR 5000, Product_chandelier",philips-soul-chandelier,https://in.shop.lighting.philips.com/products/philips-soul-chandelier,23702.0,23702.0,Diameter,450 :: SKU=919215851424 :: ₹23702.00,6,https://cdn.shopify.com/s/files/1/0563/0532/0126/files/Artboard3_6c38b16f-7925-4c60-9c6b-59117c3feae7.jpg?v=1769683139 | https://cdn.shopify.com/s/files/1/0563/0532/0126/files/Artboard1_8730a1b0-3aa9-4838-9413-ee74986257f5.jpg?v=1769683139 | https://cdn.shopify.com/s/files/1/0563/0532/0126/files/Artboard1_1971f0b3-f6f7-48e7-9bad-b3fae5732954.jpg?v=1769683139 | https://cdn.shopify.com/s/files/1/0563/0532/0126/files/Artboard2_615c2b5b-9310-4bcd-a6eb-44b5a810d7d8.jpg?v=1769683139 | https://cdn.shopify.com/s/files/1/0563/0532/0126/files/Artboard2_fe557ef7-4e4a-4498-bb53-d7d1e4c8ddc2.jpg?v=1769683139 | https://cdn.shopify.com/s/files/1/0563/0532/0126/files/Artboard3_3a2d0dba-2ae8-410e-b91c-904dec03fa2c.jpg?v=1769683139,2026-01-29T13:37:01+05:30,2026-09-08T08:56:57+05:30
Philips,Philips Wi-Fi Gradient Floor Lamp,Smart Light,"bestsellerQ2, Brand_Philips, Categories_Floor lamp, categories_smart, Collection_Smart, LIGHTTHEATRE, monsoon_mega_sale, New-Arrival, new_arrivals, New_launch, Newly added, Origin_China, price_OVER INR 5000, product_Floor lamp, product_Smart lights",philips-wi-fi-gradient-floor-lamp,https://in.shop.lighting.philips.com/products/philips-wi-fi-gradient-floor-lamp,9850.0,9850.0,Light Color,Full Color :: SKU=915006601101 :: ₹9850.00,9,https://cdn.shopify.com/s/files/1/0563/0532/0126/files/1_24073960-a4dc-4893-8423-18f82d2091b1.png?v=1769687517 | https://cdn.shopify.com/s/files/1/0563/0532/0126/files/0_bf3d50b0-1151-4209-b4f2-c00091a12675.png?v=1769687517 | https://cdn.shopify.com/s/files/1/0563/0532/0126/files/2_e04e6f4b-0a94-4428-a90d-cd81f643d5fc.png?v=1769687517 | https://cdn.shopify.com/s/files/1/0563/0532/0126/files/3_c77fb029-2e83-46bc-aea4-310c9c068183.png?v=1769687517 | https://cdn.shopify.com/s/files/1/0563/0532/0126/files/5_a2b3a8ba-2d1e-4c04-89d2-dc3fdb70bb00.png?v=1769687517 | https://cdn.shopify.com/s/files/1/0563/0532/0126/files/4_a38ae141-aeea-401a-98a9-e236e7bd5b33.png?v=1769687517 | https://cdn.shopify.com/s/files/1/0563/0532/0126/files/6_e3c19b19-a337-4ef2-8da8-6bbf7a29e875.png?v=1769687517 | https://cdn.shopify.com/s/files/1/0563/0532/0126/files/7_d5412d2a-839e-4d31-9730-7149ef653fc5.png?v=1769687517 | https://cdn.shopify.com/s/files/1/0563/0532/0126/files/ExtendedwarrantywithSignifyDigiShield.png?v=1769687517,2026-01-29T13:35:43+05:30,2026-09-08T08:56:57+05:30
Philips,Philips Ceramique Pendant Light,chandelier,"categories_chandeliers, Categories_Decorative light, Categories_Pendant Light, chandelier_bulb_type_G9, chandelier_room_type_bedroom, chandelier_room_type_dining room, chandelier_room_type_living Room, decorative_lights_suggested, main_chandeliers, modern-chandeliers, Origin_China, Product_chandelier",philips-ceramique-pendant-light,https://in.shop.lighting.philips.com/products/philips-ceramique-pendant-light,144361.0,144361.0,Title,Default Title :: SKU=919215851458 :: ₹144361.00,4,https://cdn.shopify.com/s/files/1/0563/0532/0126/files/2_97edc312-636b-4cb2-b1c8-431493f22d89.png?v=1769682973 | https://cdn.shopify.com/s/files/1/0563/0532/0126/files/Nonlit_3cdc2aaa-88fd-4abf-bfa2-7ff7cf365f70.png?v=1769682973 | https://cdn.shopify.com/s/files/1/0563/0532/0126/files/1_6cbafcdd-32a7-44e9-b9e5-6fc5ea0e7a9d.png?v=1769682973 | https://cdn.shopify.com/s/files/1/0563/0532/0126/files/ExtendedwarrantywithSignifyDigiShield_d5dc958d-a3c2-4fb5-a46c-04b0d4b3ce35.png?v=1770012220,2026-01-29T13:35:38+05:30,2026-09-08T08:56:57+05:30
Philips,Philips Gaze Expresso 3 Head Suspended Chandelier,chandelier,"categories_chandeliers, Categories_Decorative light, Categories_Pendant Light, chandelier_mounting_style_suspended, chandelier_room_type_dining room, decorative_lights_suggested, main_chandeliers, main_pendant Lights, Origin_China, pendant_lights_livingroom_suggested, Product_chandelier, product_Pendant light",philips-gaze-expresso-3-head-suspended-chandelier,https://in.shop.lighting.philips.com/products/philips-gaze-expresso-3-head-suspended-chandelier,27887.0,27887.0,Title,Default Title :: SKU=919215851466 :: ₹27887.00,7,https://cdn.shopify.com/s/files/1/0563/0532/0126/files/2_80ac33f9-c331-451f-8cdc-a7499bf25502.png?v=1769678510 | https://cdn.shopify.com/s/files/1/0563/0532/0126/files/Nonlit_bc45161d-a9d2-4f7d-8175-f1e4e15233b1.png?v=1769678510 | https://cdn.shopify.com/s/files/1/0563/0532/0126/files/4_8b9bce06-61d9-40f5-adbd-cc62d5a63d2c.png?v=1779706594 | https://cdn.shopify.com/s/files/1/0563/0532/0126/files/5_a95797d5-b99c-48cb-bc18-8a8bd58ec4a1.png?v=1779706594 | https://cdn.shopify.com/s/files/1/0563/0532/0126/files/1_1d5abb2f-7f08-4871-a750-08978c1002d6.png?v=1769678510 | https://cdn.shopify.com/s/files/1/0563/0532/0126/files/2_38e53f0b-d5cf-4ea8-b0a9-91496460c341.png?v=1779706597 | https://cdn.shopify.com/s/files/1/0563/0532/0126/files/ExtendedwarrantywithSignifyDigiShield_d5dc958d-a3c2-4fb5-a46c-04b0d4b3ce35.png?v=1770012220,2026-01-29T13:35:24+05:30,2026-09-08T08:56:57+05:30
Philips,Philips All Weather Surface light (IP65),Surface Light,"Brand_Philips, Categories_Surface Lights, Origin_India, Price_INR 1001- 2000, Product_Ceiling light",philips-allweather-led-surface-light,https://in.shop.lighting.philips.com/products/philips-allweather-led-surface-light,2339.0,2339.0,"Watt, Color",12W/Cool Day light :: SKU=929001951610 :: ₹2339.00,2,https://cdn.shopify.com/s/files/1/0563/0532/0126/files/61HQTq19qFL._SX679_a96a2cf0-0622-41d6-a000-d9fbb84e83f7.jpg?v=1769410716 | https://cdn.shopify.com/s/files/1/0563/0532/0126/files/ExtendedwarrantywithSignifyDigiShield_4cb84f92-c969-42ad-9109-e73640d24d0e.png?v=1769768329,2025-11-19T16:02:03+05:30,2026-09-08T08:56:57+05:30
Philips,Philips WiFi LightTheatre Kit,smart light,"Brand_Philips, Categories_All, categories_smart, New-Arrival, new_arrivals, Origin_China, price_OVER INR 5000, product_Smart lights, room_Living Room, sale, usage_livingroom",philips-wifi-light-theatre-kit,https://in.shop.lighting.philips.com/products/philips-wifi-light-theatre-kit,30930.0,31430.0,Size,2.6m strip (ideal for 55”–65” TVs) :: SKU=915006603101 :: ₹30930.00 | 3.4m strip (ideal 75”–85” TVs) :: SKU=915006603201 :: ₹31430.00,7,https://cdn.shopify.com/s/files/1/0563/0532/0126/files/1_a0ff5538-b7f9-475c-a544-74fe14189608.jpg?v=1757398158 | https://cdn.shopify.com/s/files/1/0563/0532/0126/files/2_4dec753d-d0a0-4060-a69e-80cd601eebb6.png?v=1758215307 | https://cdn.shopify.com/s/files/1/0563/0532/0126/files/3_fb7de5d6-a6e1-4faf-8b7e-9a2c8cb76d91.png?v=1758215308 | https://cdn.shopify.com/s/files/1/0563/0532/0126/files/4_e23844e5-d680-4776-8c87-056d0a808d35.jpg?v=1758215308 | https://cdn.shopify.com/s/files/1/0563/0532/0126/files/5_ac78534f-db60-4137-a826-d1fb55c16a95.jpg?v=1758215308 | https://cdn.shopify.com/s/files/1/0563/0532/0126/files/7.jpg?v=1758215308 | https://cdn.shopify.com/s/files/1/0563/0532/0126/files/8_ac181868-93ec-4bb4-824a-2279047732cf.png?v=1758215308,2025-08-29T16:58:03+05:30,2026-09-08T08:56:57+05:30
Philips,Philips Air Desk light,desk light,"Brand_Philips, Categories_desk Lamp, IndependenceDay_Sale, Origin_India, Price_Less than INR 1000, product_Table lamp, room_Bed Room, room_Study Room",philips-air-desk-light,https://in.shop.lighting.philips.com/products/philips-air-desk-light,882.0,882.0,"Wattage, Color, Body Color",5W/Cool White/Black :: SKU=919215850437 :: ₹882.00,6,https://cdn.shopify.com/s/files/1/0563/0532/0126/files/Air-5.png?v=1747311746 | https://cdn.shopify.com/s/files/1/0563/0532/0126/files/Artboard2_9c190656-2cae-4616-b681-def9ff7f7c79.png?v=1781171208 | https://cdn.shopify.com/s/files/1/0563/0532/0126/files/Artboard3_59a7b885-c733-46e0-9619-35f5a1c33d49.png?v=1781171209 | https://cdn.shopify.com/s/files/1/0563/0532/0126/files/Artboard4_451bde86-9e14-45fa-b40a-d0bde1d054b4.png?v=1781171209 | https://cdn.shopify.com/s/files/1/0563/0532/0126/files/Artboard1_21bc1df8-a0b8-41d7-a96d-ebb29bdffe34.png?v=1781171208 | https://cdn.shopify.com/s/files/1/0563/0532/0126/files/ExtendedwarrantywithSignifyDigiShield_6453e352-5b3f-4f2e-905f-eff890f858d4.png?v=1769770100,2023-10-08T09:11:14+05:30,2026-09-08T08:56:57+05:30
Philips,Philips Motion Sensing Bulb,LED Lamps,"Brand_Philips, Categories_Bulb, Categories_Motion Sensing, Collection_Motion Sensor, Collection_Smart Bulb, main_bulbs, Origin_India, Price_Less than INR 1000, product_Bulbs",philips-motion-sensing-lamp,https://in.shop.lighting.philips.com/products/philips-motion-sensing-lamp,250.0,979.0,Wattage,9W :: SKU=929003546414 :: ₹279.00 | 14W :: SKU=929003816801 :: ₹979.00 | 10W :: SKU=915006307501 :: ₹250.00,8,https://cdn.shopify.com/s/files/1/0563/0532/0126/files/PhilipsMotionSensingBulb.png?v=1769679029 | https://cdn.shopify.com/s/files/1/0563/0532/0126/files/Artboard2_ee50492b-a262-4151-833d-feb35322b0fb.png?v=1769679029 | https://cdn.shopify.com/s/files/1/0563/0532/0126/files/Artboard1_9651c16c-8585-476e-8d92-4881fee1757e.png?v=1769679029 | https://cdn.shopify.com/s/files/1/0563/0532/0126/files/Artboard4_1a324a91-f73d-409c-b37d-7316b00712f3.png?v=1769679029 | https://cdn.shopify.com/s/files/1/0563/0532/0126/files/Artboard5_adfd2018-0141-452d-a2e6-a0657d7dcebc.png?v=1769679029 | https://cdn.shopify.com/s/files/1/0563/0532/0126/files/Artboard6_0f7403e7-87bc-4c5f-bab4-e41eb4e57a1a.png?v=1769679029 | https://cdn.shopify.com/s/files/1/0563/0532/0126/files/71Wi1ZUE7QL._SL1080.jpg?v=1769679029 | https://cdn.shopify.com/s/files/1/0563/0532/0126/files/61vTdUBhsNL._SL1080.jpg?v=1769679029,2025-02-26T16:13:39+05:30,2026-09-08T08:56:57+05:30
Philips,Philips Smart Wi-Fi Bulb,smart light,"Collection_Smart Bulb, Origin_China, product_Smart lights",philips-smart-wi-fi-led-bulbs-decorative-series,https://in.shop.lighting.philips.com/products/philips-smart-wi-fi-led-bulbs-decorative-series,1233.0,1233.0,Title,Default Title :: SKU=929003017621 :: ₹1233.00,3,https://cdn.shopify.com/s/files/1/0563/0532/0126/files/candlebulb.png?v=1752044324 | https://cdn.shopify.com/s/files/1/0563/0532/0126/files/Philips_Smart_WiFi_LED_Filament_Candle-_Amber_glass_0e22f1ee-bf68-4283-8b4f-cb218d2fc35a.png?v=1769688635 | https://cdn.shopify.com/s/files/1/0563/0532/0126/files/ExtendedwarrantywithSignifyDigiShield_af490692-4866-4cd3-b066-fdc933c997e5.png?v=1769688634,2025-07-07T15:45:51+05:30,2026-09-08T08:56:57+05:30
Philips,Philips Wi-Fi HDMI Sync Box + TV Backlight Strip,Smart Light,"bestsellerQ2, Brand_Philips, Collection_Smart, Collection_Smart light strip, LIGHTTHEATRE, New-Arrival, New_launch, offer-smartbulb, Origin_China, price_OVER INR 5000, Product_Light Strip, Product_Smart lights",philips-wi-fi-hdmi-sync-box-tv-backlight-strip,https://in.shop.lighting.philips.com/products/philips-wi-fi-hdmi-sync-box-tv-backlight-strip,13990.0,14490.0,Light Strip Size for TV,"55""-65"" :: SKU=915006600801 :: ₹13990.00 | 75""-85"" :: SKU=915006600901 :: ₹14490.00",10,https://cdn.shopify.com/s/files/1/0563/0532/0126/files/0_d1e6e0ae-93a3-4686-97a5-d2875b15480e.png?v=1769688424 | https://cdn.shopify.com/s/files/1/0563/0532/0126/files/1_18399c54-2460-4e34-a019-752d2e2300d4.png?v=1769688424 | https://cdn.shopify.com/s/files/1/0563/0532/0126/files/2_78aa27dc-a398-4aad-ac72-aa313256c852.png?v=1769688424 | https://cdn.shopify.com/s/files/1/0563/0532/0126/files/3_f96998cc-cbae-4ddf-b8de-a31633d11efe.png?v=1769688424 | https://cdn.shopify.com/s/files/1/0563/0532/0126/files/4_61a309fe-14ac-43f9-96f4-6d71e36ae1ce.png?v=1769688424 | https://cdn.shopify.com/s/files/1/0563/0532/0126/files/5_5ed967a9-0a4e-49cf-8cb8-f2b63226e251.png?v=1769688424 | https://cdn.shopify.com/s/files/1/0563/0532/0126/files/6_b82cf359-864a-4c83-b1ef-1e0216be0be9.png?v=1769688424 | https://cdn.shopify.com/s/files/1/0563/0532/0126/files/7_77a428d9-8396-441c-ac22-b9d0d8500b54.png?v=1769688424 | https://cdn.shopify.com/s/files/1/0563/0532/0126/files/8_419af5ec-9822-4ac2-bb0e-31b1d4a88e68.png?v=1769688424 | https://cdn.shopify.com/s/files/1/0563/0532/0126/files/ExtendedwarrantywithSignifyDigiShield_28147dd4-1029-4f10-a3c6-a029f0b792e8.png?v=1769688424,2025-09-10T16:56:26+05:30,2026-09-08T08:56:57+05:30
Philips,Philips Smart Wi-Fi Mirror,smart light,"Brand_Philips, Categories_All, categories_bathroom, categories_smart, independencesale, Origin_China, price_OVER INR 5000, product_Bathroom Lights, product_Smart lights, room_Bathroom",philips-smart-wi-fi-mirror,https://in.shop.lighting.philips.com/products/philips-smart-wi-fi-mirror,26645.0,35530.0,"Type, Color",Round/16 Million colors :: SKU=929003659101 :: ₹26645.00 | Square/Dual light mode :: SKU=929003659201 :: ₹35530.00,10,https://cdn.shopify.com/s/files/1/0563/0532/0126/files/Artboard1_7d91e79c-93a3-4799-86c5-fbba3f30efaa.png?v=1769705117 | https://cdn.shopify.com/s/files/1/0563/0532/0126/files/Artboard5_b2408838-d924-4085-a9b7-5aec47fbaa2e.png?v=1769705167 | https://cdn.shopify.com/s/files/1/0563/0532/0126/files/Artboard3_d51e34a3-ec2e-4228-acfe-94aad3bcaad8.png?v=1769705167 | https://cdn.shopify.com/s/files/1/0563/0532/0126/files/Artboard2_e429487d-7c5d-48d9-ba55-5b726591b9ae.png?v=1769705167 | https://cdn.shopify.com/s/files/1/0563/0532/0126/files/Artboard1_5fd59630-419a-40a1-98bd-54bfc63079bd.png?v=1769705167 | https://cdn.shopify.com/s/files/1/0563/0532/0126/files/Artboard5_fd2c0341-7703-46c6-bac6-a67c38bb10ff.png?v=1769705167 | https://cdn.shopify.com/s/files/1/0563/0532/0126/files/Artboard2_98c27003-f6c0-4dad-9e50-2e2caae9e1bf.png?v=1769705167 | https://cdn.shopify.com/s/files/1/0563/0532/0126/files/Artboard3_6a865e63-810a-4174-97f2-4400ded87a94.png?v=1769705167 | https://cdn.shopify.com/s/files/1/0563/0532/0126/files/Artboard4_22a8006f-2984-4915-8977-17c4ed598a46.png?v=1769705167 | https://cdn.shopify.com/s/files/1/0563/0532/0126/files/ExtendedwarrantywithSignifyDigiShield_f4a2188a-b821-439b-91fd-530932d7905c.png?v=1769705167,2025-06-30T13:28:11+05:30,2026-09-08T08:56:57+05:30
Philips,Philips Smart WiFi LED Downlight (Wiz Connected),smart light,"bedroom_lights_suggested, Brand_Philips, Categories_All, Categories_Downlights, categories_smart, downlights, Origin_India, Price_INR 3001- 4000, product_Smart lights, room_Bed Room, room_Dining Room, room_Living Room, room_Study Room",philips-smart-wifi-led-downlight,https://in.shop.lighting.philips.com/products/philips-smart-wifi-led-downlight,3990.0,3990.0,"Wattage, Shape, Color",10W/Round/Full Color :: SKU=929003552801 :: ₹3990.00,10,https://cdn.shopify.com/s/files/1/0563/0532/0126/files/WizDL-1-PhotoRoom.png?v=1747311650 | https://cdn.shopify.com/s/files/1/0563/0532/0126/files/WizDL-6-PhotoRoom.png?v=1747311650 | https://cdn.shopify.com/s/files/1/0563/0532/0126/files/wizDL-sq-PhotoRoom.png?v=1747311650 | https://cdn.shopify.com/s/files/1/0563/0532/0126/files/WizDL-Square-1.png?v=1747311650 | https://cdn.shopify.com/s/files/1/0563/0532/0126/files/WizDL-2.png?v=1747311650 | https://cdn.shopify.com/s/files/1/0563/0532/0126/files/WizDL-3.png?v=1747311650 | https://cdn.shopify.com/s/files/1/0563/0532/0126/files/WizDL-4.png?v=1747311650 | https://cdn.shopify.com/s/files/1/0563/0532/0126/files/WizDL-5.png?v=1747311650 | https://cdn.shopify.com/s/files/1/0563/0532/0126/files/WizDl_Fullcolor-PhotoRoom.png?v=1747311651 | https://cdn.shopify.com/s/files/1/0563/0532/0126/files/Philips10WSmartWiFiFullColorDownlight-Photoroom.png?v=1747311651,2023-10-15T20:41:14+05:30,2026-09-08T08:56:57+05:30
Philips,Philips Muziris Picture light,Picture light,"Brand_Philips, festive_2024, junesale, monsoon_mega_sale, Origin_India, price_OVER INR 5000, product_Picture Lights, Republic_Day_Sale_2025, room_ bedroom, room_Living Room",philips-muziris-picture-light,https://in.shop.lighting.philips.com/products/philips-muziris-picture-light,5554.0,5554.0,"Wattage, Color, Body Color",22W/Warm White/Bronze :: SKU=919215851083 :: ₹5554.00,4,https://cdn.shopify.com/s/files/1/0563/0532/0126/files/41kqmzBB7VL._SL1500.jpg?v=1769842788 | https://cdn.shopify.com/s/files/1/0563/0532/0126/files/Muziris-3.png?v=1769842788 | https://cdn.shopify.com/s/files/1/0563/0532/0126/files/31uyxE-EhbL._SL1080.jpg?v=1769842705 | https://cdn.shopify.com/s/files/1/0563/0532/0126/files/ExtendedwarrantywithSignifyDigiShield_43cc2c3b-c1de-4659-bc51-098a4b92b17b.png?v=1769842711,2023-10-01T18:28:20+05:30,2026-09-08T08:56:57+05:30
Philips,Philips Skyy Rechargeable Desk light,desk light,"Brand_Philips, Categories_desk Lamp, IndependenceDay_Sale, Origin_India, Price_INR 1001- 2000, product_Table lamp, room_Bed Room, room_Study Room",philips-skyy-desk-light,https://in.shop.lighting.philips.com/products/philips-skyy-desk-light,1142.0,1142.0,"Wattage, Color, Body Color",5W/Cool White/White :: SKU=919215850921 :: ₹1142.00,8,https://cdn.shopify.com/s/files/1/0563/0532/0126/files/sky-6.png?v=1747311744 | https://cdn.shopify.com/s/files/1/0563/0532/0126/files/61C6cfKyZ-L._SL1200.jpg?v=1786514253 | https://cdn.shopify.com/s/files/1/0563/0532/0126/files/61AVe8dlrkL._SL1200.jpg?v=1786514264 | https://cdn.shopify.com/s/files/1/0563/0532/0126/files/51cHzdmBw4L._SL1200.jpg?v=1786514267 | https://cdn.shopify.com/s/files/1/0563/0532/0126/files/61_tSHhWxhL._SL1200.jpg?v=1786514273 | https://cdn.shopify.com/s/files/1/0563/0532/0126/files/61AMHzSX3ZL._SL1200.jpg?v=1786514279 | https://cdn.shopify.com/s/files/1/0563/0532/0126/files/61HSvtAwyPL._SL1200.jpg?v=1786514285 | https://cdn.shopify.com/s/files/1/0563/0532/0126/files/ExtendedwarrantywithSignifyDigiShield_679a43b8-7260-40e3-b4c3-f358a94dcc04.png?v=1769770011,2023-10-08T09:11:17+05:30,2026-09-08T08:56:57+05:30
Philips,Philips Spark Rechargeable Emergency light,Emergency Light,"Brand_Philips, Categories_Portable Emergency light, New-Arrival, new_arrivals, Origin_India, Price_INR 1001- 2000, product_Emergency lights",philips-spark-emergency-light,https://in.shop.lighting.philips.com/products/philips-spark-emergency-light,1213.0,1213.0,"Wattage, Body Color",5W/Black & White :: SKU=919215851409 :: ₹1213.00,2,https://cdn.shopify.com/s/files/1/0563/0532/0126/files/productimage-Photoroom_6668d564-5401-4031-8e19-dbb69ae879ea.png?v=1769770481 | https://cdn.shopify.com/s/files/1/0563/0532/0126/files/ExtendedwarrantywithSignifyDigiShield_4921dfd1-b846-4f15-9070-da1defecc63f.png?v=1769770481,2024-09-29T19:21:13+05:30,2026-09-08T08:56:57+05:30
Philips,Philips Smart WiFi Deco LED COB light (Wiz Connected),smart light,"Brand_Philips, Categories_All, Categories_COB Light, categories_smart, cob-lights, livingroom_lights_suggested, monsoon_mega_sale, Origin_India, product_Smart lights, room_Bed Room, room_Dining Room, room_Living Room, room_Study Room",philips-smart-wifi-deco-led-cob-light-wiz-connected,https://in.shop.lighting.philips.com/products/philips-smart-wifi-deco-led-cob-light-wiz-connected,4590.0,4890.0,"Wattage, Body Colour, Light Colour",12W/Rose Gold/Tunable White :: SKU=929003612701 :: ₹4590.00 | 12W/Silver/Tunable White :: SKU=929003612801 :: ₹4590.00 | 10W/Rose Gold/Full Colour :: SKU=929004581701 :: ₹4890.00,8,https://cdn.shopify.com/s/files/1/0563/0532/0126/files/PhilipsSmartWiFiDecoLEDCOBlight_WizConnected.png?v=1747311541 | https://cdn.shopify.com/s/files/1/0563/0532/0126/files/INFOGRAPHIC.jpg?v=1747311542 | https://cdn.shopify.com/s/files/1/0563/0532/0126/files/PhilipsSmartWiFiDecoLEDCOBlight_WizConnected_copy2.png?v=1747311542 | https://cdn.shopify.com/s/files/1/0563/0532/0126/files/feature.jpg?v=1747311542 | https://cdn.shopify.com/s/files/1/0563/0532/0126/files/living_room.jpg?v=1747311542 | https://cdn.shopify.com/s/files/1/0563/0532/0126/files/bed_room.jpg?v=1747311542 | https://cdn.shopify.com/s/files/1/0563/0532/0126/files/PhilipsSmartWiFiDecoLEDCOBlight_WizConnected_copy.png?v=1747311542 | https://cdn.shopify.com/s/files/1/0563/0532/0126/files/PhilipsSmartWiFiDecoLEDCOBlight_WizConnected_copy3.png?v=1747311542,2024-07-23T12:56:30+05:30,2026-09-08T08:56:57+05:30
Philips,Philips Bedside wall light,bed side light,"Brand_Philips, Categories_Wall Lights, Origin_India, Price_INR 1001- 2000, product_Bedside Lights, Republic_Day_Sale_2025, room_ bedroom, room_Bed Room",philips-bedside-wall-light,https://in.shop.lighting.philips.com/products/philips-bedside-wall-light,1479.0,1479.0,"Watt, Color",2W/Grey :: SKU=919215850141 :: ₹1479.00,2,https://cdn.shopify.com/s/files/1/0563/0532/0126/files/30975.png?v=1747311599 | https://cdn.shopify.com/s/files/1/0563/0532/0126/files/ExtendedwarrantywithSignifyDigiShield_6438334b-41f9-4628-a2f5-f8fce963efd3.png?v=1769769767,2024-05-13T13:04:26+05:30,2026-09-08T08:56:57+05:30
Philips,Philips Divine 12 head chandelier (French Gold),chandelier,"Brand_Philips, festive_2024, main_chandeliers, modern-chandeliers, new_arrivals, Origin_China, price_OVER INR 5000, Product_chandelier, room_Bed Room, room_Dining Room, room_Living Room",philips-divine-12-head-chandelier-french-gold,https://in.shop.lighting.philips.com/products/philips-divine-12-head-chandelier-french-gold,35046.0,35046.0,Title,Default Title :: SKU=919215851253 :: ₹35046.00,5,https://cdn.shopify.com/s/files/1/0563/0532/0126/files/PhilipsDivine12headchandelier_FrenchGold.jpg?v=1747311630 | https://cdn.shopify.com/s/files/1/0563/0532/0126/files/Artboard2_14e26c51-d8c7-4b34-ad82-8c88749339c0.jpg?v=1770185682 | https://cdn.shopify.com/s/files/1/0563/0532/0126/files/PhilipsDivine12headchandelier_FrenchGold_1_363b22d4-64e2-4ddc-9262-395ba3a3bee5.png?v=1770185682 | https://cdn.shopify.com/s/files/1/0563/0532/0126/files/PhilipsDivine12headchandelier_FrenchGold_a1024c63-7dfd-4201-9114-f6b2136efbb3.png?v=1770185682 | https://cdn.shopify.com/s/files/1/0563/0532/0126/files/LightingProduct_8816f142-2d83-45fc-af0b-22c42a8bd75f.png?v=1770185682,2024-02-21T15:01:09+05:30,2026-09-08T08:56:57+05:30
Philips,Philips Stellar Bright LED T-Beamer,,"1 star, Brand_Philips, Categories_Standard, Origin_India, Price_Less than INR 1000, product_Bulbs, Republic_Day_Sale_2025, room_Bathroom, room_Bed Room, room_Dining Room, room_Kitchen, room_Living Room, room_Study Room",philips-stellar-bright-led-t-beamer,https://in.shop.lighting.philips.com/products/philips-stellar-bright-led-t-beamer,517.0,517.0,"Wattage, Color, Base",20W/Cool White/B22 :: SKU=929003777101 :: ₹517.00,9,https://cdn.shopify.com/s/files/1/0563/0532/0126/files/PhilipsStellarBrightLEDT-Beamer1.png?v=1747311700 | https://cdn.shopify.com/s/files/1/0563/0532/0126/files/beamer.png?v=1748238270 | https://cdn.shopify.com/s/files/1/0563/0532/0126/files/3_0d7f31c2-29a7-420a-acab-3df9df5fcc84.jpg?v=1748238270 | https://cdn.shopify.com/s/files/1/0563/0532/0126/files/4_886cb005-0232-4591-ad60-2a43ee6e279a.jpg?v=1748238270 | https://cdn.shopify.com/s/files/1/0563/0532/0126/files/5_54826b13-e1e3-4ab2-b858-5c6c4ba955d7.jpg?v=1748238270 | https://cdn.shopify.com/s/files/1/0563/0532/0126/files/PhilipsStellarBrightLEDT-Beamer.png?v=1748238270 | https://cdn.shopify.com/s/files/1/0563/0532/0126/files/25W.png?v=1748238270 | https://cdn.shopify.com/s/files/1/0563/0532/0126/files/StellarBright-Tbeamer-20WCWB22-BEErating-Photoroom.jpg?v=1763706059 | https://cdn.shopify.com/s/files/1/0563/0532/0126/files/ExtendedwarrantywithSignifyDigiShield_34f4ce9c-59bf-4a79-ba79-8b74ba17ba95.png?v=1769780696,2023-10-08T23:04:36+05:30,2026-09-08T08:56:57+05:30
Philips,Philips Smart WiFi Aura LED Downlight (Wiz Connected),smart light,"bathroom_lights_suggested, bedroom_lights_suggested, Brand_Philips, Categories_All, Categories_Downlights, categories_smart, downlights, Kitchen_lights_suggested, monsoon_mega_sale, Origin_India, Price_INR 2001- 3000, product_Smart lights, room_Bed Room, room_Dining Room, room_Living Room, room_Study Room",philips-smart-wifi-aura-led-downlight,https://in.shop.lighting.philips.com/products/philips-smart-wifi-aura-led-downlight,2950.0,3235.0,"Wattage, Color",10W/Tunable White :: SKU=929003667501 :: ₹2950.00 | 15W/Tunable White :: SKU=929003667601 :: ₹3235.00,7,https://cdn.shopify.com/s/files/1/0563/0532/0126/files/PhilipsSmartWiFiAuraLEDDownlight_WizConnected.png?v=1747311718 | https://cdn.shopify.com/s/files/1/0563/0532/0126/files/PhilipsSmartWiFiAuraLEDDownlight_WizConnected_copy.png?v=1747311718 | https://cdn.shopify.com/s/files/1/0563/0532/0126/files/PhilipsSmartWiFiAuraLEDDownlight_WizConnected_copy2.png?v=1747311718 | https://cdn.shopify.com/s/files/1/0563/0532/0126/files/DimentionFramedownlight.png?v=1747311718 | https://cdn.shopify.com/s/files/1/0563/0532/0126/files/Aura-2.png?v=1747311718 | https://cdn.shopify.com/s/files/1/0563/0532/0126/files/aura-4.png?v=1747311718 | https://cdn.shopify.com/s/files/1/0563/0532/0126/files/ExtendedwarrantywithSignifyDigiShield_4c4f991e-4a36-432a-b5d8-70bd454e26d4.png?v=1769755993,2023-10-08T21:00:59+05:30,2026-09-08T08:56:57+05:30
Philips,Philips Cosmos Desk light,desk light,"Brand_Philips, Categories_All, Categories_desk Lamp, categories_table-lamps, festive_2024, IndependenceDay_Sale, main_table Lamps, Origin_India, Price_INR 1001- 2000, product_Table lamp, Republic_Day_Sale_2025, room_Bed Room, room_Study Room",philips-cosmos-desk-light,https://in.shop.lighting.philips.com/products/philips-cosmos-desk-light,1584.0,1584.0,"Wattage, Color, Body Color",5W/Cool White/White :: SKU=919215850920 :: ₹1584.00,7,https://cdn.shopify.com/s/files/1/0563/0532/0126/files/Artboard1_c0fa357a-c9bb-480f-94ed-0a2df251b37c.jpg?v=1781170737 | https://cdn.shopify.com/s/files/1/0563/0532/0126/files/Artboard2_527660fc-eedd-4507-a72d-243097c463d2.jpg?v=1781170737 | https://cdn.shopify.com/s/files/1/0563/0532/0126/files/Artboard3_0311b11f-20e6-4939-9e49-ee91db7bfecd.jpg?v=1781170737 | https://cdn.shopify.com/s/files/1/0563/0532/0126/files/Artboard4_3092dcf6-3885-4624-9107-14978e6e17b0.jpg?v=1781170737 | https://cdn.shopify.com/s/files/1/0563/0532/0126/files/Artboard5_27910292-b96e-46fa-91fd-d0c66fca1bf7.jpg?v=1781170737 | https://cdn.shopify.com/s/files/1/0563/0532/0126/files/Artboard6_1cd1628d-16c0-47ef-b747-ad1aa2bf9914.jpg?v=1781170737 | https://cdn.shopify.com/s/files/1/0563/0532/0126/files/PhilipsCosmosDesklight.png?v=1747311742,2023-10-08T09:11:23+05:30,2026-09-08T08:56:57+05:30
Philips,Philips Orbit Desk light,desk light,"Brand_Philips, Categories_All, Categories_desk Lamp, categories_table-lamps, festive_2024, IndependenceDay_Sale, main_table Lamps, Origin_India, Price_INR 1001- 2000, product_Table lamp, room_Bed Room, room_Study Room",philips-orbit-desk-light,https://in.shop.lighting.philips.com/products/philips-orbit-desk-light,1424.0,1424.0,"Wattage, Color, Body Color",5W/Tunable White/White :: SKU=919215850922 :: ₹1424.00,8,https://cdn.shopify.com/s/files/1/0563/0532/0126/files/Orbit_desk_light.png?v=1747311743 | https://cdn.shopify.com/s/files/1/0563/0532/0126/files/Artboard1_a3572a07-bedc-44b1-b3bd-1b02d5f5fff3.png?v=1781170984 | https://cdn.shopify.com/s/files/1/0563/0532/0126/files/Artboard2_fc0c9388-d044-4c1b-8b86-179c948cf228.png?v=1781170984 | https://cdn.shopify.com/s/files/1/0563/0532/0126/files/Artboard3_0672dac4-82f2-4b9f-b89a-289f7b53b81e.png?v=1781170984 | https://cdn.shopify.com/s/files/1/0563/0532/0126/files/Artboard4_1984ed61-edaf-4534-8e8c-a1220bd6d6ed.png?v=1781170984 | https://cdn.shopify.com/s/files/1/0563/0532/0126/files/Artboard6_53fbe5bb-e7f9-4dac-adf7-bf662839c148.jpg?v=1781170983 | https://cdn.shopify.com/s/files/1/0563/0532/0126/files/Artboard7_098fe1e7-0499-4844-9384-9c44b2ef57df.jpg?v=1781170983 | https://cdn.shopify.com/s/files/1/0563/0532/0126/files/ExtendedwarrantywithSignifyDigiShield_0c6abc1e-5a2b-4b6b-975d-b97a935ab1b5.png?v=1769769973,2023-10-08T09:11:20+05:30,2026-09-08T08:56:57+05:30
Philips,Philips Bedside light,bed side light,"Brand_Philips, Categories_Wall Lights, Origin_India, Price_INR 1001- 2000, product_Bedside Lights, room_Bed Room",philips-bedside-light,https://in.shop.lighting.philips.com/products/philips-bedside-light,1833.0,1833.0,"Wattage, Body Color, Color",3W/Black/Warm White :: SKU=919215850324 :: ₹1833.00,2,https://cdn.shopify.com/s/files/1/0563/0532/0126/files/BlackBedside_48042_Closeup.jpg?v=1747311761 | https://cdn.shopify.com/s/files/1/0563/0532/0126/files/ExtendedwarrantywithSignifyDigiShield_6c5ab2d4-9434-4ceb-a436-72664f91d179.png?v=1769769813,2023-10-01T18:27:58+05:30,2026-09-08T08:56:57+05:30
Philips,Philips Gladius suspended Chandelier,chandelier,"Brand_Philips, Categories_All, categories_chandeliers, chandelier_bulb_type_E14, chandelier_mounting_style_suspended, chandelier_room_type_bedroom, chandelier_room_type_dining room, chandelier_room_type_living Room, crystal-chandeliers, in_stock, junesale, main_chandeliers, monsoon_mega_sale, Origin_China, price_OVER INR 5000, Product_chandelier, room_Living Room",philips-gladius-pendant-light,https://in.shop.lighting.philips.com/products/philips-gladius-pendant-light,49749.0,49749.0,Title,Default Title :: SKU=919215851019 :: ₹49749.00,4,https://cdn.shopify.com/s/files/1/0563/0532/0126/files/PhilipsGladiussuspendedChandelier.jpg?v=1747311896 | https://cdn.shopify.com/s/files/1/0563/0532/0126/files/PhilipsGladiussuspendedChandelier_1543742b-5c1f-49c2-b9cf-7fa7b10e0c52.png?v=1769685177 | https://cdn.shopify.com/s/files/1/0563/0532/0126/files/PhilipsGladiussuspendedChandelier1_1.png?v=1769685177 | https://cdn.shopify.com/s/files/1/0563/0532/0126/files/LightingProduct_f6dee049-8f05-43a2-a0fa-edd081023a5e.png?v=1769685173,2023-09-17T20:03:08+05:30,2026-09-08T08:56:57+05:30
Philips,Philips Caesar suspended Chandelier,chandelier,"Brand_Philips, Categories_All, categories_chandeliers, chandelier_bulb_type_G9, chandelier_mounting_style_suspended, chandelier_room_type_living Room, crystal-chandeliers, in_stock, main_chandeliers, Origin_China, price_OVER INR 5000, Product_chandelier, room_Dining Room, room_Living Room, room_type",philips-caesar-pendant-light,https://in.shop.lighting.philips.com/products/philips-caesar-pendant-light,32623.0,32623.0,Title,Default Title :: SKU=919215850831 :: ₹32623.00,4,https://cdn.shopify.com/s/files/1/0563/0532/0126/files/PhilipsCaesarsuspendedChandelier_a8ec6006-4f2f-4806-a4ef-05ad3eb8cf97.jpg?v=1747311899 | https://cdn.shopify.com/s/files/1/0563/0532/0126/files/PhilipsCaesarsuspendedChandelier1.png?v=1747655792 | https://cdn.shopify.com/s/files/1/0563/0532/0126/files/PhilipsCaesarsuspendedChandelier2_1.png?v=1747655792 | https://cdn.shopify.com/s/files/1/0563/0532/0126/files/LightingProduct_d45c8936-fa6d-492c-9e88-70757400b4b8.png?v=1769685305,2023-09-17T20:02:59+05:30,2026-09-08T08:56:57+05:30
